seed,variant,split,episode,kind,forbidden_entry,collision,safe_gap_violation,interventions,released_stop_steps,progress,mean_abs_jerk,completed,unsafe
42,A_STATE,ID,0,crosswalk,False,False,False,0,0,28.570165654809195,2.100897104967208,True,False
42,A_STATE,ID,1,crosswalk,False,False,False,0,0,38.36207202900525,1.1301950536047418,True,False
42,A_STATE,ID,2,crosswalk,False,False,False,0,0,28.582412871879324,2.339197138422414,True,False
42,A_STATE,ID,3,crosswalk,False,False,False,0,0,32.8793143551324,2.127815360824267,True,False
42,A_STATE,ID,4,crosswalk,False,False,False,0,0,34.2918474924237,2.164081666957248,True,False
42,A_STATE,ID,5,crosswalk,False,False,False,0,0,28.45348587569105,1.784930734530739,True,False
42,A_STATE,ID,6,crosswalk,False,False,False,0,0,35.52889786163563,0.4985128647901795,True,False
42,A_STATE,ID,7,crosswalk,False,False,False,0,0,37.99628578496891,2.0163398360212645,True,False
42,A_STATE,ID,8,crosswalk,False,False,False,0,0,27.216886764347535,1.8292396718805486,True,False
42,A_STATE,ID,9,crosswalk,False,False,False,0,0,34.223987437667944,1.7435834057290445,True,False
42,A_STATE,ID,10,crosswalk,False,False,False,0,0,35.046688184574776,1.9600055468353357,True,False
42,A_STATE,ID,11,crosswalk,False,False,False,0,0,34.181897742750934,1.951148360967636,True,False
42,A_STATE,ID,12,crosswalk,False,False,False,0,0,29.336916065277656,1.1493177823722363,True,False
42,A_STATE,ID,13,crosswalk,False,False,False,0,0,31.2905328156116,1.42975819175658,True,False
42,A_STATE,ID,14,crosswalk,False,False,False,0,0,29.166647999888518,2.138550877571106,True,False
42,A_STATE,ID,15,crosswalk,False,False,False,0,0,34.710967011378855,0.43666733185882156,True,False
42,A_STATE,ID,16,crosswalk,False,False,False,0,0,26.828121164242223,2.121870666742325,True,False
42,A_STATE,ID,17,crosswalk,False,False,False,0,0,26.406154059331993,2.1156321465969086,True,False
42,A_STATE,ID,18,crosswalk,False,False,False,0,0,35.960914776182534,1.7024260327558627,True,False
42,A_STATE,ID,19,crosswalk,False,False,False,0,0,39.15343296836321,0.6204936932772398,True,False
42,A_STATE,ID,20,crosswalk,False,False,False,0,0,31.302402499624012,1.7390142948854537,True,False
42,A_STATE,ID,21,crosswalk,False,False,False,0,0,31.510129829596607,1.4136539060961117,True,False
42,A_STATE,ID,22,crosswalk,False,False,False,0,0,27.933937931701365,1.5620331186801195,True,False
42,A_STATE,ID,23,crosswalk,False,False,False,0,0,35.32106339053849,0.5347338437356732,True,False
42,A_STATE,ID,24,crosswalk,False,False,False,0,0,27.4710971162481,1.5048210244429738,True,False
42,A_STATE,ID,25,crosswalk,False,False,False,0,0,28.697257242283747,1.6158300709156763,True,False
42,A_STATE,ID,26,crosswalk,False,False,False,0,0,27.34863014132271,2.236568355246594,True,False
42,A_STATE,ID,27,crosswalk,False,False,False,0,0,31.6208536330234,1.8203320478399594,True,False
42,A_STATE,ID,28,crosswalk,False,False,False,0,0,33.93396477542784,1.3423428116809755,True,False
42,A_STATE,ID,29,crosswalk,False,False,False,0,0,29.178796286974666,2.1828850135207176,True,False
42,A_STATE,ID,30,crosswalk,False,False,False,0,0,31.944857045023824,0.728134610266848,True,False
42,A_STATE,ID,31,crosswalk,False,False,False,0,0,28.04368794668757,1.7531524922536768,True,False
42,A_STATE,ID,32,crosswalk,False,False,False,0,0,39.12938592446277,1.7513292321624854,True,False
42,A_STATE,ID,33,crosswalk,False,False,False,0,0,31.66784666872732,0.45084599494224503,True,False
42,A_STATE,ID,34,crosswalk,False,False,False,0,0,35.633519347070184,0.8489957040486236,True,False
42,A_STATE,ID,35,crosswalk,False,False,False,0,0,28.81380643947604,1.7922757889913477,True,False
42,A_STATE,ID,36,crosswalk,False,False,False,0,0,38.265262014900145,0.4958059653639793,True,False
42,A_STATE,ID,37,crosswalk,False,False,False,0,0,31.86652085357578,2.1081761541691693,True,False
42,A_STATE,ID,38,crosswalk,False,False,False,0,0,33.80795838260784,2.0778475507445955,True,False
42,A_STATE,ID,39,crosswalk,False,False,False,0,0,28.27782476851857,1.4998257756233215,True,False
42,A_STATE,ID,40,crosswalk,False,False,False,0,0,33.12286496337282,0.5472959003046802,True,False
42,A_STATE,ID,41,crosswalk,False,False,False,0,0,35.491108343134634,1.6018388428809966,True,False
42,A_STATE,ID,42,crosswalk,False,False,False,0,0,37.28411909000292,0.5874218791723251,True,False
42,A_STATE,ID,43,crosswalk,False,False,False,0,0,30.823935719277053,1.878069380055303,True,False
42,A_STATE,ID,44,crosswalk,False,False,False,0,0,31.217926806649736,1.4937859489804222,True,False
42,A_STATE,ID,45,crosswalk,False,False,False,0,0,35.59820831500222,0.8778919411512712,True,False
42,A_STATE,ID,46,crosswalk,False,False,False,0,0,29.886788635851282,2.189784206095196,True,False
42,A_STATE,ID,47,crosswalk,False,False,False,0,0,27.4841364091032,0.7230981215834617,True,False
42,A_STATE,ID,48,crosswalk,False,False,False,0,0,34.33045385321251,0.40237699712937075,True,False
42,A_STATE,ID,49,crosswalk,False,False,False,0,0,38.30593586282045,0.6131247317661409,True,False
42,A_STATE,ID,50,crosswalk,False,False,False,0,0,30.1432890604178,1.8977566994726658,True,False
42,A_STATE,ID,51,crosswalk,False,False,False,0,0,29.50069920789243,0.4370131414561044,True,False
42,A_STATE,ID,52,crosswalk,False,False,False,0,0,36.71467187562244,0.44494944469382364,True,False
42,A_STATE,ID,53,crosswalk,False,False,False,0,0,37.901483028246595,0.9726278610527515,True,False
42,A_STATE,ID,54,crosswalk,False,False,False,0,0,37.24072999809269,0.4706845663487911,True,False
42,A_STATE,ID,55,crosswalk,False,False,False,0,0,34.360677355742595,1.7580675917931579,True,False
42,A_STATE,ID,56,crosswalk,False,False,False,0,0,30.840922898366046,2.0126414511884962,True,False
42,A_STATE,ID,57,crosswalk,False,False,False,0,0,33.79122520863812,2.172308638691902,True,False
42,A_STATE,ID,58,crosswalk,False,False,False,0,0,35.64476392957124,0.9948969672879446,True,False
42,A_STATE,ID,59,crosswalk,False,False,False,0,0,34.771583428221334,0.3959538872974614,True,False
42,A_STATE,ID,60,crosswalk,False,False,False,0,0,36.87560443564918,1.9708681665360928,True,False
42,A_STATE,ID,61,crosswalk,False,False,False,0,0,37.23282086293484,0.4520518712699413,True,False
42,A_STATE,ID,62,crosswalk,False,False,False,0,0,32.78051034018706,2.138984210111878,True,False
42,A_STATE,ID,63,crosswalk,False,False,False,0,0,31.72896462848847,0.9130986398529439,True,False
42,A_STATE,ID,64,crosswalk,False,False,False,0,0,28.9812499313946,1.8121594339609144,True,False
42,A_STATE,ID,65,crosswalk,False,False,False,0,0,35.90093414332368,1.8792548937642055,True,False
42,A_STATE,ID,66,crosswalk,False,False,False,0,0,33.343249531245505,1.0763170499177206,True,False
42,A_STATE,ID,67,crosswalk,False,False,False,0,0,29.330153331896234,0.5423430474475025,True,False
42,A_STATE,ID,68,crosswalk,False,False,False,0,0,31.528516380162273,0.4261789445511319,True,False
42,A_STATE,ID,69,crosswalk,False,False,False,0,0,30.760824584545187,1.782476579149564,True,False
42,A_STATE,ID,70,crosswalk,False,False,False,0,0,37.89035967526115,0.7339288035164707,True,False
42,A_STATE,ID,71,crosswalk,False,False,False,0,0,35.143762899701784,0.4039809953731795,True,False
42,A_STATE,ID,72,crosswalk,False,False,False,0,0,35.18391434669633,0.4928759145347968,True,False
42,A_STATE,ID,73,crosswalk,False,False,False,0,0,32.95728212592217,1.6557525843381882,True,False
42,A_STATE,ID,74,crosswalk,False,False,False,0,0,35.465080248192045,0.4668931970777719,True,False
42,A_STATE,ID,75,crosswalk,False,False,False,0,0,34.91482561497635,1.682914967056025,True,False
42,A_STATE,ID,76,crosswalk,False,False,False,0,0,36.016999248998474,0.4146306752227247,True,False
42,A_STATE,ID,77,crosswalk,False,False,False,0,0,35.92343494286018,1.8414035922085696,True,False
42,A_STATE,ID,78,crosswalk,False,False,False,0,0,33.81126724835048,1.8357108533382416,True,False
42,A_STATE,ID,79,crosswalk,False,False,False,0,0,33.33344349394777,1.8968155302784657,True,False
42,A_STATE,ID,80,crosswalk,False,False,False,0,0,30.46322188001707,0.4426775313913822,True,False
42,A_STATE,ID,81,crosswalk,False,False,False,0,0,33.36249341783846,2.17011730779301,True,False
42,A_STATE,ID,82,crosswalk,False,False,False,0,0,36.54144362727189,1.9842731145521004,True,False
42,A_STATE,ID,83,crosswalk,False,False,False,0,0,38.23659918765542,0.3971167926031809,True,False
42,A_STATE,ID,84,crosswalk,False,False,False,0,0,32.141193852659235,1.4294626887725748,True,False
42,A_STATE,ID,85,crosswalk,False,False,False,0,0,33.801649861936355,0.5676760668443007,True,False
42,A_STATE,ID,86,crosswalk,False,False,False,0,0,27.42048776448308,1.7670355154120403,True,False
42,A_STATE,ID,87,crosswalk,False,False,False,0,0,35.592154597240864,1.1959712774980635,True,False
42,A_STATE,ID,88,crosswalk,False,False,False,0,0,30.025179211957415,2.018054506995461,True,False
42,A_STATE,ID,89,crosswalk,False,False,False,0,0,33.693754699441826,0.44155749046932097,True,False
42,A_STATE,ID,90,crosswalk,False,False,False,0,0,27.747126099181404,0.65878127515316,True,False
42,A_STATE,ID,91,crosswalk,False,False,False,0,0,28.267052068438215,1.914523189718073,True,False
42,A_STATE,ID,92,crosswalk,False,False,False,0,0,37.994778137234945,0.9396305172280831,True,False
42,A_STATE,ID,93,crosswalk,False,False,False,0,0,30.997617213353752,1.7944815630714097,True,False
42,A_STATE,ID,94,crosswalk,False,False,False,0,0,31.731025019119244,1.8028297701052256,True,False
42,A_STATE,ID,95,crosswalk,False,False,False,0,0,30.820406842152586,0.434255547482859,True,False
42,A_STATE,ID,96,crosswalk,False,False,False,0,0,27.889945712430197,2.158645547926426,True,False
42,A_STATE,ID,97,crosswalk,False,False,False,0,0,36.87463447151656,0.6954705782234668,True,False
42,A_STATE,ID,98,crosswalk,False,False,False,0,0,30.25733663373566,2.2479425253052456,True,False
42,A_STATE,ID,99,crosswalk,False,False,False,0,0,31.22725863493927,0.8400739077478647,True,False
42,A_STATE,ID,100,stop_intersection,False,False,False,0,1,26.35727952258749,1.3483233387405806,True,False
42,A_STATE,ID,101,stop_intersection,False,False,False,0,1,31.756990360035665,1.1456022943769182,True,False
42,A_STATE,ID,102,stop_intersection,False,False,False,0,1,26.404165630300227,1.3628033367363181,True,False
42,A_STATE,ID,103,stop_intersection,False,False,False,0,1,29.306829145282705,1.249241890051426,True,False
42,A_STATE,ID,104,stop_intersection,False,False,False,0,1,27.486524377738498,1.208192262894068,True,False
42,A_STATE,ID,105,stop_intersection,False,False,False,0,1,31.655320203382217,1.1279252029600597,True,False
42,A_STATE,ID,106,stop_intersection,False,False,False,0,1,32.706613202519044,1.1489890870593842,True,False
42,A_STATE,ID,107,stop_intersection,False,False,False,0,1,30.34780688335563,1.3616225280259786,True,False
42,A_STATE,ID,108,stop_intersection,False,False,False,0,1,32.40598842138189,1.2695298194885254,True,False
42,A_STATE,ID,109,stop_intersection,False,False,False,0,1,33.77264489863094,1.1506850220436273,True,False
42,A_STATE,ID,110,stop_intersection,False,False,False,0,1,29.135501971017614,1.3428369321321187,True,False
42,A_STATE,ID,111,stop_intersection,False,False,False,0,1,36.05480021259329,1.174488580504129,True,False
42,A_STATE,ID,112,stop_intersection,False,False,False,0,1,36.12318517955492,1.2284877827001173,True,False
42,A_STATE,ID,113,stop_intersection,False,False,False,0,1,35.87815269538373,1.2212656819543173,True,False
42,A_STATE,ID,114,stop_intersection,False,False,False,0,1,35.732988309852914,1.2577677050302194,True,False
42,A_STATE,ID,115,stop_intersection,False,False,False,0,1,37.28206880459568,1.1897710728090862,True,False
42,A_STATE,ID,116,stop_intersection,False,False,False,0,1,31.36084532689003,1.3087165050017526,True,False
42,A_STATE,ID,117,stop_intersection,False,False,False,0,1,27.88253935963195,1.2928626725548191,True,False
42,A_STATE,ID,118,stop_intersection,False,False,False,0,1,31.914129715505247,1.3206242598020113,True,False
42,A_STATE,ID,119,stop_intersection,False,False,False,0,1,35.09078261206108,1.2069988818395705,True,False
42,A_STATE,ID,120,stop_intersection,False,False,False,0,1,37.39240797448118,1.3719876181511652,True,False
42,A_STATE,ID,121,stop_intersection,False,False,False,0,1,36.4156715947495,1.2204813673382713,True,False
42,A_STATE,ID,122,stop_intersection,False,False,False,0,1,32.987644578518164,1.108341050702472,True,False
42,A_STATE,ID,123,stop_intersection,False,False,False,0,1,26.668201218062556,1.3426759114136566,True,False
42,A_STATE,ID,124,stop_intersection,False,False,False,0,1,34.20109714590755,1.1595961104991823,True,False
42,A_STATE,ID,125,stop_intersection,False,False,False,0,1,35.61303745967247,1.2058265862010773,True,False
42,A_STATE,ID,126,stop_intersection,False,False,False,0,1,38.64680052085929,1.1254861487282646,True,False
42,A_STATE,ID,127,stop_intersection,False,False,False,0,1,27.254023749191592,1.3478359338399526,True,False
42,A_STATE,ID,128,stop_intersection,False,False,False,0,1,33.644718854570456,1.2367387079611056,True,False
42,A_STATE,ID,129,stop_intersection,False,False,False,0,1,35.19116562731029,1.2558078329737592,True,False
42,A_STATE,ID,130,stop_intersection,False,False,False,0,1,26.968418932245903,1.202238523043119,True,False
42,A_STATE,ID,131,stop_intersection,False,False,False,0,1,27.948920255798516,1.3922617886517499,True,False
42,A_STATE,ID,132,stop_intersection,False,False,False,0,1,32.884202324605155,1.2630196896994985,True,False
42,A_STATE,ID,133,stop_intersection,False,False,False,0,1,30.829061577360736,1.154384845640601,True,False
42,A_STATE,ID,134,stop_intersection,False,False,False,0,1,38.42074556390332,1.30083829164505,True,False
42,A_STATE,ID,135,stop_intersection,False,False,False,0,1,31.891081948211855,1.3146589352534368,True,False
42,A_STATE,ID,136,stop_intersection,False,False,False,0,1,36.13707028228265,1.1244143139232288,True,False
42,A_STATE,ID,137,stop_intersection,False,False,False,0,1,31.558458914298853,1.1868108191141267,True,False
42,A_STATE,ID,138,stop_intersection,False,False,False,0,1,33.074296276815126,1.159255447841826,True,False
42,A_STATE,ID,139,stop_intersection,False,False,False,0,1,30.973110100867956,1.2212284207344055,True,False
42,A_STATE,ID,140,stop_intersection,False,False,False,0,1,38.17194844863141,1.1537984661434006,True,False
42,A_STATE,ID,141,stop_intersection,False,False,False,0,1,37.46417603332827,1.3585924889360153,True,False
42,A_STATE,ID,142,stop_intersection,False,False,False,0,1,35.45251422397766,1.1526709253137761,True,False
42,A_STATE,ID,143,stop_intersection,False,False,False,0,1,26.53517115321177,1.3642140659126074,True,False
42,A_STATE,ID,144,stop_intersection,False,False,False,0,1,29.422644060516674,1.177880585193634,True,False
42,A_STATE,ID,145,stop_intersection,False,False,False,0,1,36.2677486939554,1.2150460907391138,True,False
42,A_STATE,ID,146,stop_intersection,False,False,False,0,1,36.425538200613715,1.0863553682963052,True,False
42,A_STATE,ID,147,stop_intersection,False,False,False,0,1,31.80605121991573,1.1993351796778235,True,False
42,A_STATE,ID,148,stop_intersection,False,False,False,0,1,33.50973371186943,1.2140043860390073,True,False
42,A_STATE,ID,149,stop_intersection,False,False,False,0,1,36.13078551185127,1.3475674390792847,True,False
42,A_STATE,ID,150,stop_intersection,False,False,False,0,1,34.38657746045298,1.2429801055363245,True,False
42,A_STATE,ID,151,stop_intersection,False,False,False,0,1,27.293264055757803,1.3920414125597154,True,False
42,A_STATE,ID,152,stop_intersection,False,False,False,0,1,27.996856238206092,1.2950788046184338,True,False
42,A_STATE,ID,153,stop_intersection,False,False,False,0,1,34.30027055130533,1.2337316100190325,True,False
42,A_STATE,ID,154,stop_intersection,False,False,False,0,1,34.801589493022156,1.1718687623046165,True,False
42,A_STATE,ID,155,stop_intersection,False,False,False,0,1,29.793269885130247,1.2555660345615485,True,False
42,A_STATE,ID,156,stop_intersection,False,False,False,0,1,33.61930056628636,1.1165744204853856,True,False
42,A_STATE,ID,157,stop_intersection,False,False,False,0,1,36.04321079002625,1.2422677528026491,True,False
42,A_STATE,ID,158,stop_intersection,False,False,False,0,1,35.500417387587184,1.2135106608981177,True,False
42,A_STATE,ID,159,stop_intersection,False,False,False,0,1,31.390808640307867,1.2573388069868088,True,False
42,A_STATE,ID,160,stop_intersection,False,False,False,0,1,38.42456658148943,1.3445571688718574,True,False
42,A_STATE,ID,161,stop_intersection,False,False,False,0,1,30.59796718134503,1.3092621778830504,True,False
42,A_STATE,ID,162,stop_intersection,False,False,False,0,1,37.18247768390663,1.2241779338745844,True,False
42,A_STATE,ID,163,stop_intersection,False,False,False,0,1,32.56041372929736,1.267615586519241,True,False
42,A_STATE,ID,164,stop_intersection,False,False,False,0,1,27.7471108785331,1.284397526791221,True,False
42,A_STATE,ID,165,stop_intersection,False,False,False,0,1,33.12214021623844,1.2900284826755521,True,False
42,A_STATE,ID,166,stop_intersection,False,False,False,0,1,38.587109830723094,1.1988634148309396,True,False
42,A_STATE,ID,167,stop_intersection,False,False,False,0,1,28.528672435377807,1.244200009566087,True,False
42,A_STATE,ID,168,stop_intersection,False,False,False,0,1,35.37816619383639,1.153974089511605,True,False
42,A_STATE,ID,169,stop_intersection,False,False,False,0,1,35.34129880210514,1.3469047662688465,True,False
42,A_STATE,ID,170,stop_intersection,False,False,False,0,1,30.171792073653016,1.2182560861110687,True,False
42,A_STATE,ID,171,stop_intersection,False,False,False,0,1,29.510611538538406,1.3419589400291443,True,False
42,A_STATE,ID,172,stop_intersection,False,False,False,0,1,28.413593977393816,1.3261022693232485,True,False
42,A_STATE,ID,173,stop_intersection,False,False,False,0,1,28.38630345054468,1.2326038800753079,True,False
42,A_STATE,ID,174,stop_intersection,False,False,False,0,1,34.54853259539494,1.1144895445216785,True,False
42,A_STATE,ID,175,stop_intersection,False,False,False,0,1,27.538920659684486,1.2172619196084828,True,False
42,A_STATE,ID,176,stop_intersection,False,False,False,0,1,36.60350704825027,1.283130687336589,True,False
42,A_STATE,ID,177,stop_intersection,False,False,False,0,1,30.62849906349254,1.2935636746577728,True,False
42,A_STATE,ID,178,stop_intersection,False,False,False,0,1,28.946478025741413,1.1700944900512695,True,False
42,A_STATE,ID,179,stop_intersection,False,False,False,0,1,30.242282845360524,1.1571810885173517,True,False
42,A_STATE,ID,180,stop_intersection,False,False,False,0,1,31.851734025509735,1.2648090124130247,True,False
42,A_STATE,ID,181,stop_intersection,False,False,False,0,1,35.466513184374165,1.265562730176108,True,False
42,A_STATE,ID,182,stop_intersection,False,False,False,0,1,30.89650340722359,1.2357005178928375,True,False
42,A_STATE,ID,183,stop_intersection,False,False,False,0,1,35.55208827253891,1.1960437685944312,True,False
42,A_STATE,ID,184,stop_intersection,False,False,False,0,1,33.90983936047421,1.1465371486752531,True,False
42,A_STATE,ID,185,stop_intersection,False,False,False,0,1,36.92127716179504,1.2523742609245831,True,False
42,A_STATE,ID,186,stop_intersection,False,False,False,0,1,35.3310448549917,1.143010448325764,True,False
42,A_STATE,ID,187,stop_intersection,False,False,False,0,1,37.46750136041974,1.3534078995386758,True,False
42,A_STATE,ID,188,stop_intersection,False,False,False,0,1,29.882160703238746,1.2128125727176666,True,False
42,A_STATE,ID,189,stop_intersection,False,False,False,0,1,35.52715579317043,1.156517184057901,True,False
42,A_STATE,ID,190,stop_intersection,False,False,False,0,1,36.081087320319654,1.1348548260602083,True,False
42,A_STATE,ID,191,stop_intersection,False,False,False,0,1,31.937996424778333,1.2404730916023254,True,False
42,A_STATE,ID,192,stop_intersection,False,False,False,0,1,31.547012472143972,1.2947134788219743,True,False
42,A_STATE,ID,193,stop_intersection,False,False,False,0,1,29.34931922766322,1.2578645119300254,True,False
42,A_STATE,ID,194,stop_intersection,False,False,False,0,1,30.32314129557072,1.2848917643229165,True,False
42,A_STATE,ID,195,stop_intersection,False,False,False,0,1,35.494388644118786,1.1179008809002962,True,False
42,A_STATE,ID,196,stop_intersection,False,False,False,0,1,28.563224079621712,1.2581148208715978,True,False
42,A_STATE,ID,197,stop_intersection,False,False,False,0,1,28.01782083335781,1.2819845425455192,True,False
42,A_STATE,ID,198,stop_intersection,False,False,False,0,1,28.4154883003766,1.174955278635025,True,False
42,A_STATE,ID,199,stop_intersection,False,False,False,0,1,37.79226206715947,1.3116013310676395,True,False
42,A_STATE,ID,200,lead_brake,False,False,False,0,0,76.26997523689363,0.2611524487535159,True,False
42,A_STATE,ID,201,lead_brake,False,False,False,0,0,84.50843752097224,0.7544205710291862,True,False
42,A_STATE,ID,202,lead_brake,False,False,False,0,0,64.0502487222649,0.3244969956576824,True,False
42,A_STATE,ID,203,lead_brake,False,False,False,0,0,62.1507431377564,3.309243783354759,True,False
42,A_STATE,ID,204,lead_brake,False,False,False,0,0,86.3988692554087,0.3522242208321889,True,False
42,A_STATE,ID,205,lead_brake,False,False,False,0,0,62.800277222910026,5.460829593241214,True,False
42,A_STATE,ID,206,lead_brake,False,False,False,0,0,76.26923990933952,0.4034298261006673,True,False
42,A_STATE,ID,207,lead_brake,False,False,False,0,0,73.61874063774766,0.2383628984292348,True,False
42,A_STATE,ID,208,lead_brake,False,False,False,0,0,78.42028754934586,0.2841102909296751,True,False
42,A_STATE,ID,209,lead_brake,False,False,False,0,0,59.73717572199858,1.8126411903649569,True,False
42,A_STATE,ID,210,lead_brake,False,False,False,0,0,62.40685228227892,2.500111995885769,True,False
42,A_STATE,ID,211,lead_brake,False,False,False,0,0,77.53301203203249,0.23606517290075618,True,False
42,A_STATE,ID,212,lead_brake,False,False,False,0,0,78.1507604213421,1.5112669002264738,True,False
42,A_STATE,ID,213,lead_brake,False,False,False,0,0,54.35610953366628,1.2493403988579908,True,False
42,A_STATE,ID,214,lead_brake,False,False,False,0,0,92.16205426075034,0.23912880880137283,True,False
42,A_STATE,ID,215,lead_brake,False,False,False,0,0,66.33064792242476,1.4687192446241775,True,False
42,A_STATE,ID,216,lead_brake,False,False,False,0,0,60.13844889384118,7.183037687713901,True,False
42,A_STATE,ID,217,lead_brake,False,False,False,0,0,60.3875038775353,1.9242461485167344,True,False
42,A_STATE,ID,218,lead_brake,False,False,False,0,0,62.152634146792664,0.936031024903059,True,False
42,A_STATE,ID,219,lead_brake,False,False,False,0,0,76.36142892494674,0.3168377733478943,True,False
42,A_STATE,ID,220,lead_brake,False,False,False,0,0,54.81960327216572,1.348991805066665,True,False
42,A_STATE,ID,221,lead_brake,False,False,False,0,0,52.848171185895154,7.1257386300712815,True,False
42,A_STATE,ID,222,lead_brake,False,False,False,0,0,83.30118570854562,0.2447935423503319,True,False
42,A_STATE,ID,223,lead_brake,False,False,False,0,0,67.01221881290962,0.500463626657923,True,False
42,A_STATE,ID,224,lead_brake,False,False,False,0,0,71.08364426886459,1.159144215285778,True,False
42,A_STATE,ID,225,lead_brake,False,False,False,0,0,96.05780983477834,0.2678835317492485,True,False
42,A_STATE,ID,226,lead_brake,False,False,False,0,0,65.27199260226384,0.8062825904538234,True,False
42,A_STATE,ID,227,lead_brake,False,False,False,0,0,97.53730337010364,0.2588392371932665,True,False
42,A_STATE,ID,228,lead_brake,False,False,False,0,0,74.46283153067337,0.8907392574474216,True,False
42,A_STATE,ID,229,lead_brake,False,False,False,0,0,68.9935476602963,3.331750771651665,True,False
42,A_STATE,ID,230,lead_brake,False,False,False,0,0,84.49091158874337,0.1741675188144048,True,False
42,A_STATE,ID,231,lead_brake,False,False,False,0,0,94.1006529608357,0.1782502805193265,True,False
42,A_STATE,ID,232,lead_brake,False,False,False,0,0,78.40345917232486,1.084291401008765,True,False
42,A_STATE,ID,233,lead_brake,False,False,False,0,0,60.85368459013949,5.204891476159294,True,False
42,A_STATE,ID,234,lead_brake,False,False,False,0,0,64.86267687355048,0.8142887906481823,True,False
42,A_STATE,ID,235,lead_brake,False,False,False,0,0,95.0641870186074,0.21475036442279816,True,False
42,A_STATE,ID,236,lead_brake,False,False,False,0,0,76.03991763746848,0.2651348815610011,True,False
42,A_STATE,ID,237,lead_brake,False,False,False,0,0,55.975361048715214,2.0399223938584323,True,False
42,A_STATE,ID,238,lead_brake,False,False,False,0,0,73.16610525186485,2.864724579577645,True,False
42,A_STATE,ID,239,lead_brake,False,False,False,0,0,75.31751448520468,1.3024066071957348,True,False
42,A_STATE,ID,240,lead_brake,False,False,False,0,0,73.97603896999009,1.319613794485728,True,False
42,A_STATE,ID,241,lead_brake,False,False,False,0,0,55.18448870176344,1.236420211692651,True,False
42,A_STATE,ID,242,lead_brake,False,False,False,0,0,92.34743154248942,0.23975839527944723,True,False
42,A_STATE,ID,243,lead_brake,False,False,False,0,0,94.21894852763722,0.30001026640335715,True,False
42,A_STATE,ID,244,lead_brake,False,False,False,0,0,60.82795561588686,2.1247224050263562,True,False
42,A_STATE,ID,245,lead_brake,False,False,False,0,0,68.24447107167128,0.6902298896263043,True,False
42,A_STATE,ID,246,lead_brake,False,False,False,0,0,69.81090621672666,0.24482001612583795,True,False
42,A_STATE,ID,247,lead_brake,False,False,False,0,0,67.7450165727124,0.6654119715094566,True,False
42,A_STATE,ID,248,lead_brake,False,False,False,0,0,57.03436506302556,8.345162207881609,True,False
42,A_STATE,ID,249,lead_brake,False,False,False,0,0,60.67339728546136,1.9986560444037118,True,False
42,A_STATE,ID,250,lead_brake,False,False,False,0,0,62.81689656769514,4.048815801118811,True,False
42,A_STATE,ID,251,lead_brake,False,False,False,0,0,63.65245480289637,1.4812121770034232,True,False
42,A_STATE,ID,252,lead_brake,False,False,False,0,0,82.27893793945832,0.32447681327660877,True,False
42,A_STATE,ID,253,lead_brake,False,False,False,0,0,90.67797894052931,0.139917878434062,True,False
42,A_STATE,ID,254,lead_brake,False,False,False,0,0,57.65563376747729,3.3769560723255077,True,False
42,A_STATE,ID,255,lead_brake,False,False,False,0,0,69.47068722858546,2.3305092180768647,True,False
42,A_STATE,ID,256,lead_brake,False,False,False,0,0,61.19794952088076,1.1989269635329642,True,False
42,A_STATE,ID,257,lead_brake,False,False,False,0,0,95.4889796170969,0.2387304479877154,True,False
42,A_STATE,ID,258,lead_brake,False,False,False,0,0,71.8084613074967,0.6589719038456678,True,False
42,A_STATE,ID,259,lead_brake,False,False,False,0,0,97.43267837822435,0.1257596562306086,True,False
42,A_STATE,ID,260,lead_brake,False,False,False,0,0,57.29219262965314,2.4492883371810117,True,False
42,A_STATE,ID,261,lead_brake,False,False,False,0,0,68.82941390747754,1.205105200409889,True,False
42,A_STATE,ID,262,lead_brake,False,False,False,0,0,54.44001196275386,1.5249288591245809,True,False
42,A_STATE,ID,263,lead_brake,False,False,False,0,0,60.59679661254767,1.3743853457272053,True,False
42,A_STATE,ID,264,lead_brake,False,False,False,0,0,93.50000873557454,0.34856561074654263,True,False
42,A_STATE,ID,265,lead_brake,False,False,False,0,0,87.02838666514066,0.21488756251831848,True,False
42,A_STATE,ID,266,lead_brake,False,False,False,0,0,66.60177600986347,0.5785023669401804,True,False
42,A_STATE,ID,267,lead_brake,False,False,False,0,0,79.85160753416707,0.2708699038873116,True,False
42,A_STATE,ID,268,lead_brake,False,False,False,0,0,60.889266284875966,0.5239359140396118,True,False
42,A_STATE,ID,269,lead_brake,False,False,False,0,0,70.310497443417,0.9564313745747008,True,False
42,A_STATE,ID,270,lead_brake,False,False,False,0,0,78.9387389519612,2.925674970572193,True,False
42,A_STATE,ID,271,lead_brake,False,False,False,0,0,69.37550367652328,0.7340121176093817,True,False
42,A_STATE,ID,272,lead_brake,False,False,False,0,0,87.39671969502984,0.2328038793057203,True,False
42,A_STATE,ID,273,lead_brake,False,False,False,0,0,61.34609591962841,2.1922413501888514,True,False
42,A_STATE,ID,274,lead_brake,False,False,False,0,0,95.44155452036568,0.30097125222285587,True,False
42,A_STATE,ID,275,lead_brake,False,False,False,0,0,85.48331129290165,0.2215179751316706,True,False
42,A_STATE,ID,276,lead_brake,False,False,False,0,0,59.70476831251733,0.4424420843521754,True,False
42,A_STATE,ID,277,lead_brake,False,False,False,0,0,76.6591608461615,0.16722230923672518,True,False
42,A_STATE,ID,278,lead_brake,False,False,False,0,0,81.45372867894424,0.23599685045580068,True,False
42,A_STATE,ID,279,lead_brake,False,False,False,0,0,91.15762004411589,0.2737104520201683,True,False
42,A_STATE,ID,280,lead_brake,False,False,False,0,0,82.03847261024374,0.2131636974712213,True,False
42,A_STATE,ID,281,lead_brake,False,False,False,0,0,82.73011258061696,0.20941469135383764,True,False
42,A_STATE,ID,282,lead_brake,False,False,False,0,0,87.82567619808997,0.21167676957945028,True,False
42,A_STATE,ID,283,lead_brake,False,False,False,0,0,56.51203871693099,6.473566865548491,True,False
42,A_STATE,ID,284,lead_brake,False,False,False,0,0,85.54500946074722,0.47219033539295197,True,False
42,A_STATE,ID,285,lead_brake,False,False,False,0,0,71.1376616620662,1.13437303652366,True,False
42,A_STATE,ID,286,lead_brake,False,False,False,0,0,92.49402601219096,0.23024241626262662,True,False
42,A_STATE,ID,287,lead_brake,False,False,False,0,0,76.12858709120098,1.9437291314825416,True,False
42,A_STATE,ID,288,lead_brake,False,False,False,0,0,67.95911846946434,1.455998557930191,True,False
42,A_STATE,ID,289,lead_brake,False,False,False,0,0,61.181746380449574,1.660690840954582,True,False
42,A_STATE,ID,290,lead_brake,False,False,False,0,0,95.72769620359443,0.2906632845600446,True,False
42,A_STATE,ID,291,lead_brake,False,False,False,0,0,77.01580223552838,0.24774611244599024,True,False
42,A_STATE,ID,292,lead_brake,False,False,False,0,0,73.78342921264421,0.2920254475126664,True,False
42,A_STATE,ID,293,lead_brake,False,False,False,0,0,80.66282047212675,0.2601034101098776,True,False
42,A_STATE,ID,294,lead_brake,False,False,False,0,0,60.45752846632688,0.48587824404239655,True,False
42,A_STATE,ID,295,lead_brake,False,False,False,0,0,82.42663150887964,0.2583447527140379,True,False
42,A_STATE,ID,296,lead_brake,False,False,False,0,0,61.158214963024506,1.1273361016064882,True,False
42,A_STATE,ID,297,lead_brake,False,False,False,0,0,74.88476805518378,0.23169766614834464,True,False
42,A_STATE,ID,298,lead_brake,False,False,False,0,0,94.14125672664302,0.1897137810786565,True,False
42,A_STATE,ID,299,lead_brake,False,False,False,0,0,67.639553125922,2.773725799595316,True,False
42,A_STATE,OOD,0,crosswalk,False,False,False,0,0,30.534089415123905,1.7073130276468065,True,False
42,A_STATE,OOD,1,crosswalk,False,False,False,0,0,30.848378662395753,1.0725216733084784,True,False
42,A_STATE,OOD,2,crosswalk,True,True,False,0,1,23.371032196557863,0.9335793172701812,True,True
42,A_STATE,OOD,3,crosswalk,False,False,False,0,1,30.590961815819604,1.4779614250768314,True,False
42,A_STATE,OOD,4,crosswalk,False,False,False,0,1,25.256593293747976,1.458182576156798,True,False
42,A_STATE,OOD,5,crosswalk,False,False,False,0,1,25.409745563267066,1.4983856955239938,True,False
42,A_STATE,OOD,6,crosswalk,False,False,False,0,1,20.522327266596484,1.2528531693599438,True,False
42,A_STATE,OOD,7,crosswalk,False,False,False,0,1,22.688438855265534,1.4734902530908582,True,False
42,A_STATE,OOD,8,crosswalk,False,False,False,0,0,30.2110214814136,0.8550331093694853,True,False
42,A_STATE,OOD,9,crosswalk,False,False,False,0,1,30.263800317448194,1.609989210963249,True,False
42,A_STATE,OOD,10,crosswalk,False,False,False,0,1,26.441069964692947,1.4110150967131962,True,False
42,A_STATE,OOD,11,crosswalk,False,False,False,0,1,23.885406427758888,1.305189317180997,True,False
42,A_STATE,OOD,12,crosswalk,True,True,False,0,0,27.352240221125825,1.183573288076064,True,True
42,A_STATE,OOD,13,crosswalk,False,False,False,0,1,23.706706692689465,1.3579633261295072,True,False
42,A_STATE,OOD,14,crosswalk,False,False,False,0,0,31.410611165343724,0.962086607302938,True,False
42,A_STATE,OOD,15,crosswalk,False,False,False,0,1,22.80300635081008,1.2597147841006517,True,False
42,A_STATE,OOD,16,crosswalk,False,False,False,0,1,23.176445712440348,1.2976405024528503,True,False
42,A_STATE,OOD,17,crosswalk,True,True,False,0,1,20.880125157484045,0.8309693525477153,True,True
42,A_STATE,OOD,18,crosswalk,True,True,False,0,0,22.055350227234413,1.0886607206229006,True,True
42,A_STATE,OOD,19,crosswalk,False,False,False,0,1,21.917984435421136,1.4459175148675607,True,False
42,A_STATE,OOD,20,crosswalk,True,True,False,0,1,30.079576835723536,1.0224660867597997,True,True
42,A_STATE,OOD,21,crosswalk,False,False,False,0,1,22.409912831704183,1.2862148151752797,True,False
42,A_STATE,OOD,22,crosswalk,False,False,False,0,1,20.720142289526272,1.472415030002594,True,False
42,A_STATE,OOD,23,crosswalk,False,False,False,0,0,29.371343606231775,1.1410299282182346,True,False
42,A_STATE,OOD,24,crosswalk,False,False,False,0,1,22.65378391558517,1.3751777058297936,True,False
42,A_STATE,OOD,25,crosswalk,True,True,False,0,1,22.048971056600827,0.8501971217735511,True,True
42,A_STATE,OOD,26,crosswalk,True,True,False,0,1,22.759145856549992,0.8591090523919394,True,True
42,A_STATE,OOD,27,crosswalk,False,False,False,0,1,29.282785284665437,1.387513165778302,True,False
42,A_STATE,OOD,28,crosswalk,False,False,False,0,0,31.018058138517368,1.6246859385417058,True,False
42,A_STATE,OOD,29,crosswalk,False,False,False,0,1,28.95776326267202,0.9222382166319423,True,False
42,A_STATE,OOD,30,crosswalk,False,False,False,0,0,29.171290118406134,1.1485623668979954,True,False
42,A_STATE,OOD,31,crosswalk,False,False,False,0,1,23.80374951672205,1.256208059688409,True,False
42,A_STATE,OOD,32,crosswalk,False,False,False,0,1,27.647350308619764,1.2332123644808506,True,False
42,A_STATE,OOD,33,crosswalk,False,False,False,0,1,26.361516641474168,1.550913772931913,True,False
42,A_STATE,OOD,34,crosswalk,True,True,False,0,1,25.00651514690891,0.8606783910231156,True,True
42,A_STATE,OOD,35,crosswalk,False,False,False,0,1,22.787813497011435,1.3915954894489713,True,False
42,A_STATE,OOD,36,crosswalk,False,False,False,0,1,21.862632224243495,1.3052963576418288,True,False
42,A_STATE,OOD,37,crosswalk,False,False,False,0,1,22.72797105012632,1.5151287424258697,True,False
42,A_STATE,OOD,38,crosswalk,True,True,False,0,1,21.247757961752487,0.8915107265899055,True,True
42,A_STATE,OOD,39,crosswalk,False,False,False,0,0,30.28133721402773,1.2627444616178187,True,False
42,A_STATE,OOD,40,crosswalk,False,False,False,0,1,22.40128771472967,1.356278876463572,True,False
42,A_STATE,OOD,41,crosswalk,True,True,False,0,1,24.197558437287142,0.9156964648337591,True,True
42,A_STATE,OOD,42,crosswalk,False,False,False,0,1,24.887719669798066,1.632770225405693,True,False
42,A_STATE,OOD,43,crosswalk,True,True,False,0,1,21.01883990847947,0.8692388816012276,True,True
42,A_STATE,OOD,44,crosswalk,True,True,False,0,1,31.4598083247755,0.9721786867488514,True,True
42,A_STATE,OOD,45,crosswalk,False,False,False,0,1,22.263671815300846,1.2426492936757145,True,False
42,A_STATE,OOD,46,crosswalk,True,True,False,0,0,30.57923733516018,1.0083403587341306,True,True
42,A_STATE,OOD,47,crosswalk,False,False,False,0,1,24.218664065637313,1.3699830306900873,True,False
42,A_STATE,OOD,48,crosswalk,True,True,False,0,0,27.672290614899197,1.1832182547625374,True,True
42,A_STATE,OOD,49,crosswalk,False,False,False,0,1,27.31240908441537,1.3328466452658176,True,False
42,A_STATE,OOD,50,crosswalk,False,False,False,0,1,27.468317084719768,1.5543547654763246,True,False
42,A_STATE,OOD,51,crosswalk,False,False,False,0,1,27.67827853698678,1.5584989601657502,True,False
42,A_STATE,OOD,52,crosswalk,False,False,False,0,1,22.419802570427443,1.4756373818963766,True,False
42,A_STATE,OOD,53,crosswalk,True,True,False,0,0,22.40962572720914,1.0556878284974531,True,True
42,A_STATE,OOD,54,crosswalk,False,False,False,0,0,25.508650387955583,1.2488382909356093,True,False
42,A_STATE,OOD,55,crosswalk,False,False,False,0,1,29.6086099800276,1.5689400928776438,True,False
42,A_STATE,OOD,56,crosswalk,False,False,False,0,1,23.314135221325397,1.382501251167721,True,False
42,A_STATE,OOD,57,crosswalk,False,False,False,0,1,22.062138952376053,1.217393583439766,True,False
42,A_STATE,OOD,58,crosswalk,False,False,False,0,1,28.392190286046652,1.184827834367752,True,False
42,A_STATE,OOD,59,crosswalk,False,False,False,0,1,23.790937845917416,1.2882964769188237,True,False
42,A_STATE,OOD,60,crosswalk,True,True,False,0,0,27.390316113732695,1.2861626967787743,True,True
42,A_STATE,OOD,61,crosswalk,True,True,False,0,0,23.933358220374963,1.039626614915,True,True
42,A_STATE,OOD,62,crosswalk,True,True,False,0,1,28.355078731598788,0.9516071441561677,True,True
42,A_STATE,OOD,63,crosswalk,True,True,False,0,1,22.003004604484275,0.9057137446525768,True,True
42,A_STATE,OOD,64,crosswalk,False,False,False,0,1,24.966796800820248,1.4516861902342904,True,False
42,A_STATE,OOD,65,crosswalk,True,True,False,0,1,30.270051196351687,0.9785733336494081,True,True
42,A_STATE,OOD,66,crosswalk,False,False,False,0,1,21.85078730495619,1.3217604435048995,True,False
42,A_STATE,OOD,67,crosswalk,False,False,False,0,1,27.717110503646317,1.4020756146182183,True,False
42,A_STATE,OOD,68,crosswalk,True,True,False,0,1,21.168137864399547,0.7986699825241452,True,True
42,A_STATE,OOD,69,crosswalk,True,True,False,0,0,25.89885063953878,1.229914017021656,True,True
42,A_STATE,OOD,70,crosswalk,False,False,False,0,1,23.3321526492188,1.4901459798580263,True,False
42,A_STATE,OOD,71,crosswalk,False,False,False,0,1,28.65673271541428,1.432244000227555,True,False
42,A_STATE,OOD,72,crosswalk,True,True,False,0,1,22.92780592315703,0.979430173572741,True,True
42,A_STATE,OOD,73,crosswalk,True,True,False,0,1,28.28143047449622,0.9818540584473382,True,True
42,A_STATE,OOD,74,crosswalk,True,True,False,0,0,24.857213483831956,1.2138103693723679,True,True
42,A_STATE,OOD,75,crosswalk,False,False,False,0,1,27.44834042942952,1.520912902695792,True,False
42,A_STATE,OOD,76,crosswalk,False,False,False,0,1,29.171767488214435,1.296894200602356,True,False
42,A_STATE,OOD,77,crosswalk,True,True,False,0,1,26.14794081704833,1.023507026525644,True,True
42,A_STATE,OOD,78,crosswalk,False,False,False,0,1,29.419892612088546,0.9377034453918105,True,False
42,A_STATE,OOD,79,crosswalk,False,False,False,0,1,21.126239543982784,1.346196151056955,True,False
42,A_STATE,OOD,80,crosswalk,False,False,False,0,1,24.712643668217684,1.51469315801348,True,False
42,A_STATE,OOD,81,crosswalk,False,False,False,0,1,23.02249691081726,1.4962699040770528,True,False
42,A_STATE,OOD,82,crosswalk,False,False,False,0,1,25.67364123513441,1.0229341747860115,True,False
42,A_STATE,OOD,83,crosswalk,False,False,False,0,1,28.564695094723305,1.1372491717338562,True,False
42,A_STATE,OOD,84,crosswalk,True,True,False,0,1,28.17666708874279,1.032661661505699,True,True
42,A_STATE,OOD,85,crosswalk,True,True,False,0,1,22.133865785492198,0.8857493465527511,True,True
42,A_STATE,OOD,86,crosswalk,False,False,False,0,0,31.448114717082454,1.3355907652436232,True,False
42,A_STATE,OOD,87,crosswalk,True,True,False,0,1,22.421501124303504,0.8763534398305983,True,True
42,A_STATE,OOD,88,crosswalk,True,True,False,0,1,29.957395713534986,1.0697602927684784,True,True
42,A_STATE,OOD,89,crosswalk,False,False,False,0,1,28.23739796026335,1.063810112801465,True,False
42,A_STATE,OOD,90,crosswalk,True,True,False,0,0,30.21710907225654,1.2498168910250944,True,True
42,A_STATE,OOD,91,crosswalk,True,True,False,0,0,23.45979361081558,1.1702481005340815,True,True
42,A_STATE,OOD,92,crosswalk,False,False,False,0,1,24.77364997157752,1.2716419994831085,True,False
42,A_STATE,OOD,93,crosswalk,False,False,False,0,1,21.223030194601776,1.2019273943521758,True,False
42,A_STATE,OOD,94,crosswalk,False,False,False,0,1,26.140516438657226,1.3817535816354953,True,False
42,A_STATE,OOD,95,crosswalk,True,True,False,0,1,21.785025235855024,0.9467934756665616,True,True
42,A_STATE,OOD,96,crosswalk,False,False,False,0,1,28.58113545054282,1.2237768213857303,True,False
42,A_STATE,OOD,97,crosswalk,False,False,False,0,1,30.878876942140323,1.377691425707029,True,False
42,A_STATE,OOD,98,crosswalk,False,False,False,0,1,27.43172843723795,1.283529612812258,True,False
42,A_STATE,OOD,99,crosswalk,False,False,False,0,1,27.727494934243765,1.3893897102234212,True,False
42,A_STATE,OOD,100,stop_intersection,False,False,False,0,1,22.906213434956037,1.6553042673816283,True,False
42,A_STATE,OOD,101,stop_intersection,False,False,False,0,1,24.67543452179678,1.3722578149575453,True,False
42,A_STATE,OOD,102,stop_intersection,False,False,False,0,1,30.80978534968096,1.3840519597655847,True,False
42,A_STATE,OOD,103,stop_intersection,False,False,False,0,1,27.669992800180584,1.593532457686307,True,False
42,A_STATE,OOD,104,stop_intersection,False,False,False,0,1,26.725203404010543,1.773604718239411,True,False
42,A_STATE,OOD,105,stop_intersection,False,False,False,0,1,20.745463992032,1.667288877862565,True,False
42,A_STATE,OOD,106,stop_intersection,False,False,False,0,1,30.925107786624423,1.387868633395747,True,False
42,A_STATE,OOD,107,stop_intersection,False,False,False,0,1,28.72733491420417,1.2540319616144353,True,False
42,A_STATE,OOD,108,stop_intersection,False,False,False,0,1,24.516730958817675,1.6745076089535118,True,False
42,A_STATE,OOD,109,stop_intersection,False,False,False,0,0,21.06403766970488,2.1217788383364677,True,False
42,A_STATE,OOD,110,stop_intersection,False,False,False,0,1,23.84813875919192,1.7718251140750185,True,False
42,A_STATE,OOD,111,stop_intersection,False,False,False,0,1,23.953902872828237,1.6831165724075758,True,False
42,A_STATE,OOD,112,stop_intersection,False,False,False,0,1,23.993886804360223,1.7576837159217673,True,False
42,A_STATE,OOD,113,stop_intersection,False,False,False,0,0,30.736605550352056,1.2987488661056907,True,False
42,A_STATE,OOD,114,stop_intersection,False,False,False,0,0,23.852531420083523,2.0514132759787818,True,False
42,A_STATE,OOD,115,stop_intersection,False,False,False,0,0,25.416654548929046,1.4492716888586679,True,False
42,A_STATE,OOD,116,stop_intersection,False,False,False,0,1,22.435973455576445,1.6347017311132872,True,False
42,A_STATE,OOD,117,stop_intersection,False,False,False,0,1,29.400199487677078,1.6419977058063853,True,False
42,A_STATE,OOD,118,stop_intersection,False,False,False,0,1,28.36247188228205,1.3269655014339246,True,False
42,A_STATE,OOD,119,stop_intersection,False,False,False,0,1,23.687301065567105,1.6726073926808882,True,False
42,A_STATE,OOD,120,stop_intersection,False,False,False,0,1,30.610768845066715,1.3986753482444614,True,False
42,A_STATE,OOD,121,stop_intersection,False,False,False,0,1,21.950232738508873,1.8314390279808823,True,False
42,A_STATE,OOD,122,stop_intersection,True,True,False,0,0,24.41687729984882,1.5191619536455938,True,True
42,A_STATE,OOD,123,stop_intersection,False,False,False,0,1,31.467226916690727,1.2680959403514862,True,False
42,A_STATE,OOD,124,stop_intersection,False,False,False,0,1,28.490175299737984,1.819637690981229,True,False
42,A_STATE,OOD,125,stop_intersection,True,True,False,0,0,24.312988723263654,1.8024360688610208,True,True
42,A_STATE,OOD,126,stop_intersection,False,False,False,0,1,31.543750535093707,1.60315157066692,True,False
42,A_STATE,OOD,127,stop_intersection,False,False,False,0,1,29.325710493162333,1.32115760716525,True,False
42,A_STATE,OOD,128,stop_intersection,False,False,False,0,1,29.531576485658483,1.3700519423735769,True,False
42,A_STATE,OOD,129,stop_intersection,False,False,False,0,1,27.287624117294794,1.586060236607279,True,False
42,A_STATE,OOD,130,stop_intersection,True,True,False,0,0,21.84358950986536,1.7421123736044941,True,True
42,A_STATE,OOD,131,stop_intersection,False,False,False,0,1,24.996619498164677,1.7385175585746764,True,False
42,A_STATE,OOD,132,stop_intersection,True,True,False,0,0,20.9777535718514,2.262080404907465,True,True
42,A_STATE,OOD,133,stop_intersection,False,False,False,0,1,24.609233262607496,1.673737124160484,True,False
42,A_STATE,OOD,134,stop_intersection,False,False,False,0,1,26.0219814670582,1.3493714783642743,True,False
42,A_STATE,OOD,135,stop_intersection,True,True,False,0,0,21.33416431487594,1.464292835444212,True,True
42,A_STATE,OOD,136,stop_intersection,False,False,False,0,1,25.445094736971893,1.3464843904649888,True,False
42,A_STATE,OOD,137,stop_intersection,False,False,False,0,1,30.624403071983508,1.2964458285637621,True,False
42,A_STATE,OOD,138,stop_intersection,False,False,False,0,1,30.57982623438152,1.6074137017130852,True,False
42,A_STATE,OOD,139,stop_intersection,False,False,False,0,0,27.607873117378183,1.3132476492931968,True,False
42,A_STATE,OOD,140,stop_intersection,False,True,False,0,0,24.954096813594823,1.3864390220907,True,True
42,A_STATE,OOD,141,stop_intersection,False,False,False,0,0,29.331764689372083,1.2691104717743702,True,False
42,A_STATE,OOD,142,stop_intersection,False,False,False,0,1,23.67179511514678,1.7144388311049519,True,False
42,A_STATE,OOD,143,stop_intersection,False,False,False,0,1,28.594190254000097,1.7117748581446135,True,False
42,A_STATE,OOD,144,stop_intersection,False,False,False,0,1,30.361327396209973,1.2953419868762677,True,False
42,A_STATE,OOD,145,stop_intersection,False,False,False,0,1,28.058451234148805,1.525435974555356,True,False
42,A_STATE,OOD,146,stop_intersection,False,False,False,0,1,27.061132758901717,1.6830395932563327,True,False
42,A_STATE,OOD,147,stop_intersection,False,False,False,0,0,21.447008061806073,1.4747384541174946,True,False
42,A_STATE,OOD,148,stop_intersection,True,True,False,0,0,20.574742715675832,1.557218829790751,True,True
42,A_STATE,OOD,149,stop_intersection,False,False,False,0,1,29.736902607567757,1.5569129905530383,True,False
42,A_STATE,OOD,150,stop_intersection,False,False,False,0,0,23.602944382744028,1.644708417032076,True,False
42,A_STATE,OOD,151,stop_intersection,False,False,False,0,0,23.889867651539156,1.4804459407049066,True,False
42,A_STATE,OOD,152,stop_intersection,False,False,False,0,1,30.697514499524708,1.3845247422393998,True,False
42,A_STATE,OOD,153,stop_intersection,False,False,False,0,0,30.19783876505902,1.3714454205412612,True,False
42,A_STATE,OOD,154,stop_intersection,False,False,False,0,1,21.040194438259903,1.6463897778437688,True,False
42,A_STATE,OOD,155,stop_intersection,False,False,False,0,0,24.908670680859384,1.4119023746914332,True,False
42,A_STATE,OOD,156,stop_intersection,False,False,False,0,1,22.772010276254818,1.5962517679783335,True,False
42,A_STATE,OOD,157,stop_intersection,False,False,False,0,1,22.71746391229064,1.8002451539039612,True,False
42,A_STATE,OOD,158,stop_intersection,False,False,False,0,1,30.293907127346365,1.5755791306495666,True,False
42,A_STATE,OOD,159,stop_intersection,False,False,False,0,0,29.053447511355834,1.3407902341139943,True,False
42,A_STATE,OOD,160,stop_intersection,False,False,False,0,1,26.181906135022228,1.6077023638146264,True,False
42,A_STATE,OOD,161,stop_intersection,True,True,False,0,0,23.66130763662899,1.8674850381082957,True,True
42,A_STATE,OOD,162,stop_intersection,True,True,False,0,0,27.38499710169335,1.4535438683297899,True,True
42,A_STATE,OOD,163,stop_intersection,False,False,False,0,0,25.885340992926793,1.3478240451297243,True,False
42,A_STATE,OOD,164,stop_intersection,True,True,False,0,0,24.65495856178569,1.6518180966377256,True,True
42,A_STATE,OOD,165,stop_intersection,False,False,False,0,1,28.17899289349767,1.7681358024185778,True,False
42,A_STATE,OOD,166,stop_intersection,False,False,False,0,1,27.54765986503805,1.7284101130915621,True,False
42,A_STATE,OOD,167,stop_intersection,True,True,False,0,0,30.369884701537877,1.4526392127338208,True,True
42,A_STATE,OOD,168,stop_intersection,False,False,False,0,0,31.242230034102157,1.3310679564109213,True,False
42,A_STATE,OOD,169,stop_intersection,False,False,False,0,0,28.22691751887546,1.3368418342188784,True,False
42,A_STATE,OOD,170,stop_intersection,False,False,False,0,0,21.4148005936235,1.4526508485569671,True,False
42,A_STATE,OOD,171,stop_intersection,False,False,False,0,0,21.930444589215956,1.4117281477559696,True,False
42,A_STATE,OOD,172,stop_intersection,False,False,False,0,1,21.71170293510704,1.5578149118513431,True,False
42,A_STATE,OOD,173,stop_intersection,True,True,False,0,0,28.551291355632465,1.39445750336898,True,True
42,A_STATE,OOD,174,stop_intersection,False,False,False,0,0,21.70971820142637,1.9629039708524942,True,False
42,A_STATE,OOD,175,stop_intersection,False,False,False,0,1,27.561236518041397,1.461896209253205,True,False
42,A_STATE,OOD,176,stop_intersection,False,False,False,0,1,21.73984146245408,1.531525611573336,True,False
42,A_STATE,OOD,177,stop_intersection,False,False,False,0,1,30.99594132062903,1.621839233018734,True,False
42,A_STATE,OOD,178,stop_intersection,False,False,False,0,0,28.34754116906374,1.4128276625195064,True,False
42,A_STATE,OOD,179,stop_intersection,False,False,False,0,1,27.970364833556772,1.775239383180936,True,False
42,A_STATE,OOD,180,stop_intersection,True,True,False,0,0,21.928888014311188,1.5780258441672605,True,True
42,A_STATE,OOD,181,stop_intersection,False,False,False,0,0,31.132391116745104,1.333772051028716,True,False
42,A_STATE,OOD,182,stop_intersection,False,True,False,0,0,22.60452730165852,1.4755551604663624,True,True
42,A_STATE,OOD,183,stop_intersection,False,False,False,0,0,22.609781661734253,1.4086676836013794,True,False
42,A_STATE,OOD,184,stop_intersection,False,False,False,0,1,30.60304115672881,1.6240456104278562,True,False
42,A_STATE,OOD,185,stop_intersection,True,True,False,0,0,26.6116153366582,1.774545534438378,True,True
42,A_STATE,OOD,186,stop_intersection,False,False,False,0,1,30.8802035016733,1.6096354808126174,True,False
42,A_STATE,OOD,187,stop_intersection,False,False,False,0,1,27.04236027672166,1.8311387362579503,True,False
42,A_STATE,OOD,188,stop_intersection,False,False,False,0,1,30.485033427364797,1.4646454616026443,True,False
42,A_STATE,OOD,189,stop_intersection,False,False,False,0,1,29.669291093598055,1.3814059997859753,True,False
42,A_STATE,OOD,190,stop_intersection,False,False,False,0,1,24.31098327781106,1.9358470211637782,True,False
42,A_STATE,OOD,191,stop_intersection,False,False,False,0,1,26.13147138785463,1.7361913124720254,True,False
42,A_STATE,OOD,192,stop_intersection,False,False,False,0,0,30.15071957900277,1.2285931408405304,True,False
42,A_STATE,OOD,193,stop_intersection,True,True,False,0,0,24.477403467727235,1.7887769111742575,True,True
42,A_STATE,OOD,194,stop_intersection,True,True,False,0,0,26.672922119206653,1.4506752457883623,True,True
42,A_STATE,OOD,195,stop_intersection,False,False,False,0,1,26.072957547638456,1.7193640008264657,True,False
42,A_STATE,OOD,196,stop_intersection,True,True,False,0,0,23.156348048557337,1.6241202328134985,True,True
42,A_STATE,OOD,197,stop_intersection,False,False,False,0,1,30.02619330715482,1.5459337569119638,True,False
42,A_STATE,OOD,198,stop_intersection,False,False,False,0,1,29.63910507387814,1.9378294526262485,True,False
42,A_STATE,OOD,199,stop_intersection,False,False,False,0,1,28.862136621105286,1.4505420052088225,True,False
42,A_STATE,OOD,200,lead_brake,False,False,False,0,0,33.85717715278269,4.923220105469227,True,False
42,A_STATE,OOD,201,lead_brake,False,False,False,0,0,30.76852375089594,5.026109562876324,True,False
42,A_STATE,OOD,202,lead_brake,False,False,False,0,0,25.92689596676543,3.8787841973826285,True,False
42,A_STATE,OOD,203,lead_brake,False,False,False,0,0,30.690139880065537,2.81060053470234,True,False
42,A_STATE,OOD,204,lead_brake,False,False,False,0,0,29.651742798758182,4.645707108390828,True,False
42,A_STATE,OOD,205,lead_brake,False,False,False,0,0,28.44033138107552,4.831328849929075,True,False
42,A_STATE,OOD,206,lead_brake,False,False,False,0,0,30.1490887683498,4.97375500574708,True,False
42,A_STATE,OOD,207,lead_brake,False,False,False,0,0,32.78038371032032,5.847046959524353,True,False
42,A_STATE,OOD,208,lead_brake,False,False,False,0,0,38.11044251108021,4.993156572182973,True,False
42,A_STATE,OOD,209,lead_brake,False,False,False,0,0,30.64044581164836,2.514442561815182,True,False
42,A_STATE,OOD,210,lead_brake,False,False,False,0,0,29.73368708451251,4.164192977361381,True,False
42,A_STATE,OOD,211,lead_brake,False,False,False,0,0,36.42617696993054,5.43010437550644,True,False
42,A_STATE,OOD,212,lead_brake,False,False,False,0,0,27.555291592082522,6.205218396149575,True,False
42,A_STATE,OOD,213,lead_brake,False,False,False,0,0,30.828302074555225,3.2666975846514106,True,False
42,A_STATE,OOD,214,lead_brake,False,False,False,0,0,34.955455786545734,3.996469860896468,True,False
42,A_STATE,OOD,215,lead_brake,False,False,False,0,0,26.777723018940865,5.441243635180096,True,False
42,A_STATE,OOD,216,lead_brake,False,False,False,0,0,40.21371824782708,3.866481726368268,True,False
42,A_STATE,OOD,217,lead_brake,False,False,False,0,0,34.701425729468475,5.234570148090521,True,False
42,A_STATE,OOD,218,lead_brake,False,False,False,0,0,26.607174081080778,3.5119420575598874,True,False
42,A_STATE,OOD,219,lead_brake,False,False,False,0,0,34.39957567271948,4.170673685148358,True,False
42,A_STATE,OOD,220,lead_brake,False,False,False,0,0,35.264603004902895,3.526635268703103,True,False
42,A_STATE,OOD,221,lead_brake,False,False,False,0,0,24.173740670680996,2.889449053443968,True,False
42,A_STATE,OOD,222,lead_brake,False,False,False,0,0,39.73331759893797,5.17012262965242,True,False
42,A_STATE,OOD,223,lead_brake,False,False,False,0,0,26.368194022175928,5.064142008932928,True,False
42,A_STATE,OOD,224,lead_brake,False,False,False,0,0,31.2593637691609,6.559840255106489,True,False
42,A_STATE,OOD,225,lead_brake,False,False,False,0,0,31.932443792348202,5.157680595293641,True,False
42,A_STATE,OOD,226,lead_brake,False,False,False,0,0,27.17831497192383,2.5659991353750224,True,False
42,A_STATE,OOD,227,lead_brake,False,False,False,0,0,38.699028187281584,3.4078296422958374,True,False
42,A_STATE,OOD,228,lead_brake,False,False,False,0,0,39.71785085033532,0.9450068958103656,True,False
42,A_STATE,OOD,229,lead_brake,False,False,False,0,0,43.18029881894592,5.303900778914491,True,False
42,A_STATE,OOD,230,lead_brake,False,False,False,0,0,34.1177708810251,5.094970919812718,True,False
42,A_STATE,OOD,231,lead_brake,False,False,False,0,0,35.32929609516569,3.3867946515480676,True,False
42,A_STATE,OOD,232,lead_brake,False,False,False,0,0,32.81966981523692,6.155082104727626,True,False
42,A_STATE,OOD,233,lead_brake,False,False,False,0,0,30.08791516409439,4.011102348255615,True,False
42,A_STATE,OOD,234,lead_brake,False,False,False,0,0,29.16341241355239,5.07938991797467,True,False
42,A_STATE,OOD,235,lead_brake,False,False,False,0,0,32.34139932630229,6.305268282070756,True,False
42,A_STATE,OOD,236,lead_brake,False,False,False,0,0,42.62910412892697,5.597965136170387,True,False
42,A_STATE,OOD,237,lead_brake,False,False,False,0,0,40.50739714416471,3.5315360662837825,True,False
42,A_STATE,OOD,238,lead_brake,False,False,False,0,0,26.301237223818873,2.9181146301950016,True,False
42,A_STATE,OOD,239,lead_brake,False,False,False,0,0,34.44750913640903,2.705897528057297,True,False
42,A_STATE,OOD,240,lead_brake,False,False,False,0,0,36.84974850632254,5.6210724003612995,True,False
42,A_STATE,OOD,241,lead_brake,False,False,False,0,0,25.816690241573443,3.350024351539711,True,False
42,A_STATE,OOD,242,lead_brake,False,False,False,0,0,27.069914608522133,2.592666994469861,True,False
42,A_STATE,OOD,243,lead_brake,False,False,False,0,0,31.149104467919834,5.329768023453652,True,False
42,A_STATE,OOD,244,lead_brake,False,False,False,0,0,41.78757249347865,4.736577744285266,True,False
42,A_STATE,OOD,245,lead_brake,False,False,False,0,0,43.59733057148756,4.238347561409076,True,False
42,A_STATE,OOD,246,lead_brake,False,False,False,0,0,26.907055044686825,2.83691376230369,True,False
42,A_STATE,OOD,247,lead_brake,False,False,False,0,0,31.483439662034524,5.641068572178482,True,False
42,A_STATE,OOD,248,lead_brake,False,False,False,0,0,27.726400749117804,2.324696589571734,True,False
42,A_STATE,OOD,249,lead_brake,False,False,True,0,0,24.122858429240548,5.88601078869154,True,False
42,A_STATE,OOD,250,lead_brake,False,False,False,0,0,33.72424216770117,5.593810263400276,True,False
42,A_STATE,OOD,251,lead_brake,False,False,False,0,0,31.01945516326642,5.706809872761369,True,False
42,A_STATE,OOD,252,lead_brake,False,False,False,0,0,40.28355526074266,3.6106877947847047,True,False
42,A_STATE,OOD,253,lead_brake,False,False,False,0,0,28.900655472427584,4.965918013205131,True,False
42,A_STATE,OOD,254,lead_brake,False,False,False,0,0,28.286252446988467,4.130940104213853,True,False
42,A_STATE,OOD,255,lead_brake,False,False,False,0,0,34.55368427318828,5.384751640881101,True,False
42,A_STATE,OOD,256,lead_brake,False,False,True,0,0,25.169166354238985,3.9598875247562924,True,False
42,A_STATE,OOD,257,lead_brake,False,False,False,0,0,30.997346154965584,5.949171708896756,True,False
42,A_STATE,OOD,258,lead_brake,False,False,False,0,0,23.73199061163788,2.6732983505353327,True,False
42,A_STATE,OOD,259,lead_brake,False,False,False,0,0,43.26803179256619,2.2770106426129737,True,False
42,A_STATE,OOD,260,lead_brake,False,False,False,0,0,34.832895414923605,3.118112983182072,True,False
42,A_STATE,OOD,261,lead_brake,False,False,False,0,0,28.844945008875996,2.6945486962795253,True,False
42,A_STATE,OOD,262,lead_brake,False,False,False,0,0,38.500025346748174,5.247711363558968,True,False
42,A_STATE,OOD,263,lead_brake,False,False,False,0,0,30.79714049011893,5.266347201851507,True,False
42,A_STATE,OOD,264,lead_brake,False,False,False,0,0,44.737978333383836,4.568999679138263,True,False
42,A_STATE,OOD,265,lead_brake,False,False,False,0,0,40.29081446285451,1.9562541116029024,True,False
42,A_STATE,OOD,266,lead_brake,False,False,False,0,0,32.482875483222074,6.142199720566471,True,False
42,A_STATE,OOD,267,lead_brake,False,False,False,0,0,29.671769221396456,3.504362682501475,True,False
42,A_STATE,OOD,268,lead_brake,False,False,False,0,0,29.369761636306535,5.046393225279947,True,False
42,A_STATE,OOD,269,lead_brake,False,False,False,0,0,31.652065080906052,5.918570160244901,True,False
42,A_STATE,OOD,270,lead_brake,False,False,False,0,0,25.68173140133585,2.9161660755053163,True,False
42,A_STATE,OOD,271,lead_brake,False,False,False,0,0,36.365079013195185,5.781846715137362,True,False
42,A_STATE,OOD,272,lead_brake,False,False,False,0,0,34.37244212505579,4.359653472279509,True,False
42,A_STATE,OOD,273,lead_brake,False,False,False,0,0,34.920081266552025,4.1545933062831555,True,False
42,A_STATE,OOD,274,lead_brake,False,False,False,0,0,37.330040522734905,2.491667671749989,True,False
42,A_STATE,OOD,275,lead_brake,False,False,False,0,0,33.234580230080056,3.0645033832018576,True,False
42,A_STATE,OOD,276,lead_brake,False,False,False,0,0,28.705122001512805,3.520090595198174,True,False
42,A_STATE,OOD,277,lead_brake,False,False,False,0,0,29.75036246255043,5.547286846054097,True,False
42,A_STATE,OOD,278,lead_brake,False,False,False,0,0,30.267034679170173,4.090514252272745,True,False
42,A_STATE,OOD,279,lead_brake,False,False,False,0,0,38.873740021809944,0.7275171584139267,True,False
42,A_STATE,OOD,280,lead_brake,False,False,False,0,0,30.64778759885247,6.119658890490729,True,False
42,A_STATE,OOD,281,lead_brake,False,False,False,0,0,31.563284814581277,3.1798020225639143,True,False
42,A_STATE,OOD,282,lead_brake,False,False,False,0,0,32.3306888096462,4.311020081862807,True,False
42,A_STATE,OOD,283,lead_brake,False,False,False,0,0,36.663885350003824,2.004645478601257,True,False
42,A_STATE,OOD,284,lead_brake,False,False,False,0,0,26.066572942326285,4.865348236324886,True,False
42,A_STATE,OOD,285,lead_brake,False,False,False,0,0,35.42936714807212,4.437239859874049,True,False
42,A_STATE,OOD,286,lead_brake,False,False,False,0,0,29.156394272151722,4.958692468081911,True,False
42,A_STATE,OOD,287,lead_brake,False,False,False,0,0,32.71046752732221,3.0954154925420876,True,False
42,A_STATE,OOD,288,lead_brake,False,False,False,0,0,26.825540136195634,3.1253869549060855,True,False
42,A_STATE,OOD,289,lead_brake,False,False,False,0,0,39.86566308873523,5.256828030571341,True,False
42,A_STATE,OOD,290,lead_brake,False,False,False,0,0,33.848829801096606,4.046134809652964,True,False
42,A_STATE,OOD,291,lead_brake,False,False,True,0,0,21.83295268490909,1.919720545100669,True,False
42,A_STATE,OOD,292,lead_brake,False,False,False,0,0,36.23455261117803,2.146713560447097,True,False
42,A_STATE,OOD,293,lead_brake,False,False,False,0,0,25.60816356601501,4.339553556405008,True,False
42,A_STATE,OOD,294,lead_brake,False,False,False,0,0,26.85908440290104,2.6078882828975716,True,False
42,A_STATE,OOD,295,lead_brake,False,False,False,0,0,28.3552482893318,4.170491328462958,True,False
42,A_STATE,OOD,296,lead_brake,False,False,False,0,0,35.69951393700411,4.581079570576548,True,False
42,A_STATE,OOD,297,lead_brake,False,False,False,0,0,39.14413907181532,2.3892721571028233,True,False
42,A_STATE,OOD,298,lead_brake,False,False,False,0,0,21.40613883415462,2.9552166583016515,True,False
42,A_STATE,OOD,299,lead_brake,False,False,False,0,0,25.825158877049066,1.7065428821370003,True,False
42,B_COC,ID,0,crosswalk,False,False,False,0,0,29.22437423923703,1.739355864978972,True,False
42,B_COC,ID,1,crosswalk,False,False,False,0,0,37.77162167448875,1.2500393421699603,True,False
42,B_COC,ID,2,crosswalk,False,False,False,0,0,28.459834151950467,1.7770826973413167,True,False
42,B_COC,ID,3,crosswalk,False,False,False,0,0,32.50214682537061,1.6562592663935252,True,False
42,B_COC,ID,4,crosswalk,False,False,False,0,0,34.09885580506627,1.685085245831446,True,False
42,B_COC,ID,5,crosswalk,False,False,False,0,0,27.870649089370197,1.509063894098455,True,False
42,B_COC,ID,6,crosswalk,False,False,False,0,0,35.65797405245,0.8427327329462225,True,False
42,B_COC,ID,7,crosswalk,False,False,False,0,0,37.71869525125042,1.5697819087654352,True,False
42,B_COC,ID,8,crosswalk,False,False,False,0,0,27.457544983835312,1.627716478847322,True,False
42,B_COC,ID,9,crosswalk,False,False,False,0,0,33.68730250555525,1.4492068947716192,True,False
42,B_COC,ID,10,crosswalk,False,False,False,0,0,36.15506345924919,1.507988018186196,True,False
42,B_COC,ID,11,crosswalk,False,False,False,0,0,32.81289029385108,1.6100380990816199,True,False
42,B_COC,ID,12,crosswalk,False,False,False,0,0,28.967215005817017,1.1577475406229494,True,False
42,B_COC,ID,13,crosswalk,False,False,False,0,0,30.955085509872674,1.18758924305439,True,False
42,B_COC,ID,14,crosswalk,False,False,False,0,0,29.90153314591036,1.7637156872522264,True,False
42,B_COC,ID,15,crosswalk,False,False,False,0,0,34.515865233095134,0.8503610187250634,True,False
42,B_COC,ID,16,crosswalk,False,False,False,0,0,28.125621791602008,1.5890358741346158,True,False
42,B_COC,ID,17,crosswalk,False,False,False,0,0,27.493499259811017,1.7341690361499786,True,False
42,B_COC,ID,18,crosswalk,False,False,False,0,0,35.377048851555934,1.5051987394690514,True,False
42,B_COC,ID,19,crosswalk,False,False,False,0,0,37.823345598523666,0.7102967086045638,True,False
42,B_COC,ID,20,crosswalk,False,False,False,0,0,30.881074446745632,1.4220554949272246,True,False
42,B_COC,ID,21,crosswalk,False,False,False,0,0,31.062016718935098,1.2390219047665596,True,False
42,B_COC,ID,22,crosswalk,False,False,False,0,0,27.476206515773953,1.4608517164985337,True,False
42,B_COC,ID,23,crosswalk,False,False,False,0,0,33.90197958939916,0.7788799915994916,True,False
42,B_COC,ID,24,crosswalk,False,False,False,0,0,27.15217843420931,1.3192021885984822,True,False
42,B_COC,ID,25,crosswalk,False,False,False,0,0,28.53534111448281,1.2958781066394987,True,False
42,B_COC,ID,26,crosswalk,False,False,False,0,0,27.320401030187703,1.7166999139283834,True,False
42,B_COC,ID,27,crosswalk,False,False,False,0,0,31.835868943668505,1.4367860183119774,True,False
42,B_COC,ID,28,crosswalk,False,False,False,0,0,34.99182278560269,1.3427674465558743,True,False
42,B_COC,ID,29,crosswalk,False,False,False,0,0,29.071765742395634,1.6801325529813764,True,False
42,B_COC,ID,30,crosswalk,False,False,False,0,0,31.536316199734,0.9658623114228249,True,False
42,B_COC,ID,31,crosswalk,False,False,False,0,0,28.833959871123668,1.4146703870400137,True,False
42,B_COC,ID,32,crosswalk,False,False,False,0,0,38.55480713946055,1.4662375953048468,True,False
42,B_COC,ID,33,crosswalk,False,False,False,0,0,31.61186461999231,0.8032063252869106,True,False
42,B_COC,ID,34,crosswalk,False,False,False,0,0,35.087585014535506,1.0437311014781396,True,False
42,B_COC,ID,35,crosswalk,False,False,False,0,0,29.361428865628273,1.435134099877399,True,False
42,B_COC,ID,36,crosswalk,False,False,False,0,0,37.952229059968886,0.9116574794054031,True,False
42,B_COC,ID,37,crosswalk,False,False,False,0,0,31.902762138482643,1.6412998329509387,True,False
42,B_COC,ID,38,crosswalk,False,False,False,0,0,34.224229225160016,1.7114337371743242,True,False
42,B_COC,ID,39,crosswalk,False,False,False,0,0,27.982352585291032,1.2797523774206636,True,False
42,B_COC,ID,40,crosswalk,False,False,False,0,0,32.811154729088415,0.8587072109398634,True,False
42,B_COC,ID,41,crosswalk,False,False,False,0,0,34.892990385199894,1.4398405057462778,True,False
42,B_COC,ID,42,crosswalk,False,False,False,0,0,37.64981631064131,0.6472964390464451,True,False
42,B_COC,ID,43,crosswalk,False,False,False,0,0,30.702472829482353,1.67060219428756,True,False
42,B_COC,ID,44,crosswalk,False,False,False,0,0,30.731985045811697,1.3214777161677678,True,False
42,B_COC,ID,45,crosswalk,False,False,False,0,0,35.04635015778472,1.053231256082654,True,False
42,B_COC,ID,46,crosswalk,False,False,False,0,0,30.28045493602886,1.7847801957811629,True,False
42,B_COC,ID,47,crosswalk,False,False,False,0,0,27.3093548228734,0.9034842737019062,True,False
42,B_COC,ID,48,crosswalk,False,False,False,0,0,34.53372407367101,0.567385700220863,True,False
42,B_COC,ID,49,crosswalk,False,False,False,0,0,38.1051421043387,1.11038441243379,True,False
42,B_COC,ID,50,crosswalk,False,False,False,0,0,29.76953800094524,1.5216740854084492,True,False
42,B_COC,ID,51,crosswalk,False,False,False,0,0,29.699769391229168,0.6310131542739413,True,False
42,B_COC,ID,52,crosswalk,False,False,False,0,0,36.53784110860185,0.8268473949283361,True,False
42,B_COC,ID,53,crosswalk,False,False,False,0,0,37.29307619662447,1.1106711596250534,True,False
42,B_COC,ID,54,crosswalk,False,False,False,0,0,36.916838317703046,0.8649924606084822,True,False
42,B_COC,ID,55,crosswalk,False,False,False,0,0,33.82258760443939,1.4595980298790063,True,False
42,B_COC,ID,56,crosswalk,False,False,False,0,0,30.564220607890675,1.5593930972473962,True,False
42,B_COC,ID,57,crosswalk,False,False,False,0,0,33.697203636167444,1.699158400297165,True,False
42,B_COC,ID,58,crosswalk,False,False,False,0,0,35.09001691694114,1.168243123785309,True,False
42,B_COC,ID,59,crosswalk,False,False,False,0,0,36.269190465216724,0.730313566327095,True,False
42,B_COC,ID,60,crosswalk,False,False,False,0,0,36.58079918846156,1.5288542211055756,True,False
42,B_COC,ID,61,crosswalk,False,False,False,0,0,36.9345260303774,0.8509337216615677,True,False
42,B_COC,ID,62,crosswalk,False,False,False,0,0,32.732042115184775,1.664055030454289,True,False
42,B_COC,ID,63,crosswalk,False,False,False,0,0,31.275224039167806,1.1097737401723862,True,False
42,B_COC,ID,64,crosswalk,False,False,False,0,0,28.70807125979616,1.448623899370432,True,False
42,B_COC,ID,65,crosswalk,False,False,False,0,0,37.00117168958711,1.4406913798302412,True,False
42,B_COC,ID,66,crosswalk,False,False,False,0,0,32.82800168805447,1.2614775094247999,True,False
42,B_COC,ID,67,crosswalk,False,False,False,0,0,29.14923356487411,0.8789106868207455,True,False
42,B_COC,ID,68,crosswalk,False,False,False,0,0,31.35942573008064,0.800390016626228,True,False
42,B_COC,ID,69,crosswalk,False,False,False,0,0,29.83926160189533,1.4952506448911584,True,False
42,B_COC,ID,70,crosswalk,False,False,False,0,0,39.18968411230148,1.129244202747941,True,False
42,B_COC,ID,71,crosswalk,False,False,False,0,0,35.172634192248175,0.7155413397898276,True,False
42,B_COC,ID,72,crosswalk,False,False,False,0,0,35.49282767780264,0.5365351198808006,True,False
42,B_COC,ID,73,crosswalk,False,False,False,0,0,32.46718869087311,1.3771297545595602,True,False
42,B_COC,ID,74,crosswalk,False,False,False,0,0,35.77649242177615,0.5302239241807357,True,False
42,B_COC,ID,75,crosswalk,False,False,False,0,0,34.33545360861962,1.4539933238517155,True,False
42,B_COC,ID,76,crosswalk,False,False,False,0,0,35.955479060771175,0.7592313084751368,True,False
42,B_COC,ID,77,crosswalk,False,False,False,0,0,35.374209484953454,1.5491307628425683,True,False
42,B_COC,ID,78,crosswalk,False,False,False,0,0,33.58811747159371,1.4163952817519505,True,False
42,B_COC,ID,79,crosswalk,False,False,False,0,0,34.48007339256523,1.438006496299868,True,False
42,B_COC,ID,80,crosswalk,False,False,False,0,0,30.352828966198707,0.8076492767958413,True,False
42,B_COC,ID,81,crosswalk,False,False,False,0,0,33.32795172331657,1.6997797245329076,True,False
42,B_COC,ID,82,crosswalk,False,False,False,0,0,36.317980714831585,1.5409923469026883,True,False
42,B_COC,ID,83,crosswalk,False,False,False,0,0,38.539931619567845,0.4409294833357517,True,False
42,B_COC,ID,84,crosswalk,False,False,False,0,0,31.719165054198275,1.2105080193799473,True,False
42,B_COC,ID,85,crosswalk,False,False,False,0,0,33.48670578591981,0.9584703398021784,True,False
42,B_COC,ID,86,crosswalk,False,False,False,0,0,28.184583015372525,1.5276650407097554,True,False
42,B_COC,ID,87,crosswalk,False,False,False,0,0,35.11501214911361,1.4425976964689435,True,False
42,B_COC,ID,88,crosswalk,False,False,False,0,0,30.674579755527944,1.6726156798276033,True,False
42,B_COC,ID,89,crosswalk,False,False,False,0,0,32.36659281011774,0.48977949063886295,True,False
42,B_COC,ID,90,crosswalk,False,False,False,0,0,29.15857494100073,0.8497756826026099,True,False
42,B_COC,ID,91,crosswalk,False,False,False,0,0,27.428954799809052,1.6053831009637742,True,False
42,B_COC,ID,92,crosswalk,False,False,False,0,0,37.663422707496174,1.3250051167878236,True,False
42,B_COC,ID,93,crosswalk,False,False,False,0,0,31.490130380019785,1.4521905531485875,True,False
42,B_COC,ID,94,crosswalk,False,False,False,0,0,31.29369475556419,1.461146009110269,True,False
42,B_COC,ID,95,crosswalk,False,False,False,0,0,31.1095918784989,0.4793965443968773,True,False
42,B_COC,ID,96,crosswalk,False,False,False,0,0,28.01768084679337,1.667223483324051,True,False
42,B_COC,ID,97,crosswalk,False,False,False,0,0,38.009850155129655,0.938256259721059,True,False
42,B_COC,ID,98,crosswalk,False,False,False,0,0,29.85612099700548,1.7624453690491222,True,False
42,B_COC,ID,99,crosswalk,False,False,False,0,0,30.808470517545416,1.1453255601227281,True,False
42,B_COC,ID,100,stop_intersection,False,False,False,0,1,26.140210467149444,1.3107164486034497,True,False
42,B_COC,ID,101,stop_intersection,False,False,False,0,1,31.74565719129062,1.140490969022115,True,False
42,B_COC,ID,102,stop_intersection,False,False,False,0,1,26.164188802797984,1.3510781687659186,True,False
42,B_COC,ID,103,stop_intersection,False,False,False,0,1,29.265465249151195,1.293391432517614,True,False
42,B_COC,ID,104,stop_intersection,False,False,False,0,1,27.489791010295416,1.1723206043243408,True,False
42,B_COC,ID,105,stop_intersection,False,False,False,0,1,31.65495996691628,1.137792013940357,True,False
42,B_COC,ID,106,stop_intersection,False,False,False,0,1,32.70403919262372,1.1425507352465674,True,False
42,B_COC,ID,107,stop_intersection,False,False,False,0,1,30.16925965895321,1.3778374853887057,True,False
42,B_COC,ID,108,stop_intersection,False,False,False,0,1,32.40543573552507,1.2416564077138899,True,False
42,B_COC,ID,109,stop_intersection,False,False,False,0,1,33.76403016600785,1.1210855217867117,True,False
42,B_COC,ID,110,stop_intersection,False,False,False,0,1,28.976552297245753,1.3665823246303357,True,False
42,B_COC,ID,111,stop_intersection,False,False,False,0,1,36.05418933822355,1.1328907622847446,True,False
42,B_COC,ID,112,stop_intersection,False,False,False,0,1,36.12314643921804,1.2006143082019893,True,False
42,B_COC,ID,113,stop_intersection,False,False,False,0,1,35.8786439186445,1.1941728619642036,True,False
42,B_COC,ID,114,stop_intersection,False,False,False,0,1,35.729884144644274,1.2267767551333404,True,False
42,B_COC,ID,115,stop_intersection,False,False,False,0,1,37.27732872912666,1.1593458125757616,True,False
42,B_COC,ID,116,stop_intersection,False,False,False,0,1,31.299571234394584,1.277533784890786,True,False
42,B_COC,ID,117,stop_intersection,False,False,False,0,1,27.738699236813,1.2771644717768618,True,False
42,B_COC,ID,118,stop_intersection,False,False,False,0,1,31.85451703244747,1.2969423563052445,True,False
42,B_COC,ID,119,stop_intersection,False,False,False,0,1,35.08341959783988,1.1722592228934876,True,False
42,B_COC,ID,120,stop_intersection,False,False,False,0,1,37.382487303495004,1.3430096705754597,True,False
42,B_COC,ID,121,stop_intersection,False,False,False,0,1,36.37846653931896,1.1523657898570216,True,False
42,B_COC,ID,122,stop_intersection,False,False,False,0,1,32.99096927792002,1.1039996147155762,True,False
42,B_COC,ID,123,stop_intersection,False,False,False,0,1,26.42674665589027,1.3387526209289962,True,False
42,B_COC,ID,124,stop_intersection,False,False,False,0,1,34.198556544415624,1.1539783311444658,True,False
42,B_COC,ID,125,stop_intersection,False,False,False,0,1,35.60393919211723,1.1817116538683574,True,False
42,B_COC,ID,126,stop_intersection,False,False,False,0,1,38.654433451904914,1.0881928073035345,True,False
42,B_COC,ID,127,stop_intersection,False,False,False,0,1,27.014946743209194,1.3032925290030402,True,False
42,B_COC,ID,128,stop_intersection,False,False,False,0,1,33.617726013563576,1.2684624660305859,True,False
42,B_COC,ID,129,stop_intersection,False,False,False,0,1,35.17728877245845,1.256925798043972,True,False
42,B_COC,ID,130,stop_intersection,False,False,False,0,1,26.95154604545408,1.2001751630734174,True,False
42,B_COC,ID,131,stop_intersection,False,False,False,0,1,27.688215908903288,1.3362334547816095,True,False
42,B_COC,ID,132,stop_intersection,False,False,False,0,1,32.870997634983226,1.2471140448640032,True,False
42,B_COC,ID,133,stop_intersection,False,False,False,0,1,30.82098082010041,1.1703692703712276,True,False
42,B_COC,ID,134,stop_intersection,False,False,False,0,1,38.42028884149399,1.2578788941556756,True,False
42,B_COC,ID,135,stop_intersection,False,False,False,0,1,31.823609909942817,1.3067563222004814,True,False
42,B_COC,ID,136,stop_intersection,False,False,False,0,1,36.141881527549955,1.0955814610828052,True,False
42,B_COC,ID,137,stop_intersection,False,False,False,0,1,31.5436264319609,1.1777935086227045,True,False
42,B_COC,ID,138,stop_intersection,False,False,False,0,1,33.07028269673128,1.1539349953333538,True,False
42,B_COC,ID,139,stop_intersection,False,False,False,0,1,30.952641699555123,1.2501723170280457,True,False
42,B_COC,ID,140,stop_intersection,False,False,False,0,1,38.18875009580278,1.1229392108709915,True,False
42,B_COC,ID,141,stop_intersection,False,False,False,0,1,37.456639331768244,1.2949066502707345,True,False
42,B_COC,ID,142,stop_intersection,False,False,False,0,1,35.45428086213741,1.1434358629313381,True,False
42,B_COC,ID,143,stop_intersection,False,False,False,0,1,26.294118486905276,1.3484106675998582,True,False
42,B_COC,ID,144,stop_intersection,False,False,False,0,1,29.427807384470427,1.196676790714264,True,False
42,B_COC,ID,145,stop_intersection,False,False,False,0,1,36.260084007812,1.1881501759801592,True,False
42,B_COC,ID,146,stop_intersection,False,False,False,0,1,36.437445751902324,1.0652245812945895,True,False
42,B_COC,ID,147,stop_intersection,False,False,False,0,1,31.790812378143652,1.184733815309478,True,False
42,B_COC,ID,148,stop_intersection,False,False,False,0,1,33.50088171282501,1.1999183325540452,True,False
42,B_COC,ID,149,stop_intersection,False,False,False,0,1,36.11863539886472,1.3026897254444303,True,False
42,B_COC,ID,150,stop_intersection,False,False,False,0,1,34.380597074911066,1.2378421709651037,True,False
42,B_COC,ID,151,stop_intersection,False,False,False,0,1,27.04224173566608,1.3705354123502163,True,False
42,B_COC,ID,152,stop_intersection,False,False,False,0,1,27.853107792695226,1.3216289564182884,True,False
42,B_COC,ID,153,stop_intersection,False,False,False,0,1,34.28520859704547,1.2115133099439668,True,False
42,B_COC,ID,154,stop_intersection,False,False,False,0,1,34.80247802005786,1.1592453579569972,True,False
42,B_COC,ID,155,stop_intersection,False,False,False,0,1,29.74719324523958,1.3084246256412604,True,False
42,B_COC,ID,156,stop_intersection,False,False,False,0,1,33.62274006423406,1.1101288573686467,True,False
42,B_COC,ID,157,stop_intersection,False,False,False,0,1,36.0437210093618,1.2055206298828125,True,False
42,B_COC,ID,158,stop_intersection,False,False,False,0,1,35.49214466820394,1.1815427456583294,True,False
42,B_COC,ID,159,stop_intersection,False,False,False,0,1,31.294481646604023,1.2750409199641302,True,False
42,B_COC,ID,160,stop_intersection,False,False,False,0,1,38.41780477063537,1.324912378954333,True,False
42,B_COC,ID,161,stop_intersection,False,False,False,0,1,30.5434483672581,1.3402946178729718,True,False
42,B_COC,ID,162,stop_intersection,False,False,False,0,1,37.176479236667234,1.1961256038574946,True,False
42,B_COC,ID,163,stop_intersection,False,False,False,0,1,32.56229227189941,1.2305361181497572,True,False
42,B_COC,ID,164,stop_intersection,False,False,False,0,1,27.62259733945725,1.2638068199157715,True,False
42,B_COC,ID,165,stop_intersection,False,False,False,0,1,33.1124812913012,1.3098611384630203,True,False
42,B_COC,ID,166,stop_intersection,False,False,False,0,1,38.5558354744771,1.137425276366147,True,False
42,B_COC,ID,167,stop_intersection,False,False,False,0,1,28.494484584425663,1.258879258082463,True,False
42,B_COC,ID,168,stop_intersection,False,False,False,0,1,35.37967599468774,1.12818626470344,True,False
42,B_COC,ID,169,stop_intersection,False,False,False,0,1,35.325726508108325,1.2939347726542774,True,False
42,B_COC,ID,170,stop_intersection,False,False,False,0,1,30.160751130984103,1.2373536825180054,True,False
42,B_COC,ID,171,stop_intersection,False,False,False,0,1,29.357568499097304,1.3208434299418799,True,False
42,B_COC,ID,172,stop_intersection,False,False,False,0,1,28.26292249798984,1.3365456305052104,True,False
42,B_COC,ID,173,stop_intersection,False,False,False,0,1,28.360345047195764,1.238361398379008,True,False
42,B_COC,ID,174,stop_intersection,False,False,False,0,1,34.552107860802494,1.1070287227630615,True,False
42,B_COC,ID,175,stop_intersection,False,False,False,0,1,27.513727150597525,1.227339078218509,True,False
42,B_COC,ID,176,stop_intersection,False,False,False,0,1,36.60342087781531,1.2408806834109993,True,False
42,B_COC,ID,177,stop_intersection,False,False,False,0,1,30.580481459737555,1.273244512386811,True,False
42,B_COC,ID,178,stop_intersection,False,False,False,0,1,28.948302345104054,1.1881605386734009,True,False
42,B_COC,ID,179,stop_intersection,False,False,False,0,1,30.215855796692253,1.1902348297398264,True,False
42,B_COC,ID,180,stop_intersection,False,False,False,0,1,31.849175047682316,1.2304401993751526,True,False
42,B_COC,ID,181,stop_intersection,False,False,False,0,1,35.45658126003105,1.2353854378064473,True,False
42,B_COC,ID,182,stop_intersection,False,False,False,0,1,30.866275267241974,1.2431992888450623,True,False
42,B_COC,ID,183,stop_intersection,False,False,False,0,1,35.552315607038274,1.178014458611954,True,False
42,B_COC,ID,184,stop_intersection,False,False,False,0,1,33.90550916528568,1.1234922187272893,True,False
42,B_COC,ID,185,stop_intersection,False,False,False,0,1,36.91548227782859,1.2119261331336442,True,False
42,B_COC,ID,186,stop_intersection,False,False,False,0,1,35.33859007822779,1.1346271363171663,True,False
42,B_COC,ID,187,stop_intersection,False,False,False,0,1,37.45830915236805,1.2785485812595911,True,False
42,B_COC,ID,188,stop_intersection,False,False,False,0,1,29.851128466424246,1.2068233489990234,True,False
42,B_COC,ID,189,stop_intersection,False,False,False,0,1,35.52881388322541,1.1265913414400677,True,False
42,B_COC,ID,190,stop_intersection,False,False,False,0,1,36.082550450436116,1.104088235985149,True,False
42,B_COC,ID,191,stop_intersection,False,False,False,0,1,31.9414790079435,1.21977524459362,True,False
42,B_COC,ID,192,stop_intersection,False,False,False,0,1,31.48856283239146,1.2718660709185476,True,False
42,B_COC,ID,193,stop_intersection,False,False,False,0,1,29.316592504409492,1.2576989944164567,True,False
42,B_COC,ID,194,stop_intersection,False,False,False,0,1,30.282374080378403,1.267131949082399,True,False
42,B_COC,ID,195,stop_intersection,False,False,False,0,1,35.49959468068647,1.0912417552687903,True,False
42,B_COC,ID,196,stop_intersection,False,False,False,0,1,28.52933499397126,1.247374904461396,True,False
42,B_COC,ID,197,stop_intersection,False,False,False,0,1,27.87759086731338,1.278633067482396,True,False
42,B_COC,ID,198,stop_intersection,False,False,False,0,1,28.409775500350662,1.1842869520187378,True,False
42,B_COC,ID,199,stop_intersection,False,False,False,0,1,37.78565637584573,1.2944110465604204,True,False
42,B_COC,ID,200,lead_brake,False,False,False,0,0,76.2558573972593,0.2813796599706014,True,False
42,B_COC,ID,201,lead_brake,False,False,False,0,0,84.6057626361761,0.3780799483259519,True,False
42,B_COC,ID,202,lead_brake,False,False,False,0,0,64.01301475411124,0.3562745315333207,True,False
42,B_COC,ID,203,lead_brake,False,False,False,0,0,62.148861645916554,1.6366376553972561,True,False
42,B_COC,ID,204,lead_brake,False,False,False,0,0,86.56248679339886,0.29586201161146164,True,False
42,B_COC,ID,205,lead_brake,False,False,False,0,0,62.79349471173531,4.760819827516873,True,False
42,B_COC,ID,206,lead_brake,False,False,False,0,0,76.2106372937447,0.3411444822947184,True,False
42,B_COC,ID,207,lead_brake,False,False,False,0,0,73.65271839186367,0.24110080798466998,True,False
42,B_COC,ID,208,lead_brake,False,False,False,0,0,78.35407736726022,0.2986525644858678,True,False
42,B_COC,ID,209,lead_brake,False,False,False,0,0,59.73829499642109,1.0276370135446389,True,False
42,B_COC,ID,210,lead_brake,False,False,False,0,0,62.405899883352866,1.7938308815161388,True,False
42,B_COC,ID,211,lead_brake,False,False,False,0,0,77.58782321412906,0.24185572192072866,True,False
42,B_COC,ID,212,lead_brake,False,False,False,0,0,78.12969353523002,0.4850216905275981,True,False
42,B_COC,ID,213,lead_brake,False,False,False,0,0,54.377893076224815,1.1579309937854607,True,False
42,B_COC,ID,214,lead_brake,False,False,False,0,0,92.19922807798267,0.2161384920279185,True,False
42,B_COC,ID,215,lead_brake,False,False,False,0,0,66.2992062680109,0.5894681711991627,True,False
42,B_COC,ID,216,lead_brake,False,False,False,0,0,60.15252485964802,5.641935266554355,True,False
42,B_COC,ID,217,lead_brake,False,False,False,0,0,60.36443316060288,2.0255230677624545,True,False
42,B_COC,ID,218,lead_brake,False,False,False,0,0,62.11196571616628,0.4821906300882498,True,False
42,B_COC,ID,219,lead_brake,False,False,False,0,0,76.2741372259695,0.26817647119363147,True,False
42,B_COC,ID,220,lead_brake,False,False,False,0,0,54.84075086900183,1.3610596396028996,True,False
42,B_COC,ID,221,lead_brake,False,False,False,0,0,52.89501358364459,4.105012644082307,True,False
42,B_COC,ID,222,lead_brake,False,False,False,0,0,83.32750188631618,0.25840355083346367,True,False
42,B_COC,ID,223,lead_brake,False,False,False,0,0,66.95090688398186,0.34380954504013056,True,False
42,B_COC,ID,224,lead_brake,False,False,False,0,0,71.04896340740638,0.5045635973413785,True,False
42,B_COC,ID,225,lead_brake,False,False,False,0,0,96.55274718701847,0.28890832016865414,True,False
42,B_COC,ID,226,lead_brake,False,False,False,0,0,65.22562900288897,0.5793711145718892,True,False
42,B_COC,ID,227,lead_brake,False,False,False,0,0,98.34600741380493,0.26520572851101554,True,False
42,B_COC,ID,228,lead_brake,False,False,False,0,0,74.40887705351219,0.4481707426408927,True,False
42,B_COC,ID,229,lead_brake,False,False,False,0,0,69.02321741457794,1.7213551426927247,True,False
42,B_COC,ID,230,lead_brake,False,False,False,0,0,84.55692693293095,0.1612217177947362,True,False
42,B_COC,ID,231,lead_brake,False,False,False,0,0,94.18041600763678,0.16482012718915937,True,False
42,B_COC,ID,232,lead_brake,False,False,False,0,0,78.37317245580411,0.4838837782541911,True,False
42,B_COC,ID,233,lead_brake,False,False,False,0,0,60.85397579258031,3.6697592983643212,True,False
42,B_COC,ID,234,lead_brake,False,False,False,0,0,64.81592992511453,0.8355382358034452,True,False
42,B_COC,ID,235,lead_brake,False,False,False,0,0,95.23625788997542,0.20607438931862512,True,False
42,B_COC,ID,236,lead_brake,False,False,False,0,0,76.00966503179184,0.2787717431783676,True,False
42,B_COC,ID,237,lead_brake,False,False,False,0,0,55.97128154172193,0.7940452136099337,True,False
42,B_COC,ID,238,lead_brake,False,False,False,0,0,73.19130840006595,1.2570935301482677,True,False
42,B_COC,ID,239,lead_brake,False,False,False,0,0,75.23094265111739,0.5190101973712444,True,False
42,B_COC,ID,240,lead_brake,False,False,False,0,0,73.95087767922529,0.5203761818508307,True,False
42,B_COC,ID,241,lead_brake,False,False,False,0,0,55.200264354887324,0.8211577174564202,True,False
42,B_COC,ID,242,lead_brake,False,False,False,0,0,92.42951237453869,0.23378426457444826,True,False
42,B_COC,ID,243,lead_brake,False,False,False,0,0,94.44543780154294,0.3010715072353681,True,False
42,B_COC,ID,244,lead_brake,False,False,False,0,0,60.81413001447306,0.4632833165427049,True,False
42,B_COC,ID,245,lead_brake,False,False,False,0,0,68.17422210791298,0.47413556401928264,True,False
42,B_COC,ID,246,lead_brake,False,False,False,0,0,69.78919290348988,0.25230553249518073,True,False
42,B_COC,ID,247,lead_brake,False,False,False,0,0,67.6746811184422,0.2939971884091695,True,False
42,B_COC,ID,248,lead_brake,False,False,False,0,0,57.04100718141989,7.272901928673187,True,False
42,B_COC,ID,249,lead_brake,False,False,False,0,0,60.64982020412387,0.4522225794692834,True,False
42,B_COC,ID,250,lead_brake,False,False,False,0,0,62.78094185871662,0.7222655303776263,True,False
42,B_COC,ID,251,lead_brake,False,False,False,0,0,63.61235973050774,1.3652837139864762,True,False
42,B_COC,ID,252,lead_brake,False,False,False,0,0,82.29268049252852,0.2458078513542811,True,False
42,B_COC,ID,253,lead_brake,False,False,False,0,0,90.74145508251858,0.12468287348747252,True,False
42,B_COC,ID,254,lead_brake,False,False,False,0,0,57.64577933215266,1.0099990330636501,True,False
42,B_COC,ID,255,lead_brake,False,False,False,0,0,69.40665693528474,0.7896542002757391,True,False
42,B_COC,ID,256,lead_brake,False,False,False,0,0,61.16384518989405,0.5254990744094054,True,False
42,B_COC,ID,257,lead_brake,False,False,False,0,0,95.81054212365339,0.24786919603745142,True,False
42,B_COC,ID,258,lead_brake,False,False,False,0,0,71.7284398691961,0.3062957326571146,True,False
42,B_COC,ID,259,lead_brake,False,False,False,0,0,98.35385856270797,0.18842725207408267,True,False
42,B_COC,ID,260,lead_brake,False,False,False,0,0,57.32788234532168,3.2171330613394575,True,False
42,B_COC,ID,261,lead_brake,False,False,False,0,0,68.75761936771298,0.570644070704778,True,False
42,B_COC,ID,262,lead_brake,False,False,False,0,0,54.463449368951075,0.6592519618570805,True,False
42,B_COC,ID,263,lead_brake,False,False,False,0,0,60.5682629692871,1.2879259673257666,True,False
42,B_COC,ID,264,lead_brake,False,False,False,0,0,93.8719801798386,0.3521571233868599,True,False
42,B_COC,ID,265,lead_brake,False,False,False,0,0,87.04139390893789,0.19257408877213794,True,False
42,B_COC,ID,266,lead_brake,False,False,False,0,0,66.55412687732859,0.3797314614057541,True,False
42,B_COC,ID,267,lead_brake,False,False,False,0,0,79.81512333142449,0.2749120444059372,True,False
42,B_COC,ID,268,lead_brake,False,False,False,0,0,60.86088601688338,0.7137736404935519,True,False
42,B_COC,ID,269,lead_brake,False,False,False,0,0,70.23406320635408,0.6876005592445531,True,False
42,B_COC,ID,270,lead_brake,False,False,False,0,0,79.09690367756285,0.9496609990795453,True,False
42,B_COC,ID,271,lead_brake,False,False,False,0,0,69.34666396989377,0.5688457600772381,True,False
42,B_COC,ID,272,lead_brake,False,False,False,0,0,87.42446593701666,0.2256820201873779,True,False
42,B_COC,ID,273,lead_brake,False,False,False,0,0,61.32404329994768,0.6189366343120734,True,False
42,B_COC,ID,274,lead_brake,False,False,False,0,0,95.89136571423411,0.3071133767565091,True,False
42,B_COC,ID,275,lead_brake,False,False,False,0,0,85.49072727441786,0.21709295113881427,True,False
42,B_COC,ID,276,lead_brake,False,False,False,0,0,59.69220699036475,0.36208697532614065,True,False
42,B_COC,ID,277,lead_brake,False,False,False,0,0,76.58119413717353,0.14910159508387247,True,False
42,B_COC,ID,278,lead_brake,False,False,False,0,0,81.45554620620857,0.22325646877288818,True,False
42,B_COC,ID,279,lead_brake,False,False,False,0,0,91.32074157937234,0.27723179509242374,True,False
42,B_COC,ID,280,lead_brake,False,False,False,0,0,82.10723931034755,0.20787194743752477,True,False
42,B_COC,ID,281,lead_brake,False,False,False,0,0,82.74448360826541,0.19051049649715424,True,False
42,B_COC,ID,282,lead_brake,False,False,False,0,0,87.83454314918308,0.19267027080059052,True,False
42,B_COC,ID,283,lead_brake,False,False,False,0,0,56.52513040925949,2.200393158942461,True,False
42,B_COC,ID,284,lead_brake,False,False,False,0,0,85.65033538639545,0.28299865374962485,True,False
42,B_COC,ID,285,lead_brake,False,False,False,0,0,71.10262513566938,0.48358135918776196,True,False
42,B_COC,ID,286,lead_brake,False,False,False,0,0,92.57569886236769,0.22007799645264942,True,False
42,B_COC,ID,287,lead_brake,False,False,False,0,0,76.07561632671302,0.7792892021437486,True,False
42,B_COC,ID,288,lead_brake,False,False,False,0,0,67.90111598867432,0.5489462316036223,True,False
42,B_COC,ID,289,lead_brake,False,False,False,0,0,61.176104980157085,0.7880186003943285,True,False
42,B_COC,ID,290,lead_brake,False,False,False,0,0,96.24072913066051,0.2930993214249611,True,False
42,B_COC,ID,291,lead_brake,False,False,False,0,0,77.02897998943882,0.23614307741324106,True,False
42,B_COC,ID,292,lead_brake,False,False,False,0,0,73.7243203813577,0.29397530357042945,True,False
42,B_COC,ID,293,lead_brake,False,False,False,0,0,80.63320159555036,0.25741539895534515,True,False
42,B_COC,ID,294,lead_brake,False,False,False,0,0,60.44123043571201,0.2959564278523127,True,False
42,B_COC,ID,295,lead_brake,False,False,False,0,0,82.39888326656099,0.24624336759249368,True,False
42,B_COC,ID,296,lead_brake,False,False,False,0,0,61.14267701881193,0.35838450863957405,True,False
42,B_COC,ID,297,lead_brake,False,False,True,0,0,75.01385001289657,0.2408352109293143,True,False
42,B_COC,ID,298,lead_brake,False,False,False,0,0,94.25308046888372,0.17607594033082324,True,False
42,B_COC,ID,299,lead_brake,False,False,False,0,0,67.64424448457765,4.976409216721852,True,False
42,B_COC,OOD,0,crosswalk,True,True,False,0,0,30.315666530267166,1.3027039722160056,True,True
42,B_COC,OOD,1,crosswalk,True,False,False,0,0,30.92460460437364,1.1800730654171534,True,True
42,B_COC,OOD,2,crosswalk,True,True,False,0,0,22.8555597804595,0.9252025874761435,True,True
42,B_COC,OOD,3,crosswalk,True,True,False,0,0,30.085195212869436,1.1471998412162066,True,True
42,B_COC,OOD,4,crosswalk,True,True,False,0,0,24.956847523558146,1.0442986488342283,True,True
42,B_COC,OOD,5,crosswalk,True,True,False,0,0,24.795663114336726,1.159128032881638,True,True
42,B_COC,OOD,6,crosswalk,True,True,False,0,0,20.262533680540933,1.0066182012188023,True,True
42,B_COC,OOD,7,crosswalk,True,True,False,0,0,22.363969495512,1.0773659414715235,True,True
42,B_COC,OOD,8,crosswalk,True,True,False,0,0,30.126621473591456,0.9323500885682947,True,True
42,B_COC,OOD,9,crosswalk,True,True,False,0,0,30.018192589512644,1.2386010021998963,True,True
42,B_COC,OOD,10,crosswalk,True,True,False,0,0,26.135648601553306,1.0299947953993274,True,True
42,B_COC,OOD,11,crosswalk,True,True,False,0,0,23.92338416291446,1.0755960643291473,True,True
42,B_COC,OOD,12,crosswalk,True,True,False,0,0,27.07162472057179,1.1474127239651148,True,True
42,B_COC,OOD,13,crosswalk,True,True,False,0,0,23.162272016517996,1.0527193148930867,True,True
42,B_COC,OOD,14,crosswalk,True,True,False,0,0,31.24173296273927,1.0109239630401134,True,True
42,B_COC,OOD,15,crosswalk,True,True,False,0,0,22.174830354382102,0.9694256537383602,True,True
42,B_COC,OOD,16,crosswalk,True,True,False,0,0,22.38570692575107,0.9825372099876403,True,True
42,B_COC,OOD,17,crosswalk,True,True,False,0,0,20.965220063780883,0.5704637444936311,True,True
42,B_COC,OOD,18,crosswalk,True,True,False,0,0,22.410824596087693,1.0570334196090698,True,True
42,B_COC,OOD,19,crosswalk,True,True,False,0,0,21.603017146679935,1.049357248204095,True,True
42,B_COC,OOD,20,crosswalk,True,True,False,0,0,30.044666889762553,1.0533363011575514,True,True
42,B_COC,OOD,21,crosswalk,True,True,False,0,0,22.150573193100364,0.9525265056511452,True,True
42,B_COC,OOD,22,crosswalk,True,True,False,0,0,21.038680521214246,0.9786948037368279,True,True
42,B_COC,OOD,23,crosswalk,True,True,False,0,0,29.249637566493618,1.0096321254968643,True,True
42,B_COC,OOD,24,crosswalk,True,True,False,0,0,22.249920665240076,1.0410810862818072,True,True
42,B_COC,OOD,25,crosswalk,True,True,False,0,0,22.08866288098394,0.5334544539451599,True,True
42,B_COC,OOD,26,crosswalk,True,True,False,0,0,22.61297875996164,0.6467902687964616,True,True
42,B_COC,OOD,27,crosswalk,True,True,False,0,0,29.506279233327188,1.098975015409065,True,True
42,B_COC,OOD,28,crosswalk,True,True,False,0,0,31.39716758046511,1.2479674816131592,True,True
42,B_COC,OOD,29,crosswalk,True,True,False,0,0,29.230717190099483,0.9882854331623423,True,True
42,B_COC,OOD,30,crosswalk,True,True,False,0,0,29.341973394547303,1.185227802821568,True,True
42,B_COC,OOD,31,crosswalk,True,True,False,0,0,23.308282897451583,0.8881916757673025,True,True
42,B_COC,OOD,32,crosswalk,True,True,False,0,0,27.366030896746604,1.0680144832980247,True,True
42,B_COC,OOD,33,crosswalk,True,True,False,0,0,27.10553517771592,1.071181058883667,True,True
42,B_COC,OOD,34,crosswalk,True,True,False,0,0,24.573195746721844,0.9667543967564901,True,True
42,B_COC,OOD,35,crosswalk,True,True,False,0,0,21.93183739826737,0.9919151266415913,True,True
42,B_COC,OOD,36,crosswalk,True,True,False,0,0,21.309184963368594,0.8904679191689338,True,True
42,B_COC,OOD,37,crosswalk,True,True,False,0,0,22.444562434230697,1.118202725282082,True,True
42,B_COC,OOD,38,crosswalk,True,True,False,0,0,20.45879083525341,0.9722166419029236,True,True
42,B_COC,OOD,39,crosswalk,True,True,False,0,0,30.697655230923225,1.0851669311523438,True,True
42,B_COC,OOD,40,crosswalk,True,True,False,0,0,21.439954092163024,0.9956502219041188,True,True
42,B_COC,OOD,41,crosswalk,True,True,False,0,0,23.990263696572868,0.9980880575520652,True,True
42,B_COC,OOD,42,crosswalk,True,True,False,0,0,24.700716097791577,1.1877862044743128,True,True
42,B_COC,OOD,43,crosswalk,True,True,False,0,0,20.651892956683596,0.8579811453819275,True,True
42,B_COC,OOD,44,crosswalk,True,True,False,0,0,31.023044653166526,1.0475534573197365,True,True
42,B_COC,OOD,45,crosswalk,True,True,False,0,0,21.330861605583408,0.8928496506996453,True,True
42,B_COC,OOD,46,crosswalk,True,True,False,0,0,30.96981847483086,0.9806773439049721,True,True
42,B_COC,OOD,47,crosswalk,True,True,False,0,0,24.63344539311669,0.9868291392922401,True,True
42,B_COC,OOD,48,crosswalk,True,True,False,0,0,27.238189388737055,1.1526451287446198,True,True
42,B_COC,OOD,49,crosswalk,True,True,False,0,0,26.947403331643734,1.139962864773614,True,True
42,B_COC,OOD,50,crosswalk,True,True,False,0,0,27.65987190874869,1.1870575376919337,True,True
42,B_COC,OOD,51,crosswalk,True,True,False,0,0,27.376678173956066,1.1413182417551675,True,True
42,B_COC,OOD,52,crosswalk,True,True,False,0,0,22.187443514986555,1.0295508250042245,True,True
42,B_COC,OOD,53,crosswalk,True,True,False,0,0,22.060747290452827,0.9599678218364716,True,True
42,B_COC,OOD,54,crosswalk,True,True,False,0,0,26.165648592840583,1.0451804598172505,True,True
42,B_COC,OOD,55,crosswalk,True,True,False,0,0,29.785576919943196,1.2460946440696714,True,True
42,B_COC,OOD,56,crosswalk,True,True,False,0,0,22.416678795193192,1.0117338032558045,True,True
42,B_COC,OOD,57,crosswalk,True,True,False,0,0,21.365913444876256,1.0221814550459385,True,True
42,B_COC,OOD,58,crosswalk,True,True,False,0,0,28.43538680418069,1.0545573383569717,True,True
42,B_COC,OOD,59,crosswalk,True,True,False,0,0,23.375852508852354,0.9087548404932022,True,True
42,B_COC,OOD,60,crosswalk,True,True,False,0,0,27.51226217218618,1.1818385353455176,True,True
42,B_COC,OOD,61,crosswalk,True,True,False,0,0,23.365659578148367,1.0627975372167733,True,True
42,B_COC,OOD,62,crosswalk,True,True,False,0,0,28.265699464127405,1.023399560682235,True,True
42,B_COC,OOD,63,crosswalk,True,True,False,0,0,21.301023152707167,0.9947635348026569,True,True
42,B_COC,OOD,64,crosswalk,True,True,False,0,0,24.22283436287258,1.0475574533144631,True,True
42,B_COC,OOD,65,crosswalk,True,True,False,0,0,30.429597996730475,0.9999608993530273,True,True
42,B_COC,OOD,66,crosswalk,True,True,False,0,0,21.181398722431133,1.0286371133945604,True,True
42,B_COC,OOD,67,crosswalk,True,True,False,0,0,28.175125967698552,1.0943566578807251,True,True
42,B_COC,OOD,68,crosswalk,True,True,False,0,0,20.520486149020137,0.5763682063955526,True,True
42,B_COC,OOD,69,crosswalk,True,True,False,0,0,25.13978167907449,1.1787790298461913,True,True
42,B_COC,OOD,70,crosswalk,True,True,False,0,0,23.090623330672223,0.9955428833408015,True,True
42,B_COC,OOD,71,crosswalk,True,True,False,0,0,28.539745743065353,1.0656436735933477,True,True
42,B_COC,OOD,72,crosswalk,True,True,False,0,0,23.232599493398705,0.992427545565146,True,True
42,B_COC,OOD,73,crosswalk,True,True,False,0,0,27.929532765594942,1.0555142561594644,True,True
42,B_COC,OOD,74,crosswalk,True,True,False,0,0,24.66891652034159,1.1238863468170164,True,True
42,B_COC,OOD,75,crosswalk,True,True,False,0,0,26.756019484689848,1.1623282730579376,True,True
42,B_COC,OOD,76,crosswalk,True,True,False,0,0,29.197333723733934,1.0369895617751512,True,True
42,B_COC,OOD,77,crosswalk,True,True,False,0,0,25.91851855811067,1.0584166433129991,True,True
42,B_COC,OOD,78,crosswalk,True,True,False,0,0,29.0262824978615,0.9847407991235907,True,True
42,B_COC,OOD,79,crosswalk,True,True,False,0,0,20.3366759818364,1.0014285789481525,True,True
42,B_COC,OOD,80,crosswalk,True,True,False,0,0,24.45330307716904,1.0573459963003793,True,True
42,B_COC,OOD,81,crosswalk,True,True,False,0,0,22.26220522649284,1.0902696075262845,True,True
42,B_COC,OOD,82,crosswalk,True,True,False,0,0,24.73713088903844,0.9954830523460142,True,True
42,B_COC,OOD,83,crosswalk,True,True,False,0,0,29.223760575021377,0.9293016876493182,True,True
42,B_COC,OOD,84,crosswalk,True,True,False,0,0,27.87362116670152,1.0650737943320439,True,True
42,B_COC,OOD,85,crosswalk,True,True,False,0,0,21.50696277432732,0.9039052963256835,True,True
42,B_COC,OOD,86,crosswalk,True,True,False,0,0,31.358066084526,1.1862730185190835,True,True
42,B_COC,OOD,87,crosswalk,True,True,False,0,0,22.728951400427853,0.9515188421521867,True,True
42,B_COC,OOD,88,crosswalk,True,True,False,0,0,30.108871334001726,1.1033777197202046,True,True
42,B_COC,OOD,89,crosswalk,True,True,False,0,0,28.930422351798512,1.034561861306429,True,True
42,B_COC,OOD,90,crosswalk,True,True,False,0,0,30.21232401480364,1.1855900500501904,True,True
42,B_COC,OOD,91,crosswalk,True,True,False,0,0,23.126425640532148,1.0660644341260195,True,True
42,B_COC,OOD,92,crosswalk,True,True,False,0,0,24.16181714479253,1.040060715428714,True,True
42,B_COC,OOD,93,crosswalk,True,True,False,0,0,20.93650323026136,0.929349938343311,True,True
42,B_COC,OOD,94,crosswalk,True,True,False,0,0,25.914516974915365,1.0705030541266163,True,True
42,B_COC,OOD,95,crosswalk,True,True,False,0,0,21.748411596365408,0.9879089318788967,True,True
42,B_COC,OOD,96,crosswalk,True,True,False,0,0,28.349830395762716,1.0654904380921393,True,True
42,B_COC,OOD,97,crosswalk,True,True,False,0,0,30.536090186713068,1.1242412962019444,True,True
42,B_COC,OOD,98,crosswalk,True,True,False,0,0,27.573238963712225,1.1082726567983627,True,True
42,B_COC,OOD,99,crosswalk,True,True,False,0,0,27.711392398787062,1.0933513008058071,True,True
42,B_COC,OOD,100,stop_intersection,False,True,False,0,0,23.469363022235584,1.638233225260462,True,True
42,B_COC,OOD,101,stop_intersection,False,False,False,0,0,24.829056667266798,1.0606725662946699,True,False
42,B_COC,OOD,102,stop_intersection,False,False,False,0,1,30.913375837518743,1.2783643526908677,True,False
42,B_COC,OOD,103,stop_intersection,False,False,False,0,0,27.461434671478383,1.2408538609743118,True,False
42,B_COC,OOD,104,stop_intersection,False,False,False,0,0,26.498462851513036,1.610020926085914,True,False
42,B_COC,OOD,105,stop_intersection,False,False,False,0,0,21.216778477526198,1.5786618781941277,True,False
42,B_COC,OOD,106,stop_intersection,False,False,False,0,1,31.03355172787332,1.2801674084785657,True,False
42,B_COC,OOD,107,stop_intersection,False,False,False,0,1,27.669851938121333,1.0900314186894615,True,False
42,B_COC,OOD,108,stop_intersection,False,False,False,0,0,25.32101899487931,1.553315488067833,True,False
42,B_COC,OOD,109,stop_intersection,False,False,False,0,0,21.697193577511534,1.6538755264547136,True,False
42,B_COC,OOD,110,stop_intersection,False,False,False,0,1,24.683672481702995,1.500390832488601,True,False
42,B_COC,OOD,111,stop_intersection,False,False,False,0,0,23.858857576640688,1.6231827365189062,True,False
42,B_COC,OOD,112,stop_intersection,False,True,False,0,0,24.606775935692287,1.6370189779026563,True,True
42,B_COC,OOD,113,stop_intersection,False,False,False,0,0,31.23853874735201,1.0902671758518663,True,False
42,B_COC,OOD,114,stop_intersection,False,False,False,0,0,24.165713024086195,1.7602003748352462,True,False
42,B_COC,OOD,115,stop_intersection,False,False,False,0,1,24.605258015133963,1.2199451633401819,True,False
42,B_COC,OOD,116,stop_intersection,False,False,False,0,0,21.928184639471567,1.7454218231141565,True,False
42,B_COC,OOD,117,stop_intersection,False,False,False,0,1,28.78899415447646,1.3261321038007736,True,False
42,B_COC,OOD,118,stop_intersection,False,False,False,0,1,28.499345422573164,1.2183757317371857,True,False
42,B_COC,OOD,119,stop_intersection,False,False,False,0,0,23.846251122092234,1.7314723465177746,True,False
42,B_COC,OOD,120,stop_intersection,False,False,False,0,1,30.707377516300575,1.1906435877777808,True,False
42,B_COC,OOD,121,stop_intersection,False,False,False,0,0,20.98869014479297,1.3314240857174522,True,False
42,B_COC,OOD,122,stop_intersection,False,False,False,0,0,24.76571037809143,1.1556644178926945,True,False
42,B_COC,OOD,123,stop_intersection,False,False,False,0,1,31.835776203013793,1.166838000460369,True,False
42,B_COC,OOD,124,stop_intersection,False,False,False,0,1,28.39617856437513,1.1980708723976499,True,False
42,B_COC,OOD,125,stop_intersection,False,True,False,0,0,23.682525055991036,1.086757609317469,True,True
42,B_COC,OOD,126,stop_intersection,False,False,False,0,0,31.351712562043907,1.5829297241776488,True,False
42,B_COC,OOD,127,stop_intersection,False,False,False,0,0,29.219118391330234,1.3492476836193439,True,False
42,B_COC,OOD,128,stop_intersection,False,False,False,0,1,29.658192682650963,1.24511121175228,True,False
42,B_COC,OOD,129,stop_intersection,False,False,False,0,0,27.293326920880006,1.4897926857596948,True,False
42,B_COC,OOD,130,stop_intersection,False,True,False,0,0,22.482182827511902,1.0755939675228936,True,True
42,B_COC,OOD,131,stop_intersection,False,False,False,0,1,24.036699027917635,1.666480779647827,True,False
42,B_COC,OOD,132,stop_intersection,False,False,False,0,0,21.712790574776587,1.6272639884398534,True,False
42,B_COC,OOD,133,stop_intersection,False,False,False,0,0,25.476506047102262,1.681289855390787,True,False
42,B_COC,OOD,134,stop_intersection,False,False,False,0,1,26.067543506610484,1.2301330660518845,True,False
42,B_COC,OOD,135,stop_intersection,False,False,False,0,1,21.316580851346846,1.0778520922911794,True,False
42,B_COC,OOD,136,stop_intersection,False,False,False,0,1,25.498509293583858,1.247475100191016,True,False
42,B_COC,OOD,137,stop_intersection,False,False,False,0,1,30.739091150251475,1.0791629817750719,True,False
42,B_COC,OOD,138,stop_intersection,False,False,False,0,1,30.724846541306444,1.3202962988898865,True,False
42,B_COC,OOD,139,stop_intersection,False,False,False,0,1,27.757603914194675,1.1378034108724349,True,False
42,B_COC,OOD,140,stop_intersection,False,False,False,0,0,25.52947001184865,1.1088175344757916,True,False
42,B_COC,OOD,141,stop_intersection,False,False,False,0,0,29.634389072258337,1.0830052977516538,True,False
42,B_COC,OOD,142,stop_intersection,False,False,False,0,1,23.38758456039715,1.51477446158727,True,False
42,B_COC,OOD,143,stop_intersection,False,False,False,0,0,27.627463976297076,1.409537374973297,True,False
42,B_COC,OOD,144,stop_intersection,False,False,False,0,1,30.623414736356086,1.1877844631671903,True,False
42,B_COC,OOD,145,stop_intersection,False,False,False,0,0,28.057334213020894,1.568128780314797,True,False
42,B_COC,OOD,146,stop_intersection,False,False,False,0,1,27.24674984487052,1.7093675230678758,True,False
42,B_COC,OOD,147,stop_intersection,False,False,False,0,1,21.111987140529358,1.1949778126703725,True,False
42,B_COC,OOD,148,stop_intersection,False,True,False,0,1,20.989253186667817,0.881878937163004,True,True
42,B_COC,OOD,149,stop_intersection,False,False,False,0,1,29.71993014340152,1.2598645985126493,True,False
42,B_COC,OOD,150,stop_intersection,False,True,False,0,0,23.109509687311764,1.5596046108146047,True,True
42,B_COC,OOD,151,stop_intersection,False,False,False,0,1,23.626240490514213,1.1581297454081083,True,False
42,B_COC,OOD,152,stop_intersection,False,False,False,0,1,30.574273655782825,1.323404970921968,True,False
42,B_COC,OOD,153,stop_intersection,False,False,False,0,1,30.096406571199516,1.1724080443382263,True,False
42,B_COC,OOD,154,stop_intersection,False,False,False,0,0,21.14227673273762,1.8108189105987549,True,False
42,B_COC,OOD,155,stop_intersection,False,False,False,0,1,24.70070024486136,1.1902373545878642,True,False
42,B_COC,OOD,156,stop_intersection,False,False,False,0,0,22.168451009709344,1.4041519478747717,True,False
42,B_COC,OOD,157,stop_intersection,False,False,False,0,0,22.76396858585379,1.5806920992003548,True,False
42,B_COC,OOD,158,stop_intersection,False,False,False,0,0,30.277511852220535,1.1761001603943961,True,False
42,B_COC,OOD,159,stop_intersection,False,False,False,0,0,29.530826956686216,1.1146507802463712,True,False
42,B_COC,OOD,160,stop_intersection,False,False,False,0,0,25.475383995770922,1.566273157413189,True,False
42,B_COC,OOD,161,stop_intersection,False,True,False,0,0,23.705649841303494,1.0650531168688426,True,True
42,B_COC,OOD,162,stop_intersection,False,False,False,0,0,26.991162139144908,1.1522394018929178,True,False
42,B_COC,OOD,163,stop_intersection,False,False,False,0,1,25.756495114566405,1.1360475497368054,True,False
42,B_COC,OOD,164,stop_intersection,False,True,False,0,0,24.80368156164252,1.1004678798573357,True,True
42,B_COC,OOD,165,stop_intersection,False,False,False,0,0,28.80609024017329,1.2067494142887203,True,False
42,B_COC,OOD,166,stop_intersection,False,False,False,0,1,26.87152850617084,1.3778964372781606,True,False
42,B_COC,OOD,167,stop_intersection,False,False,False,0,0,30.422214685924054,1.1051442914388396,True,False
42,B_COC,OOD,168,stop_intersection,False,False,False,0,0,31.737440032516275,1.1228392567745475,True,False
42,B_COC,OOD,169,stop_intersection,False,False,False,0,1,28.365452534870826,1.1533905909611628,True,False
42,B_COC,OOD,170,stop_intersection,False,False,False,0,1,20.55876280462561,1.1657702805180299,True,False
42,B_COC,OOD,171,stop_intersection,False,False,False,0,1,21.50861727789608,1.0788676223239384,True,False
42,B_COC,OOD,172,stop_intersection,False,False,False,0,0,22.53397493780651,1.763102762602471,True,False
42,B_COC,OOD,173,stop_intersection,False,False,False,0,0,28.595469602324656,1.0569496418942104,True,False
42,B_COC,OOD,174,stop_intersection,False,False,False,0,0,21.436763743835805,1.6620329788752963,True,False
42,B_COC,OOD,175,stop_intersection,False,False,False,0,1,27.459901036538582,1.3231251207557884,True,False
42,B_COC,OOD,176,stop_intersection,False,False,False,0,0,22.300908031570756,1.70736933680805,True,False
42,B_COC,OOD,177,stop_intersection,False,False,False,0,1,30.058369027707876,1.381711226243239,True,False
42,B_COC,OOD,178,stop_intersection,False,False,False,0,1,28.354595825158874,1.2108210042903296,True,False
42,B_COC,OOD,179,stop_intersection,False,False,False,0,0,28.030327350807703,1.5540744953377301,True,False
42,B_COC,OOD,180,stop_intersection,False,True,False,0,0,21.943617552298534,1.0403500242931085,True,True
42,B_COC,OOD,181,stop_intersection,False,False,False,0,1,31.38728328466133,1.1600093394517899,True,False
42,B_COC,OOD,182,stop_intersection,False,False,False,0,0,22.880752198856705,1.1550273154026423,True,False
42,B_COC,OOD,183,stop_intersection,False,False,False,0,1,22.45270241466192,1.1487383905209991,True,False
42,B_COC,OOD,184,stop_intersection,False,False,False,0,1,30.653710351666355,1.4097941794046542,True,False
42,B_COC,OOD,185,stop_intersection,False,True,False,0,0,26.041036216893595,1.0792444070631806,True,True
42,B_COC,OOD,186,stop_intersection,False,False,False,0,0,29.82579418156248,1.3855717821819027,True,False
42,B_COC,OOD,187,stop_intersection,False,False,False,0,1,27.376951798584848,1.4543510094667091,True,False
42,B_COC,OOD,188,stop_intersection,False,False,False,0,1,31.453319038001553,1.211263144888529,True,False
42,B_COC,OOD,189,stop_intersection,False,False,False,0,1,29.5575373671728,1.288332076449143,True,False
42,B_COC,OOD,190,stop_intersection,False,False,False,0,1,24.698036624556643,1.324460934369992,True,False
42,B_COC,OOD,191,stop_intersection,False,False,False,0,0,26.32828591791855,1.4703598334675743,True,False
42,B_COC,OOD,192,stop_intersection,False,False,False,0,1,30.178791204268947,1.0634315865380424,True,False
42,B_COC,OOD,193,stop_intersection,False,True,False,0,0,23.839136638221362,1.0773856106192565,True,True
42,B_COC,OOD,194,stop_intersection,False,False,False,0,0,26.282963638428342,1.1512896236849994,True,False
42,B_COC,OOD,195,stop_intersection,False,False,False,0,0,26.720925241633925,1.6717886466246383,True,False
42,B_COC,OOD,196,stop_intersection,False,True,False,0,0,23.130958394849397,1.0651119525839643,True,True
42,B_COC,OOD,197,stop_intersection,False,False,False,0,0,29.45944872288144,1.4930131286382675,True,False
42,B_COC,OOD,198,stop_intersection,False,False,False,0,0,29.55047692007586,1.3668823817914182,True,False
42,B_COC,OOD,199,stop_intersection,False,False,False,0,0,28.51085464323028,1.0811451077461243,True,False
42,B_COC,OOD,200,lead_brake,False,False,False,0,0,34.03306905955074,2.6069210432469845,True,False
42,B_COC,OOD,201,lead_brake,False,False,True,0,0,30.958550906623085,4.717242607225974,True,False
42,B_COC,OOD,202,lead_brake,False,False,True,0,0,26.13572854751063,3.5314429563780623,True,False
42,B_COC,OOD,203,lead_brake,False,False,False,0,0,30.869645802487355,8.677101978411276,True,False
42,B_COC,OOD,204,lead_brake,False,False,True,0,0,29.84581277772549,5.900181123365958,True,False
42,B_COC,OOD,205,lead_brake,False,False,True,0,0,28.63589993823362,5.4149063266813755,True,False
42,B_COC,OOD,206,lead_brake,False,False,True,0,0,30.341020992236054,7.584521416574717,True,False
42,B_COC,OOD,207,lead_brake,False,False,False,0,0,32.95354639185523,7.823325704783201,True,False
42,B_COC,OOD,208,lead_brake,False,False,False,0,0,38.26284321644757,4.561159996936718,True,False
42,B_COC,OOD,209,lead_brake,False,False,True,0,0,30.829437213737954,2.7401276119053364,True,False
42,B_COC,OOD,210,lead_brake,False,False,True,0,0,29.92750593435922,4.14082679276665,True,False
42,B_COC,OOD,211,lead_brake,False,False,False,0,0,36.57412526011467,7.428337624917428,True,False
42,B_COC,OOD,212,lead_brake,False,False,True,0,0,27.76060858262195,6.2419530140856905,True,False
42,B_COC,OOD,213,lead_brake,False,False,True,0,0,31.013095391724182,4.49349241827925,True,False
42,B_COC,OOD,214,lead_brake,False,False,False,0,0,35.12597215655906,6.91554590438803,True,False
42,B_COC,OOD,215,lead_brake,False,False,True,0,0,26.97953566786307,6.087610437224309,True,False
42,B_COC,OOD,216,lead_brake,False,False,False,0,0,40.34984004240846,1.7096648377676804,True,False
42,B_COC,OOD,217,lead_brake,False,False,False,0,0,34.87772653430698,8.329901470492283,True,False
42,B_COC,OOD,218,lead_brake,False,False,True,0,0,26.808638447397595,4.93947193895777,True,False
42,B_COC,OOD,219,lead_brake,False,False,False,0,0,34.575405792791194,6.787859473377466,True,False
42,B_COC,OOD,220,lead_brake,False,False,False,0,0,35.42896715842217,3.9643443611760936,True,False
42,B_COC,OOD,221,lead_brake,False,False,True,0,0,24.387653748393042,4.951800928761561,True,False
42,B_COC,OOD,222,lead_brake,False,False,False,0,0,39.878935735537596,6.052810759594043,True,False
42,B_COC,OOD,223,lead_brake,False,False,True,0,0,26.571594823372607,5.977829231570164,True,False
42,B_COC,OOD,224,lead_brake,False,False,False,0,0,31.43443760478718,8.530158548305431,True,False
42,B_COC,OOD,225,lead_brake,False,False,False,0,0,32.11523821716515,6.383725229650736,True,False
42,B_COC,OOD,226,lead_brake,False,False,False,0,0,27.372167890965937,7.670964761326711,True,False
42,B_COC,OOD,227,lead_brake,False,False,False,0,0,38.845432138926476,2.59706645583113,True,False
42,B_COC,OOD,228,lead_brake,False,False,False,0,0,39.861857519782134,5.695499364286661,True,False
42,B_COC,OOD,229,lead_brake,False,False,False,0,0,43.3161115446687,8.00496237600843,True,False
42,B_COC,OOD,230,lead_brake,False,False,False,0,0,34.290566461874164,5.977297476182382,True,False
42,B_COC,OOD,231,lead_brake,False,False,False,0,0,35.492882446664616,2.853691323349873,True,False
42,B_COC,OOD,232,lead_brake,False,False,False,0,0,32.99298725233435,8.597094589223463,True,False
42,B_COC,OOD,233,lead_brake,False,False,True,0,0,30.279761350240552,3.601222498963276,True,False
42,B_COC,OOD,234,lead_brake,False,False,False,0,0,29.359797337979042,7.374595899134874,True,False
42,B_COC,OOD,235,lead_brake,False,False,False,0,0,32.526878935151025,8.598763077209393,True,False
42,B_COC,OOD,236,lead_brake,False,False,False,0,0,42.759460965693,6.000453701863686,True,False
42,B_COC,OOD,237,lead_brake,False,False,False,0,0,40.64542014839852,3.9184644681711993,True,False
42,B_COC,OOD,238,lead_brake,False,False,True,0,0,26.51439627438784,5.0947142230967675,True,False
42,B_COC,OOD,239,lead_brake,False,False,False,0,0,34.62448940230951,7.5292866192758074,True,False
42,B_COC,OOD,240,lead_brake,False,False,False,0,0,37.012048048675084,8.023215235521395,True,False
42,B_COC,OOD,241,lead_brake,False,False,True,0,0,26.023372985972145,5.078613587965568,True,False
42,B_COC,OOD,242,lead_brake,False,False,True,0,0,27.277711526824923,4.57291276132067,True,False
42,B_COC,OOD,243,lead_brake,False,False,True,0,0,31.334479835695408,2.771179803957542,True,False
42,B_COC,OOD,244,lead_brake,False,False,False,0,0,41.927199430465656,6.890591831256946,True,False
42,B_COC,OOD,245,lead_brake,False,False,False,0,0,43.72231403797865,3.759627631555001,True,False
42,B_COC,OOD,246,lead_brake,False,False,True,0,0,27.115656699231263,2.0587287905315557,True,False
42,B_COC,OOD,247,lead_brake,False,False,False,0,0,31.665485320339805,7.658679806937774,True,False
42,B_COC,OOD,248,lead_brake,False,False,True,0,0,27.932283195511168,4.508260898292065,True,False
42,B_COC,OOD,249,lead_brake,False,False,True,0,0,24.34352346821364,6.256630950917799,True,False
42,B_COC,OOD,250,lead_brake,False,False,False,0,0,33.89938348412995,7.888732536385456,True,False
42,B_COC,OOD,251,lead_brake,False,False,False,0,0,31.204414058189762,8.796486269682646,True,False
42,B_COC,OOD,252,lead_brake,False,False,False,0,0,40.41065130471685,8.075313291201988,True,False
42,B_COC,OOD,253,lead_brake,False,False,False,0,0,29.086844296455364,7.566985066980123,True,False
42,B_COC,OOD,254,lead_brake,False,False,True,0,0,28.489796767005554,4.986157788584629,True,False
42,B_COC,OOD,255,lead_brake,False,False,False,0,0,34.72027113666134,7.645343538373709,True,False
42,B_COC,OOD,256,lead_brake,False,False,True,0,0,25.386259539425353,4.687527853995562,True,False
42,B_COC,OOD,257,lead_brake,False,False,False,0,0,31.18023988529301,8.496923805524904,True,False
42,B_COC,OOD,258,lead_brake,False,False,True,0,0,23.9539717853171,3.4801327027380466,True,False
42,B_COC,OOD,259,lead_brake,False,False,False,0,0,43.39923414707189,6.298972354580958,True,False
42,B_COC,OOD,260,lead_brake,False,False,False,0,0,35.000373234321614,4.2655708603560925,True,False
42,B_COC,OOD,261,lead_brake,False,False,True,0,0,29.04484887165036,4.872484849145015,True,False
42,B_COC,OOD,262,lead_brake,False,False,False,0,0,38.638895904369264,7.6205717610816155,True,False
42,B_COC,OOD,263,lead_brake,False,False,True,0,0,30.984270752300063,5.636765856295824,True,False
42,B_COC,OOD,264,lead_brake,False,False,False,0,0,44.86297967195509,7.2463584902385865,True,False
42,B_COC,OOD,265,lead_brake,False,False,False,0,0,40.4339653228512,5.0673428637286015,True,False
42,B_COC,OOD,266,lead_brake,False,False,False,0,0,32.65820339973992,6.3611404808859024,True,False
42,B_COC,OOD,267,lead_brake,False,False,True,0,0,29.867308982954626,5.469903813054164,True,False
42,B_COC,OOD,268,lead_brake,False,False,True,0,0,29.56683011179139,5.984778703500827,True,False
42,B_COC,OOD,269,lead_brake,False,False,False,0,0,31.8369526681106,7.9687184778352576,True,False
42,B_COC,OOD,270,lead_brake,False,False,True,0,0,25.893669288780963,4.038667342315117,True,False
42,B_COC,OOD,271,lead_brake,False,False,False,0,0,36.51439624221279,6.264143726478021,True,False
42,B_COC,OOD,272,lead_brake,False,False,False,0,0,34.543942910481036,6.176884769151608,True,False
42,B_COC,OOD,273,lead_brake,False,False,False,0,0,35.08019865149243,2.9747000771264234,True,False
42,B_COC,OOD,274,lead_brake,False,False,False,0,0,37.48019981495595,6.601845384885867,True,False
42,B_COC,OOD,275,lead_brake,False,False,True,0,0,33.40599996145861,2.792580620696147,True,False
42,B_COC,OOD,276,lead_brake,False,False,True,0,0,28.901038510470553,5.767764030645291,True,False
42,B_COC,OOD,277,lead_brake,False,False,True,0,0,29.946618119776243,4.206974070519209,True,False
42,B_COC,OOD,278,lead_brake,False,False,True,0,0,30.45302082237175,5.464372169226408,True,False
42,B_COC,OOD,279,lead_brake,False,False,False,0,0,39.02328248113395,3.3739539682865143,True,False
42,B_COC,OOD,280,lead_brake,False,False,False,0,0,30.835696728561455,7.199246961623429,True,False
42,B_COC,OOD,281,lead_brake,False,False,True,0,0,31.7492634895444,1.888429702570041,True,False
42,B_COC,OOD,282,lead_brake,False,False,False,0,0,32.51064876523418,7.861930552870035,True,False
42,B_COC,OOD,283,lead_brake,False,False,False,0,0,36.82957496017219,5.695135549952586,True,False
42,B_COC,OOD,284,lead_brake,False,False,True,0,0,26.278344269434406,5.228806496908267,True,False
42,B_COC,OOD,285,lead_brake,False,False,False,0,0,35.598973969832684,6.710862603038549,True,False
42,B_COC,OOD,286,lead_brake,False,False,False,0,0,29.342309988367703,8.484171938151121,True,False
42,B_COC,OOD,287,lead_brake,False,False,True,0,0,32.88944363322081,4.639406560609737,True,False
42,B_COC,OOD,288,lead_brake,False,False,True,0,0,27.033205852381805,4.068148157248894,True,False
42,B_COC,OOD,289,lead_brake,False,False,False,0,0,39.99606963272023,4.793678709616263,True,False
42,B_COC,OOD,290,lead_brake,False,False,True,0,0,34.020158069520335,2.9894245726366835,True,False
42,B_COC,OOD,291,lead_brake,False,False,True,0,0,22.05672961264846,4.468794714659452,True,False
42,B_COC,OOD,292,lead_brake,False,False,False,0,0,36.39382681383777,3.538918012132247,True,False
42,B_COC,OOD,293,lead_brake,False,False,True,0,0,25.817644976175675,4.690076953421036,True,False
42,B_COC,OOD,294,lead_brake,False,False,True,0,0,27.063605149296023,4.218413885682821,True,False
42,B_COC,OOD,295,lead_brake,False,False,False,0,0,28.54535846471785,7.315219299246867,True,False
42,B_COC,OOD,296,lead_brake,False,False,False,0,0,35.86365464016072,7.0772098265588275,True,False
42,B_COC,OOD,297,lead_brake,False,False,False,0,0,39.28100362341907,2.71808165187637,True,False
42,B_COC,OOD,298,lead_brake,False,False,True,0,0,21.631474476477536,5.8372502364218235,True,False
42,B_COC,OOD,299,lead_brake,False,False,True,0,0,26.028680666063376,3.3690906949341297,True,False
42,C_CONTRACT,ID,0,crosswalk,False,False,False,0,0,29.730890820879427,2.1665452420711517,True,False
42,C_CONTRACT,ID,1,crosswalk,False,False,False,0,0,38.36938740808841,1.147417975589633,True,False
42,C_CONTRACT,ID,2,crosswalk,False,False,False,0,0,28.502608884361372,2.5614277665552336,True,False
42,C_CONTRACT,ID,3,crosswalk,False,False,False,0,0,32.8159871925686,2.2813743388368968,True,False
42,C_CONTRACT,ID,4,crosswalk,False,False,False,0,0,34.04755960073773,2.285694015974348,True,False
42,C_CONTRACT,ID,5,crosswalk,False,False,False,0,0,28.910836113954645,1.9983250939327737,True,False
42,C_CONTRACT,ID,6,crosswalk,False,False,False,0,0,35.527510557195484,0.46345311471007083,True,False
42,C_CONTRACT,ID,7,crosswalk,False,False,False,0,0,37.74597690185325,2.085391776636243,True,False
42,C_CONTRACT,ID,8,crosswalk,False,False,False,0,0,27.770191190688486,1.8916178786236306,True,False
42,C_CONTRACT,ID,9,crosswalk,False,False,False,0,0,34.349330103876696,1.8603049929846416,True,False
42,C_CONTRACT,ID,10,crosswalk,False,False,False,0,0,34.99543649329297,2.0681797340512276,True,False
42,C_CONTRACT,ID,11,crosswalk,False,False,False,0,0,34.0801275450018,2.081806386510531,True,False
42,C_CONTRACT,ID,12,crosswalk,False,False,False,0,0,28.229585590265103,1.1231201063645513,True,False
42,C_CONTRACT,ID,13,crosswalk,False,False,False,0,0,31.9041524465444,1.3936857587617375,True,False
42,C_CONTRACT,ID,14,crosswalk,False,False,False,0,0,29.94373879425159,2.1795258061452345,True,False
42,C_CONTRACT,ID,15,crosswalk,False,False,False,0,0,34.93232810929581,0.41302231018957886,True,False
42,C_CONTRACT,ID,16,crosswalk,False,False,False,0,0,27.093783209721046,2.280423943367269,True,False
42,C_CONTRACT,ID,17,crosswalk,False,False,False,0,0,27.082222158509126,2.1542714607147944,True,False
42,C_CONTRACT,ID,18,crosswalk,False,False,False,0,0,35.931742621964574,1.7905535785989326,True,False
42,C_CONTRACT,ID,19,crosswalk,False,False,False,0,0,38.43109527240698,0.41453221502403415,True,False
42,C_CONTRACT,ID,20,crosswalk,False,False,False,0,0,31.600296126015905,1.8236823415472394,True,False
42,C_CONTRACT,ID,21,crosswalk,False,False,False,0,0,31.955414898346987,1.4018850807439198,True,False
42,C_CONTRACT,ID,22,crosswalk,False,False,False,0,0,28.2228140023796,1.6230751284294658,True,False
42,C_CONTRACT,ID,23,crosswalk,False,False,False,0,0,35.254458646491564,0.4629858075217767,True,False
42,C_CONTRACT,ID,24,crosswalk,False,False,False,0,0,28.0116301552219,1.4648237079381943,True,False
42,C_CONTRACT,ID,25,crosswalk,False,False,False,0,0,27.803797736367134,1.6913930810987947,True,False
42,C_CONTRACT,ID,26,crosswalk,False,False,False,0,0,27.553897192185026,2.4475961923599243,True,False
42,C_CONTRACT,ID,27,crosswalk,False,False,False,0,0,32.07678386066068,1.9933397198716798,True,False
42,C_CONTRACT,ID,28,crosswalk,False,False,False,0,0,34.026200509294526,1.441885144228027,True,False
42,C_CONTRACT,ID,29,crosswalk,False,False,False,0,0,29.300427180622332,2.371275272220373,True,False
42,C_CONTRACT,ID,30,crosswalk,False,False,False,0,0,32.31421008272388,0.6342496147209947,True,False
42,C_CONTRACT,ID,31,crosswalk,False,False,False,0,0,28.81483370650851,1.9904173327528911,True,False
42,C_CONTRACT,ID,32,crosswalk,False,False,False,0,0,38.9985071737809,1.7947055182109275,True,False
42,C_CONTRACT,ID,33,crosswalk,False,False,False,0,0,31.936998988531165,0.4418708845263436,True,False
42,C_CONTRACT,ID,34,crosswalk,False,False,False,0,0,35.90017688943299,0.7972737184415261,True,False
42,C_CONTRACT,ID,35,crosswalk,False,False,False,0,0,29.52240398480179,2.0104334665381387,True,False
42,C_CONTRACT,ID,36,crosswalk,False,False,False,0,0,38.35358162019102,0.41913848817348476,True,False
42,C_CONTRACT,ID,37,crosswalk,False,False,False,0,0,31.819942846235353,2.268721054900776,True,False
42,C_CONTRACT,ID,38,crosswalk,False,False,False,0,0,34.757571500826785,2.0898441101113954,True,False
42,C_CONTRACT,ID,39,crosswalk,False,False,False,0,0,28.868136104737886,1.4535622112452984,True,False
42,C_CONTRACT,ID,40,crosswalk,False,False,False,0,0,31.878211425877538,0.47721224413676694,True,False
42,C_CONTRACT,ID,41,crosswalk,False,False,False,0,0,35.51835770955216,1.6908166455951603,True,False
42,C_CONTRACT,ID,42,crosswalk,False,False,False,0,0,38.06896857051504,0.41119532970090705,True,False
42,C_CONTRACT,ID,43,crosswalk,False,False,False,0,0,31.169517399847287,1.881223345796267,True,False
42,C_CONTRACT,ID,44,crosswalk,False,False,False,0,0,31.560251939138944,1.5244576512348085,True,False
42,C_CONTRACT,ID,45,crosswalk,False,False,False,0,0,35.8692763622873,0.8259079822649558,True,False
42,C_CONTRACT,ID,46,crosswalk,False,False,False,0,0,30.995242826845192,2.2443573583256113,True,False
42,C_CONTRACT,ID,47,crosswalk,False,False,False,0,0,28.112112617730425,0.48384057357907295,True,False
42,C_CONTRACT,ID,48,crosswalk,False,False,False,0,0,34.35491480489842,0.3662319698681434,True,False
42,C_CONTRACT,ID,49,crosswalk,False,False,False,0,0,38.23813265801577,0.4925299338672472,True,False
42,C_CONTRACT,ID,50,crosswalk,False,False,False,0,0,28.79480251426165,2.122735408575911,True,False
42,C_CONTRACT,ID,51,crosswalk,False,False,False,0,0,29.891124433090695,0.3789760775509335,True,False
42,C_CONTRACT,ID,52,crosswalk,False,False,False,0,0,36.84651283935861,0.42592414033909637,True,False
42,C_CONTRACT,ID,53,crosswalk,False,False,False,0,0,38.066823095692826,0.9630361348390578,True,False
42,C_CONTRACT,ID,54,crosswalk,False,False,False,0,0,37.43246761996629,0.3967412680387497,True,False
42,C_CONTRACT,ID,55,crosswalk,False,False,False,0,0,34.46737104556574,1.8785166503353552,True,False
42,C_CONTRACT,ID,56,crosswalk,False,False,False,0,0,31.04128219516474,2.1611791742699484,True,False
42,C_CONTRACT,ID,57,crosswalk,False,False,False,0,0,33.51413741618197,2.3032343116673557,True,False
42,C_CONTRACT,ID,58,crosswalk,False,False,False,0,0,35.84078564281318,1.0101861830638803,True,False
42,C_CONTRACT,ID,59,crosswalk,False,False,False,0,0,34.99276621482014,0.3956279996782541,True,False
42,C_CONTRACT,ID,60,crosswalk,False,False,False,0,0,36.75517663553025,2.0657193505515656,True,False
42,C_CONTRACT,ID,61,crosswalk,False,False,False,0,0,37.416995573297996,0.3859623819589615,True,False
42,C_CONTRACT,ID,62,crosswalk,False,False,False,0,0,32.63242522761534,2.287878014824607,True,False
42,C_CONTRACT,ID,63,crosswalk,False,False,False,0,0,32.051974764973565,0.8631520647378195,True,False
42,C_CONTRACT,ID,64,crosswalk,False,False,False,0,0,27.82561250503531,1.993826341472174,True,False
42,C_CONTRACT,ID,65,crosswalk,False,False,False,0,0,35.895278754789615,1.9738865773315013,True,False
42,C_CONTRACT,ID,66,crosswalk,False,False,False,0,0,33.54206677996245,1.1315952276899701,True,False
42,C_CONTRACT,ID,67,crosswalk,False,False,False,0,0,28.17806845715176,0.46694540271633544,True,False
42,C_CONTRACT,ID,68,crosswalk,False,False,False,0,0,31.899123523504763,0.38600262931802054,True,False
42,C_CONTRACT,ID,69,crosswalk,False,False,False,0,0,31.141659201861913,1.963666739563147,True,False
42,C_CONTRACT,ID,70,crosswalk,False,False,False,0,0,37.818881623345376,0.6498261638309645,True,False
42,C_CONTRACT,ID,71,crosswalk,False,False,False,0,0,35.310548465987026,0.3809385715673367,True,False
42,C_CONTRACT,ID,72,crosswalk,False,False,False,0,0,36.36154523492314,0.4034209592888752,True,False
42,C_CONTRACT,ID,73,crosswalk,False,False,False,0,0,33.2204138904533,1.7319558188319206,True,False
42,C_CONTRACT,ID,74,crosswalk,False,False,False,0,0,36.54108118365839,0.39440390033026534,True,False
42,C_CONTRACT,ID,75,crosswalk,False,False,False,0,0,34.98243112086004,1.7824157022617078,True,False
42,C_CONTRACT,ID,76,crosswalk,False,False,False,0,0,34.58623026665413,0.41420717926129047,True,False
42,C_CONTRACT,ID,77,crosswalk,False,False,False,0,0,35.86504490276056,1.94252668117935,True,False
42,C_CONTRACT,ID,78,crosswalk,False,False,False,0,0,34.09299436594854,1.9565221884598334,True,False
42,C_CONTRACT,ID,79,crosswalk,False,False,False,0,0,33.468411537588025,2.0260844752192497,True,False
42,C_CONTRACT,ID,80,crosswalk,False,False,False,0,0,30.848511437891275,0.4033557325601578,True,False
42,C_CONTRACT,ID,81,crosswalk,False,False,False,0,0,33.08828259436216,2.3122281648895955,True,False
42,C_CONTRACT,ID,82,crosswalk,False,False,False,0,0,36.40813665399336,2.08373235228161,True,False
42,C_CONTRACT,ID,83,crosswalk,False,False,False,0,0,37.556785339517575,0.3712204757791299,True,False
42,C_CONTRACT,ID,84,crosswalk,False,False,False,0,0,32.64239484393216,1.4115714864886324,True,False
42,C_CONTRACT,ID,85,crosswalk,False,False,False,0,0,32.444439140037815,0.5628500985247747,True,False
42,C_CONTRACT,ID,86,crosswalk,False,False,False,0,0,27.451950785895797,1.8484010299046834,True,False
42,C_CONTRACT,ID,87,crosswalk,False,False,False,0,0,35.59831044395584,1.2956402025052478,True,False
42,C_CONTRACT,ID,88,crosswalk,False,False,False,0,0,31.191817065218906,2.078592582889225,True,False
42,C_CONTRACT,ID,89,crosswalk,False,False,False,0,0,33.5617826858044,0.37691858475622925,True,False
42,C_CONTRACT,ID,90,crosswalk,False,False,False,0,0,28.320563885283704,0.45121692493557924,True,False
42,C_CONTRACT,ID,91,crosswalk,False,False,False,0,0,28.631939961042086,2.1223947676745327,True,False
42,C_CONTRACT,ID,92,crosswalk,False,False,False,0,0,37.901140130339165,0.8862619982524351,True,False
42,C_CONTRACT,ID,93,crosswalk,False,False,False,0,0,31.41457023970807,1.975271813571453,True,False
42,C_CONTRACT,ID,94,crosswalk,False,False,False,0,0,31.9616392583947,1.9092395369495665,True,False
42,C_CONTRACT,ID,95,crosswalk,False,False,False,0,0,30.909637444461687,0.37152746522968466,True,False
42,C_CONTRACT,ID,96,crosswalk,False,False,False,0,0,28.151380056781484,2.371148854494095,True,False
42,C_CONTRACT,ID,97,crosswalk,False,False,False,0,0,37.10127075372215,0.6267795175313948,True,False
42,C_CONTRACT,ID,98,crosswalk,False,False,False,0,0,30.18416222535945,2.462767695910052,True,False
42,C_CONTRACT,ID,99,crosswalk,False,False,False,0,0,31.496002198606213,0.8308636881411076,True,False
42,C_CONTRACT,ID,100,stop_intersection,False,False,False,0,1,26.55977527965223,1.5642335183090632,True,False
42,C_CONTRACT,ID,101,stop_intersection,False,False,False,0,1,31.806908320237792,1.3239027959544483,True,False
42,C_CONTRACT,ID,102,stop_intersection,False,False,False,0,1,26.538240959857063,1.8360153337319691,True,False
42,C_CONTRACT,ID,103,stop_intersection,False,False,False,0,1,29.317530178361515,1.5209885020005076,True,False
42,C_CONTRACT,ID,104,stop_intersection,False,False,False,0,1,27.517426764033797,1.4645567379499735,True,False
42,C_CONTRACT,ID,105,stop_intersection,False,False,False,0,1,31.67404091216966,1.591042367423453,True,False
42,C_CONTRACT,ID,106,stop_intersection,False,False,False,0,1,32.74928293655093,1.2913351669544126,True,False
42,C_CONTRACT,ID,107,stop_intersection,False,False,False,0,1,30.398943418865787,1.7248720244357458,True,False
42,C_CONTRACT,ID,108,stop_intersection,False,False,False,0,1,32.37394247585672,1.4681033140573745,True,False
42,C_CONTRACT,ID,109,stop_intersection,False,False,False,0,1,33.797634782530636,1.5263287935938155,True,False
42,C_CONTRACT,ID,110,stop_intersection,False,False,False,0,1,29.202341393626206,1.5233977743097253,True,False
42,C_CONTRACT,ID,111,stop_intersection,False,False,False,0,1,36.0912060038673,1.3471069931983948,True,False
42,C_CONTRACT,ID,112,stop_intersection,False,False,False,0,1,36.147967793746176,1.3778241429218026,True,False
42,C_CONTRACT,ID,113,stop_intersection,False,False,False,0,1,35.89812389142154,1.4060198706249856,True,False
42,C_CONTRACT,ID,114,stop_intersection,False,False,False,0,1,35.77976536869271,1.277908356416793,True,False
42,C_CONTRACT,ID,115,stop_intersection,False,False,False,0,1,37.32308022568009,1.3032036026318867,True,False
42,C_CONTRACT,ID,116,stop_intersection,False,False,False,0,1,31.340114230983147,1.5267443970630041,True,False
42,C_CONTRACT,ID,117,stop_intersection,False,False,False,0,1,27.953173358726893,1.5505233165380117,True,False
42,C_CONTRACT,ID,118,stop_intersection,False,False,False,0,1,31.894146503575968,1.6336743298329806,True,False
42,C_CONTRACT,ID,119,stop_intersection,False,False,False,0,1,35.10907552132183,1.3036136801649882,True,False
42,C_CONTRACT,ID,120,stop_intersection,False,False,False,0,1,37.37672703553878,1.4499036187217347,True,False
42,C_CONTRACT,ID,121,stop_intersection,False,False,False,0,1,36.3880131157593,1.5468665815535045,True,False
42,C_CONTRACT,ID,122,stop_intersection,False,False,False,0,1,33.065958757642846,1.3109501486732846,True,False
42,C_CONTRACT,ID,123,stop_intersection,False,False,False,0,1,26.848412614389733,1.5363334781593745,True,False
42,C_CONTRACT,ID,124,stop_intersection,False,False,False,0,1,34.231640452675485,1.4924720923105874,True,False
42,C_CONTRACT,ID,125,stop_intersection,False,False,False,0,1,35.63170112562276,1.3671868312649609,True,False
42,C_CONTRACT,ID,126,stop_intersection,False,False,False,0,1,38.72069557949119,1.2477303634990344,True,False
42,C_CONTRACT,ID,127,stop_intersection,False,False,False,0,1,27.440579925900778,1.7402969824301229,True,False
42,C_CONTRACT,ID,128,stop_intersection,False,False,False,0,1,33.635238554918814,1.4428415447473524,True,False
42,C_CONTRACT,ID,129,stop_intersection,False,False,False,0,1,35.1379906304005,1.6019322523256625,True,False
42,C_CONTRACT,ID,130,stop_intersection,False,False,False,0,1,26.972594668951995,1.7002252999104952,True,False
42,C_CONTRACT,ID,131,stop_intersection,False,False,False,0,1,28.119288703345745,1.532310793797175,True,False
42,C_CONTRACT,ID,132,stop_intersection,False,False,False,0,1,32.88358452901857,1.3691976219415662,True,False
42,C_CONTRACT,ID,133,stop_intersection,False,False,False,0,1,30.818563209176055,1.6022000163793564,True,False
42,C_CONTRACT,ID,134,stop_intersection,False,False,False,0,1,38.46296697268771,1.2973973362944846,True,False
42,C_CONTRACT,ID,135,stop_intersection,False,False,False,0,1,31.862621125974094,1.6566714873680701,True,False
42,C_CONTRACT,ID,136,stop_intersection,False,False,False,0,1,36.20788220244867,1.296678864678671,True,False
42,C_CONTRACT,ID,137,stop_intersection,False,False,False,0,1,31.55522734357818,1.4894214123487473,True,False
42,C_CONTRACT,ID,138,stop_intersection,False,False,False,0,1,33.11181478957881,1.2958377308961821,True,False
42,C_CONTRACT,ID,139,stop_intersection,False,False,False,0,1,30.948234600629377,1.509713576390193,True,False
42,C_CONTRACT,ID,140,stop_intersection,False,False,False,0,1,38.24570907695914,1.2648065971291582,True,False
42,C_CONTRACT,ID,141,stop_intersection,False,False,False,0,1,37.42490923304389,1.5626802047093709,True,False
42,C_CONTRACT,ID,142,stop_intersection,False,False,False,0,1,35.52529189221536,1.2665916320889494,True,False
42,C_CONTRACT,ID,143,stop_intersection,False,False,False,0,1,26.66746532496419,1.830241084098816,True,False
42,C_CONTRACT,ID,144,stop_intersection,False,False,False,0,1,29.39639857630503,1.6668977798559728,True,False
42,C_CONTRACT,ID,145,stop_intersection,False,False,False,0,1,36.27993939072605,1.303418845665164,True,False
42,C_CONTRACT,ID,146,stop_intersection,False,False,False,0,1,36.51561981601287,1.2538054585456848,True,False
42,C_CONTRACT,ID,147,stop_intersection,False,False,False,0,1,31.775737928654767,1.597631111741066,True,False
42,C_CONTRACT,ID,148,stop_intersection,False,False,False,0,1,33.495350962073516,1.5975272364732696,True,False
42,C_CONTRACT,ID,149,stop_intersection,False,False,False,0,1,36.09097921234366,1.6084438562393188,True,False
42,C_CONTRACT,ID,150,stop_intersection,False,False,False,0,1,34.41633780511386,1.3263925982684623,True,False
42,C_CONTRACT,ID,151,stop_intersection,False,False,False,0,1,27.46504191031961,1.6101301544242435,True,False
42,C_CONTRACT,ID,152,stop_intersection,False,False,False,0,1,28.073218788395664,1.5025264024734497,True,False
42,C_CONTRACT,ID,153,stop_intersection,False,False,False,0,1,34.26355911717943,1.5257512480020523,True,False
42,C_CONTRACT,ID,154,stop_intersection,False,False,False,0,1,34.83656014127016,1.3533558817796927,True,False
42,C_CONTRACT,ID,155,stop_intersection,False,False,False,0,1,29.79883237337967,1.4767544049965708,True,False
42,C_CONTRACT,ID,156,stop_intersection,False,False,False,0,1,33.68665655589497,1.254314382870992,True,False
42,C_CONTRACT,ID,157,stop_intersection,False,False,False,0,1,36.0434528882981,1.498885626016661,True,False
42,C_CONTRACT,ID,158,stop_intersection,False,False,False,0,1,35.520154287483564,1.3173420981663027,True,False
42,C_CONTRACT,ID,159,stop_intersection,False,False,False,0,1,31.33841138749051,1.620017580496959,True,False
42,C_CONTRACT,ID,160,stop_intersection,False,False,False,0,1,38.44609004245877,1.3206010063489277,True,False
42,C_CONTRACT,ID,161,stop_intersection,False,False,False,0,1,30.555392604013477,1.7474957830027529,True,False
42,C_CONTRACT,ID,162,stop_intersection,False,False,False,0,1,37.156532312664865,1.5234636125110446,True,False
42,C_CONTRACT,ID,163,stop_intersection,False,False,False,0,1,32.52073988782924,1.4653866718976927,True,False
42,C_CONTRACT,ID,164,stop_intersection,False,False,False,0,1,27.821910673683856,1.6588929214993038,True,False
42,C_CONTRACT,ID,165,stop_intersection,False,False,False,0,1,33.08675914928347,1.4486475632740898,True,False
42,C_CONTRACT,ID,166,stop_intersection,False,False,False,0,1,38.566557901547256,1.5362594016762667,True,False
42,C_CONTRACT,ID,167,stop_intersection,False,False,False,0,1,28.500041344141934,1.7220577440763774,True,False
42,C_CONTRACT,ID,168,stop_intersection,False,False,False,0,1,35.43084604091891,1.2750054399172464,True,False
42,C_CONTRACT,ID,169,stop_intersection,False,False,False,0,1,35.30611886461468,1.4152093976736069,True,False
42,C_CONTRACT,ID,170,stop_intersection,False,False,False,0,1,30.128349672959118,1.6372425128252077,True,False
42,C_CONTRACT,ID,171,stop_intersection,False,False,False,0,1,29.5686264588923,1.683906203991658,True,False
42,C_CONTRACT,ID,172,stop_intersection,False,False,False,0,1,28.46850070953579,1.6348130477441325,True,False
42,C_CONTRACT,ID,173,stop_intersection,False,False,False,0,1,28.366206477445278,1.7220581205267653,True,False
42,C_CONTRACT,ID,174,stop_intersection,False,False,False,0,1,34.58754837101588,1.5164397483648255,True,False
42,C_CONTRACT,ID,175,stop_intersection,False,False,False,0,1,27.53913838995701,1.6826256795933372,True,False
42,C_CONTRACT,ID,176,stop_intersection,False,False,False,0,1,36.604742261529985,1.4764371306397195,True,False
42,C_CONTRACT,ID,177,stop_intersection,False,False,False,0,1,30.579010891557473,1.726603241343247,True,False
42,C_CONTRACT,ID,178,stop_intersection,False,False,False,0,1,28.940415250982646,1.5870176675992134,True,False
42,C_CONTRACT,ID,179,stop_intersection,False,False,False,0,1,30.264374561861246,1.412707135081291,True,False
42,C_CONTRACT,ID,180,stop_intersection,False,False,False,0,1,31.824205137001055,1.4659570119319816,True,False
42,C_CONTRACT,ID,181,stop_intersection,False,False,False,0,1,35.48391332424242,1.3452801762557611,True,False
42,C_CONTRACT,ID,182,stop_intersection,False,False,False,0,1,30.837079580067172,1.7384755764252098,True,False
42,C_CONTRACT,ID,183,stop_intersection,False,False,False,0,1,35.59385056619759,1.3482300156638733,True,False
42,C_CONTRACT,ID,184,stop_intersection,False,False,False,0,1,33.94736459210745,1.4735839338529677,True,False
42,C_CONTRACT,ID,185,stop_intersection,False,False,False,0,1,36.960627981680766,1.299953276202792,True,False
42,C_CONTRACT,ID,186,stop_intersection,False,False,False,0,1,35.37252028899697,1.3820256834680382,True,False
42,C_CONTRACT,ID,187,stop_intersection,False,False,False,0,1,37.45575456545909,1.424358103956495,True,False
42,C_CONTRACT,ID,188,stop_intersection,False,False,False,0,1,29.839740523963936,1.7104891477487023,True,False
42,C_CONTRACT,ID,189,stop_intersection,False,False,False,0,1,35.568068380486025,1.3589212866056533,True,False
42,C_CONTRACT,ID,190,stop_intersection,False,False,False,0,1,36.1098113464036,1.5324151515960693,True,False
42,C_CONTRACT,ID,191,stop_intersection,False,False,False,0,1,31.91103142169802,1.4352544454427865,True,False
42,C_CONTRACT,ID,192,stop_intersection,False,False,False,0,1,31.534039452091335,1.469272124139886,True,False
42,C_CONTRACT,ID,193,stop_intersection,False,False,False,0,1,29.320764325556816,1.7134399947367214,True,False
42,C_CONTRACT,ID,194,stop_intersection,False,False,False,0,1,30.311959918994297,1.574986733888325,True,False
42,C_CONTRACT,ID,195,stop_intersection,False,False,False,0,1,35.56441325083601,1.2408365759738655,True,False
42,C_CONTRACT,ID,196,stop_intersection,False,False,False,0,1,28.547496028923682,1.65021560694042,True,False
42,C_CONTRACT,ID,197,stop_intersection,False,False,False,0,1,28.094450233865004,1.5236238692257855,True,False
42,C_CONTRACT,ID,198,stop_intersection,False,False,False,0,1,28.40336298752566,1.4998806777753328,True,False
42,C_CONTRACT,ID,199,stop_intersection,False,False,False,0,1,37.81281689610129,1.3298590694155012,True,False
42,C_CONTRACT,ID,200,lead_brake,False,False,False,0,0,76.31755773985486,1.9272682145237923,True,False
42,C_CONTRACT,ID,201,lead_brake,False,False,False,0,0,84.5685943476472,5.741934763888517,True,False
42,C_CONTRACT,ID,202,lead_brake,False,False,False,0,0,64.08373578553866,3.1375330165028568,True,False
42,C_CONTRACT,ID,203,lead_brake,False,False,False,0,0,62.02573548720222,4.587143935263157,True,False
42,C_CONTRACT,ID,204,lead_brake,False,False,False,0,0,86.5187270703911,5.628322263558705,True,False
42,C_CONTRACT,ID,205,lead_brake,False,False,False,0,0,62.708757293441366,4.23505454758803,True,False
42,C_CONTRACT,ID,206,lead_brake,False,False,False,0,0,76.37730633734516,6.977659955620765,True,False
42,C_CONTRACT,ID,207,lead_brake,False,False,False,0,0,73.50948470696625,0.8625915149847666,True,False
42,C_CONTRACT,ID,208,lead_brake,False,False,False,0,0,78.4964631137989,1.699488987525304,True,False
42,C_CONTRACT,ID,209,lead_brake,False,False,False,0,0,59.77777775983069,2.938243123392264,True,False
42,C_CONTRACT,ID,210,lead_brake,False,False,False,0,0,62.22019231065428,2.1637071222066875,True,False
42,C_CONTRACT,ID,211,lead_brake,False,False,False,0,0,77.47591961224423,1.1800007584194343,True,False
42,C_CONTRACT,ID,212,lead_brake,False,False,False,0,0,78.34605152334917,4.305315633614858,True,False
42,C_CONTRACT,ID,213,lead_brake,False,False,False,0,0,54.34341635061673,9.351816677798826,True,False
42,C_CONTRACT,ID,214,lead_brake,False,False,False,0,0,92.10976029143214,3.554077729582786,True,False
42,C_CONTRACT,ID,215,lead_brake,False,False,False,0,0,66.40151881408534,0.5360340376694996,True,False
42,C_CONTRACT,ID,216,lead_brake,False,False,False,0,0,60.11544185225272,0.7066967636346817,True,False
42,C_CONTRACT,ID,217,lead_brake,False,False,False,0,0,60.396963997214854,8.459135964512825,True,False
42,C_CONTRACT,ID,218,lead_brake,False,False,False,0,0,62.18870902760126,1.8481715135276315,True,False
42,C_CONTRACT,ID,219,lead_brake,False,False,False,0,0,76.45875275604311,1.893571361899376,True,False
42,C_CONTRACT,ID,220,lead_brake,False,False,False,0,0,54.813574743654215,8.335600032160679,True,False
42,C_CONTRACT,ID,221,lead_brake,False,False,False,0,0,52.84131571938031,6.322793443997701,True,False
42,C_CONTRACT,ID,222,lead_brake,False,False,False,0,0,83.37986833734116,2.2575983305772143,True,False
42,C_CONTRACT,ID,223,lead_brake,False,False,False,0,0,66.9563914833784,8.838124603653947,True,False
42,C_CONTRACT,ID,224,lead_brake,False,False,False,0,0,71.12995663476902,9.075437513490517,True,False
42,C_CONTRACT,ID,225,lead_brake,False,False,False,0,0,96.27028922766439,0.7360313062866528,True,False
42,C_CONTRACT,ID,226,lead_brake,False,False,False,0,0,65.28162138654784,9.229841704169909,True,False
42,C_CONTRACT,ID,227,lead_brake,False,False,False,0,0,98.07261657917543,0.08141807342569032,True,False
42,C_CONTRACT,ID,228,lead_brake,False,False,False,0,0,74.5409999712835,8.896024949848652,True,False
42,C_CONTRACT,ID,229,lead_brake,False,False,False,0,0,68.92443177278848,9.57863087952137,True,False
42,C_CONTRACT,ID,230,lead_brake,False,False,False,0,0,84.35412929430605,4.127382895598808,True,False
42,C_CONTRACT,ID,231,lead_brake,False,False,False,0,0,94.29356556214266,1.245050229753057,True,False
42,C_CONTRACT,ID,232,lead_brake,False,False,False,0,0,78.53158066816775,8.431402074793974,True,False
42,C_CONTRACT,ID,233,lead_brake,False,False,False,0,0,60.74666152542178,4.171341801683107,True,False
42,C_CONTRACT,ID,234,lead_brake,False,False,False,0,0,64.91369021442593,6.693217484901349,True,False
42,C_CONTRACT,ID,235,lead_brake,False,False,False,0,0,95.32014614294899,1.9979826311270394,True,False
42,C_CONTRACT,ID,236,lead_brake,False,False,False,0,0,76.09536437040673,1.6387043644984562,True,False
42,C_CONTRACT,ID,237,lead_brake,False,False,False,0,0,55.98639878227006,7.656891552110513,True,False
42,C_CONTRACT,ID,238,lead_brake,False,False,False,0,0,73.16337395969154,8.185219498972097,True,False
42,C_CONTRACT,ID,239,lead_brake,False,False,False,0,0,75.371854879046,8.667749794820944,True,False
42,C_CONTRACT,ID,240,lead_brake,False,False,False,0,0,74.0730265721048,9.159063746531805,True,False
42,C_CONTRACT,ID,241,lead_brake,False,False,False,0,0,55.178384765180674,7.58764823153615,True,False
42,C_CONTRACT,ID,242,lead_brake,False,False,False,0,0,92.41392087860748,4.034314369161923,True,False
42,C_CONTRACT,ID,243,lead_brake,False,False,False,0,0,94.42536589420146,0.23812355846166608,True,False
42,C_CONTRACT,ID,244,lead_brake,False,False,False,0,0,60.8444262209473,1.096301154543956,True,False
42,C_CONTRACT,ID,245,lead_brake,False,False,False,0,0,68.27901170783831,0.534816379348437,True,False
42,C_CONTRACT,ID,246,lead_brake,False,False,False,0,0,69.75233699455943,3.6683661515514054,True,False
42,C_CONTRACT,ID,247,lead_brake,False,False,False,0,0,67.79633355171838,5.360036460061868,True,False
42,C_CONTRACT,ID,248,lead_brake,False,False,False,0,0,57.04894836114243,0.8041520205636818,True,False
42,C_CONTRACT,ID,249,lead_brake,False,False,False,0,0,60.70230026726419,7.778755610187848,True,False
42,C_CONTRACT,ID,250,lead_brake,False,False,False,0,0,62.75645161030474,7.824045507858197,True,False
42,C_CONTRACT,ID,251,lead_brake,False,False,False,0,0,63.64628586789546,9.107704983403284,True,False
42,C_CONTRACT,ID,252,lead_brake,False,False,False,0,0,82.43983875525818,0.18349520365397132,True,False
42,C_CONTRACT,ID,253,lead_brake,False,False,False,0,0,90.69371391795345,1.0864122236768403,True,False
42,C_CONTRACT,ID,254,lead_brake,False,False,False,0,0,57.65668374352809,7.956278336544831,True,False
42,C_CONTRACT,ID,255,lead_brake,False,False,False,0,0,69.52723687715353,9.274849188824493,True,False
42,C_CONTRACT,ID,256,lead_brake,False,False,False,0,0,61.2034042287715,3.276671732465426,True,False
42,C_CONTRACT,ID,257,lead_brake,False,False,False,0,0,95.88227130327415,1.40879841397206,True,False
42,C_CONTRACT,ID,258,lead_brake,False,False,False,0,0,71.89201881563748,4.223080017914374,True,False
42,C_CONTRACT,ID,259,lead_brake,False,False,False,0,0,98.87038226962095,0.035025237749020256,True,False
42,C_CONTRACT,ID,260,lead_brake,False,False,False,0,0,57.29362382427153,9.991103253016869,True,False
42,C_CONTRACT,ID,261,lead_brake,False,False,False,0,0,68.88556964027305,8.079873979091644,True,False
42,C_CONTRACT,ID,262,lead_brake,False,False,False,0,0,54.427153339711175,2.675968108077844,True,False
42,C_CONTRACT,ID,263,lead_brake,False,False,False,0,0,60.615613818051266,4.977713442097107,True,False
42,C_CONTRACT,ID,264,lead_brake,False,False,False,0,0,93.56265280633397,0.9218003476659457,True,False
42,C_CONTRACT,ID,265,lead_brake,False,False,False,0,0,87.00982777663086,5.582504834979772,True,False
42,C_CONTRACT,ID,266,lead_brake,False,False,False,0,0,66.64954900606556,2.7330878153443336,True,False
42,C_CONTRACT,ID,267,lead_brake,False,False,False,0,0,79.95069197180558,1.3934654233356316,True,False
42,C_CONTRACT,ID,268,lead_brake,False,False,False,0,0,60.91561531478958,7.521916548411052,True,False
42,C_CONTRACT,ID,269,lead_brake,False,False,False,0,0,70.32155956749052,9.657315872609615,True,False
42,C_CONTRACT,ID,270,lead_brake,False,False,False,0,0,78.84145536718776,8.876825834314028,True,False
42,C_CONTRACT,ID,271,lead_brake,False,False,False,0,0,69.37806000455164,9.396092576285202,True,False
42,C_CONTRACT,ID,272,lead_brake,False,False,False,0,0,87.50523340374053,3.2051333524286743,True,False
42,C_CONTRACT,ID,273,lead_brake,False,False,False,0,0,61.373006186430146,9.172847893089054,True,False
42,C_CONTRACT,ID,274,lead_brake,False,False,False,0,0,95.52351461754446,0.1675831526517868,True,False
42,C_CONTRACT,ID,275,lead_brake,False,False,False,0,0,85.69990227013831,0.2123380887011687,True,False
42,C_CONTRACT,ID,276,lead_brake,False,False,False,0,0,59.69731065237873,1.1406081753472486,True,False
42,C_CONTRACT,ID,277,lead_brake,False,False,False,0,0,76.62915066524108,7.917423553764819,True,False
42,C_CONTRACT,ID,278,lead_brake,False,False,False,0,0,81.41196938482179,3.4094905977447825,True,False
42,C_CONTRACT,ID,279,lead_brake,False,False,False,0,0,91.30765824629734,1.9371144808828828,True,False
42,C_CONTRACT,ID,280,lead_brake,False,False,False,0,0,81.96515208800989,5.266730959216753,True,False
42,C_CONTRACT,ID,281,lead_brake,False,False,False,0,0,82.59227250512409,5.890013528366882,True,False
42,C_CONTRACT,ID,282,lead_brake,False,False,False,0,0,87.84365673364188,5.6355152030785876,True,False
42,C_CONTRACT,ID,283,lead_brake,False,False,False,0,0,56.51277347143377,1.2060237973928452,True,False
42,C_CONTRACT,ID,284,lead_brake,False,False,False,0,0,85.7169045819342,1.9369669221341608,True,False
42,C_CONTRACT,ID,285,lead_brake,False,False,False,0,0,71.1479090352746,8.437990201016266,True,False
42,C_CONTRACT,ID,286,lead_brake,False,False,False,0,0,92.59700122594215,4.365661020080249,True,False
42,C_CONTRACT,ID,287,lead_brake,False,False,False,0,0,76.10611924835393,7.771935688952604,True,False
42,C_CONTRACT,ID,288,lead_brake,False,False,False,0,0,68.01446454602736,8.098894608517487,True,False
42,C_CONTRACT,ID,289,lead_brake,False,False,False,0,0,61.220813520298705,5.361432908723752,True,False
42,C_CONTRACT,ID,290,lead_brake,False,False,False,0,0,96.00120454684402,0.12816619252165157,True,False
42,C_CONTRACT,ID,291,lead_brake,False,False,False,0,0,76.93004913434343,2.206779450178146,True,False
42,C_CONTRACT,ID,292,lead_brake,False,False,False,0,0,73.85629212208039,1.9826189676920571,True,False
42,C_CONTRACT,ID,293,lead_brake,False,False,False,0,0,80.72413168490492,1.632621111969153,True,False
42,C_CONTRACT,ID,294,lead_brake,False,False,False,0,0,60.448561103088544,1.2216064383586247,True,False
42,C_CONTRACT,ID,295,lead_brake,False,False,False,0,0,82.4692791051793,2.57068458199501,True,False
42,C_CONTRACT,ID,296,lead_brake,False,False,False,0,0,61.18047656120916,3.4532441459596157,True,False
42,C_CONTRACT,ID,297,lead_brake,False,False,False,0,0,74.73037832546052,2.2900004598001638,True,False
42,C_CONTRACT,ID,298,lead_brake,False,False,False,0,0,94.27637880306499,1.9358729558686416,True,False
42,C_CONTRACT,ID,299,lead_brake,False,False,False,0,0,67.4663017043214,0.6996027827262877,True,False
42,C_CONTRACT,OOD,0,crosswalk,False,False,False,0,0,30.41574234490676,2.729648600021998,True,False
42,C_CONTRACT,OOD,1,crosswalk,False,False,False,0,0,30.903550671517124,1.3714427128434181,True,False
42,C_CONTRACT,OOD,2,crosswalk,False,False,False,0,1,23.211490460022524,1.4275407720179782,True,False
42,C_CONTRACT,OOD,3,crosswalk,False,False,False,0,0,29.7505367769526,1.6621526926755905,True,False
42,C_CONTRACT,OOD,4,crosswalk,False,False,False,0,0,24.941808505938514,1.3221297508630996,True,False
42,C_CONTRACT,OOD,5,crosswalk,False,False,False,0,1,25.238032526372272,2.5120417277018228,True,False
42,C_CONTRACT,OOD,6,crosswalk,False,False,False,0,1,20.71556101109855,2.2278198667547917,True,False
42,C_CONTRACT,OOD,7,crosswalk,False,False,False,0,1,22.355943038237307,2.5948644468658846,True,False
42,C_CONTRACT,OOD,8,crosswalk,False,False,False,0,1,30.480059200388602,1.8277019659678142,True,False
42,C_CONTRACT,OOD,9,crosswalk,False,False,False,0,0,30.46183381414465,1.6618878119870235,True,False
42,C_CONTRACT,OOD,10,crosswalk,False,False,False,0,1,26.47001092955579,2.012433948970976,True,False
42,C_CONTRACT,OOD,11,crosswalk,False,False,False,0,1,24.561399291479802,2.123356563288991,True,False
42,C_CONTRACT,OOD,12,crosswalk,False,False,False,0,1,27.688823694877286,1.4090792338053384,True,False
42,C_CONTRACT,OOD,13,crosswalk,False,False,False,0,1,23.503061212139134,2.4392438194026114,True,False
42,C_CONTRACT,OOD,14,crosswalk,False,False,False,0,1,31.59634742957158,2.077902527082534,True,False
42,C_CONTRACT,OOD,15,crosswalk,False,False,False,0,1,22.542245150273715,2.090080050711936,True,False
42,C_CONTRACT,OOD,16,crosswalk,False,False,False,0,1,22.826264552609445,2.1032231781217785,True,False
42,C_CONTRACT,OOD,17,crosswalk,False,False,False,0,1,21.286293045301754,1.4288132366808977,True,False
42,C_CONTRACT,OOD,18,crosswalk,False,False,False,0,1,22.49695956007062,1.608134169836302,True,False
42,C_CONTRACT,OOD,19,crosswalk,False,False,False,0,1,22.150668512222076,2.5515137541861757,True,False
42,C_CONTRACT,OOD,20,crosswalk,False,False,False,0,1,30.03098664807508,1.279451481320641,True,False
42,C_CONTRACT,OOD,21,crosswalk,False,False,False,0,1,22.392407720009846,2.287442612907161,True,False
42,C_CONTRACT,OOD,22,crosswalk,False,False,False,0,1,21.253063924438756,2.563404612243175,True,False
42,C_CONTRACT,OOD,23,crosswalk,False,False,False,0,1,29.403682596213695,1.999134851056476,True,False
42,C_CONTRACT,OOD,24,crosswalk,False,False,False,0,0,22.415124093228464,2.0125268436059716,True,False
42,C_CONTRACT,OOD,25,crosswalk,False,False,False,0,1,22.617885914999135,1.0718715654479132,True,False
42,C_CONTRACT,OOD,26,crosswalk,False,False,False,0,1,23.105837506712795,1.2088510394096375,True,False
42,C_CONTRACT,OOD,27,crosswalk,False,False,False,0,1,29.62448358373533,2.4924426493437393,True,False
42,C_CONTRACT,OOD,28,crosswalk,False,False,False,0,1,31.255822275925738,2.6659322396302834,True,False
42,C_CONTRACT,OOD,29,crosswalk,False,False,False,0,1,29.0259936394122,1.752373229625613,True,False
42,C_CONTRACT,OOD,30,crosswalk,False,False,False,0,0,28.88069564512783,2.032837723240708,True,False
42,C_CONTRACT,OOD,31,crosswalk,False,False,False,0,1,23.26385826237042,2.077917053323725,True,False
42,C_CONTRACT,OOD,32,crosswalk,False,False,False,0,1,27.99336481859503,2.070117916749871,True,False
42,C_CONTRACT,OOD,33,crosswalk,False,False,False,0,1,26.988089781451425,2.5843994646537594,True,False
42,C_CONTRACT,OOD,34,crosswalk,False,False,False,0,1,24.834209861350836,1.439945322016011,True,False
42,C_CONTRACT,OOD,35,crosswalk,False,False,False,0,1,22.359241103783674,2.215357741644216,True,False
42,C_CONTRACT,OOD,36,crosswalk,False,False,False,0,1,21.3789270755082,2.0779174036449857,True,False
42,C_CONTRACT,OOD,37,crosswalk,False,False,False,0,1,22.8401207461784,2.712639121290965,True,False
42,C_CONTRACT,OOD,38,crosswalk,False,False,False,0,1,21.08480295177378,1.5266548097133636,True,False
42,C_CONTRACT,OOD,39,crosswalk,False,False,False,0,1,30.843524394147167,2.181916180111113,True,False
42,C_CONTRACT,OOD,40,crosswalk,False,False,False,0,1,21.754385894070616,2.3161459800808926,True,False
42,C_CONTRACT,OOD,41,crosswalk,False,False,False,0,1,24.473177968076893,1.355249563852946,True,False
42,C_CONTRACT,OOD,42,crosswalk,False,False,False,0,1,25.129532618483964,2.573611614031669,True,False
42,C_CONTRACT,OOD,43,crosswalk,False,False,False,0,1,20.957054253588275,1.1655256075736804,True,False
42,C_CONTRACT,OOD,44,crosswalk,False,False,False,0,1,31.61106822594588,1.2339508660296177,True,False
42,C_CONTRACT,OOD,45,crosswalk,False,False,False,0,1,21.74674183157476,2.0003361461010383,True,False
42,C_CONTRACT,OOD,46,crosswalk,False,False,False,0,1,31.178376981040948,1.2862645631486718,True,False
42,C_CONTRACT,OOD,47,crosswalk,False,False,False,0,1,24.609778615746713,2.323520901528272,True,False
42,C_CONTRACT,OOD,48,crosswalk,False,False,False,0,1,27.936549178545476,1.4312252173056967,True,False
42,C_CONTRACT,OOD,49,crosswalk,False,False,False,0,1,26.317462853832595,2.410370788058719,True,False
42,C_CONTRACT,OOD,50,crosswalk,False,False,False,0,1,27.950768438815143,1.3196808421933972,True,False
42,C_CONTRACT,OOD,51,crosswalk,False,False,False,0,0,27.24433805742159,2.330519205484635,True,False
42,C_CONTRACT,OOD,52,crosswalk,False,False,False,0,1,22.352692266028676,2.3852473134413743,True,False
42,C_CONTRACT,OOD,53,crosswalk,False,False,False,0,1,22.243779786348647,1.3310338999774003,True,False
42,C_CONTRACT,OOD,54,crosswalk,False,False,False,0,1,26.31749730965944,1.0591206550598145,True,False
42,C_CONTRACT,OOD,55,crosswalk,False,False,False,0,0,29.52728900840123,1.9054164227686428,True,False
42,C_CONTRACT,OOD,56,crosswalk,False,False,False,0,1,22.878351915035537,2.327592123386472,True,False
42,C_CONTRACT,OOD,57,crosswalk,False,False,False,0,1,21.520406673015756,2.260656266108803,True,False
42,C_CONTRACT,OOD,58,crosswalk,False,False,False,0,1,28.911742544802877,2.049371498696347,True,False
42,C_CONTRACT,OOD,59,crosswalk,False,False,False,0,1,23.410948021194258,2.0817831412274788,True,False
42,C_CONTRACT,OOD,60,crosswalk,False,False,False,0,1,27.901068673785403,1.5396510299883388,True,False
42,C_CONTRACT,OOD,61,crosswalk,False,False,False,0,1,23.76808365354072,1.5980330491677308,True,False
42,C_CONTRACT,OOD,62,crosswalk,False,False,False,0,1,28.65391522853634,1.4048683643341064,True,False
42,C_CONTRACT,OOD,63,crosswalk,False,False,False,0,1,21.936098656485484,1.5020300847728076,True,False
42,C_CONTRACT,OOD,64,crosswalk,False,False,False,0,1,24.503992283845808,2.4053397289542264,True,False
42,C_CONTRACT,OOD,65,crosswalk,False,False,False,0,1,30.60439262612409,1.2391540739271374,True,False
42,C_CONTRACT,OOD,66,crosswalk,False,False,False,0,1,21.333061069491976,2.3445310648530717,True,False
42,C_CONTRACT,OOD,67,crosswalk,False,False,False,0,1,28.008954975750598,2.2298935916688705,True,False
42,C_CONTRACT,OOD,68,crosswalk,False,False,False,0,1,20.887574696909027,1.4046263830228285,True,False
42,C_CONTRACT,OOD,69,crosswalk,False,False,False,0,1,25.816269257408287,1.7459513690020585,True,False
42,C_CONTRACT,OOD,70,crosswalk,False,False,False,0,1,22.98925455621582,2.328972029380309,True,False
42,C_CONTRACT,OOD,71,crosswalk,False,False,False,0,1,28.476301231318946,2.1911394596099854,True,False
42,C_CONTRACT,OOD,72,crosswalk,False,False,False,0,1,23.383168789948428,1.2939513456530687,True,False
42,C_CONTRACT,OOD,73,crosswalk,False,False,False,0,1,28.457519813933313,1.2394935554928248,True,False
42,C_CONTRACT,OOD,74,crosswalk,False,False,False,0,1,24.958360594652177,1.5156308058145884,True,False
42,C_CONTRACT,OOD,75,crosswalk,False,False,False,0,0,27.537173098711186,2.071344623198876,True,False
42,C_CONTRACT,OOD,76,crosswalk,False,False,False,0,1,29.1762773603565,1.9416997660981845,True,False
42,C_CONTRACT,OOD,77,crosswalk,False,False,False,0,1,26.236907929541253,1.5665571320624576,True,False
42,C_CONTRACT,OOD,78,crosswalk,False,False,False,0,1,29.484936382165188,1.668237501924688,True,False
42,C_CONTRACT,OOD,79,crosswalk,False,False,False,0,1,21.03890388311645,2.371195249614261,True,False
42,C_CONTRACT,OOD,80,crosswalk,False,False,False,0,0,23.940534026041323,1.6256029354898551,True,False
42,C_CONTRACT,OOD,81,crosswalk,False,False,False,0,1,22.80590945693082,2.4499104573176456,True,False
42,C_CONTRACT,OOD,82,crosswalk,False,False,False,0,1,25.289650557699424,1.9178287101828533,True,False
42,C_CONTRACT,OOD,83,crosswalk,False,False,False,0,1,29.000641377327955,1.602008239082668,True,False
42,C_CONTRACT,OOD,84,crosswalk,False,False,False,0,1,28.0113965892147,1.416973818180173,True,False
42,C_CONTRACT,OOD,85,crosswalk,False,False,False,0,1,22.10112055201423,1.2054594304589998,True,False
42,C_CONTRACT,OOD,86,crosswalk,False,False,False,0,1,30.84958599489481,2.204847045433827,True,False
42,C_CONTRACT,OOD,87,crosswalk,False,False,False,0,1,22.995303703732915,1.2107000218497381,True,False
42,C_CONTRACT,OOD,88,crosswalk,False,False,False,0,1,30.453665932022957,1.5550183708017522,True,False
42,C_CONTRACT,OOD,89,crosswalk,False,False,False,0,1,28.821303871118815,1.9797414402629054,True,False
42,C_CONTRACT,OOD,90,crosswalk,False,False,False,0,1,30.934499712391776,1.5777498185634613,True,False
42,C_CONTRACT,OOD,91,crosswalk,False,False,False,0,1,23.7591239377769,1.4221918341275808,True,False
42,C_CONTRACT,OOD,92,crosswalk,False,False,False,0,1,24.671658029376346,2.082498229685284,True,False
42,C_CONTRACT,OOD,93,crosswalk,False,False,False,0,1,20.95979573245979,2.0898563956672493,True,False
42,C_CONTRACT,OOD,94,crosswalk,False,False,False,0,1,26.408508844629743,2.3525859998620073,True,False
42,C_CONTRACT,OOD,95,crosswalk,False,False,False,0,1,21.76968411168795,1.511489076492114,True,False
42,C_CONTRACT,OOD,96,crosswalk,False,False,False,0,1,28.616392011893193,2.1700631879096806,True,False
42,C_CONTRACT,OOD,97,crosswalk,False,False,False,0,1,30.75076947630031,2.271177606149153,True,False
42,C_CONTRACT,OOD,98,crosswalk,False,False,False,0,0,27.419983405468585,1.317998547303049,True,False
42,C_CONTRACT,OOD,99,crosswalk,False,False,False,0,1,28.2589947810852,2.328767595083817,True,False
42,C_CONTRACT,OOD,100,stop_intersection,False,True,False,0,0,22.82704327835673,2.6510837444892297,True,True
42,C_CONTRACT,OOD,101,stop_intersection,False,False,False,0,0,25.21139753508421,2.0949564576148987,True,False
42,C_CONTRACT,OOD,102,stop_intersection,False,False,False,0,1,30.99632389844851,1.6199426901967902,True,False
42,C_CONTRACT,OOD,103,stop_intersection,False,False,False,0,1,27.208150378543166,1.9281862676143646,True,False
42,C_CONTRACT,OOD,104,stop_intersection,True,True,False,0,0,26.65737460666329,3.2413331615297416,True,True
42,C_CONTRACT,OOD,105,stop_intersection,False,False,False,0,1,21.09462291915775,2.4789605048057193,True,False
42,C_CONTRACT,OOD,106,stop_intersection,False,False,False,0,1,31.142443006080622,1.58638585554926,True,False
42,C_CONTRACT,OOD,107,stop_intersection,False,False,False,0,1,28.24962191515447,1.9845119049382764,True,False
42,C_CONTRACT,OOD,108,stop_intersection,False,False,False,0,0,24.505281225078548,1.775543464196695,True,False
42,C_CONTRACT,OOD,109,stop_intersection,False,False,False,0,0,21.074395215076592,1.9392727753695318,True,False
42,C_CONTRACT,OOD,110,stop_intersection,False,False,False,0,1,24.176474366946152,2.509947434067726,True,False
42,C_CONTRACT,OOD,111,stop_intersection,False,False,False,0,0,23.493946920916784,2.4191595762968063,True,False
42,C_CONTRACT,OOD,112,stop_intersection,True,True,False,0,0,23.88541869817937,2.931603090121196,True,True
42,C_CONTRACT,OOD,113,stop_intersection,False,False,False,0,0,30.83502222091289,1.5033015073874059,True,False
42,C_CONTRACT,OOD,114,stop_intersection,False,False,False,0,0,23.841185801833994,1.8274392353163826,True,False
42,C_CONTRACT,OOD,115,stop_intersection,False,False,False,0,0,24.94821572928221,1.5026224511010304,True,False
42,C_CONTRACT,OOD,116,stop_intersection,True,True,False,0,0,22.127799876881163,2.0895055540510126,True,True
42,C_CONTRACT,OOD,117,stop_intersection,False,False,False,0,1,28.947235004065575,2.6390062911169867,True,False
42,C_CONTRACT,OOD,118,stop_intersection,False,False,False,0,1,28.62249272067077,1.3971831296619615,True,False
42,C_CONTRACT,OOD,119,stop_intersection,False,False,False,0,0,23.570812041430234,1.827047285106447,True,False
42,C_CONTRACT,OOD,120,stop_intersection,False,False,False,0,1,31.237305191017022,2.175337260677701,True,False
42,C_CONTRACT,OOD,121,stop_intersection,False,False,False,0,0,21.428185972225965,2.88025536470943,True,False
42,C_CONTRACT,OOD,122,stop_intersection,True,True,False,0,0,24.870640594441323,1.7470885004316057,True,True
42,C_CONTRACT,OOD,123,stop_intersection,False,False,False,0,1,31.693665923513308,1.3445018082857132,True,False
42,C_CONTRACT,OOD,124,stop_intersection,False,False,False,0,0,29.027537044785262,2.3753833770751953,True,False
42,C_CONTRACT,OOD,125,stop_intersection,True,True,False,0,0,23.541874181598935,2.044428478221635,True,True
42,C_CONTRACT,OOD,126,stop_intersection,False,False,False,0,0,31.08641460148641,2.4966211928877717,True,False
42,C_CONTRACT,OOD,127,stop_intersection,False,False,False,0,0,28.86425977939171,2.00901787905466,True,False
42,C_CONTRACT,OOD,128,stop_intersection,False,False,False,0,1,29.77761010697092,1.5233873223003587,True,False
42,C_CONTRACT,OOD,129,stop_intersection,False,False,False,0,0,26.493743048782733,1.7163218008844474,True,False
42,C_CONTRACT,OOD,130,stop_intersection,True,True,False,0,0,22.2509208987561,1.921066844628917,True,True
42,C_CONTRACT,OOD,131,stop_intersection,False,False,False,0,1,24.460981928549945,2.715610158749116,True,False
42,C_CONTRACT,OOD,132,stop_intersection,False,False,False,0,0,21.36680873664274,2.5822767212584212,True,False
42,C_CONTRACT,OOD,133,stop_intersection,False,False,False,0,0,24.70291861855155,1.766280971075359,True,False
42,C_CONTRACT,OOD,134,stop_intersection,False,False,False,0,1,26.381732949745174,1.3908300689748814,True,False
42,C_CONTRACT,OOD,135,stop_intersection,True,True,False,0,0,21.890892661223745,1.6739585273193591,True,True
42,C_CONTRACT,OOD,136,stop_intersection,False,False,False,0,0,25.79194086805824,1.4988588293393452,True,False
42,C_CONTRACT,OOD,137,stop_intersection,False,False,False,0,1,31.308722928973925,1.963382214307785,True,False
42,C_CONTRACT,OOD,138,stop_intersection,False,False,False,0,1,31.069849316795057,2.3602826595306396,True,False
42,C_CONTRACT,OOD,139,stop_intersection,False,False,False,0,0,27.891891314735847,1.3245348710762828,True,False
42,C_CONTRACT,OOD,140,stop_intersection,True,True,False,0,0,24.808377127146244,1.7789611385928261,True,True
42,C_CONTRACT,OOD,141,stop_intersection,False,False,False,0,0,29.57471771979588,1.3640657602212365,True,False
42,C_CONTRACT,OOD,142,stop_intersection,False,False,False,0,1,23.11237768607041,2.4062025994062424,True,False
42,C_CONTRACT,OOD,143,stop_intersection,False,False,False,0,0,28.136559636787336,2.642010599374771,True,False
42,C_CONTRACT,OOD,144,stop_intersection,False,False,False,0,1,30.552024152453676,1.5866422194700973,True,False
42,C_CONTRACT,OOD,145,stop_intersection,False,False,False,0,0,27.17607740026898,1.6837788569299796,True,False
42,C_CONTRACT,OOD,146,stop_intersection,False,False,False,0,1,27.489155440649952,2.893221660664207,True,False
42,C_CONTRACT,OOD,147,stop_intersection,False,False,False,0,0,21.0196382195748,1.6643703170120716,True,False
42,C_CONTRACT,OOD,148,stop_intersection,True,True,False,0,0,21.015933805723193,1.7312676778861453,True,True
42,C_CONTRACT,OOD,149,stop_intersection,False,False,False,0,1,29.21955392792537,2.1042476665406,True,False
42,C_CONTRACT,OOD,150,stop_intersection,True,True,False,0,0,23.343581206384457,2.939755591826561,True,True
42,C_CONTRACT,OOD,151,stop_intersection,False,False,False,0,0,23.32784885414154,1.5282209082083267,True,False
42,C_CONTRACT,OOD,152,stop_intersection,False,False,False,0,1,30.922213397646416,1.4466816971176548,True,False
42,C_CONTRACT,OOD,153,stop_intersection,False,False,False,0,0,30.430741026673836,1.6239826773342332,True,False
42,C_CONTRACT,OOD,154,stop_intersection,False,False,False,0,0,22.02159938141999,2.3872148659494186,True,False
42,C_CONTRACT,OOD,155,stop_intersection,False,False,False,0,0,24.407025449910464,1.7428738730294362,True,False
42,C_CONTRACT,OOD,156,stop_intersection,False,False,False,0,0,21.904085173751923,1.2285260090956815,True,False
42,C_CONTRACT,OOD,157,stop_intersection,False,False,False,0,1,23.10761228289288,2.614907179123316,True,False
42,C_CONTRACT,OOD,158,stop_intersection,False,False,False,0,0,30.812177066296115,2.4090781299079334,True,False
42,C_CONTRACT,OOD,159,stop_intersection,False,False,False,0,0,29.157498916197618,1.582049272562328,True,False
42,C_CONTRACT,OOD,160,stop_intersection,False,False,False,0,0,25.332285183190795,1.5825651193919934,True,False
42,C_CONTRACT,OOD,161,stop_intersection,True,True,False,0,0,23.781187247897336,1.9713220902179418,True,True
42,C_CONTRACT,OOD,162,stop_intersection,True,True,False,0,0,27.730264489619934,1.7321196117916622,True,True
42,C_CONTRACT,OOD,163,stop_intersection,False,False,False,0,0,26.258622975393372,1.3516074419021606,True,False
42,C_CONTRACT,OOD,164,stop_intersection,True,True,False,0,0,24.241669486821344,2.0223400534854994,True,True
42,C_CONTRACT,OOD,165,stop_intersection,False,False,False,0,0,28.749056968116086,2.6361923537603236,True,False
42,C_CONTRACT,OOD,166,stop_intersection,False,False,False,0,1,27.083423642054328,2.9064255952835083,True,False
42,C_CONTRACT,OOD,167,stop_intersection,True,True,False,0,0,30.196731464731485,1.7124309944800842,True,True
42,C_CONTRACT,OOD,168,stop_intersection,False,True,False,0,0,31.350502185676845,1.3748105519857161,True,True
42,C_CONTRACT,OOD,169,stop_intersection,False,False,False,0,0,28.502658755681374,1.3364996251307033,True,False
42,C_CONTRACT,OOD,170,stop_intersection,True,True,False,0,0,21.016527005204544,1.8349108370867642,True,True
42,C_CONTRACT,OOD,171,stop_intersection,False,False,False,0,0,21.4715724950616,1.5219611977227032,True,False
42,C_CONTRACT,OOD,172,stop_intersection,False,False,False,0,0,22.00319742960108,2.1083937709530196,True,False
42,C_CONTRACT,OOD,173,stop_intersection,True,True,False,0,0,28.39097432716958,1.692977841847982,True,True
42,C_CONTRACT,OOD,174,stop_intersection,False,False,False,0,0,21.495105517788062,1.8556054975047256,True,False
42,C_CONTRACT,OOD,175,stop_intersection,False,False,False,0,1,27.94444139298499,1.7584187454647486,True,False
42,C_CONTRACT,OOD,176,stop_intersection,False,False,False,0,0,21.76361092292855,1.7588059341206268,True,False
42,C_CONTRACT,OOD,177,stop_intersection,False,False,False,0,1,30.561558546920956,2.503425464397523,True,False
42,C_CONTRACT,OOD,178,stop_intersection,False,False,False,0,0,28.646966369287668,1.7099907430442602,True,False
42,C_CONTRACT,OOD,179,stop_intersection,True,True,False,0,0,28.599864628326863,3.219937667250633,True,True
42,C_CONTRACT,OOD,180,stop_intersection,True,True,False,0,0,21.91723868077456,1.7388029481683458,True,True
42,C_CONTRACT,OOD,181,stop_intersection,False,False,False,0,0,31.350282975134423,1.426035761833191,True,False
42,C_CONTRACT,OOD,182,stop_intersection,True,True,False,0,0,22.57467653470171,1.9784191250801086,True,True
42,C_CONTRACT,OOD,183,stop_intersection,False,False,False,0,0,22.215761074066407,1.613775000852697,True,False
42,C_CONTRACT,OOD,184,stop_intersection,False,False,False,0,1,30.160194578931538,2.6548243846212114,True,False
42,C_CONTRACT,OOD,185,stop_intersection,True,True,False,0,0,25.80856695828716,1.9738085999300605,True,True
42,C_CONTRACT,OOD,186,stop_intersection,False,False,False,0,1,30.433266217747118,2.4768027871154072,True,False
42,C_CONTRACT,OOD,187,stop_intersection,False,False,False,0,1,27.654551747943533,2.720976236619447,True,False
42,C_CONTRACT,OOD,188,stop_intersection,False,False,False,0,1,30.995000349941655,2.0141636909440503,True,False
42,C_CONTRACT,OOD,189,stop_intersection,False,False,False,0,1,29.904783233354735,1.4123630053118654,True,False
42,C_CONTRACT,OOD,190,stop_intersection,False,False,False,0,1,24.90287306678038,2.5596932988417773,True,False
42,C_CONTRACT,OOD,191,stop_intersection,False,False,False,0,0,26.66299629605453,2.6886013746261592,True,False
42,C_CONTRACT,OOD,192,stop_intersection,False,False,False,0,0,30.397127167756572,1.2646173387765884,True,False
42,C_CONTRACT,OOD,193,stop_intersection,True,True,False,0,0,23.712067052242524,1.990706481643625,True,True
42,C_CONTRACT,OOD,194,stop_intersection,True,True,False,0,0,27.01852465838836,1.6720635665429606,True,True
42,C_CONTRACT,OOD,195,stop_intersection,False,False,False,0,0,26.53004115766643,2.664034977937356,True,False
42,C_CONTRACT,OOD,196,stop_intersection,True,True,False,0,0,22.780714409030274,2.0649745847497667,True,True
42,C_CONTRACT,OOD,197,stop_intersection,False,False,False,0,1,29.583005504330156,2.1674082495949483,True,False
42,C_CONTRACT,OOD,198,stop_intersection,True,True,False,0,0,29.385396344194728,2.6651806831359863,True,True
42,C_CONTRACT,OOD,199,stop_intersection,False,False,False,0,0,28.44184173459699,2.310896050639269,True,False
42,C_CONTRACT,OOD,200,lead_brake,False,False,False,0,0,33.66505072511731,9.1750410006692,True,False
42,C_CONTRACT,OOD,201,lead_brake,False,False,False,0,0,30.497179463507933,5.308643569548924,True,False
42,C_CONTRACT,OOD,202,lead_brake,False,False,False,0,0,25.633052847224462,7.945247607926527,True,False
42,C_CONTRACT,OOD,203,lead_brake,False,False,False,0,0,30.532455790971152,9.120972602938611,True,False
42,C_CONTRACT,OOD,204,lead_brake,False,False,False,0,0,29.389801351292615,8.548951316003997,True,False
42,C_CONTRACT,OOD,205,lead_brake,False,False,False,0,0,28.157816704254348,6.519834299882253,True,False
42,C_CONTRACT,OOD,206,lead_brake,False,False,False,0,0,29.93140623188189,8.161209519331653,True,False
42,C_CONTRACT,OOD,207,lead_brake,False,False,False,0,0,32.62528583055292,9.759242296839753,True,False
42,C_CONTRACT,OOD,208,lead_brake,False,False,False,0,0,37.95107880705449,8.088913362473248,True,False
42,C_CONTRACT,OOD,209,lead_brake,False,False,False,0,0,30.402602901954612,4.455087838073571,True,False
42,C_CONTRACT,OOD,210,lead_brake,False,False,False,0,0,29.453402764794838,9.030994206666946,True,False
42,C_CONTRACT,OOD,211,lead_brake,False,False,False,0,0,36.35511305034159,2.0714273676276207,True,False
42,C_CONTRACT,OOD,212,lead_brake,False,False,False,0,0,27.253355950654374,8.558681458234787,True,False
42,C_CONTRACT,OOD,213,lead_brake,False,False,False,0,0,30.58480512993619,4.854846519728501,True,False
42,C_CONTRACT,OOD,214,lead_brake,False,False,False,0,0,34.808630899150835,5.921080491816004,True,False
42,C_CONTRACT,OOD,215,lead_brake,False,False,False,0,0,26.479168553223072,8.290033489465714,True,False
42,C_CONTRACT,OOD,216,lead_brake,False,False,False,0,0,40.093978527005696,6.391784658034642,True,False
42,C_CONTRACT,OOD,217,lead_brake,False,False,False,0,0,34.55141879647975,9.35259058823188,True,False
42,C_CONTRACT,OOD,218,lead_brake,False,False,False,0,0,26.372502725892915,6.388394802808761,True,False
42,C_CONTRACT,OOD,219,lead_brake,False,False,False,0,0,34.22847756688653,5.59652742370963,True,False
42,C_CONTRACT,OOD,220,lead_brake,False,False,False,0,0,35.03534089677066,4.713138083616892,True,False
42,C_CONTRACT,OOD,221,lead_brake,False,False,False,0,0,23.85935730427502,9.19187809775273,True,False
42,C_CONTRACT,OOD,222,lead_brake,False,False,False,0,0,39.63532025517424,5.256354769070943,True,False
42,C_CONTRACT,OOD,223,lead_brake,False,False,False,0,0,26.062994288429504,8.759882661203543,True,False
42,C_CONTRACT,OOD,224,lead_brake,False,False,False,0,0,31.112876314910448,10.144302900880575,True,False
42,C_CONTRACT,OOD,225,lead_brake,False,False,False,0,0,31.735582600881784,4.3432821556925765,True,False
42,C_CONTRACT,OOD,226,lead_brake,False,False,False,0,0,26.963951670154934,6.4540782775729895,True,False
42,C_CONTRACT,OOD,227,lead_brake,False,False,False,0,0,38.53263032112187,6.335501585155725,True,False
42,C_CONTRACT,OOD,228,lead_brake,False,False,False,0,0,39.63635613519604,8.217914992322525,True,False
42,C_CONTRACT,OOD,229,lead_brake,False,False,False,0,0,43.15989995643498,7.034050821016232,True,False
42,C_CONTRACT,OOD,230,lead_brake,False,False,False,0,0,33.92172925372232,5.306193654735883,True,False
42,C_CONTRACT,OOD,231,lead_brake,False,False,False,0,0,35.10334026412971,7.492939118295908,True,False
42,C_CONTRACT,OOD,232,lead_brake,False,False,False,0,0,32.67683824972269,6.441814869642257,True,False
42,C_CONTRACT,OOD,233,lead_brake,False,False,False,0,0,29.794464247122527,8.43152987708648,True,False
42,C_CONTRACT,OOD,234,lead_brake,False,False,False,0,0,28.942536025077057,8.484906613826752,True,False
42,C_CONTRACT,OOD,235,lead_brake,False,False,False,0,0,32.174316610075735,6.076042605563998,True,False
42,C_CONTRACT,OOD,236,lead_brake,False,False,False,0,0,42.58682255923749,3.6999959051609035,True,False
42,C_CONTRACT,OOD,237,lead_brake,False,False,False,0,0,40.426063255693556,4.75772629926602,True,False
42,C_CONTRACT,OOD,238,lead_brake,False,False,False,0,0,26.002870235741142,7.069473801801602,True,False
42,C_CONTRACT,OOD,239,lead_brake,False,False,False,0,0,34.29513752965675,6.677371451010306,True,False
42,C_CONTRACT,OOD,240,lead_brake,False,False,False,0,0,36.7472802984714,2.3392895236611366,True,False
42,C_CONTRACT,OOD,241,lead_brake,False,False,False,0,0,25.54095066990008,4.70508554081122,True,False
42,C_CONTRACT,OOD,242,lead_brake,False,False,False,0,0,26.752048568262882,8.34945309534669,True,False
42,C_CONTRACT,OOD,243,lead_brake,False,False,False,0,0,30.864731776392137,7.503800610701243,True,False
42,C_CONTRACT,OOD,244,lead_brake,False,False,False,0,0,41.73917473912234,7.378929874549309,True,False
42,C_CONTRACT,OOD,245,lead_brake,False,False,False,0,0,43.58270371653134,6.136313326035936,True,False
42,C_CONTRACT,OOD,246,lead_brake,False,False,False,0,0,26.605354202783204,7.900736332560579,True,False
42,C_CONTRACT,OOD,247,lead_brake,False,False,False,0,0,31.302909914727213,9.171636690075198,True,False
42,C_CONTRACT,OOD,248,lead_brake,False,False,False,0,0,27.405491155142816,8.444503903388977,True,False
42,C_CONTRACT,OOD,249,lead_brake,False,False,False,0,0,23.799953692610085,8.629796696205933,True,False
42,C_CONTRACT,OOD,250,lead_brake,False,False,False,0,0,33.56824572004863,6.482275638108452,True,False
42,C_CONTRACT,OOD,251,lead_brake,False,False,False,0,0,30.840662421073674,7.750933472688,True,False
42,C_CONTRACT,OOD,252,lead_brake,False,False,False,0,0,40.2430499508182,4.748264318332076,True,False
42,C_CONTRACT,OOD,253,lead_brake,False,False,False,0,0,28.702051882296814,7.003075983375311,True,False
42,C_CONTRACT,OOD,254,lead_brake,False,False,False,0,0,28.01485697187172,5.0408192326625185,True,False
42,C_CONTRACT,OOD,255,lead_brake,False,False,False,0,0,34.41429672045007,8.683724310869971,True,False
42,C_CONTRACT,OOD,256,lead_brake,False,False,False,0,0,24.83604124054315,8.096703325708706,True,False
42,C_CONTRACT,OOD,257,lead_brake,False,False,False,0,0,30.817457345493242,8.992393912747502,True,False
42,C_CONTRACT,OOD,258,lead_brake,False,False,False,0,0,23.41906427409259,5.47724837064743,True,False
42,C_CONTRACT,OOD,259,lead_brake,False,False,False,0,0,43.24975763566795,3.441875740264853,True,False
42,C_CONTRACT,OOD,260,lead_brake,False,False,False,0,0,34.653210473378465,4.8028347579141455,True,False
42,C_CONTRACT,OOD,261,lead_brake,False,False,False,0,0,28.608028662326014,6.030877272288004,True,False
42,C_CONTRACT,OOD,262,lead_brake,False,False,False,0,0,38.41622823888774,8.375145062804222,True,False
42,C_CONTRACT,OOD,263,lead_brake,False,False,False,0,0,30.50221562423223,7.1341312651832895,True,False
42,C_CONTRACT,OOD,264,lead_brake,False,False,False,0,0,44.71975387178364,8.47734049273034,True,False
42,C_CONTRACT,OOD,265,lead_brake,False,False,False,0,0,40.21629911909904,8.003933609152833,True,False
42,C_CONTRACT,OOD,266,lead_brake,False,False,False,0,0,32.26935458775586,9.352615972359976,True,False
42,C_CONTRACT,OOD,267,lead_brake,False,False,False,0,0,29.435491342441466,8.579074478397766,True,False
42,C_CONTRACT,OOD,268,lead_brake,False,False,False,0,0,29.072618510271738,9.222143265108267,True,False
42,C_CONTRACT,OOD,269,lead_brake,False,False,False,0,0,31.472767504880938,8.509675521403551,True,False
42,C_CONTRACT,OOD,270,lead_brake,False,False,False,0,0,25.379974410024907,8.346558067326745,True,False
42,C_CONTRACT,OOD,271,lead_brake,False,False,False,0,0,36.26260593415453,4.964733429253101,True,False
42,C_CONTRACT,OOD,272,lead_brake,False,False,False,0,0,34.21488791276866,4.709533881396055,True,False
42,C_CONTRACT,OOD,273,lead_brake,False,False,False,0,0,34.78524010533079,5.6613351578513775,True,False
42,C_CONTRACT,OOD,274,lead_brake,False,False,False,0,0,37.219135517697126,8.835151250163713,True,False
42,C_CONTRACT,OOD,275,lead_brake,False,False,False,0,0,32.95174091228253,6.481719745943943,True,False
42,C_CONTRACT,OOD,276,lead_brake,False,False,False,0,0,28.436882469331163,5.496462280551593,True,False
42,C_CONTRACT,OOD,277,lead_brake,False,False,False,0,0,29.479798031002293,8.5023079191645,True,False
42,C_CONTRACT,OOD,278,lead_brake,False,False,False,0,0,30.014479275456438,5.361542288213968,True,False
42,C_CONTRACT,OOD,279,lead_brake,False,False,False,0,0,38.71702598735688,9.531384197374186,True,False
42,C_CONTRACT,OOD,280,lead_brake,False,False,False,0,0,30.45140719119128,8.928663296004137,True,False
42,C_CONTRACT,OOD,281,lead_brake,False,False,False,0,0,31.309063836932207,7.996743422001599,True,False
42,C_CONTRACT,OOD,282,lead_brake,False,False,False,0,0,32.15508334149224,6.4934715895603095,True,False
42,C_CONTRACT,OOD,283,lead_brake,False,False,False,0,0,36.519141909927114,8.83894823739926,True,False
42,C_CONTRACT,OOD,284,lead_brake,False,False,False,0,0,25.73448822145245,10.404645713046191,True,False
42,C_CONTRACT,OOD,285,lead_brake,False,False,False,0,0,35.26924682004064,6.8183859353885055,True,False
42,C_CONTRACT,OOD,286,lead_brake,False,False,False,0,0,28.978994591239218,5.549064128970105,True,False
42,C_CONTRACT,OOD,287,lead_brake,False,False,False,0,0,32.465720903686915,7.684117586662372,True,False
42,C_CONTRACT,OOD,288,lead_brake,False,False,False,0,0,26.51647571961623,7.59251978682975,True,False
42,C_CONTRACT,OOD,289,lead_brake,False,False,False,0,0,39.82688209290435,5.849212755759557,True,False
42,C_CONTRACT,OOD,290,lead_brake,False,False,False,0,0,33.60507388406904,6.436296379814546,True,False
42,C_CONTRACT,OOD,291,lead_brake,False,False,False,0,0,21.502625074088552,9.09949509302775,True,False
42,C_CONTRACT,OOD,292,lead_brake,False,False,False,0,0,36.07756116642642,5.943825915455818,True,False
42,C_CONTRACT,OOD,293,lead_brake,False,False,False,0,0,25.304743942987354,10.428020378885169,True,False
42,C_CONTRACT,OOD,294,lead_brake,False,False,False,0,0,26.57161117825985,8.078027066464225,True,False
42,C_CONTRACT,OOD,295,lead_brake,False,False,False,0,0,28.144893592745074,4.495187633981307,True,False
42,C_CONTRACT,OOD,296,lead_brake,False,False,False,0,0,35.54215159184503,8.076911273722848,True,False
42,C_CONTRACT,OOD,297,lead_brake,False,False,False,0,0,38.923162682243266,7.689179698005318,True,False
42,C_CONTRACT,OOD,298,lead_brake,False,False,False,0,0,21.09643688994439,8.277457219238082,True,False
42,C_CONTRACT,OOD,299,lead_brake,False,False,False,0,0,25.55443804282104,5.231335038940111,True,False
42,D_CONTRACT_SHIELD,ID,0,crosswalk,False,False,False,0,0,29.730890820879427,2.1665452420711517,True,False
42,D_CONTRACT_SHIELD,ID,1,crosswalk,False,False,False,0,0,38.36938740808841,1.147417975589633,True,False
42,D_CONTRACT_SHIELD,ID,2,crosswalk,False,False,False,0,0,28.502608884361372,2.5614277665552336,True,False
42,D_CONTRACT_SHIELD,ID,3,crosswalk,False,False,False,0,0,32.8159871925686,2.2813743388368968,True,False
42,D_CONTRACT_SHIELD,ID,4,crosswalk,False,False,False,0,0,34.04755960073773,2.285694015974348,True,False
42,D_CONTRACT_SHIELD,ID,5,crosswalk,False,False,False,0,0,28.910836113954645,1.9983250939327737,True,False
42,D_CONTRACT_SHIELD,ID,6,crosswalk,False,False,False,0,0,35.527510557195484,0.46345311471007083,True,False
42,D_CONTRACT_SHIELD,ID,7,crosswalk,False,False,False,0,0,37.74597690185325,2.085391776636243,True,False
42,D_CONTRACT_SHIELD,ID,8,crosswalk,False,False,False,0,0,27.770191190688486,1.8916178786236306,True,False
42,D_CONTRACT_SHIELD,ID,9,crosswalk,False,False,False,0,0,34.349330103876696,1.8603049929846416,True,False
42,D_CONTRACT_SHIELD,ID,10,crosswalk,False,False,False,0,0,34.99543649329297,2.0681797340512276,True,False
42,D_CONTRACT_SHIELD,ID,11,crosswalk,False,False,False,0,0,34.0801275450018,2.081806386510531,True,False
42,D_CONTRACT_SHIELD,ID,12,crosswalk,False,False,False,0,0,28.229585590265103,1.1231201063645513,True,False
42,D_CONTRACT_SHIELD,ID,13,crosswalk,False,False,False,0,0,31.9041524465444,1.3936857587617375,True,False
42,D_CONTRACT_SHIELD,ID,14,crosswalk,False,False,False,0,0,29.94373879425159,2.1795258061452345,True,False
42,D_CONTRACT_SHIELD,ID,15,crosswalk,False,False,False,0,0,34.93232810929581,0.41302231018957886,True,False
42,D_CONTRACT_SHIELD,ID,16,crosswalk,False,False,False,0,0,27.093783209721046,2.280423943367269,True,False
42,D_CONTRACT_SHIELD,ID,17,crosswalk,False,False,False,0,0,27.082222158509126,2.1542714607147944,True,False
42,D_CONTRACT_SHIELD,ID,18,crosswalk,False,False,False,0,0,35.931742621964574,1.7905535785989326,True,False
42,D_CONTRACT_SHIELD,ID,19,crosswalk,False,False,False,0,0,38.43109527240698,0.41453221502403415,True,False
42,D_CONTRACT_SHIELD,ID,20,crosswalk,False,False,False,0,0,31.600296126015905,1.8236823415472394,True,False
42,D_CONTRACT_SHIELD,ID,21,crosswalk,False,False,False,0,0,31.955414898346987,1.4018850807439198,True,False
42,D_CONTRACT_SHIELD,ID,22,crosswalk,False,False,False,0,0,28.2228140023796,1.6230751284294658,True,False
42,D_CONTRACT_SHIELD,ID,23,crosswalk,False,False,False,0,0,35.254458646491564,0.4629858075217767,True,False
42,D_CONTRACT_SHIELD,ID,24,crosswalk,False,False,False,0,0,28.0116301552219,1.4648237079381943,True,False
42,D_CONTRACT_SHIELD,ID,25,crosswalk,False,False,False,0,0,27.803797736367134,1.6913930810987947,True,False
42,D_CONTRACT_SHIELD,ID,26,crosswalk,False,False,False,0,0,27.553897192185026,2.4475961923599243,True,False
42,D_CONTRACT_SHIELD,ID,27,crosswalk,False,False,False,0,0,32.07678386066068,1.9933397198716798,True,False
42,D_CONTRACT_SHIELD,ID,28,crosswalk,False,False,False,0,0,34.026200509294526,1.441885144228027,True,False
42,D_CONTRACT_SHIELD,ID,29,crosswalk,False,False,False,0,0,29.300427180622332,2.371275272220373,True,False
42,D_CONTRACT_SHIELD,ID,30,crosswalk,False,False,False,0,0,32.31421008272388,0.6342496147209947,True,False
42,D_CONTRACT_SHIELD,ID,31,crosswalk,False,False,False,0,0,28.81483370650851,1.9904173327528911,True,False
42,D_CONTRACT_SHIELD,ID,32,crosswalk,False,False,False,0,0,38.9985071737809,1.7947055182109275,True,False
42,D_CONTRACT_SHIELD,ID,33,crosswalk,False,False,False,0,0,31.936998988531165,0.4418708845263436,True,False
42,D_CONTRACT_SHIELD,ID,34,crosswalk,False,False,False,0,0,35.90017688943299,0.7972737184415261,True,False
42,D_CONTRACT_SHIELD,ID,35,crosswalk,False,False,False,0,0,29.52240398480179,2.0104334665381387,True,False
42,D_CONTRACT_SHIELD,ID,36,crosswalk,False,False,False,0,0,38.35358162019102,0.41913848817348476,True,False
42,D_CONTRACT_SHIELD,ID,37,crosswalk,False,False,False,0,0,31.819942846235353,2.268721054900776,True,False
42,D_CONTRACT_SHIELD,ID,38,crosswalk,False,False,False,0,0,34.757571500826785,2.0898441101113954,True,False
42,D_CONTRACT_SHIELD,ID,39,crosswalk,False,False,False,0,0,28.868136104737886,1.4535622112452984,True,False
42,D_CONTRACT_SHIELD,ID,40,crosswalk,False,False,False,0,0,31.878211425877538,0.47721224413676694,True,False
42,D_CONTRACT_SHIELD,ID,41,crosswalk,False,False,False,0,0,35.51835770955216,1.6908166455951603,True,False
42,D_CONTRACT_SHIELD,ID,42,crosswalk,False,False,False,0,0,38.06896857051504,0.41119532970090705,True,False
42,D_CONTRACT_SHIELD,ID,43,crosswalk,False,False,False,0,0,31.169517399847287,1.881223345796267,True,False
42,D_CONTRACT_SHIELD,ID,44,crosswalk,False,False,False,0,0,31.560251939138944,1.5244576512348085,True,False
42,D_CONTRACT_SHIELD,ID,45,crosswalk,False,False,False,0,0,35.8692763622873,0.8259079822649558,True,False
42,D_CONTRACT_SHIELD,ID,46,crosswalk,False,False,False,0,0,30.995242826845192,2.2443573583256113,True,False
42,D_CONTRACT_SHIELD,ID,47,crosswalk,False,False,False,0,0,28.112112617730425,0.48384057357907295,True,False
42,D_CONTRACT_SHIELD,ID,48,crosswalk,False,False,False,0,0,34.35491480489842,0.3662319698681434,True,False
42,D_CONTRACT_SHIELD,ID,49,crosswalk,False,False,False,0,0,38.23813265801577,0.4925299338672472,True,False
42,D_CONTRACT_SHIELD,ID,50,crosswalk,False,False,False,0,0,28.79480251426165,2.122735408575911,True,False
42,D_CONTRACT_SHIELD,ID,51,crosswalk,False,False,False,0,0,29.891124433090695,0.3789760775509335,True,False
42,D_CONTRACT_SHIELD,ID,52,crosswalk,False,False,False,0,0,36.84651283935861,0.42592414033909637,True,False
42,D_CONTRACT_SHIELD,ID,53,crosswalk,False,False,False,0,0,38.066823095692826,0.9630361348390578,True,False
42,D_CONTRACT_SHIELD,ID,54,crosswalk,False,False,False,0,0,37.43246761996629,0.3967412680387497,True,False
42,D_CONTRACT_SHIELD,ID,55,crosswalk,False,False,False,0,0,34.46737104556574,1.8785166503353552,True,False
42,D_CONTRACT_SHIELD,ID,56,crosswalk,False,False,False,0,0,31.04128219516474,2.1611791742699484,True,False
42,D_CONTRACT_SHIELD,ID,57,crosswalk,False,False,False,0,0,33.51413741618197,2.3032343116673557,True,False
42,D_CONTRACT_SHIELD,ID,58,crosswalk,False,False,False,0,0,35.84078564281318,1.0101861830638803,True,False
42,D_CONTRACT_SHIELD,ID,59,crosswalk,False,False,False,0,0,34.99276621482014,0.3956279996782541,True,False
42,D_CONTRACT_SHIELD,ID,60,crosswalk,False,False,False,0,0,36.75517663553025,2.0657193505515656,True,False
42,D_CONTRACT_SHIELD,ID,61,crosswalk,False,False,False,0,0,37.416995573297996,0.3859623819589615,True,False
42,D_CONTRACT_SHIELD,ID,62,crosswalk,False,False,False,0,0,32.63242522761534,2.287878014824607,True,False
42,D_CONTRACT_SHIELD,ID,63,crosswalk,False,False,False,0,0,32.051974764973565,0.8631520647378195,True,False
42,D_CONTRACT_SHIELD,ID,64,crosswalk,False,False,False,0,0,27.82561250503531,1.993826341472174,True,False
42,D_CONTRACT_SHIELD,ID,65,crosswalk,False,False,False,0,0,35.895278754789615,1.9738865773315013,True,False
42,D_CONTRACT_SHIELD,ID,66,crosswalk,False,False,False,0,0,33.54206677996245,1.1315952276899701,True,False
42,D_CONTRACT_SHIELD,ID,67,crosswalk,False,False,False,0,0,28.17806845715176,0.46694540271633544,True,False
42,D_CONTRACT_SHIELD,ID,68,crosswalk,False,False,False,0,0,31.899123523504763,0.38600262931802054,True,False
42,D_CONTRACT_SHIELD,ID,69,crosswalk,False,False,False,0,0,31.141659201861913,1.963666739563147,True,False
42,D_CONTRACT_SHIELD,ID,70,crosswalk,False,False,False,0,0,37.818881623345376,0.6498261638309645,True,False
42,D_CONTRACT_SHIELD,ID,71,crosswalk,False,False,False,0,0,35.310548465987026,0.3809385715673367,True,False
42,D_CONTRACT_SHIELD,ID,72,crosswalk,False,False,False,0,0,36.36154523492314,0.4034209592888752,True,False
42,D_CONTRACT_SHIELD,ID,73,crosswalk,False,False,False,0,0,33.2204138904533,1.7319558188319206,True,False
42,D_CONTRACT_SHIELD,ID,74,crosswalk,False,False,False,0,0,36.54108118365839,0.39440390033026534,True,False
42,D_CONTRACT_SHIELD,ID,75,crosswalk,False,False,False,0,0,34.98243112086004,1.7824157022617078,True,False
42,D_CONTRACT_SHIELD,ID,76,crosswalk,False,False,False,0,0,34.58623026665413,0.41420717926129047,True,False
42,D_CONTRACT_SHIELD,ID,77,crosswalk,False,False,False,0,0,35.86504490276056,1.94252668117935,True,False
42,D_CONTRACT_SHIELD,ID,78,crosswalk,False,False,False,0,0,34.09299436594854,1.9565221884598334,True,False
42,D_CONTRACT_SHIELD,ID,79,crosswalk,False,False,False,0,0,33.468411537588025,2.0260844752192497,True,False
42,D_CONTRACT_SHIELD,ID,80,crosswalk,False,False,False,0,0,30.848511437891275,0.4033557325601578,True,False
42,D_CONTRACT_SHIELD,ID,81,crosswalk,False,False,False,0,0,33.08828259436216,2.3122281648895955,True,False
42,D_CONTRACT_SHIELD,ID,82,crosswalk,False,False,False,0,0,36.40813665399336,2.08373235228161,True,False
42,D_CONTRACT_SHIELD,ID,83,crosswalk,False,False,False,0,0,37.556785339517575,0.3712204757791299,True,False
42,D_CONTRACT_SHIELD,ID,84,crosswalk,False,False,False,0,0,32.64239484393216,1.4115714864886324,True,False
42,D_CONTRACT_SHIELD,ID,85,crosswalk,False,False,False,0,0,32.444439140037815,0.5628500985247747,True,False
42,D_CONTRACT_SHIELD,ID,86,crosswalk,False,False,False,0,0,27.451950785895797,1.8484010299046834,True,False
42,D_CONTRACT_SHIELD,ID,87,crosswalk,False,False,False,0,0,35.59831044395584,1.2956402025052478,True,False
42,D_CONTRACT_SHIELD,ID,88,crosswalk,False,False,False,0,0,31.191817065218906,2.078592582889225,True,False
42,D_CONTRACT_SHIELD,ID,89,crosswalk,False,False,False,0,0,33.5617826858044,0.37691858475622925,True,False
42,D_CONTRACT_SHIELD,ID,90,crosswalk,False,False,False,0,0,28.320563885283704,0.45121692493557924,True,False
42,D_CONTRACT_SHIELD,ID,91,crosswalk,False,False,False,0,0,28.631939961042086,2.1223947676745327,True,False
42,D_CONTRACT_SHIELD,ID,92,crosswalk,False,False,False,0,0,37.901140130339165,0.8862619982524351,True,False
42,D_CONTRACT_SHIELD,ID,93,crosswalk,False,False,False,0,0,31.41457023970807,1.975271813571453,True,False
42,D_CONTRACT_SHIELD,ID,94,crosswalk,False,False,False,0,0,31.9616392583947,1.9092395369495665,True,False
42,D_CONTRACT_SHIELD,ID,95,crosswalk,False,False,False,0,0,30.909637444461687,0.37152746522968466,True,False
42,D_CONTRACT_SHIELD,ID,96,crosswalk,False,False,False,0,0,28.151380056781484,2.371148854494095,True,False
42,D_CONTRACT_SHIELD,ID,97,crosswalk,False,False,False,0,0,37.10127075372215,0.6267795175313948,True,False
42,D_CONTRACT_SHIELD,ID,98,crosswalk,False,False,False,0,0,30.18416222535945,2.462767695910052,True,False
42,D_CONTRACT_SHIELD,ID,99,crosswalk,False,False,False,0,0,31.496002198606213,0.8308636881411076,True,False
42,D_CONTRACT_SHIELD,ID,100,stop_intersection,False,False,False,4,1,26.268868994268445,1.8947701487276287,True,False
42,D_CONTRACT_SHIELD,ID,101,stop_intersection,False,False,False,4,1,31.498179208690956,1.6340848952531812,True,False
42,D_CONTRACT_SHIELD,ID,102,stop_intersection,False,False,False,3,1,26.26091726995401,1.8888089145932878,True,False
42,D_CONTRACT_SHIELD,ID,103,stop_intersection,False,False,False,4,1,28.99745192559218,1.8264240993035807,True,False
42,D_CONTRACT_SHIELD,ID,104,stop_intersection,False,False,False,4,1,27.225106290588837,1.7674346660312852,True,False
42,D_CONTRACT_SHIELD,ID,105,stop_intersection,False,False,False,3,1,31.41109895384004,1.63408263027668,True,False
42,D_CONTRACT_SHIELD,ID,106,stop_intersection,False,False,False,4,1,32.46835354448227,1.5926772356033325,True,False
42,D_CONTRACT_SHIELD,ID,107,stop_intersection,False,False,False,3,1,30.11061369851243,1.833613563228298,True,False
42,D_CONTRACT_SHIELD,ID,108,stop_intersection,False,False,False,4,1,32.05783350564896,1.7357345944956728,True,False
42,D_CONTRACT_SHIELD,ID,109,stop_intersection,False,False,False,3,1,33.53983453637635,1.5947065702298793,True,False
42,D_CONTRACT_SHIELD,ID,110,stop_intersection,False,False,False,4,1,28.90727116968398,1.8406807087563177,True,False
42,D_CONTRACT_SHIELD,ID,111,stop_intersection,False,False,False,3,1,35.82516395325363,1.5743619487399145,True,False
42,D_CONTRACT_SHIELD,ID,112,stop_intersection,False,False,False,3,1,35.89077604030892,1.5744855432283311,True,False
42,D_CONTRACT_SHIELD,ID,113,stop_intersection,False,False,False,3,1,35.645946752454485,1.5702479510080247,True,False
42,D_CONTRACT_SHIELD,ID,114,stop_intersection,False,False,False,4,1,35.50807807102295,1.5713885000773837,True,False
42,D_CONTRACT_SHIELD,ID,115,stop_intersection,False,False,False,4,1,37.02923143120811,1.6132495170686303,True,False
42,D_CONTRACT_SHIELD,ID,116,stop_intersection,False,False,False,3,1,31.056072363849374,1.7211844596946448,True,False
42,D_CONTRACT_SHIELD,ID,117,stop_intersection,False,False,False,3,1,27.66658039254345,1.7626882002160353,True,False
42,D_CONTRACT_SHIELD,ID,118,stop_intersection,False,False,False,3,1,31.60772840684021,1.8279287370673396,True,False
42,D_CONTRACT_SHIELD,ID,119,stop_intersection,False,False,False,4,1,34.82764379499149,1.6080619649189272,True,False
42,D_CONTRACT_SHIELD,ID,120,stop_intersection,False,False,False,3,1,37.10628476898197,1.5995931819202451,True,False
42,D_CONTRACT_SHIELD,ID,121,stop_intersection,False,False,False,3,1,36.13284453041629,1.60233728866267,True,False
42,D_CONTRACT_SHIELD,ID,122,stop_intersection,False,False,False,4,1,32.77361350475369,1.5926638899779901,True,False
42,D_CONTRACT_SHIELD,ID,123,stop_intersection,False,False,False,4,1,26.557105451693168,1.8487805128097534,True,False
42,D_CONTRACT_SHIELD,ID,124,stop_intersection,False,False,False,3,1,33.9663901395856,1.5982693288384413,True,False
42,D_CONTRACT_SHIELD,ID,125,stop_intersection,False,False,False,4,1,35.324728700983954,1.6538566946983337,True,False
42,D_CONTRACT_SHIELD,ID,126,stop_intersection,False,False,False,4,1,38.48696692096214,1.5089055760340255,True,False
42,D_CONTRACT_SHIELD,ID,127,stop_intersection,False,False,False,3,1,27.14462196581873,1.9144149124622345,True,False
42,D_CONTRACT_SHIELD,ID,128,stop_intersection,False,False,False,4,1,33.317870858376835,1.7684000119184835,True,False
42,D_CONTRACT_SHIELD,ID,129,stop_intersection,False,False,False,3,1,34.868858474920245,1.6662349477410314,True,False
42,D_CONTRACT_SHIELD,ID,130,stop_intersection,False,False,False,3,1,26.692280792815485,1.7689934775636,True,False
42,D_CONTRACT_SHIELD,ID,131,stop_intersection,False,False,False,3,1,27.829115053145657,1.8204553094175127,True,False
42,D_CONTRACT_SHIELD,ID,132,stop_intersection,False,False,False,4,1,32.566568314786224,1.6827529974472828,True,False
42,D_CONTRACT_SHIELD,ID,133,stop_intersection,False,False,False,3,1,30.540680798549538,1.676790102934226,True,False
42,D_CONTRACT_SHIELD,ID,134,stop_intersection,False,False,False,3,1,38.210183212965404,1.5341908016870187,True,False
42,D_CONTRACT_SHIELD,ID,135,stop_intersection,False,False,False,3,1,31.57962541238924,1.7371546124157151,True,False
42,D_CONTRACT_SHIELD,ID,136,stop_intersection,False,False,False,4,1,35.93585659905029,1.5683564969471522,True,False
42,D_CONTRACT_SHIELD,ID,137,stop_intersection,False,False,False,3,1,31.254012682111792,1.6767912644606369,True,False
42,D_CONTRACT_SHIELD,ID,138,stop_intersection,False,False,False,4,1,32.83053064884106,1.592681000872356,True,False
42,D_CONTRACT_SHIELD,ID,139,stop_intersection,False,False,False,3,1,30.65900844783518,1.7541963779009306,True,False
42,D_CONTRACT_SHIELD,ID,140,stop_intersection,False,False,False,4,1,38.01186359173386,1.4627780649397109,True,False
42,D_CONTRACT_SHIELD,ID,141,stop_intersection,False,False,False,3,1,37.17211034806279,1.6111902783556682,True,False
42,D_CONTRACT_SHIELD,ID,142,stop_intersection,False,False,False,4,1,35.25176749201992,1.561750741232009,True,False
42,D_CONTRACT_SHIELD,ID,143,stop_intersection,False,False,False,3,1,26.389138946282813,1.8774146397908527,True,False
42,D_CONTRACT_SHIELD,ID,144,stop_intersection,False,False,False,3,1,29.116292068274927,1.7216917558720237,True,False
42,D_CONTRACT_SHIELD,ID,145,stop_intersection,False,False,False,4,1,35.99695780842688,1.6089279477189227,True,False
42,D_CONTRACT_SHIELD,ID,146,stop_intersection,False,False,False,4,1,36.25719388574215,1.5260691975438316,True,False
42,D_CONTRACT_SHIELD,ID,147,stop_intersection,False,False,False,3,1,31.49588173889781,1.6767884217775786,True,False
42,D_CONTRACT_SHIELD,ID,148,stop_intersection,False,False,False,3,1,33.23295551119082,1.6407279819250105,True,False
42,D_CONTRACT_SHIELD,ID,149,stop_intersection,False,False,False,3,1,35.82833447830376,1.6519173085689545,True,False
42,D_CONTRACT_SHIELD,ID,150,stop_intersection,False,False,False,4,1,34.13295864501423,1.6062194690471743,True,False
42,D_CONTRACT_SHIELD,ID,151,stop_intersection,False,False,False,4,1,27.150482135618127,1.894063285418919,True,False
42,D_CONTRACT_SHIELD,ID,152,stop_intersection,False,False,False,4,1,27.777746547640188,1.8124701525713944,True,False
42,D_CONTRACT_SHIELD,ID,153,stop_intersection,False,False,False,3,1,33.965436519712114,1.6956705313462477,True,False
42,D_CONTRACT_SHIELD,ID,154,stop_intersection,False,False,False,3,1,34.57693263960263,1.5598436906224205,True,False
42,D_CONTRACT_SHIELD,ID,155,stop_intersection,False,False,False,4,1,29.50497371507732,1.7804676137472453,True,False
42,D_CONTRACT_SHIELD,ID,156,stop_intersection,False,False,False,4,1,33.413506465829805,1.5525276462237039,True,False
42,D_CONTRACT_SHIELD,ID,157,stop_intersection,False,False,False,3,1,35.80598076797653,1.5705384526933943,True,False
42,D_CONTRACT_SHIELD,ID,158,stop_intersection,False,False,False,4,1,35.23807856773354,1.6034132532957124,True,False
42,D_CONTRACT_SHIELD,ID,159,stop_intersection,False,False,False,3,1,31.05112567160317,1.7285738022703871,True,False
42,D_CONTRACT_SHIELD,ID,160,stop_intersection,False,False,False,4,1,38.152833820667,1.6079431336100507,True,False
42,D_CONTRACT_SHIELD,ID,161,stop_intersection,False,False,False,3,1,30.267979220723525,1.854858720624769,True,False
42,D_CONTRACT_SHIELD,ID,162,stop_intersection,False,False,False,3,1,36.896285361838416,1.6130388073804902,True,False
42,D_CONTRACT_SHIELD,ID,163,stop_intersection,False,False,False,3,1,32.23288803998033,1.6824109401458347,True,False
42,D_CONTRACT_SHIELD,ID,164,stop_intersection,False,False,False,3,1,27.508135882547176,1.912479797999064,True,False
42,D_CONTRACT_SHIELD,ID,165,stop_intersection,False,False,False,4,1,32.793624233746,1.7535644464003732,True,False
42,D_CONTRACT_SHIELD,ID,166,stop_intersection,False,False,False,3,1,38.334547207876724,1.575953974610283,True,False
42,D_CONTRACT_SHIELD,ID,167,stop_intersection,False,False,False,3,1,28.223589795348225,1.768991979392799,True,False
42,D_CONTRACT_SHIELD,ID,168,stop_intersection,False,False,False,4,1,35.15958968549519,1.567102443604242,True,False
42,D_CONTRACT_SHIELD,ID,169,stop_intersection,False,False,False,3,1,35.022903997699686,1.6439555287361145,True,False
42,D_CONTRACT_SHIELD,ID,170,stop_intersection,False,False,False,3,1,29.842680109148564,1.726211331915437,True,False
42,D_CONTRACT_SHIELD,ID,171,stop_intersection,False,False,False,3,1,29.25585247895779,1.9368846052222781,True,False
42,D_CONTRACT_SHIELD,ID,172,stop_intersection,False,False,False,3,1,28.16030615141183,1.841970698701011,True,False
42,D_CONTRACT_SHIELD,ID,173,stop_intersection,False,False,False,3,1,28.09013905207695,1.7689930909388774,True,False
42,D_CONTRACT_SHIELD,ID,174,stop_intersection,False,False,False,3,1,34.35562123553238,1.5508554885311732,True,False
42,D_CONTRACT_SHIELD,ID,175,stop_intersection,False,False,False,3,1,27.247610997020686,1.7941511643899455,True,False
42,D_CONTRACT_SHIELD,ID,176,stop_intersection,False,False,False,3,1,36.36197238304693,1.5679835076369935,True,False
42,D_CONTRACT_SHIELD,ID,177,stop_intersection,False,False,False,3,1,30.302323659562596,1.7736600218592462,True,False
42,D_CONTRACT_SHIELD,ID,178,stop_intersection,False,False,False,3,1,28.647467439099728,1.7216944537664713,True,False
42,D_CONTRACT_SHIELD,ID,179,stop_intersection,False,False,False,4,1,29.94863310183355,1.7088212263889802,True,False
42,D_CONTRACT_SHIELD,ID,180,stop_intersection,False,False,False,4,1,31.508815846560495,1.7273500404859843,True,False
42,D_CONTRACT_SHIELD,ID,181,stop_intersection,False,False,False,4,1,35.17579821314698,1.6530143469572067,True,False
42,D_CONTRACT_SHIELD,ID,182,stop_intersection,False,False,False,3,1,30.556293106187994,1.8113906916819118,True,False
42,D_CONTRACT_SHIELD,ID,183,stop_intersection,False,False,False,3,1,35.327645181041156,1.5681034184637523,True,False
42,D_CONTRACT_SHIELD,ID,184,stop_intersection,False,False,False,3,1,33.679818874563736,1.5969212171508045,True,False
42,D_CONTRACT_SHIELD,ID,185,stop_intersection,False,False,False,4,1,36.688115820803056,1.5724901216370717,True,False
42,D_CONTRACT_SHIELD,ID,186,stop_intersection,False,False,False,3,1,35.13821722042697,1.5194642127946363,True,False
42,D_CONTRACT_SHIELD,ID,187,stop_intersection,False,False,False,3,1,37.181220297336445,1.6102597044735418,True,False
42,D_CONTRACT_SHIELD,ID,188,stop_intersection,False,False,False,3,1,29.555311810515953,1.8071596402870982,True,False
42,D_CONTRACT_SHIELD,ID,189,stop_intersection,False,False,False,3,1,35.30279487922968,1.5680836353983199,True,False
42,D_CONTRACT_SHIELD,ID,190,stop_intersection,False,False,False,3,1,35.8774160318124,1.5720206499099731,True,False
42,D_CONTRACT_SHIELD,ID,191,stop_intersection,False,False,False,3,1,31.623073552359898,1.6721368228268418,True,False
42,D_CONTRACT_SHIELD,ID,192,stop_intersection,False,False,False,3,1,31.245201606258494,1.7247095902760823,True,False
42,D_CONTRACT_SHIELD,ID,193,stop_intersection,False,False,False,3,1,29.042697432386657,1.763504455755423,True,False
42,D_CONTRACT_SHIELD,ID,194,stop_intersection,False,False,False,3,1,30.004490389573817,1.7689914477838053,True,False
42,D_CONTRACT_SHIELD,ID,195,stop_intersection,False,False,False,4,1,35.30650308960168,1.5226874795070913,True,False
42,D_CONTRACT_SHIELD,ID,196,stop_intersection,False,False,False,3,1,28.25615074626059,1.763241073032757,True,False
42,D_CONTRACT_SHIELD,ID,197,stop_intersection,False,False,False,3,1,27.806587669018718,1.7625931549716638,True,False
42,D_CONTRACT_SHIELD,ID,198,stop_intersection,False,False,False,3,1,28.11633096798393,1.7155190810822603,True,False
42,D_CONTRACT_SHIELD,ID,199,stop_intersection,False,False,False,3,1,37.54388909121557,1.5650928730056397,True,False
42,D_CONTRACT_SHIELD,ID,200,lead_brake,False,False,False,0,0,76.31755773985486,1.9272682145237923,True,False
42,D_CONTRACT_SHIELD,ID,201,lead_brake,False,False,False,0,0,84.5685943476472,5.741934763888517,True,False
42,D_CONTRACT_SHIELD,ID,202,lead_brake,False,False,False,0,0,64.08373578553866,3.1375330165028568,True,False
42,D_CONTRACT_SHIELD,ID,203,lead_brake,False,False,False,0,0,62.02573548720222,4.587143935263157,True,False
42,D_CONTRACT_SHIELD,ID,204,lead_brake,False,False,False,0,0,86.5187270703911,5.628322263558705,True,False
42,D_CONTRACT_SHIELD,ID,205,lead_brake,False,False,False,0,0,62.708757293441366,4.23505454758803,True,False
42,D_CONTRACT_SHIELD,ID,206,lead_brake,False,False,False,0,0,76.37730633734516,6.977659955620765,True,False
42,D_CONTRACT_SHIELD,ID,207,lead_brake,False,False,False,0,0,73.50948470696625,0.8625915149847666,True,False
42,D_CONTRACT_SHIELD,ID,208,lead_brake,False,False,False,0,0,78.4964631137989,1.699488987525304,True,False
42,D_CONTRACT_SHIELD,ID,209,lead_brake,False,False,False,0,0,59.77777775983069,2.938243123392264,True,False
42,D_CONTRACT_SHIELD,ID,210,lead_brake,False,False,False,0,0,62.22019231065428,2.1637071222066875,True,False
42,D_CONTRACT_SHIELD,ID,211,lead_brake,False,False,False,0,0,77.47591961224423,1.1800007584194343,True,False
42,D_CONTRACT_SHIELD,ID,212,lead_brake,False,False,False,0,0,78.34605152334917,4.305315633614858,True,False
42,D_CONTRACT_SHIELD,ID,213,lead_brake,False,False,False,0,0,54.34341635061673,9.351816677798826,True,False
42,D_CONTRACT_SHIELD,ID,214,lead_brake,False,False,False,0,0,92.10976029143214,3.554077729582786,True,False
42,D_CONTRACT_SHIELD,ID,215,lead_brake,False,False,False,0,0,66.40151881408534,0.5360340376694996,True,False
42,D_CONTRACT_SHIELD,ID,216,lead_brake,False,False,False,0,0,60.11544185225272,0.7066967636346817,True,False
42,D_CONTRACT_SHIELD,ID,217,lead_brake,False,False,False,0,0,60.396963997214854,8.459135964512825,True,False
42,D_CONTRACT_SHIELD,ID,218,lead_brake,False,False,False,0,0,62.18870902760126,1.8481715135276315,True,False
42,D_CONTRACT_SHIELD,ID,219,lead_brake,False,False,False,0,0,76.45875275604311,1.893571361899376,True,False
42,D_CONTRACT_SHIELD,ID,220,lead_brake,False,False,False,0,0,54.813574743654215,8.335600032160679,True,False
42,D_CONTRACT_SHIELD,ID,221,lead_brake,False,False,False,0,0,52.84131571938031,6.322793443997701,True,False
42,D_CONTRACT_SHIELD,ID,222,lead_brake,False,False,False,0,0,83.37986833734116,2.2575983305772143,True,False
42,D_CONTRACT_SHIELD,ID,223,lead_brake,False,False,False,0,0,66.9563914833784,8.838124603653947,True,False
42,D_CONTRACT_SHIELD,ID,224,lead_brake,False,False,False,0,0,71.12995663476902,9.075437513490517,True,False
42,D_CONTRACT_SHIELD,ID,225,lead_brake,False,False,False,0,0,96.27028922766439,0.7360313062866528,True,False
42,D_CONTRACT_SHIELD,ID,226,lead_brake,False,False,False,0,0,65.28162138654784,9.229841704169909,True,False
42,D_CONTRACT_SHIELD,ID,227,lead_brake,False,False,False,0,0,98.07261657917543,0.08141807342569032,True,False
42,D_CONTRACT_SHIELD,ID,228,lead_brake,False,False,False,0,0,74.5409999712835,8.896024949848652,True,False
42,D_CONTRACT_SHIELD,ID,229,lead_brake,False,False,False,0,0,68.92443177278848,9.57863087952137,True,False
42,D_CONTRACT_SHIELD,ID,230,lead_brake,False,False,False,0,0,84.35412929430605,4.127382895598808,True,False
42,D_CONTRACT_SHIELD,ID,231,lead_brake,False,False,False,0,0,94.29356556214266,1.245050229753057,True,False
42,D_CONTRACT_SHIELD,ID,232,lead_brake,False,False,False,0,0,78.53158066816775,8.431402074793974,True,False
42,D_CONTRACT_SHIELD,ID,233,lead_brake,False,False,False,0,0,60.74666152542178,4.171341801683107,True,False
42,D_CONTRACT_SHIELD,ID,234,lead_brake,False,False,False,0,0,64.91369021442593,6.693217484901349,True,False
42,D_CONTRACT_SHIELD,ID,235,lead_brake,False,False,False,0,0,95.32014614294899,1.9979826311270394,True,False
42,D_CONTRACT_SHIELD,ID,236,lead_brake,False,False,False,0,0,76.09536437040673,1.6387043644984562,True,False
42,D_CONTRACT_SHIELD,ID,237,lead_brake,False,False,False,0,0,55.98639878227006,7.656891552110513,True,False
42,D_CONTRACT_SHIELD,ID,238,lead_brake,False,False,False,0,0,73.16337395969154,8.185219498972097,True,False
42,D_CONTRACT_SHIELD,ID,239,lead_brake,False,False,False,0,0,75.371854879046,8.667749794820944,True,False
42,D_CONTRACT_SHIELD,ID,240,lead_brake,False,False,False,0,0,74.0730265721048,9.159063746531805,True,False
42,D_CONTRACT_SHIELD,ID,241,lead_brake,False,False,False,0,0,55.178384765180674,7.58764823153615,True,False
42,D_CONTRACT_SHIELD,ID,242,lead_brake,False,False,False,0,0,92.41392087860748,4.034314369161923,True,False
42,D_CONTRACT_SHIELD,ID,243,lead_brake,False,False,False,0,0,94.42536589420146,0.23812355846166608,True,False
42,D_CONTRACT_SHIELD,ID,244,lead_brake,False,False,False,0,0,60.8444262209473,1.096301154543956,True,False
42,D_CONTRACT_SHIELD,ID,245,lead_brake,False,False,False,0,0,68.27901170783831,0.534816379348437,True,False
42,D_CONTRACT_SHIELD,ID,246,lead_brake,False,False,False,0,0,69.75233699455943,3.6683661515514054,True,False
42,D_CONTRACT_SHIELD,ID,247,lead_brake,False,False,False,0,0,67.79633355171838,5.360036460061868,True,False
42,D_CONTRACT_SHIELD,ID,248,lead_brake,False,False,False,0,0,57.04894836114243,0.8041520205636818,True,False
42,D_CONTRACT_SHIELD,ID,249,lead_brake,False,False,False,0,0,60.70230026726419,7.778755610187848,True,False
42,D_CONTRACT_SHIELD,ID,250,lead_brake,False,False,False,0,0,62.75645161030474,7.824045507858197,True,False
42,D_CONTRACT_SHIELD,ID,251,lead_brake,False,False,False,0,0,63.64628586789546,9.107704983403284,True,False
42,D_CONTRACT_SHIELD,ID,252,lead_brake,False,False,False,0,0,82.43983875525818,0.18349520365397132,True,False
42,D_CONTRACT_SHIELD,ID,253,lead_brake,False,False,False,0,0,90.69371391795345,1.0864122236768403,True,False
42,D_CONTRACT_SHIELD,ID,254,lead_brake,False,False,False,0,0,57.65668374352809,7.956278336544831,True,False
42,D_CONTRACT_SHIELD,ID,255,lead_brake,False,False,False,0,0,69.52723687715353,9.274849188824493,True,False
42,D_CONTRACT_SHIELD,ID,256,lead_brake,False,False,False,0,0,61.2034042287715,3.276671732465426,True,False
42,D_CONTRACT_SHIELD,ID,257,lead_brake,False,False,False,0,0,95.88227130327415,1.40879841397206,True,False
42,D_CONTRACT_SHIELD,ID,258,lead_brake,False,False,False,0,0,71.89201881563748,4.223080017914374,True,False
42,D_CONTRACT_SHIELD,ID,259,lead_brake,False,False,False,0,0,98.87038226962095,0.035025237749020256,True,False
42,D_CONTRACT_SHIELD,ID,260,lead_brake,False,False,False,0,0,57.29362382427153,9.991103253016869,True,False
42,D_CONTRACT_SHIELD,ID,261,lead_brake,False,False,False,0,0,68.88556964027305,8.079873979091644,True,False
42,D_CONTRACT_SHIELD,ID,262,lead_brake,False,False,False,0,0,54.427153339711175,2.675968108077844,True,False
42,D_CONTRACT_SHIELD,ID,263,lead_brake,False,False,False,0,0,60.615613818051266,4.977713442097107,True,False
42,D_CONTRACT_SHIELD,ID,264,lead_brake,False,False,False,0,0,93.56265280633397,0.9218003476659457,True,False
42,D_CONTRACT_SHIELD,ID,265,lead_brake,False,False,False,0,0,87.00982777663086,5.582504834979772,True,False
42,D_CONTRACT_SHIELD,ID,266,lead_brake,False,False,False,0,0,66.64954900606556,2.7330878153443336,True,False
42,D_CONTRACT_SHIELD,ID,267,lead_brake,False,False,False,0,0,79.95069197180558,1.3934654233356316,True,False
42,D_CONTRACT_SHIELD,ID,268,lead_brake,False,False,False,0,0,60.91561531478958,7.521916548411052,True,False
42,D_CONTRACT_SHIELD,ID,269,lead_brake,False,False,False,0,0,70.32155956749052,9.657315872609615,True,False
42,D_CONTRACT_SHIELD,ID,270,lead_brake,False,False,False,0,0,78.84145536718776,8.876825834314028,True,False
42,D_CONTRACT_SHIELD,ID,271,lead_brake,False,False,False,0,0,69.37806000455164,9.396092576285202,True,False
42,D_CONTRACT_SHIELD,ID,272,lead_brake,False,False,False,0,0,87.50523340374053,3.2051333524286743,True,False
42,D_CONTRACT_SHIELD,ID,273,lead_brake,False,False,False,0,0,61.373006186430146,9.172847893089054,True,False
42,D_CONTRACT_SHIELD,ID,274,lead_brake,False,False,False,0,0,95.52351461754446,0.1675831526517868,True,False
42,D_CONTRACT_SHIELD,ID,275,lead_brake,False,False,False,0,0,85.69990227013831,0.2123380887011687,True,False
42,D_CONTRACT_SHIELD,ID,276,lead_brake,False,False,False,0,0,59.69731065237873,1.1406081753472486,True,False
42,D_CONTRACT_SHIELD,ID,277,lead_brake,False,False,False,0,0,76.62915066524108,7.917423553764819,True,False
42,D_CONTRACT_SHIELD,ID,278,lead_brake,False,False,False,0,0,81.41196938482179,3.4094905977447825,True,False
42,D_CONTRACT_SHIELD,ID,279,lead_brake,False,False,False,0,0,91.30765824629734,1.9371144808828828,True,False
42,D_CONTRACT_SHIELD,ID,280,lead_brake,False,False,False,0,0,81.96515208800989,5.266730959216753,True,False
42,D_CONTRACT_SHIELD,ID,281,lead_brake,False,False,False,0,0,82.59227250512409,5.890013528366882,True,False
42,D_CONTRACT_SHIELD,ID,282,lead_brake,False,False,False,0,0,87.84365673364188,5.6355152030785876,True,False
42,D_CONTRACT_SHIELD,ID,283,lead_brake,False,False,False,0,0,56.51277347143377,1.2060237973928452,True,False
42,D_CONTRACT_SHIELD,ID,284,lead_brake,False,False,False,0,0,85.7169045819342,1.9369669221341608,True,False
42,D_CONTRACT_SHIELD,ID,285,lead_brake,False,False,False,0,0,71.1479090352746,8.437990201016266,True,False
42,D_CONTRACT_SHIELD,ID,286,lead_brake,False,False,False,0,0,92.59700122594215,4.365661020080249,True,False
42,D_CONTRACT_SHIELD,ID,287,lead_brake,False,False,False,0,0,76.10611924835393,7.771935688952604,True,False
42,D_CONTRACT_SHIELD,ID,288,lead_brake,False,False,False,0,0,68.01446454602736,8.098894608517487,True,False
42,D_CONTRACT_SHIELD,ID,289,lead_brake,False,False,False,0,0,61.220813520298705,5.361432908723752,True,False
42,D_CONTRACT_SHIELD,ID,290,lead_brake,False,False,False,0,0,96.00120454684402,0.12816619252165157,True,False
42,D_CONTRACT_SHIELD,ID,291,lead_brake,False,False,False,0,0,76.93004913434343,2.206779450178146,True,False
42,D_CONTRACT_SHIELD,ID,292,lead_brake,False,False,False,0,0,73.85629212208039,1.9826189676920571,True,False
42,D_CONTRACT_SHIELD,ID,293,lead_brake,False,False,False,0,0,80.72413168490492,1.632621111969153,True,False
42,D_CONTRACT_SHIELD,ID,294,lead_brake,False,False,False,0,0,60.448561103088544,1.2216064383586247,True,False
42,D_CONTRACT_SHIELD,ID,295,lead_brake,False,False,False,0,0,82.4692791051793,2.57068458199501,True,False
42,D_CONTRACT_SHIELD,ID,296,lead_brake,False,False,False,0,0,61.18047656120916,3.4532441459596157,True,False
42,D_CONTRACT_SHIELD,ID,297,lead_brake,False,False,False,0,0,74.73037832546052,2.2900004598001638,True,False
42,D_CONTRACT_SHIELD,ID,298,lead_brake,False,False,False,0,0,94.27637880306499,1.9358729558686416,True,False
42,D_CONTRACT_SHIELD,ID,299,lead_brake,False,False,False,0,0,67.4663017043214,0.6996027827262877,True,False
42,D_CONTRACT_SHIELD,OOD,0,crosswalk,False,False,False,4,1,30.09805899857607,2.933543034501978,True,False
42,D_CONTRACT_SHIELD,OOD,1,crosswalk,False,False,False,0,0,30.903550671517124,1.3714427128434181,True,False
42,D_CONTRACT_SHIELD,OOD,2,crosswalk,False,False,False,3,1,23.059750889898545,1.5236869188291684,True,False
42,D_CONTRACT_SHIELD,OOD,3,crosswalk,False,False,False,0,0,29.7505367769526,1.6621526926755905,True,False
42,D_CONTRACT_SHIELD,OOD,4,crosswalk,False,False,False,0,0,24.941808505938514,1.3221297508630996,True,False
42,D_CONTRACT_SHIELD,OOD,5,crosswalk,False,False,False,2,1,25.083178855283535,2.9815789124085788,True,False
42,D_CONTRACT_SHIELD,OOD,6,crosswalk,False,False,False,2,1,20.681253071410186,2.250933064430049,True,False
42,D_CONTRACT_SHIELD,OOD,7,crosswalk,False,False,False,2,1,22.25440569813,2.7772349116572164,True,False
42,D_CONTRACT_SHIELD,OOD,8,crosswalk,False,False,False,2,1,30.344884716208846,2.206848155348389,True,False
42,D_CONTRACT_SHIELD,OOD,9,crosswalk,False,False,False,0,0,30.46183381414465,1.6618878119870235,True,False
42,D_CONTRACT_SHIELD,OOD,10,crosswalk,False,False,False,2,1,26.411631683704556,2.445132891573603,True,False
42,D_CONTRACT_SHIELD,OOD,11,crosswalk,False,False,False,3,1,24.342261446350285,2.537004117922085,True,False
42,D_CONTRACT_SHIELD,OOD,12,crosswalk,False,False,False,4,1,27.40773369192263,1.7255196472009022,True,False
42,D_CONTRACT_SHIELD,OOD,13,crosswalk,False,False,False,2,1,23.502432179375305,2.599050273497899,True,False
42,D_CONTRACT_SHIELD,OOD,14,crosswalk,False,False,False,3,1,31.353935300748855,2.441789241064162,True,False
42,D_CONTRACT_SHIELD,OOD,15,crosswalk,False,False,False,2,1,22.541502581870233,2.0964731862570374,True,False
42,D_CONTRACT_SHIELD,OOD,16,crosswalk,False,False,False,2,1,22.775513531856426,2.45129243477627,True,False
42,D_CONTRACT_SHIELD,OOD,17,crosswalk,False,False,False,3,1,21.19109516303432,1.4691021293401718,True,False
42,D_CONTRACT_SHIELD,OOD,18,crosswalk,False,False,False,3,1,22.251492610781938,1.7723286413663142,True,False
42,D_CONTRACT_SHIELD,OOD,19,crosswalk,False,False,False,2,1,22.050768010562315,2.9799766787697393,True,False
42,D_CONTRACT_SHIELD,OOD,20,crosswalk,False,False,False,4,1,29.811906981456954,1.5510968440635637,True,False
42,D_CONTRACT_SHIELD,OOD,21,crosswalk,False,False,False,2,1,22.38369884960001,2.5358027310475055,True,False
42,D_CONTRACT_SHIELD,OOD,22,crosswalk,False,False,False,2,1,21.17796985507337,2.7236797834436097,True,False
42,D_CONTRACT_SHIELD,OOD,23,crosswalk,False,False,False,3,1,29.15737773316216,2.376788603474003,True,False
42,D_CONTRACT_SHIELD,OOD,24,crosswalk,False,False,False,1,0,22.905660898421093,2.171891440001745,True,False
42,D_CONTRACT_SHIELD,OOD,25,crosswalk,False,False,False,4,1,22.48857119246393,1.3638474543889363,True,False
42,D_CONTRACT_SHIELD,OOD,26,crosswalk,False,False,False,4,1,22.984755345453806,1.4619595541254333,True,False
42,D_CONTRACT_SHIELD,OOD,27,crosswalk,False,False,False,3,1,29.48749411851822,2.745166782019795,True,False
42,D_CONTRACT_SHIELD,OOD,28,crosswalk,False,False,False,3,1,30.95605787041559,2.9483794478269725,True,False
42,D_CONTRACT_SHIELD,OOD,29,crosswalk,False,False,False,1,1,28.929344510492108,2.1628682165182833,True,False
42,D_CONTRACT_SHIELD,OOD,30,crosswalk,False,False,False,1,0,29.306301079271318,2.312300828449866,True,False
42,D_CONTRACT_SHIELD,OOD,31,crosswalk,False,False,False,2,1,23.2345491375033,2.1133243355198186,True,False
42,D_CONTRACT_SHIELD,OOD,32,crosswalk,False,False,False,3,1,27.821289782814254,2.286314655257308,True,False
42,D_CONTRACT_SHIELD,OOD,33,crosswalk,False,False,False,3,1,26.75773494530934,2.702797240600353,True,False
42,D_CONTRACT_SHIELD,OOD,34,crosswalk,False,False,False,3,1,24.728481727621322,1.4604591966971106,True,False
42,D_CONTRACT_SHIELD,OOD,35,crosswalk,False,False,False,2,1,22.321054959848944,2.165746867310169,True,False
42,D_CONTRACT_SHIELD,OOD,36,crosswalk,False,False,False,2,1,21.346662771635216,2.087159568512881,True,False
42,D_CONTRACT_SHIELD,OOD,37,crosswalk,False,False,False,2,1,22.74898909570831,2.9184285421402025,True,False
42,D_CONTRACT_SHIELD,OOD,38,crosswalk,False,False,False,3,1,20.910222024702424,1.6445641722530127,True,False
42,D_CONTRACT_SHIELD,OOD,39,crosswalk,False,False,False,4,1,30.568928827462052,2.4170076155236786,True,False
42,D_CONTRACT_SHIELD,OOD,40,crosswalk,False,False,False,2,1,21.70486035407638,2.2834229053452955,True,False
42,D_CONTRACT_SHIELD,OOD,41,crosswalk,False,False,False,3,1,24.34213701263026,1.430343064996931,True,False
42,D_CONTRACT_SHIELD,OOD,42,crosswalk,False,False,False,2,1,25.02872650068061,2.9471140911436486,True,False
42,D_CONTRACT_SHIELD,OOD,43,crosswalk,False,False,False,4,1,20.748998876170887,1.548071368000446,True,False
42,D_CONTRACT_SHIELD,OOD,44,crosswalk,False,False,False,4,1,31.42909976275653,1.4588656434987453,True,False
42,D_CONTRACT_SHIELD,OOD,45,crosswalk,False,False,False,2,1,21.701170975540002,2.2063141411289253,True,False
42,D_CONTRACT_SHIELD,OOD,46,crosswalk,False,False,False,4,1,30.931693965427055,1.5162118202583355,True,False
42,D_CONTRACT_SHIELD,OOD,47,crosswalk,False,False,False,2,1,24.519215448034245,2.7812995307824826,True,False
42,D_CONTRACT_SHIELD,OOD,48,crosswalk,False,False,False,4,1,27.656100036273735,1.718748349409837,True,False
42,D_CONTRACT_SHIELD,OOD,49,crosswalk,False,False,False,2,1,26.718604970134002,2.4486833983346035,True,False
42,D_CONTRACT_SHIELD,OOD,50,crosswalk,False,False,False,0,1,27.950768438815143,1.3196808421933972,True,False
42,D_CONTRACT_SHIELD,OOD,51,crosswalk,False,False,False,2,1,27.188088938514586,2.9268371924757957,True,False
42,D_CONTRACT_SHIELD,OOD,52,crosswalk,False,False,False,2,1,22.270105107328845,2.4727378537257514,True,False
42,D_CONTRACT_SHIELD,OOD,53,crosswalk,False,False,False,4,1,21.992227923186903,1.713862620495461,True,False
42,D_CONTRACT_SHIELD,OOD,54,crosswalk,False,False,False,0,1,26.31749730965944,1.0591206550598145,True,False
42,D_CONTRACT_SHIELD,OOD,55,crosswalk,False,False,False,0,0,29.52728900840123,1.9054164227686428,True,False
42,D_CONTRACT_SHIELD,OOD,56,crosswalk,False,False,False,2,1,22.81289966993008,2.605693567284318,True,False
42,D_CONTRACT_SHIELD,OOD,57,crosswalk,False,False,False,2,1,21.48162509179771,2.4068018014448276,True,False
42,D_CONTRACT_SHIELD,OOD,58,crosswalk,False,False,False,3,1,28.753920796229586,2.2388041463304074,True,False
42,D_CONTRACT_SHIELD,OOD,59,crosswalk,False,False,False,2,1,23.41096188075033,2.192812723153872,True,False
42,D_CONTRACT_SHIELD,OOD,60,crosswalk,False,False,False,4,1,27.625779476906956,1.8271272982421674,True,False
42,D_CONTRACT_SHIELD,OOD,61,crosswalk,False,False,False,3,1,23.55277759106835,1.7877843976020813,True,False
42,D_CONTRACT_SHIELD,OOD,62,crosswalk,False,False,False,3,1,28.506365364195457,1.4742250141242277,True,False
42,D_CONTRACT_SHIELD,OOD,63,crosswalk,False,False,False,3,1,21.759896649073816,1.666018610078145,True,False
42,D_CONTRACT_SHIELD,OOD,64,crosswalk,False,False,False,2,1,24.463422141796883,2.5222906105278073,True,False
42,D_CONTRACT_SHIELD,OOD,65,crosswalk,False,False,False,4,1,30.38665706911916,1.4916523694992063,True,False
42,D_CONTRACT_SHIELD,OOD,66,crosswalk,False,False,False,2,1,21.31182335692989,2.3385623707125585,True,False
42,D_CONTRACT_SHIELD,OOD,67,crosswalk,False,False,False,2,1,27.97178747773821,2.2247073639322212,True,False
42,D_CONTRACT_SHIELD,OOD,68,crosswalk,False,False,False,3,1,20.780319825153768,1.4935392107475887,True,False
42,D_CONTRACT_SHIELD,OOD,69,crosswalk,False,False,False,3,1,25.569943186032027,1.8515438727430393,True,False
42,D_CONTRACT_SHIELD,OOD,70,crosswalk,False,False,False,2,1,22.799214744892737,2.375652994482945,True,False
42,D_CONTRACT_SHIELD,OOD,71,crosswalk,False,False,False,2,1,28.403781047447755,2.152463900772008,True,False
42,D_CONTRACT_SHIELD,OOD,72,crosswalk,False,False,False,4,1,23.17645406996341,1.627076678886646,True,False
42,D_CONTRACT_SHIELD,OOD,73,crosswalk,False,False,False,4,1,28.270390853518464,1.5065195957819622,True,False
42,D_CONTRACT_SHIELD,OOD,74,crosswalk,False,False,False,4,1,24.68694077920874,1.8259547207806561,True,False
42,D_CONTRACT_SHIELD,OOD,75,crosswalk,False,False,False,1,1,27.274769212720507,2.490411837895711,True,False
42,D_CONTRACT_SHIELD,OOD,76,crosswalk,False,False,False,1,1,29.164961079451373,2.037807881620758,True,False
42,D_CONTRACT_SHIELD,OOD,77,crosswalk,False,False,False,3,1,26.06742773006168,1.6108409510481925,True,False
42,D_CONTRACT_SHIELD,OOD,78,crosswalk,False,False,False,2,1,29.42625011293307,2.1610228952133292,True,False
42,D_CONTRACT_SHIELD,OOD,79,crosswalk,False,False,False,2,1,20.722663974182808,2.48036187674318,True,False
42,D_CONTRACT_SHIELD,OOD,80,crosswalk,False,False,False,0,0,23.940534026041323,1.6256029354898551,True,False
42,D_CONTRACT_SHIELD,OOD,81,crosswalk,False,False,False,2,1,22.57643546481159,2.4511493697889843,True,False
42,D_CONTRACT_SHIELD,OOD,82,crosswalk,False,False,False,2,1,25.14459421937614,2.1969837277479796,True,False
42,D_CONTRACT_SHIELD,OOD,83,crosswalk,False,False,False,2,1,28.94795953851682,2.092598538791788,True,False
42,D_CONTRACT_SHIELD,OOD,84,crosswalk,False,False,False,3,1,27.816170547188722,1.6104873512373412,True,False
42,D_CONTRACT_SHIELD,OOD,85,crosswalk,False,False,False,4,1,21.92771589622715,1.4712803899532272,True,False
42,D_CONTRACT_SHIELD,OOD,86,crosswalk,False,False,False,2,1,31.255767780054143,2.7007085233926773,True,False
42,D_CONTRACT_SHIELD,OOD,87,crosswalk,False,False,False,4,1,22.852604843757703,1.5131861633724635,True,False
42,D_CONTRACT_SHIELD,OOD,88,crosswalk,False,False,False,3,1,30.28587050473003,1.6110486046157098,True,False
42,D_CONTRACT_SHIELD,OOD,89,crosswalk,False,False,False,3,1,28.636313999140327,2.4356772823389186,True,False
42,D_CONTRACT_SHIELD,OOD,90,crosswalk,False,False,False,3,1,30.669364435205743,1.7247641626745462,True,False
42,D_CONTRACT_SHIELD,OOD,91,crosswalk,False,False,False,4,1,23.49489173187739,1.74380679388304,True,False
42,D_CONTRACT_SHIELD,OOD,92,crosswalk,False,False,False,2,1,24.569834911014762,2.4333490502266657,True,False
42,D_CONTRACT_SHIELD,OOD,93,crosswalk,False,False,False,2,1,20.93662811442352,2.066824620758945,True,False
42,D_CONTRACT_SHIELD,OOD,94,crosswalk,False,False,False,3,1,26.25754089073641,2.730567924354387,True,False
42,D_CONTRACT_SHIELD,OOD,95,crosswalk,False,False,False,3,1,21.55623396692846,1.758191493841318,True,False
42,D_CONTRACT_SHIELD,OOD,96,crosswalk,False,False,False,3,1,28.38125935260493,2.3777947725020634,True,False
42,D_CONTRACT_SHIELD,OOD,97,crosswalk,False,False,False,3,1,30.577303146599355,2.6931986667667376,True,False
42,D_CONTRACT_SHIELD,OOD,98,crosswalk,False,False,False,0,0,27.419983405468585,1.317998547303049,True,False
42,D_CONTRACT_SHIELD,OOD,99,crosswalk,False,False,False,3,1,28.136895256766554,2.760744860962681,True,False
42,D_CONTRACT_SHIELD,OOD,100,stop_intersection,False,False,False,9,1,23.170989153384113,2.6687105696510383,True,False
42,D_CONTRACT_SHIELD,OOD,101,stop_intersection,False,False,False,3,1,25.136938894060506,2.2407563168828077,True,False
42,D_CONTRACT_SHIELD,OOD,102,stop_intersection,False,False,False,3,1,30.684982957423927,1.8015286455283293,True,False
42,D_CONTRACT_SHIELD,OOD,103,stop_intersection,False,False,False,2,1,27.09532583710112,2.490665835119033,True,False
42,D_CONTRACT_SHIELD,OOD,104,stop_intersection,False,False,False,10,1,26.94524730849748,2.9530408906214167,True,False
42,D_CONTRACT_SHIELD,OOD,105,stop_intersection,False,False,False,2,1,20.910295154508,3.076982079280748,True,False
42,D_CONTRACT_SHIELD,OOD,106,stop_intersection,False,False,False,3,1,30.816115550890917,1.805495219724672,True,False
42,D_CONTRACT_SHIELD,OOD,107,stop_intersection,False,False,False,2,1,28.090456244737197,2.172317646089054,True,False
42,D_CONTRACT_SHIELD,OOD,108,stop_intersection,False,False,False,0,0,24.505281225078548,1.775543464196695,True,False
42,D_CONTRACT_SHIELD,OOD,109,stop_intersection,False,False,False,1,1,21.326893845858564,3.017325233500283,True,False
42,D_CONTRACT_SHIELD,OOD,110,stop_intersection,False,False,False,2,1,24.026479167120286,2.9955888252991896,True,False
42,D_CONTRACT_SHIELD,OOD,111,stop_intersection,False,False,False,7,1,23.40868388426184,2.7295546432336164,True,False
42,D_CONTRACT_SHIELD,OOD,112,stop_intersection,False,False,False,11,1,24.264053745885942,2.712316978236903,True,False
42,D_CONTRACT_SHIELD,OOD,113,stop_intersection,False,False,False,9,1,30.69999734483823,1.5457709603237382,True,False
42,D_CONTRACT_SHIELD,OOD,114,stop_intersection,False,False,False,1,1,24.08889311942471,2.8723255701554127,True,False
42,D_CONTRACT_SHIELD,OOD,115,stop_intersection,False,False,False,6,1,24.68189004067957,1.846128675314757,True,False
42,D_CONTRACT_SHIELD,OOD,116,stop_intersection,False,False,False,6,1,21.801740957193097,2.605304943498715,True,False
42,D_CONTRACT_SHIELD,OOD,117,stop_intersection,False,False,False,2,1,28.777680712151017,2.89963773510805,True,False
42,D_CONTRACT_SHIELD,OOD,118,stop_intersection,False,False,False,3,1,28.275430417288778,1.7815249191748128,True,False
42,D_CONTRACT_SHIELD,OOD,119,stop_intersection,False,False,False,0,0,23.570812041430234,1.827047285106447,True,False
42,D_CONTRACT_SHIELD,OOD,120,stop_intersection,False,False,False,2,1,30.974087571937126,2.5294872762226475,True,False
42,D_CONTRACT_SHIELD,OOD,121,stop_intersection,False,False,False,7,1,21.25367947257554,3.2676061439017454,True,False
42,D_CONTRACT_SHIELD,OOD,122,stop_intersection,False,False,False,11,1,24.624377681867635,1.6137322817391497,True,False
42,D_CONTRACT_SHIELD,OOD,123,stop_intersection,False,False,False,4,1,31.437516590230448,1.650290997326374,True,False
42,D_CONTRACT_SHIELD,OOD,124,stop_intersection,False,False,False,7,1,28.810193092632495,2.4596993992494984,True,False
42,D_CONTRACT_SHIELD,OOD,125,stop_intersection,False,False,False,15,1,23.904388819424994,1.5448103851742214,True,False
42,D_CONTRACT_SHIELD,OOD,126,stop_intersection,False,False,False,6,1,30.958946670671907,2.5063542936375174,True,False
42,D_CONTRACT_SHIELD,OOD,127,stop_intersection,False,False,False,6,1,28.72392794890893,1.9933726960334226,True,False
42,D_CONTRACT_SHIELD,OOD,128,stop_intersection,False,False,False,4,1,29.537073555691613,1.749426661353362,True,False
42,D_CONTRACT_SHIELD,OOD,129,stop_intersection,False,False,False,0,0,26.493743048782733,1.7163218008844474,True,False
42,D_CONTRACT_SHIELD,OOD,130,stop_intersection,False,False,False,14,1,21.951682639173004,1.6365925415541775,True,False
42,D_CONTRACT_SHIELD,OOD,131,stop_intersection,False,False,False,2,1,24.299978721210167,3.105526345732965,True,False
42,D_CONTRACT_SHIELD,OOD,132,stop_intersection,False,False,False,7,1,21.32189456059385,2.971428278863915,True,False
42,D_CONTRACT_SHIELD,OOD,133,stop_intersection,False,False,False,3,1,25.049882935555434,2.6604208401007243,True,False
42,D_CONTRACT_SHIELD,OOD,134,stop_intersection,False,False,False,4,1,26.17281920744813,1.7655303534623739,True,False
42,D_CONTRACT_SHIELD,OOD,135,stop_intersection,False,False,False,11,1,21.64791462986596,1.5661959347561893,True,False
42,D_CONTRACT_SHIELD,OOD,136,stop_intersection,False,False,False,5,1,25.501229524989583,1.9272516600720515,True,False
42,D_CONTRACT_SHIELD,OOD,137,stop_intersection,False,False,False,3,1,31.0511545570133,2.5045934991231045,True,False
42,D_CONTRACT_SHIELD,OOD,138,stop_intersection,False,False,False,3,1,30.806318881162547,2.5466555207967754,True,False
42,D_CONTRACT_SHIELD,OOD,139,stop_intersection,False,False,False,5,1,27.602041709878343,1.7105488705838847,True,False
42,D_CONTRACT_SHIELD,OOD,140,stop_intersection,False,False,False,10,1,25.08197097220985,1.682491141652304,True,False
42,D_CONTRACT_SHIELD,OOD,141,stop_intersection,False,False,False,8,1,29.334614239980397,1.572972667309665,True,False
42,D_CONTRACT_SHIELD,OOD,142,stop_intersection,False,False,False,2,1,22.961887502693493,3.0987252990404768,True,False
42,D_CONTRACT_SHIELD,OOD,143,stop_intersection,False,False,False,4,1,27.922097386767945,3.213885079554426,True,False
42,D_CONTRACT_SHIELD,OOD,144,stop_intersection,False,False,False,4,1,30.292075227107908,1.6951485474904378,True,False
42,D_CONTRACT_SHIELD,OOD,145,stop_intersection,False,False,False,0,0,27.17607740026898,1.6837788569299796,True,False
42,D_CONTRACT_SHIELD,OOD,146,stop_intersection,False,False,False,3,1,27.168189682761344,3.3729234917743787,True,False
42,D_CONTRACT_SHIELD,OOD,147,stop_intersection,False,False,False,8,1,20.939316286219224,1.8793981609580752,True,False
42,D_CONTRACT_SHIELD,OOD,148,stop_intersection,False,False,False,14,1,20.690284936819026,1.4923749845179297,True,False
42,D_CONTRACT_SHIELD,OOD,149,stop_intersection,False,False,False,2,1,29.12690738021906,2.2872303514963104,True,False
42,D_CONTRACT_SHIELD,OOD,150,stop_intersection,False,False,False,13,1,23.008360967023002,2.809712587491325,True,False
42,D_CONTRACT_SHIELD,OOD,151,stop_intersection,False,False,False,9,1,23.21983210292065,1.674528094237311,True,False
42,D_CONTRACT_SHIELD,OOD,152,stop_intersection,False,False,False,3,1,30.57989407781586,1.8139269706365224,True,False
42,D_CONTRACT_SHIELD,OOD,153,stop_intersection,False,False,False,7,1,30.21101597248743,1.6869800522075435,True,False
42,D_CONTRACT_SHIELD,OOD,154,stop_intersection,False,False,False,2,1,21.298800541831554,3.1621403367372984,True,False
42,D_CONTRACT_SHIELD,OOD,155,stop_intersection,False,False,False,5,1,24.158133480450573,1.934988623415982,True,False
42,D_CONTRACT_SHIELD,OOD,156,stop_intersection,False,False,False,2,1,22.154895559932797,2.2345834611877193,True,False
42,D_CONTRACT_SHIELD,OOD,157,stop_intersection,False,False,False,2,1,22.93369400834434,3.1157193894971877,True,False
42,D_CONTRACT_SHIELD,OOD,158,stop_intersection,False,False,False,5,1,30.64163219808767,2.5198268340539562,True,False
42,D_CONTRACT_SHIELD,OOD,159,stop_intersection,False,False,False,9,1,29.05519314691695,1.6194539023924241,True,False
42,D_CONTRACT_SHIELD,OOD,160,stop_intersection,False,False,False,2,1,25.58075601871758,2.595237888987102,True,False
42,D_CONTRACT_SHIELD,OOD,161,stop_intersection,False,False,False,16,1,23.81160916939946,1.5334790236708045,True,False
42,D_CONTRACT_SHIELD,OOD,162,stop_intersection,False,False,False,12,1,27.443972808018955,1.5884291497311849,True,False
42,D_CONTRACT_SHIELD,OOD,163,stop_intersection,False,False,False,7,1,26.034950081622195,1.6978209930161632,True,False
42,D_CONTRACT_SHIELD,OOD,164,stop_intersection,False,False,False,13,1,24.245855825935493,1.6623184292815452,True,False
42,D_CONTRACT_SHIELD,OOD,165,stop_intersection,False,False,False,7,1,28.54114562403796,2.818214732137593,True,False
42,D_CONTRACT_SHIELD,OOD,166,stop_intersection,False,False,False,4,1,26.89544650253214,3.2731001499371652,True,False
42,D_CONTRACT_SHIELD,OOD,167,stop_intersection,False,False,False,13,1,30.470010082332667,1.489175421604212,True,False
42,D_CONTRACT_SHIELD,OOD,168,stop_intersection,False,False,False,9,1,31.236809542977767,1.5645262662208441,True,False
42,D_CONTRACT_SHIELD,OOD,169,stop_intersection,False,False,False,6,1,28.21348116219678,1.717886553870307,True,False
42,D_CONTRACT_SHIELD,OOD,170,stop_intersection,False,False,False,10,1,20.74779245378016,1.8434621493021646,True,False
42,D_CONTRACT_SHIELD,OOD,171,stop_intersection,False,False,False,10,1,21.36538718225679,1.6348164525923428,True,False
42,D_CONTRACT_SHIELD,OOD,172,stop_intersection,False,False,False,2,1,22.05597135973347,2.698868971604567,True,False
42,D_CONTRACT_SHIELD,OOD,173,stop_intersection,False,False,False,12,1,28.665277811733244,1.5018334215965823,True,False
42,D_CONTRACT_SHIELD,OOD,174,stop_intersection,False,False,False,1,1,21.705778422915266,3.0112186615113856,True,False
42,D_CONTRACT_SHIELD,OOD,175,stop_intersection,False,False,False,4,1,27.8234844428154,1.838639399519673,True,False
42,D_CONTRACT_SHIELD,OOD,176,stop_intersection,False,False,False,3,1,22.023205634568928,2.866148160054133,True,False
42,D_CONTRACT_SHIELD,OOD,177,stop_intersection,False,False,False,2,1,30.329733377375852,3.1301136848827196,True,False
42,D_CONTRACT_SHIELD,OOD,178,stop_intersection,False,False,False,5,1,28.402172034723407,1.860268147891028,True,False
42,D_CONTRACT_SHIELD,OOD,179,stop_intersection,False,False,False,10,1,28.31768613214382,2.8666182177654207,True,False
42,D_CONTRACT_SHIELD,OOD,180,stop_intersection,False,False,False,14,1,21.57149566677307,1.4981142209162785,True,False
42,D_CONTRACT_SHIELD,OOD,181,stop_intersection,False,False,False,5,1,31.063727053926904,1.741167937715848,True,False
42,D_CONTRACT_SHIELD,OOD,182,stop_intersection,False,False,False,10,1,22.872729736650683,1.8049551005164781,True,False
42,D_CONTRACT_SHIELD,OOD,183,stop_intersection,False,False,False,8,1,21.998385596528884,1.829688800531521,True,False
42,D_CONTRACT_SHIELD,OOD,184,stop_intersection,False,False,False,2,1,30.035631803575335,2.7269706733170005,True,False
42,D_CONTRACT_SHIELD,OOD,185,stop_intersection,False,False,False,15,1,26.1243366839831,1.5789857053238412,True,False
42,D_CONTRACT_SHIELD,OOD,186,stop_intersection,False,False,False,2,1,30.263082239277203,2.605284102434336,True,False
42,D_CONTRACT_SHIELD,OOD,187,stop_intersection,False,False,False,4,1,27.352922391836202,3.2139078357763453,True,False
42,D_CONTRACT_SHIELD,OOD,188,stop_intersection,False,False,False,2,1,30.913386057020382,2.1547757084517514,True,False
42,D_CONTRACT_SHIELD,OOD,189,stop_intersection,False,False,False,3,1,29.559091699275115,1.8047061481991329,True,False
42,D_CONTRACT_SHIELD,OOD,190,stop_intersection,False,False,False,4,1,24.64341558796219,2.89007594972326,True,False
42,D_CONTRACT_SHIELD,OOD,191,stop_intersection,False,False,False,8,1,26.575681247855208,2.938618728408107,True,False
42,D_CONTRACT_SHIELD,OOD,192,stop_intersection,False,False,False,8,1,30.138109669633515,1.5480133368987443,True,False
42,D_CONTRACT_SHIELD,OOD,193,stop_intersection,False,False,False,15,1,24.042959828692354,1.5552398204803468,True,False
42,D_CONTRACT_SHIELD,OOD,194,stop_intersection,False,False,False,11,1,26.740060767580506,1.612745815469313,True,False
42,D_CONTRACT_SHIELD,OOD,195,stop_intersection,False,False,False,5,1,26.41405605552331,2.961194401107184,True,False
42,D_CONTRACT_SHIELD,OOD,196,stop_intersection,False,False,False,13,1,22.79548574821373,1.6399502683253513,True,False
42,D_CONTRACT_SHIELD,OOD,197,stop_intersection,False,False,False,2,1,29.46153056366002,2.7468445698420205,True,False
42,D_CONTRACT_SHIELD,OOD,198,stop_intersection,False,False,False,11,1,29.079934899950494,2.4957508323849114,True,False
42,D_CONTRACT_SHIELD,OOD,199,stop_intersection,False,False,False,8,1,28.239914179571635,2.34759481438884,True,False
42,D_CONTRACT_SHIELD,OOD,200,lead_brake,False,False,False,0,0,33.66505072511731,9.1750410006692,True,False
42,D_CONTRACT_SHIELD,OOD,201,lead_brake,False,False,False,0,0,30.497179463507933,5.308643569548924,True,False
42,D_CONTRACT_SHIELD,OOD,202,lead_brake,False,False,False,0,0,25.633052847224462,7.945247607926527,True,False
42,D_CONTRACT_SHIELD,OOD,203,lead_brake,False,False,False,0,0,30.532455790971152,9.120972602938611,True,False
42,D_CONTRACT_SHIELD,OOD,204,lead_brake,False,False,False,0,0,29.389801351292615,8.548951316003997,True,False
42,D_CONTRACT_SHIELD,OOD,205,lead_brake,False,False,False,0,0,28.157816704254348,6.519834299882253,True,False
42,D_CONTRACT_SHIELD,OOD,206,lead_brake,False,False,False,0,0,29.93140623188189,8.161209519331653,True,False
42,D_CONTRACT_SHIELD,OOD,207,lead_brake,False,False,False,0,0,32.62528583055292,9.759242296839753,True,False
42,D_CONTRACT_SHIELD,OOD,208,lead_brake,False,False,False,0,0,37.95107880705449,8.088913362473248,True,False
42,D_CONTRACT_SHIELD,OOD,209,lead_brake,False,False,False,0,0,30.402602901954612,4.455087838073571,True,False
42,D_CONTRACT_SHIELD,OOD,210,lead_brake,False,False,False,0,0,29.453402764794838,9.030994206666946,True,False
42,D_CONTRACT_SHIELD,OOD,211,lead_brake,False,False,False,0,0,36.35511305034159,2.0714273676276207,True,False
42,D_CONTRACT_SHIELD,OOD,212,lead_brake,False,False,False,0,0,27.253355950654374,8.558681458234787,True,False
42,D_CONTRACT_SHIELD,OOD,213,lead_brake,False,False,False,0,0,30.58480512993619,4.854846519728501,True,False
42,D_CONTRACT_SHIELD,OOD,214,lead_brake,False,False,False,0,0,34.808630899150835,5.921080491816004,True,False
42,D_CONTRACT_SHIELD,OOD,215,lead_brake,False,False,False,0,0,26.479168553223072,8.290033489465714,True,False
42,D_CONTRACT_SHIELD,OOD,216,lead_brake,False,False,False,0,0,40.093978527005696,6.391784658034642,True,False
42,D_CONTRACT_SHIELD,OOD,217,lead_brake,False,False,False,0,0,34.55141879647975,9.35259058823188,True,False
42,D_CONTRACT_SHIELD,OOD,218,lead_brake,False,False,False,0,0,26.372502725892915,6.388394802808761,True,False
42,D_CONTRACT_SHIELD,OOD,219,lead_brake,False,False,False,0,0,34.22847756688653,5.59652742370963,True,False
42,D_CONTRACT_SHIELD,OOD,220,lead_brake,False,False,False,0,0,35.03534089677066,4.713138083616892,True,False
42,D_CONTRACT_SHIELD,OOD,221,lead_brake,False,False,False,0,0,23.85935730427502,9.19187809775273,True,False
42,D_CONTRACT_SHIELD,OOD,222,lead_brake,False,False,False,0,0,39.63532025517424,5.256354769070943,True,False
42,D_CONTRACT_SHIELD,OOD,223,lead_brake,False,False,False,0,0,26.062994288429504,8.759882661203543,True,False
42,D_CONTRACT_SHIELD,OOD,224,lead_brake,False,False,False,0,0,31.112876314910448,10.144302900880575,True,False
42,D_CONTRACT_SHIELD,OOD,225,lead_brake,False,False,False,0,0,31.735582600881784,4.3432821556925765,True,False
42,D_CONTRACT_SHIELD,OOD,226,lead_brake,False,False,False,0,0,26.963951670154934,6.4540782775729895,True,False
42,D_CONTRACT_SHIELD,OOD,227,lead_brake,False,False,False,0,0,38.53263032112187,6.335501585155725,True,False
42,D_CONTRACT_SHIELD,OOD,228,lead_brake,False,False,False,0,0,39.63635613519604,8.217914992322525,True,False
42,D_CONTRACT_SHIELD,OOD,229,lead_brake,False,False,False,0,0,43.15989995643498,7.034050821016232,True,False
42,D_CONTRACT_SHIELD,OOD,230,lead_brake,False,False,False,0,0,33.92172925372232,5.306193654735883,True,False
42,D_CONTRACT_SHIELD,OOD,231,lead_brake,False,False,False,0,0,35.10334026412971,7.492939118295908,True,False
42,D_CONTRACT_SHIELD,OOD,232,lead_brake,False,False,False,0,0,32.67683824972269,6.441814869642257,True,False
42,D_CONTRACT_SHIELD,OOD,233,lead_brake,False,False,False,0,0,29.794464247122527,8.43152987708648,True,False
42,D_CONTRACT_SHIELD,OOD,234,lead_brake,False,False,False,0,0,28.942536025077057,8.484906613826752,True,False
42,D_CONTRACT_SHIELD,OOD,235,lead_brake,False,False,False,0,0,32.174316610075735,6.076042605563998,True,False
42,D_CONTRACT_SHIELD,OOD,236,lead_brake,False,False,False,0,0,42.58682255923749,3.6999959051609035,True,False
42,D_CONTRACT_SHIELD,OOD,237,lead_brake,False,False,False,0,0,40.426063255693556,4.75772629926602,True,False
42,D_CONTRACT_SHIELD,OOD,238,lead_brake,False,False,False,0,0,26.002870235741142,7.069473801801602,True,False
42,D_CONTRACT_SHIELD,OOD,239,lead_brake,False,False,False,0,0,34.29513752965675,6.677371451010306,True,False
42,D_CONTRACT_SHIELD,OOD,240,lead_brake,False,False,False,0,0,36.7472802984714,2.3392895236611366,True,False
42,D_CONTRACT_SHIELD,OOD,241,lead_brake,False,False,False,0,0,25.54095066990008,4.70508554081122,True,False
42,D_CONTRACT_SHIELD,OOD,242,lead_brake,False,False,False,0,0,26.752048568262882,8.34945309534669,True,False
42,D_CONTRACT_SHIELD,OOD,243,lead_brake,False,False,False,0,0,30.864731776392137,7.503800610701243,True,False
42,D_CONTRACT_SHIELD,OOD,244,lead_brake,False,False,False,0,0,41.73917473912234,7.378929874549309,True,False
42,D_CONTRACT_SHIELD,OOD,245,lead_brake,False,False,False,0,0,43.58270371653134,6.136313326035936,True,False
42,D_CONTRACT_SHIELD,OOD,246,lead_brake,False,False,False,0,0,26.605354202783204,7.900736332560579,True,False
42,D_CONTRACT_SHIELD,OOD,247,lead_brake,False,False,False,0,0,31.302909914727213,9.171636690075198,True,False
42,D_CONTRACT_SHIELD,OOD,248,lead_brake,False,False,False,0,0,27.405491155142816,8.444503903388977,True,False
42,D_CONTRACT_SHIELD,OOD,249,lead_brake,False,False,False,0,0,23.799953692610085,8.629796696205933,True,False
42,D_CONTRACT_SHIELD,OOD,250,lead_brake,False,False,False,0,0,33.56824572004863,6.482275638108452,True,False
42,D_CONTRACT_SHIELD,OOD,251,lead_brake,False,False,False,0,0,30.840662421073674,7.750933472688,True,False
42,D_CONTRACT_SHIELD,OOD,252,lead_brake,False,False,False,0,0,40.2430499508182,4.748264318332076,True,False
42,D_CONTRACT_SHIELD,OOD,253,lead_brake,False,False,False,0,0,28.702051882296814,7.003075983375311,True,False
42,D_CONTRACT_SHIELD,OOD,254,lead_brake,False,False,False,0,0,28.01485697187172,5.0408192326625185,True,False
42,D_CONTRACT_SHIELD,OOD,255,lead_brake,False,False,False,0,0,34.41429672045007,8.683724310869971,True,False
42,D_CONTRACT_SHIELD,OOD,256,lead_brake,False,False,False,0,0,24.83604124054315,8.096703325708706,True,False
42,D_CONTRACT_SHIELD,OOD,257,lead_brake,False,False,False,0,0,30.817457345493242,8.992393912747502,True,False
42,D_CONTRACT_SHIELD,OOD,258,lead_brake,False,False,False,0,0,23.41906427409259,5.47724837064743,True,False
42,D_CONTRACT_SHIELD,OOD,259,lead_brake,False,False,False,0,0,43.24975763566795,3.441875740264853,True,False
42,D_CONTRACT_SHIELD,OOD,260,lead_brake,False,False,False,0,0,34.653210473378465,4.8028347579141455,True,False
42,D_CONTRACT_SHIELD,OOD,261,lead_brake,False,False,False,0,0,28.608028662326014,6.030877272288004,True,False
42,D_CONTRACT_SHIELD,OOD,262,lead_brake,False,False,False,0,0,38.41622823888774,8.375145062804222,True,False
42,D_CONTRACT_SHIELD,OOD,263,lead_brake,False,False,False,0,0,30.50221562423223,7.1341312651832895,True,False
42,D_CONTRACT_SHIELD,OOD,264,lead_brake,False,False,False,0,0,44.71975387178364,8.47734049273034,True,False
42,D_CONTRACT_SHIELD,OOD,265,lead_brake,False,False,False,0,0,40.21629911909904,8.003933609152833,True,False
42,D_CONTRACT_SHIELD,OOD,266,lead_brake,False,False,False,0,0,32.26935458775586,9.352615972359976,True,False
42,D_CONTRACT_SHIELD,OOD,267,lead_brake,False,False,False,0,0,29.435491342441466,8.579074478397766,True,False
42,D_CONTRACT_SHIELD,OOD,268,lead_brake,False,False,False,0,0,29.072618510271738,9.222143265108267,True,False
42,D_CONTRACT_SHIELD,OOD,269,lead_brake,False,False,False,0,0,31.472767504880938,8.509675521403551,True,False
42,D_CONTRACT_SHIELD,OOD,270,lead_brake,False,False,False,0,0,25.379974410024907,8.346558067326745,True,False
42,D_CONTRACT_SHIELD,OOD,271,lead_brake,False,False,False,0,0,36.26260593415453,4.964733429253101,True,False
42,D_CONTRACT_SHIELD,OOD,272,lead_brake,False,False,False,0,0,34.21488791276866,4.709533881396055,True,False
42,D_CONTRACT_SHIELD,OOD,273,lead_brake,False,False,False,0,0,34.78524010533079,5.6613351578513775,True,False
42,D_CONTRACT_SHIELD,OOD,274,lead_brake,False,False,False,0,0,37.219135517697126,8.835151250163713,True,False
42,D_CONTRACT_SHIELD,OOD,275,lead_brake,False,False,False,0,0,32.95174091228253,6.481719745943943,True,False
42,D_CONTRACT_SHIELD,OOD,276,lead_brake,False,False,False,0,0,28.436882469331163,5.496462280551593,True,False
42,D_CONTRACT_SHIELD,OOD,277,lead_brake,False,False,False,0,0,29.479798031002293,8.5023079191645,True,False
42,D_CONTRACT_SHIELD,OOD,278,lead_brake,False,False,False,0,0,30.014479275456438,5.361542288213968,True,False
42,D_CONTRACT_SHIELD,OOD,279,lead_brake,False,False,False,0,0,38.71702598735688,9.531384197374186,True,False
42,D_CONTRACT_SHIELD,OOD,280,lead_brake,False,False,False,0,0,30.45140719119128,8.928663296004137,True,False
42,D_CONTRACT_SHIELD,OOD,281,lead_brake,False,False,False,0,0,31.309063836932207,7.996743422001599,True,False
42,D_CONTRACT_SHIELD,OOD,282,lead_brake,False,False,False,0,0,32.15508334149224,6.4934715895603095,True,False
42,D_CONTRACT_SHIELD,OOD,283,lead_brake,False,False,False,0,0,36.519141909927114,8.83894823739926,True,False
42,D_CONTRACT_SHIELD,OOD,284,lead_brake,False,False,False,0,0,25.73448822145245,10.404645713046191,True,False
42,D_CONTRACT_SHIELD,OOD,285,lead_brake,False,False,False,0,0,35.26924682004064,6.8183859353885055,True,False
42,D_CONTRACT_SHIELD,OOD,286,lead_brake,False,False,False,0,0,28.978994591239218,5.549064128970105,True,False
42,D_CONTRACT_SHIELD,OOD,287,lead_brake,False,False,False,0,0,32.465720903686915,7.684117586662372,True,False
42,D_CONTRACT_SHIELD,OOD,288,lead_brake,False,False,False,0,0,26.51647571961623,7.59251978682975,True,False
42,D_CONTRACT_SHIELD,OOD,289,lead_brake,False,False,False,0,0,39.82688209290435,5.849212755759557,True,False
42,D_CONTRACT_SHIELD,OOD,290,lead_brake,False,False,False,0,0,33.60507388406904,6.436296379814546,True,False
42,D_CONTRACT_SHIELD,OOD,291,lead_brake,False,False,False,0,0,21.502625074088552,9.09949509302775,True,False
42,D_CONTRACT_SHIELD,OOD,292,lead_brake,False,False,False,0,0,36.07756116642642,5.943825915455818,True,False
42,D_CONTRACT_SHIELD,OOD,293,lead_brake,False,False,False,0,0,25.304743942987354,10.428020378885169,True,False
42,D_CONTRACT_SHIELD,OOD,294,lead_brake,False,False,False,0,0,26.57161117825985,8.078027066464225,True,False
42,D_CONTRACT_SHIELD,OOD,295,lead_brake,False,False,False,0,0,28.144893592745074,4.495187633981307,True,False
42,D_CONTRACT_SHIELD,OOD,296,lead_brake,False,False,False,0,0,35.54215159184503,8.076911273722848,True,False
42,D_CONTRACT_SHIELD,OOD,297,lead_brake,False,False,False,0,0,38.923162682243266,7.689179698005318,True,False
42,D_CONTRACT_SHIELD,OOD,298,lead_brake,False,False,False,0,0,21.09643688994439,8.277457219238082,True,False
42,D_CONTRACT_SHIELD,OOD,299,lead_brake,False,False,False,0,0,25.55443804282104,5.231335038940111,True,False
43,A_STATE,ID,0,crosswalk,False,False,False,0,0,28.607548465056368,1.4270566999912262,True,False
43,A_STATE,ID,1,crosswalk,False,False,False,0,0,37.44445241380807,1.2429503755023081,True,False
43,A_STATE,ID,2,crosswalk,False,False,False,0,0,28.949757798698535,1.4710908422344608,True,False
43,A_STATE,ID,3,crosswalk,False,False,False,0,0,32.648263730284995,1.4707928399244943,True,False
43,A_STATE,ID,4,crosswalk,False,False,False,0,0,34.35149029192034,1.4287826893004503,True,False
43,A_STATE,ID,5,crosswalk,False,False,False,0,0,28.792738269422486,1.245914406397126,True,False
43,A_STATE,ID,6,crosswalk,False,False,False,0,0,35.30230835946494,0.9962891177697615,True,False
43,A_STATE,ID,7,crosswalk,False,False,False,0,0,37.796741634214065,1.3573620654642582,True,False
43,A_STATE,ID,8,crosswalk,False,False,False,0,0,27.609837388041214,1.4084883034229279,True,False
43,A_STATE,ID,9,crosswalk,False,False,False,0,0,33.696033817710976,1.3439839265563271,True,False
43,A_STATE,ID,10,crosswalk,False,False,False,0,0,36.10528876003808,1.3656458388204158,True,False
43,A_STATE,ID,11,crosswalk,False,False,False,0,0,33.42562240596075,1.317206614691278,True,False
43,A_STATE,ID,12,crosswalk,False,False,False,0,0,29.039196988405784,1.083612248301506,True,False
43,A_STATE,ID,13,crosswalk,False,False,False,0,0,31.086804292953246,1.0595902087895765,True,False
43,A_STATE,ID,14,crosswalk,False,False,False,0,0,29.3753873253737,1.4358732029795644,True,False
43,A_STATE,ID,15,crosswalk,False,False,False,0,0,34.26175303206011,0.9338914117087489,True,False
43,A_STATE,ID,16,crosswalk,False,False,False,0,0,26.86154218475003,1.4204954521523583,True,False
43,A_STATE,ID,17,crosswalk,False,False,False,0,0,27.27290751171621,1.4475535091600917,True,False
43,A_STATE,ID,18,crosswalk,False,False,False,0,0,35.179819811588885,1.4238007874651388,True,False
43,A_STATE,ID,19,crosswalk,False,False,False,0,0,39.005608650550286,0.7902686670422554,True,False
43,A_STATE,ID,20,crosswalk,False,False,False,0,0,31.038336804517023,1.2773756469999038,True,False
43,A_STATE,ID,21,crosswalk,False,False,False,0,0,31.14348011637839,1.1409705809571524,True,False
43,A_STATE,ID,22,crosswalk,False,False,False,0,0,27.587470670684993,1.3392437746127446,True,False
43,A_STATE,ID,23,crosswalk,False,False,False,0,0,35.22239895762542,0.8577014404264363,True,False
43,A_STATE,ID,24,crosswalk,False,False,False,0,0,27.321284663156952,1.191550297172446,True,False
43,A_STATE,ID,25,crosswalk,False,False,False,0,0,28.77824485399477,1.1092313627401988,True,False
43,A_STATE,ID,26,crosswalk,False,False,False,0,0,27.83213583857308,1.4068175852298737,True,False
43,A_STATE,ID,27,crosswalk,False,False,False,0,0,32.421455611623415,1.1911427974700928,True,False
43,A_STATE,ID,28,crosswalk,False,False,False,0,0,34.78352746622433,1.3093279606916688,True,False
43,A_STATE,ID,29,crosswalk,False,False,False,0,0,29.523213735614533,1.4038669541478157,True,False
43,A_STATE,ID,30,crosswalk,False,False,False,0,0,33.038053860946,0.9455125033855438,True,False
43,A_STATE,ID,31,crosswalk,False,False,False,0,0,28.075153186365966,1.1817585270513187,True,False
43,A_STATE,ID,32,crosswalk,False,False,False,0,0,38.30109344733188,1.3627928184966245,True,False
43,A_STATE,ID,33,crosswalk,False,False,False,0,0,33.04519360366053,0.8567482910372993,True,False
43,A_STATE,ID,34,crosswalk,False,False,False,0,0,34.90172503723056,1.0532411312063534,True,False
43,A_STATE,ID,35,crosswalk,False,False,False,0,0,28.493938536848752,1.1971530792388048,True,False
43,A_STATE,ID,36,crosswalk,False,False,False,0,0,37.566635927294186,1.0029275715351105,True,False
43,A_STATE,ID,37,crosswalk,False,False,False,0,0,30.883718638541374,1.420226984080814,True,False
43,A_STATE,ID,38,crosswalk,False,False,False,0,0,34.891594418229,1.3837781742863033,True,False
43,A_STATE,ID,39,crosswalk,False,False,False,0,0,28.15355263153232,1.1460915878415108,True,False
43,A_STATE,ID,40,crosswalk,False,False,False,0,0,32.66351926233398,0.8667076055122458,True,False
43,A_STATE,ID,41,crosswalk,False,False,False,0,0,36.32437966361543,1.3269356929737588,True,False
43,A_STATE,ID,42,crosswalk,False,False,False,0,0,37.257410083052655,0.7509422302246094,True,False
43,A_STATE,ID,43,crosswalk,False,False,False,0,0,30.56967069030027,1.4291238217126756,True,False
43,A_STATE,ID,44,crosswalk,False,False,False,0,0,30.80826251818852,1.2333806568668,True,False
43,A_STATE,ID,45,crosswalk,False,False,False,0,0,34.86837943874528,1.056695155178507,True,False
43,A_STATE,ID,46,crosswalk,False,False,False,0,0,31.05591128856077,1.4170371279830023,True,False
43,A_STATE,ID,47,crosswalk,False,False,False,0,0,27.288787884651953,0.8666769936680793,True,False
43,A_STATE,ID,48,crosswalk,False,False,False,0,0,34.254104007385884,0.6376363802701235,True,False
43,A_STATE,ID,49,crosswalk,False,False,False,0,0,37.597031248520906,1.2413140775068947,True,False
43,A_STATE,ID,50,crosswalk,False,False,False,0,0,29.990258534971858,1.3440633788704872,True,False
43,A_STATE,ID,51,crosswalk,False,False,False,0,0,29.556325674464716,0.688362235114688,True,False
43,A_STATE,ID,52,crosswalk,False,False,False,0,0,37.80100718609097,0.9197082310914992,True,False
43,A_STATE,ID,53,crosswalk,False,False,False,0,0,37.02943720729513,1.1078413784503935,True,False
43,A_STATE,ID,54,crosswalk,False,False,False,0,0,36.593945718895235,0.9406495243310927,True,False
43,A_STATE,ID,55,crosswalk,False,False,False,0,0,33.82235306850684,1.3524623079733413,True,False
43,A_STATE,ID,56,crosswalk,False,False,False,0,0,30.857955026342466,1.3666623901753199,True,False
43,A_STATE,ID,57,crosswalk,False,False,False,0,0,32.483513901426136,1.471781510682333,True,False
43,A_STATE,ID,58,crosswalk,False,False,False,0,0,34.88624981994482,1.1692103743553162,True,False
43,A_STATE,ID,59,crosswalk,False,False,False,0,0,35.96385318369159,0.7987024158239364,True,False
43,A_STATE,ID,60,crosswalk,False,False,False,0,0,36.742560337331554,1.3268961384892464,True,False
43,A_STATE,ID,61,crosswalk,False,False,False,0,0,36.604922199801464,0.928928804397583,True,False
43,A_STATE,ID,62,crosswalk,False,False,False,0,0,31.61521117525551,1.4456628121080852,True,False
43,A_STATE,ID,63,crosswalk,False,False,False,0,0,31.209896989376,1.1100965880212328,True,False
43,A_STATE,ID,64,crosswalk,False,False,False,0,0,28.979738535224932,1.2647056207060814,True,False
43,A_STATE,ID,65,crosswalk,False,False,False,0,0,36.96682859178114,1.3009517112125952,True,False
43,A_STATE,ID,66,crosswalk,False,False,False,0,0,32.68789952599134,1.2580310482354389,True,False
43,A_STATE,ID,67,crosswalk,False,False,False,0,0,29.100001236638004,0.8888974040746689,True,False
43,A_STATE,ID,68,crosswalk,False,False,False,0,0,31.219563578338654,0.8399166911840439,True,False
43,A_STATE,ID,69,crosswalk,False,False,False,0,0,30.63000406983518,1.2189514027989428,True,False
43,A_STATE,ID,70,crosswalk,False,False,False,0,0,38.67824255876842,1.2187581695616245,True,False
43,A_STATE,ID,71,crosswalk,False,False,False,0,0,34.87433063938218,0.78174052760005,True,False
43,A_STATE,ID,72,crosswalk,False,False,False,0,0,35.222332877890665,0.6539616118306698,True,False
43,A_STATE,ID,73,crosswalk,False,False,False,0,0,32.55011358556362,1.2649922547015275,True,False
43,A_STATE,ID,74,crosswalk,False,False,False,0,0,35.51030894950041,0.6327535535978235,True,False
43,A_STATE,ID,75,crosswalk,False,False,False,0,0,34.25118614046521,1.3711311024698343,True,False
43,A_STATE,ID,76,crosswalk,False,False,False,0,0,35.65255814796896,0.835341140627861,True,False
43,A_STATE,ID,77,crosswalk,False,False,False,0,0,35.22666744311528,1.4414400844411415,True,False
43,A_STATE,ID,78,crosswalk,False,False,False,0,0,33.90776366378675,1.2218142487108707,True,False
43,A_STATE,ID,79,crosswalk,False,False,False,0,0,34.58126181530474,1.2974022976730182,True,False
43,A_STATE,ID,80,crosswalk,False,False,False,0,0,30.23334572386578,0.8529213532095864,True,False
43,A_STATE,ID,81,crosswalk,False,False,False,0,0,32.19261545417721,1.4620828486624218,True,False
43,A_STATE,ID,82,crosswalk,False,False,False,0,0,36.55513255098843,1.3167964046200116,True,False
43,A_STATE,ID,83,crosswalk,False,False,False,0,0,38.17367024908779,0.5431633557264621,True,False
43,A_STATE,ID,84,crosswalk,False,False,False,0,0,31.819090656574737,1.1008943228617958,True,False
43,A_STATE,ID,85,crosswalk,False,False,False,0,0,33.301886903573646,1.0118385505947198,True,False
43,A_STATE,ID,86,crosswalk,False,False,False,0,0,28.888129963730716,1.3914103167397633,True,False
43,A_STATE,ID,87,crosswalk,False,False,False,0,0,34.749074538844994,1.4527253913027898,True,False
43,A_STATE,ID,88,crosswalk,False,False,False,0,0,30.037815381573147,1.3960022585732594,True,False
43,A_STATE,ID,89,crosswalk,False,False,False,0,0,33.77503690599206,0.5927909068439318,True,False
43,A_STATE,ID,90,crosswalk,False,False,False,0,0,29.116907420000814,0.839790893452508,True,False
43,A_STATE,ID,91,crosswalk,False,False,False,0,0,28.24051531586845,1.298939890804745,True,False
43,A_STATE,ID,92,crosswalk,False,False,False,0,0,38.716179883586925,1.351166610484538,True,False
43,A_STATE,ID,93,crosswalk,False,False,False,0,0,30.680466416883696,1.2156137240969616,True,False
43,A_STATE,ID,94,crosswalk,False,False,False,0,0,31.446043458412156,1.3125170057728177,True,False
43,A_STATE,ID,95,crosswalk,False,False,False,0,0,30.93080151035915,0.5851290273395451,True,False
43,A_STATE,ID,96,crosswalk,False,False,False,0,0,28.608852904183586,1.372755914926529,True,False
43,A_STATE,ID,97,crosswalk,False,False,False,0,0,37.691105574681984,0.9578302932473328,True,False
43,A_STATE,ID,98,crosswalk,False,False,False,0,0,30.02793850147106,1.5380132904178216,True,False
43,A_STATE,ID,99,crosswalk,False,False,False,0,0,30.712339535504064,1.1746672242879868,True,False
43,A_STATE,ID,100,stop_intersection,False,False,False,0,1,26.453114482332893,1.3073347226993455,True,False
43,A_STATE,ID,101,stop_intersection,False,False,False,0,1,31.751688311114076,1.1562944026220412,True,False
43,A_STATE,ID,102,stop_intersection,False,False,False,0,1,26.575332507450767,1.3331475773373165,True,False
43,A_STATE,ID,103,stop_intersection,False,False,False,0,1,29.340141284793823,1.2306368198150242,True,False
43,A_STATE,ID,104,stop_intersection,False,False,False,0,1,27.470822449599765,1.1524370163679123,True,False
43,A_STATE,ID,105,stop_intersection,False,False,False,0,1,31.566151489485513,1.1233454658871604,True,False
43,A_STATE,ID,106,stop_intersection,False,False,False,0,1,32.61746482831917,1.1294641051181527,True,False
43,A_STATE,ID,107,stop_intersection,False,False,False,0,1,30.50030338575507,1.3266293360636785,True,False
43,A_STATE,ID,108,stop_intersection,False,False,False,0,1,32.428517861847254,1.299239158630371,True,False
43,A_STATE,ID,109,stop_intersection,False,False,False,0,1,33.781079943217605,1.1796731172606,True,False
43,A_STATE,ID,110,stop_intersection,False,False,False,0,1,29.260106476318143,1.3202031505735297,True,False
43,A_STATE,ID,111,stop_intersection,False,False,False,0,1,36.083529516296,1.2151958221612973,True,False
43,A_STATE,ID,112,stop_intersection,False,False,False,0,1,36.17132673214214,1.2847389731296273,True,False
43,A_STATE,ID,113,stop_intersection,False,False,False,0,1,35.91398883790881,1.2717947294545728,True,False
43,A_STATE,ID,114,stop_intersection,False,False,False,0,1,35.76144515394432,1.300798072371372,True,False
43,A_STATE,ID,115,stop_intersection,False,False,False,0,1,37.33182701924821,1.234687469726385,True,False
43,A_STATE,ID,116,stop_intersection,False,False,False,0,1,31.42402690630105,1.3390159454101171,True,False
43,A_STATE,ID,117,stop_intersection,False,False,False,0,1,27.945661990943364,1.2640663446524205,True,False
43,A_STATE,ID,118,stop_intersection,False,False,False,0,1,31.956384943965087,1.3311353402260022,True,False
43,A_STATE,ID,119,stop_intersection,False,False,False,0,1,35.11843170682149,1.2445049200739178,True,False
43,A_STATE,ID,120,stop_intersection,False,False,False,0,1,37.52791793544732,1.5137417401586257,True,False
43,A_STATE,ID,121,stop_intersection,False,False,False,0,1,36.45518447184126,1.2561696342059543,True,False
43,A_STATE,ID,122,stop_intersection,False,False,False,0,1,32.92813873917033,1.1202177336049635,True,False
43,A_STATE,ID,123,stop_intersection,False,False,False,0,1,26.841841317006864,1.297442349227699,True,False
43,A_STATE,ID,124,stop_intersection,False,False,False,0,1,34.181750647656585,1.1935997009277344,True,False
43,A_STATE,ID,125,stop_intersection,False,False,False,0,1,35.641523930848614,1.245288039956774,True,False
43,A_STATE,ID,126,stop_intersection,False,False,False,0,1,38.68215352102332,1.1656703419155545,True,False
43,A_STATE,ID,127,stop_intersection,False,False,False,0,1,27.426326054591964,1.2777348882273623,True,False
43,A_STATE,ID,128,stop_intersection,False,False,False,0,1,33.66452161958068,1.265174092316046,True,False
43,A_STATE,ID,129,stop_intersection,False,False,False,0,1,35.19057119339169,1.272865675744556,True,False
43,A_STATE,ID,130,stop_intersection,False,False,False,0,1,26.916971413827042,1.1921500242673433,True,False
43,A_STATE,ID,131,stop_intersection,False,False,False,0,1,28.129257082242177,1.3929694890975952,True,False
43,A_STATE,ID,132,stop_intersection,False,False,False,0,1,32.876499262886114,1.2967177135188404,True,False
43,A_STATE,ID,133,stop_intersection,False,False,False,0,1,30.72854789116165,1.1562395241202377,True,False
43,A_STATE,ID,134,stop_intersection,False,False,False,0,1,38.50923727194356,1.397848440842195,True,False
43,A_STATE,ID,135,stop_intersection,False,False,False,0,1,31.95826897554702,1.2973051965236664,True,False
43,A_STATE,ID,136,stop_intersection,False,False,False,0,1,36.14282701159212,1.1596913229335437,True,False
43,A_STATE,ID,137,stop_intersection,False,False,False,0,1,31.531186843243937,1.2197650641929811,True,False
43,A_STATE,ID,138,stop_intersection,False,False,False,0,1,33.0331740983798,1.1869294870467413,True,False
43,A_STATE,ID,139,stop_intersection,False,False,False,0,1,30.9827250471141,1.2131488919258118,True,False
43,A_STATE,ID,140,stop_intersection,False,False,False,0,1,38.20769843919898,1.1957352057747217,True,False
43,A_STATE,ID,141,stop_intersection,False,False,False,0,1,37.55698483933041,1.537790773879914,True,False
43,A_STATE,ID,142,stop_intersection,False,False,False,0,1,35.45060088756252,1.1905561523004011,True,False
43,A_STATE,ID,143,stop_intersection,False,False,False,0,1,26.706477175617394,1.33740251128738,True,False
43,A_STATE,ID,144,stop_intersection,False,False,False,0,1,29.27075730887347,1.1647182255983353,True,False
43,A_STATE,ID,145,stop_intersection,False,False,False,0,1,36.30777483327435,1.2535904418854487,True,False
43,A_STATE,ID,146,stop_intersection,False,False,False,0,1,36.42624823885844,1.1206106609768336,True,False
43,A_STATE,ID,147,stop_intersection,False,False,False,0,1,31.767531044697144,1.222563647642368,True,False
43,A_STATE,ID,148,stop_intersection,False,False,False,0,1,33.497470226676185,1.24861322698139,True,False
43,A_STATE,ID,149,stop_intersection,False,False,False,0,1,36.253390123069245,1.5573911259814006,True,False
43,A_STATE,ID,150,stop_intersection,False,False,False,0,1,34.397247351095146,1.3072841791879564,True,False
43,A_STATE,ID,151,stop_intersection,False,False,False,0,1,27.48987959573048,1.349764836801065,True,False
43,A_STATE,ID,152,stop_intersection,False,False,False,0,1,28.087507784326732,1.2627401634266502,True,False
43,A_STATE,ID,153,stop_intersection,False,False,False,0,1,34.329069003623054,1.2703168537558578,True,False
43,A_STATE,ID,154,stop_intersection,False,False,False,0,1,34.79427586542148,1.2083111530126527,True,False
43,A_STATE,ID,155,stop_intersection,False,False,False,0,1,29.836331308431944,1.2506179167674139,True,False
43,A_STATE,ID,156,stop_intersection,False,False,False,0,1,33.54012414869718,1.1060762947255913,True,False
43,A_STATE,ID,157,stop_intersection,False,False,False,0,1,36.075078599321905,1.281488912050114,True,False
43,A_STATE,ID,158,stop_intersection,False,False,False,0,1,35.53288781176245,1.2496736929530188,True,False
43,A_STATE,ID,159,stop_intersection,False,False,False,0,1,31.371927973813484,1.2743176668882368,True,False
43,A_STATE,ID,160,stop_intersection,False,False,False,0,1,38.58863048599839,1.5623290765853153,True,False
43,A_STATE,ID,161,stop_intersection,False,False,False,0,1,30.653165905614888,1.313008604905544,True,False
43,A_STATE,ID,162,stop_intersection,False,False,False,0,1,37.23482986826189,1.2628180923916044,True,False
43,A_STATE,ID,163,stop_intersection,False,False,False,0,1,32.58995029036923,1.3007622063159943,True,False
43,A_STATE,ID,164,stop_intersection,False,False,False,0,1,27.805290439209607,1.2655583494587948,True,False
43,A_STATE,ID,165,stop_intersection,False,False,False,0,1,33.16144873381371,1.3145015835762024,True,False
43,A_STATE,ID,166,stop_intersection,False,False,False,0,1,38.64347388093261,1.2393534460733102,True,False
43,A_STATE,ID,167,stop_intersection,False,False,False,0,1,28.536204409693454,1.2441418109795985,True,False
43,A_STATE,ID,168,stop_intersection,False,False,False,0,1,35.38089250939434,1.187336333962374,True,False
43,A_STATE,ID,169,stop_intersection,False,False,False,0,1,35.413786227602664,1.4986245515869883,True,False
43,A_STATE,ID,170,stop_intersection,False,False,False,0,1,30.16892299394396,1.2223424315452576,True,False
43,A_STATE,ID,171,stop_intersection,False,False,False,0,1,29.595157956728414,1.327968584863763,True,False
43,A_STATE,ID,172,stop_intersection,False,False,False,0,1,28.509993954302974,1.309253604788529,True,False
43,A_STATE,ID,173,stop_intersection,False,False,False,0,1,28.329110012648606,1.2564062002377632,True,False
43,A_STATE,ID,174,stop_intersection,False,False,False,0,1,34.51926421975979,1.1427083611488342,True,False
43,A_STATE,ID,175,stop_intersection,False,False,False,0,1,27.52584001991982,1.1913190896694477,True,False
43,A_STATE,ID,176,stop_intersection,False,False,False,0,1,36.65552444523675,1.3330217294914777,True,False
43,A_STATE,ID,177,stop_intersection,False,False,False,0,1,30.644955858827373,1.3048507158572857,True,False
43,A_STATE,ID,178,stop_intersection,False,False,False,0,1,28.80918720238235,1.1710328012704847,True,False
43,A_STATE,ID,179,stop_intersection,False,False,False,0,1,30.231919764933473,1.1428461714488702,True,False
43,A_STATE,ID,180,stop_intersection,False,False,False,0,1,31.868448623394038,1.29712538421154,True,False
43,A_STATE,ID,181,stop_intersection,False,False,False,0,1,35.51225001282056,1.3716194743201844,True,False
43,A_STATE,ID,182,stop_intersection,False,False,False,0,1,30.89458292776205,1.2380589246749878,True,False
43,A_STATE,ID,183,stop_intersection,False,False,False,0,1,35.58232913014008,1.2503373068432473,True,False
43,A_STATE,ID,184,stop_intersection,False,False,False,0,1,33.893013325689886,1.1739751904509788,True,False
43,A_STATE,ID,185,stop_intersection,False,False,False,0,1,36.98124379392279,1.3679305619971696,True,False
43,A_STATE,ID,186,stop_intersection,False,False,False,0,1,35.27968598591592,1.1391169230143228,True,False
43,A_STATE,ID,187,stop_intersection,False,False,False,0,1,37.56685808495841,1.5371547639369965,True,False
43,A_STATE,ID,188,stop_intersection,False,False,False,0,1,29.86888399362256,1.2033286392688751,True,False
43,A_STATE,ID,189,stop_intersection,False,False,False,0,1,35.526666460792526,1.1826793537583462,True,False
43,A_STATE,ID,190,stop_intersection,False,False,False,0,1,36.08251364695216,1.1592086878689851,True,False
43,A_STATE,ID,191,stop_intersection,False,False,False,0,1,31.893694990619053,1.2260196848613458,True,False
43,A_STATE,ID,192,stop_intersection,False,False,False,0,1,31.594216943001953,1.3214165889299834,True,False
43,A_STATE,ID,193,stop_intersection,False,False,False,0,1,29.286100972947896,1.2558076167717958,True,False
43,A_STATE,ID,194,stop_intersection,False,False,False,0,1,30.315814119988445,1.2897284367145636,True,False
43,A_STATE,ID,195,stop_intersection,False,False,False,0,1,35.50053129674959,1.1573144522580232,True,False
43,A_STATE,ID,196,stop_intersection,False,False,False,0,1,28.55893129588452,1.287527940212152,True,False
43,A_STATE,ID,197,stop_intersection,False,False,False,0,1,28.002764188381665,1.2477326698792286,True,False
43,A_STATE,ID,198,stop_intersection,False,False,False,0,1,28.309672539287277,1.2074080407619476,True,False
43,A_STATE,ID,199,stop_intersection,False,False,False,0,1,37.94726835962183,1.4479733364922658,True,False
43,A_STATE,ID,200,lead_brake,False,False,False,0,0,76.15894762867786,0.25703048457702,True,False
43,A_STATE,ID,201,lead_brake,False,False,False,0,0,84.20896862279513,0.32267940789461136,True,False
43,A_STATE,ID,202,lead_brake,False,False,False,0,0,63.92850565617751,0.3486189618706703,True,False
43,A_STATE,ID,203,lead_brake,False,False,False,0,0,62.10523012326101,0.4215596864620844,True,False
43,A_STATE,ID,204,lead_brake,False,False,False,0,0,86.15954305887217,0.29202044258515036,True,False
43,A_STATE,ID,205,lead_brake,False,False,False,0,0,62.73846642009266,0.9637834429740906,True,False
43,A_STATE,ID,206,lead_brake,False,False,False,0,0,75.98005904315767,0.47157254070043564,True,False
43,A_STATE,ID,207,lead_brake,False,False,False,0,0,73.52535474136289,0.2344396909077962,True,False
43,A_STATE,ID,208,lead_brake,False,False,False,0,0,78.20189810611227,0.2802710235118866,True,False
43,A_STATE,ID,209,lead_brake,False,False,False,0,0,59.6397931469485,1.1084120894471803,True,False
43,A_STATE,ID,210,lead_brake,False,False,False,0,0,62.35098657085813,0.374418519437313,True,False
43,A_STATE,ID,211,lead_brake,False,False,False,0,0,77.42989432354317,0.23423311859369278,True,False
43,A_STATE,ID,212,lead_brake,False,False,False,0,0,77.9215468799684,0.3621156165997187,True,False
43,A_STATE,ID,213,lead_brake,False,False,False,0,0,54.28449809013177,2.5856081197659173,True,False
43,A_STATE,ID,214,lead_brake,False,False,False,0,0,91.80273748741027,0.23556529978911078,True,False
43,A_STATE,ID,215,lead_brake,False,False,False,0,0,66.22502417039706,0.3716576720277468,True,False
43,A_STATE,ID,216,lead_brake,False,False,False,0,0,60.09763597641496,1.869505854944388,True,False
43,A_STATE,ID,217,lead_brake,False,False,False,0,0,60.25879648122177,2.9530238627145686,True,False
43,A_STATE,ID,218,lead_brake,False,False,False,0,0,62.03730822874403,0.3801436653981606,True,False
43,A_STATE,ID,219,lead_brake,False,False,False,0,0,76.10169693879661,0.2809481198589007,True,False
43,A_STATE,ID,220,lead_brake,False,False,False,0,0,54.74597961777041,2.475310873240232,True,False
43,A_STATE,ID,221,lead_brake,False,False,False,0,0,52.80329607878562,5.06746448079745,True,False
43,A_STATE,ID,222,lead_brake,False,False,False,0,0,83.18725232852303,0.2417079620063305,True,False
43,A_STATE,ID,223,lead_brake,False,False,False,0,0,66.84157227179114,0.40869272500276566,True,False
43,A_STATE,ID,224,lead_brake,False,False,False,0,0,70.94878394348346,0.526427815357844,True,False
43,A_STATE,ID,225,lead_brake,False,False,False,0,0,95.34305051833387,0.2557111630837122,True,False
43,A_STATE,ID,226,lead_brake,False,False,False,0,0,65.11779068066674,0.42857665320237476,True,False
43,A_STATE,ID,227,lead_brake,False,False,False,0,0,97.16128644609488,0.27724678814411163,True,False
43,A_STATE,ID,228,lead_brake,False,False,False,0,0,74.27437562937843,0.4697546710570653,True,False
43,A_STATE,ID,229,lead_brake,False,False,False,0,0,68.82545929755784,1.4615134870012598,True,False
43,A_STATE,ID,230,lead_brake,False,False,False,0,0,84.38913909435276,0.1834496632218361,True,False
43,A_STATE,ID,231,lead_brake,False,False,False,0,0,93.66678721010564,0.18104543536901474,True,False
43,A_STATE,ID,232,lead_brake,False,False,False,0,0,78.15453331001257,0.5949066927035649,True,False
43,A_STATE,ID,233,lead_brake,False,False,False,0,0,60.80526522790733,0.7981782058874766,True,False
43,A_STATE,ID,234,lead_brake,False,False,False,0,0,64.7462749129242,0.9675141423940659,True,False
43,A_STATE,ID,235,lead_brake,False,False,False,0,0,94.69175358455314,0.21693228185176847,True,False
43,A_STATE,ID,236,lead_brake,False,False,False,0,0,75.9093160707366,0.2554164032141367,True,False
43,A_STATE,ID,237,lead_brake,False,False,False,0,0,55.886325284676666,1.528375747303168,True,False
43,A_STATE,ID,238,lead_brake,False,False,False,0,0,72.89979521456492,1.1291812856992085,True,False
43,A_STATE,ID,239,lead_brake,False,False,False,0,0,75.07421490975668,0.4103239700198173,True,False
43,A_STATE,ID,240,lead_brake,False,False,False,0,0,73.77745890253433,0.5020471302171547,True,False
43,A_STATE,ID,241,lead_brake,False,False,False,0,0,55.103987505230016,1.6667649460335572,True,False
43,A_STATE,ID,242,lead_brake,False,False,False,0,0,92.2097928266113,0.24363604187965393,True,False
43,A_STATE,ID,243,lead_brake,False,False,False,0,0,93.87265109157872,0.3028179481625557,True,False
43,A_STATE,ID,244,lead_brake,False,False,False,0,0,60.6966704857288,1.1085711965958276,True,False
43,A_STATE,ID,245,lead_brake,False,False,False,0,0,68.06824040823766,0.6067261652400096,True,False
43,A_STATE,ID,246,lead_brake,False,False,False,0,0,69.71147327944728,0.24410684903462726,True,False
43,A_STATE,ID,247,lead_brake,False,False,False,0,0,67.61087463529263,0.31704247991244,True,False
43,A_STATE,ID,248,lead_brake,False,False,False,0,0,56.973685650541306,5.628988437354565,True,False
43,A_STATE,ID,249,lead_brake,False,False,False,0,0,60.56065703009067,0.9043947209914525,True,False
43,A_STATE,ID,250,lead_brake,False,False,False,0,0,62.69612096024334,0.7645407319068909,True,False
43,A_STATE,ID,251,lead_brake,False,False,False,0,0,63.48593109359917,3.05307471131285,True,False
43,A_STATE,ID,252,lead_brake,False,False,False,0,0,81.97346704346765,0.23156098773082098,True,False
43,A_STATE,ID,253,lead_brake,False,False,False,0,0,90.49211598448234,0.15229312578837076,True,False
43,A_STATE,ID,254,lead_brake,False,False,False,0,0,57.55267820575004,1.0904318851729233,True,False
43,A_STATE,ID,255,lead_brake,False,False,False,0,0,69.31686114377797,0.5342419445514679,True,False
43,A_STATE,ID,256,lead_brake,False,False,False,0,0,61.07020562478382,0.6618906756242117,True,False
43,A_STATE,ID,257,lead_brake,False,False,False,0,0,95.24315276924563,0.2558999309937159,True,False
43,A_STATE,ID,258,lead_brake,False,False,False,0,0,71.6535001622745,0.31557069222132367,True,False
43,A_STATE,ID,259,lead_brake,False,False,False,0,0,95.93235365957025,0.09418627619743347,True,False
43,A_STATE,ID,260,lead_brake,False,False,False,0,0,57.23017208829812,3.585884366184473,True,False
43,A_STATE,ID,261,lead_brake,False,False,False,0,0,68.67019678580183,0.5321815013885498,True,False
43,A_STATE,ID,262,lead_brake,False,False,False,0,0,54.371062440899344,1.1626044114430745,True,False
43,A_STATE,ID,263,lead_brake,False,False,False,0,0,60.465664691062635,1.692387916147709,True,False
43,A_STATE,ID,264,lead_brake,False,False,False,0,0,93.41161223649212,0.342265710234642,True,False
43,A_STATE,ID,265,lead_brake,False,False,False,0,0,86.80280693688005,0.21810586502154666,True,False
43,A_STATE,ID,266,lead_brake,False,False,False,0,0,66.49777046515631,0.274776816368103,True,False
43,A_STATE,ID,267,lead_brake,False,False,False,0,0,79.68033334093984,0.26688291629155475,True,False
43,A_STATE,ID,268,lead_brake,False,False,False,0,0,60.782254611947046,0.6850848570466042,True,False
43,A_STATE,ID,269,lead_brake,False,False,False,0,0,70.11040837858052,0.7242604121565818,True,False
43,A_STATE,ID,270,lead_brake,False,False,False,0,0,78.79024037001524,2.6631354242563248,True,False
43,A_STATE,ID,271,lead_brake,False,False,False,0,0,69.25867028131033,0.7202993569274743,True,False
43,A_STATE,ID,272,lead_brake,False,False,False,0,0,87.19587625831188,0.23191778858502704,True,False
43,A_STATE,ID,273,lead_brake,False,False,False,0,0,61.22584411928502,0.7939284704625607,True,False
43,A_STATE,ID,274,lead_brake,False,False,False,0,0,95.13002058790333,0.2999163915713628,True,False
43,A_STATE,ID,275,lead_brake,False,False,False,0,0,85.14190252542494,0.2058424105246862,True,False
43,A_STATE,ID,276,lead_brake,False,False,False,0,0,59.62417006188984,0.35676090667645133,True,False
43,A_STATE,ID,277,lead_brake,False,False,False,0,0,76.45458491428461,0.1854147935907046,True,False
43,A_STATE,ID,278,lead_brake,False,False,False,0,0,81.28398772445573,0.23372733096281686,True,False
43,A_STATE,ID,279,lead_brake,False,False,False,0,0,90.81479102446505,0.27420928825934726,True,False
43,A_STATE,ID,280,lead_brake,False,False,False,0,0,81.93400402387344,0.20469282815853754,True,False
43,A_STATE,ID,281,lead_brake,False,False,False,0,0,82.5730782529311,0.2175844684243202,True,False
43,A_STATE,ID,282,lead_brake,False,False,False,0,0,87.55917200745131,0.21173520882924396,True,False
43,A_STATE,ID,283,lead_brake,False,False,False,0,0,56.43710918511832,2.457754055658976,True,False
43,A_STATE,ID,284,lead_brake,False,False,False,0,0,85.20399065285928,0.28709768752257026,True,False
43,A_STATE,ID,285,lead_brake,False,False,False,0,0,70.87707345504482,1.2437030946214993,True,False
43,A_STATE,ID,286,lead_brake,False,False,False,0,0,92.27896847545482,0.23172253370285034,True,False
43,A_STATE,ID,287,lead_brake,False,False,False,0,0,75.80373707287858,0.6250307696561017,True,False
43,A_STATE,ID,288,lead_brake,False,False,False,0,0,67.82008223134534,0.5133485918243726,True,False
43,A_STATE,ID,289,lead_brake,False,False,False,0,0,61.06010904823368,0.9662445137898127,True,False
43,A_STATE,ID,290,lead_brake,False,False,False,0,0,95.42487716511393,0.2978441094358762,True,False
43,A_STATE,ID,291,lead_brake,False,False,False,0,0,76.89419757530052,0.22851269443829855,True,False
43,A_STATE,ID,292,lead_brake,False,False,False,0,0,73.63822935827027,0.26627099514007563,True,False
43,A_STATE,ID,293,lead_brake,False,False,False,0,0,80.4868495264705,0.26182022939125693,True,False
43,A_STATE,ID,294,lead_brake,False,False,False,0,0,60.38212354038446,0.26617867747942603,True,False
43,A_STATE,ID,295,lead_brake,False,False,False,0,0,82.22142990063907,0.25851555416981375,True,False
43,A_STATE,ID,296,lead_brake,False,False,False,0,0,61.039836928119875,0.6153039758404096,True,False
43,A_STATE,ID,297,lead_brake,False,False,False,0,0,74.84381401288329,0.22804930806159973,True,False
43,A_STATE,ID,298,lead_brake,False,False,False,0,0,93.83151288550151,0.189085120956103,True,False
43,A_STATE,ID,299,lead_brake,False,False,False,0,0,67.57553036299748,0.606757290661335,True,False
43,A_STATE,OOD,0,crosswalk,True,True,False,0,0,30.335459841028623,1.8050281317145735,True,True
43,A_STATE,OOD,1,crosswalk,False,False,False,0,0,31.506841741978405,1.004683654755354,True,False
43,A_STATE,OOD,2,crosswalk,True,True,False,0,0,23.45137962894517,0.8405462072955237,True,True
43,A_STATE,OOD,3,crosswalk,True,True,False,0,0,30.417423339428673,1.4197999961448438,True,True
43,A_STATE,OOD,4,crosswalk,True,True,False,0,0,25.261267993641283,1.3704241067171097,True,True
43,A_STATE,OOD,5,crosswalk,True,True,False,0,0,25.296435730842667,2.0215437412261963,True,True
43,A_STATE,OOD,6,crosswalk,True,True,False,0,0,20.521496374046315,1.6462731299300988,True,True
43,A_STATE,OOD,7,crosswalk,True,True,False,0,0,22.22365326060276,1.6438011939709,True,True
43,A_STATE,OOD,8,crosswalk,True,True,False,0,0,30.217069125169616,0.9163673605237688,True,True
43,A_STATE,OOD,9,crosswalk,True,True,False,0,0,29.65985558691281,1.4936607883822532,True,True
43,A_STATE,OOD,10,crosswalk,True,True,False,0,0,26.43394744952664,1.4603980895011655,True,True
43,A_STATE,OOD,11,crosswalk,True,True,False,0,0,24.336949883153252,1.7342641491156356,True,True
43,A_STATE,OOD,12,crosswalk,True,True,False,0,0,27.715056498621983,1.193677932024002,True,True
43,A_STATE,OOD,13,crosswalk,True,True,False,0,0,23.284679737363987,1.9245697557926178,True,True
43,A_STATE,OOD,14,crosswalk,False,False,False,0,0,31.52399440406286,0.982317889437956,True,False
43,A_STATE,OOD,15,crosswalk,True,True,False,0,0,22.701719237392957,1.478320084236286,True,True
43,A_STATE,OOD,16,crosswalk,True,True,False,0,0,22.50878540608688,1.7974306986882134,True,True
43,A_STATE,OOD,17,crosswalk,True,True,False,0,0,21.058296429716968,0.8624577171662274,True,True
43,A_STATE,OOD,18,crosswalk,True,True,False,0,0,22.73662013132645,0.8979781285712592,True,True
43,A_STATE,OOD,19,crosswalk,True,True,False,0,0,21.930880094856683,1.9442540655533471,True,True
43,A_STATE,OOD,20,crosswalk,True,True,False,0,0,30.1118713211683,0.9863310210082841,True,True
43,A_STATE,OOD,21,crosswalk,True,True,False,0,0,21.98652712771676,1.8490441078725066,True,True
43,A_STATE,OOD,22,crosswalk,True,True,False,0,0,21.017037288142312,1.7747125836710134,True,True
43,A_STATE,OOD,23,crosswalk,True,True,False,0,0,29.28425263360213,1.518560109599944,True,True
43,A_STATE,OOD,24,crosswalk,True,True,False,0,0,22.906555945727035,1.4618521928787231,True,True
43,A_STATE,OOD,25,crosswalk,True,True,False,0,0,22.437532983372066,0.7817048623281366,True,True
43,A_STATE,OOD,26,crosswalk,True,True,False,0,0,22.610466122513337,0.9261670957008997,True,True
43,A_STATE,OOD,27,crosswalk,True,True,False,0,0,29.2685761601022,1.7913290645395004,True,True
43,A_STATE,OOD,28,crosswalk,True,True,False,0,0,31.71226793084504,1.6703196229605837,True,True
43,A_STATE,OOD,29,crosswalk,True,True,False,0,0,29.611479882940902,1.1391885450908117,True,True
43,A_STATE,OOD,30,crosswalk,False,False,False,0,0,29.63718686895195,1.2802056151051673,True,False
43,A_STATE,OOD,31,crosswalk,True,True,False,0,0,23.12527437698575,1.3332757353782654,True,True
43,A_STATE,OOD,32,crosswalk,True,True,False,0,0,27.90881090567813,1.7986788241951552,True,True
43,A_STATE,OOD,33,crosswalk,True,True,False,0,0,26.29981200901296,1.8763164946666129,True,True
43,A_STATE,OOD,34,crosswalk,True,True,False,0,0,25.205374647016953,0.9122721141292935,True,True
43,A_STATE,OOD,35,crosswalk,True,True,False,0,0,22.41491766991785,1.454622622193961,True,True
43,A_STATE,OOD,36,crosswalk,True,True,False,0,0,21.00877175368783,1.447911863880498,True,True
43,A_STATE,OOD,37,crosswalk,True,True,False,0,0,22.878350200002302,1.9273672591556201,True,True
43,A_STATE,OOD,38,crosswalk,True,True,False,0,0,21.581664493451825,0.8653164654970169,True,True
43,A_STATE,OOD,39,crosswalk,True,True,False,0,0,30.18664094493141,1.7124184555020823,True,True
43,A_STATE,OOD,40,crosswalk,True,True,False,0,0,21.789011993186673,1.5180885153157369,True,True
43,A_STATE,OOD,41,crosswalk,True,True,False,0,0,24.062596065550494,0.9466184518839184,True,True
43,A_STATE,OOD,42,crosswalk,True,True,False,0,0,24.642407288962676,1.6680688107455217,True,True
43,A_STATE,OOD,43,crosswalk,True,True,False,0,0,20.590819876810816,0.784781901165843,True,True
43,A_STATE,OOD,44,crosswalk,True,True,False,0,0,31.742612939947485,0.9848990229268868,True,True
43,A_STATE,OOD,45,crosswalk,True,True,False,0,0,21.917489515881414,1.3310468221704166,True,True
43,A_STATE,OOD,46,crosswalk,True,True,False,0,0,30.99617989480265,0.8963985383510589,True,True
43,A_STATE,OOD,47,crosswalk,True,True,False,0,0,24.261486557342568,1.7645497292280194,True,True
43,A_STATE,OOD,48,crosswalk,True,True,False,0,0,27.727501688900247,1.1889008364894171,True,True
43,A_STATE,OOD,49,crosswalk,True,True,False,0,0,26.290218192859342,1.4920828465757698,True,True
43,A_STATE,OOD,50,crosswalk,False,False,False,0,0,27.91246429890002,1.4367832676056893,True,False
43,A_STATE,OOD,51,crosswalk,True,True,False,0,0,27.10624931943098,1.5371551513671873,True,True
43,A_STATE,OOD,52,crosswalk,True,True,False,0,0,21.98460204775194,1.5503439486026762,True,True
43,A_STATE,OOD,53,crosswalk,True,True,False,0,0,21.833449908936394,0.8376912290559094,True,True
43,A_STATE,OOD,54,crosswalk,True,True,False,0,0,26.240770326034124,1.2747794931585137,True,True
43,A_STATE,OOD,55,crosswalk,True,True,False,0,0,30.37217366227423,1.4925294729971117,True,True
43,A_STATE,OOD,56,crosswalk,True,True,False,0,0,22.9290208830308,1.886290036714994,True,True
43,A_STATE,OOD,57,crosswalk,True,True,False,0,0,21.646862715285483,1.5714917801044606,True,True
43,A_STATE,OOD,58,crosswalk,True,True,False,0,0,28.88387075722467,1.7393510788679123,True,True
43,A_STATE,OOD,59,crosswalk,True,True,False,0,0,23.131814759660998,1.6909925353068571,True,True
43,A_STATE,OOD,60,crosswalk,True,True,False,0,0,28.0140941094706,1.2200674130803062,True,True
43,A_STATE,OOD,61,crosswalk,True,True,False,0,0,23.32458895040062,0.9276447249086279,True,True
43,A_STATE,OOD,62,crosswalk,True,True,False,0,0,28.182698063854588,0.9751429137858477,True,True
43,A_STATE,OOD,63,crosswalk,True,True,False,0,0,21.457863648556806,0.895716208550665,True,True
43,A_STATE,OOD,64,crosswalk,True,True,False,0,0,24.161189306749062,1.6870652304755318,True,True
43,A_STATE,OOD,65,crosswalk,True,True,False,0,0,30.507172028897145,0.9472007987399895,True,True
43,A_STATE,OOD,66,crosswalk,True,True,False,0,0,21.247118699916932,1.6787757250395687,True,True
43,A_STATE,OOD,67,crosswalk,True,True,False,0,0,27.870839523788618,1.504300316174825,True,True
43,A_STATE,OOD,68,crosswalk,True,True,False,0,0,20.639818489933774,0.8631420749075271,True,True
43,A_STATE,OOD,69,crosswalk,True,True,False,0,0,25.30889099453775,1.2036385983228683,True,True
43,A_STATE,OOD,70,crosswalk,True,True,False,0,0,22.485999302901412,1.48418122695552,True,True
43,A_STATE,OOD,71,crosswalk,True,True,False,0,0,28.393475460908164,1.4410295151174068,True,True
43,A_STATE,OOD,72,crosswalk,True,True,False,0,0,23.57470116394932,0.9182691495669515,True,True
43,A_STATE,OOD,73,crosswalk,True,True,False,0,0,28.55746758903546,0.9817511452869935,True,True
43,A_STATE,OOD,74,crosswalk,True,True,False,0,0,24.347957940548163,0.9500433190872795,True,True
43,A_STATE,OOD,75,crosswalk,True,True,False,0,0,27.09697190266919,1.4773715734481812,True,True
43,A_STATE,OOD,76,crosswalk,True,True,False,0,0,29.711713213565623,1.4120035618543625,True,True
43,A_STATE,OOD,77,crosswalk,True,True,False,0,0,25.868425071410186,0.9650765880942344,True,True
43,A_STATE,OOD,78,crosswalk,True,True,False,0,0,29.868593249445645,1.1976948806217738,True,True
43,A_STATE,OOD,79,crosswalk,True,True,False,0,0,20.41486235289892,1.5563553399764574,True,True
43,A_STATE,OOD,80,crosswalk,True,True,False,0,0,23.965593312628837,1.472518801689148,True,True
43,A_STATE,OOD,81,crosswalk,True,True,False,0,0,22.975601680156128,1.5188652678177907,True,True
43,A_STATE,OOD,82,crosswalk,True,True,False,0,0,25.458319206059777,1.6380220651626587,True,True
43,A_STATE,OOD,83,crosswalk,True,True,False,0,0,29.076602577094626,1.3325120771632475,True,True
43,A_STATE,OOD,84,crosswalk,True,True,False,0,0,28.086954095006625,0.9686607051463354,True,True
43,A_STATE,OOD,85,crosswalk,True,True,False,0,0,21.924350082207823,0.8209760224117952,True,True
43,A_STATE,OOD,86,crosswalk,False,False,False,0,0,30.926510552140478,1.5282394424561532,True,False
43,A_STATE,OOD,87,crosswalk,True,True,False,0,0,23.30663405657763,0.9134295033781151,True,True
43,A_STATE,OOD,88,crosswalk,True,True,False,0,0,29.969919806325386,1.0063692995093085,True,True
43,A_STATE,OOD,89,crosswalk,True,True,False,0,0,29.30666239305447,1.3987571373581886,True,True
43,A_STATE,OOD,90,crosswalk,True,True,False,0,0,30.482092949738483,1.2075025750243145,True,True
43,A_STATE,OOD,91,crosswalk,True,True,False,0,0,23.290227219340267,0.8906771573755475,True,True
43,A_STATE,OOD,92,crosswalk,True,True,False,0,0,24.900062953183927,1.5469524902956826,True,True
43,A_STATE,OOD,93,crosswalk,True,True,False,0,0,21.1672575130483,1.5616860078728716,True,True
43,A_STATE,OOD,94,crosswalk,True,True,False,0,0,26.54492805646394,1.8690669078093307,True,True
43,A_STATE,OOD,95,crosswalk,True,True,False,0,0,21.352279141387278,0.8850793457693523,True,True
43,A_STATE,OOD,96,crosswalk,True,True,False,0,0,29.09933414614256,1.6784387107553151,True,True
43,A_STATE,OOD,97,crosswalk,True,True,False,0,0,30.574493400358655,1.5795161326726277,True,True
43,A_STATE,OOD,98,crosswalk,True,True,False,0,0,27.532509576997327,1.3900316506624222,True,True
43,A_STATE,OOD,99,crosswalk,True,True,False,0,0,28.076860035533336,1.7877045060907089,True,True
43,A_STATE,OOD,100,stop_intersection,False,False,False,0,1,23.466941419874388,1.6897408415873845,True,False
43,A_STATE,OOD,101,stop_intersection,False,False,False,0,1,25.360234320225807,1.3035477812473588,True,False
43,A_STATE,OOD,102,stop_intersection,False,False,False,0,1,30.87978184552388,1.315992520405696,True,False
43,A_STATE,OOD,103,stop_intersection,False,False,False,0,1,27.53472993121613,1.4433722249392804,True,False
43,A_STATE,OOD,104,stop_intersection,False,False,False,0,1,27.27353769495679,1.7727090450043372,True,False
43,A_STATE,OOD,105,stop_intersection,False,False,False,0,1,20.982338009772068,1.5984556459366006,True,False
43,A_STATE,OOD,106,stop_intersection,False,False,False,0,1,31.00345082495832,1.3559087326652124,True,False
43,A_STATE,OOD,107,stop_intersection,False,False,False,0,1,28.410422046799866,1.2491265711960968,True,False
43,A_STATE,OOD,108,stop_intersection,False,False,False,0,1,25.022441962982153,1.2623585859934487,True,False
43,A_STATE,OOD,109,stop_intersection,False,False,False,0,0,21.995286264762772,2.0876285343459156,True,False
43,A_STATE,OOD,110,stop_intersection,False,False,False,0,1,13.47148638496557,1.323937654495239,False,False
43,A_STATE,OOD,111,stop_intersection,False,False,False,0,1,23.675652423725396,1.78746440410614,True,False
43,A_STATE,OOD,112,stop_intersection,False,False,False,0,1,24.645410223978825,1.7242239993445725,True,False
43,A_STATE,OOD,113,stop_intersection,False,False,False,0,0,30.75137264959181,1.231358826160431,True,False
43,A_STATE,OOD,114,stop_intersection,False,False,False,0,0,24.763168072791572,2.0213025983642128,True,False
43,A_STATE,OOD,115,stop_intersection,False,False,False,0,0,24.691111170389284,1.4129941293171473,True,False
43,A_STATE,OOD,116,stop_intersection,False,False,False,0,1,22.07261879917815,1.7124091119182352,True,False
43,A_STATE,OOD,117,stop_intersection,False,False,False,0,1,29.083312178061924,1.5206634348089045,True,False
43,A_STATE,OOD,118,stop_intersection,False,False,False,0,1,28.428939830846854,1.2891806897364162,True,False
43,A_STATE,OOD,119,stop_intersection,False,False,False,0,1,13.789735682740538,1.2570656513174374,False,False
43,A_STATE,OOD,120,stop_intersection,False,False,False,0,1,31.31932950651295,1.3449152845602768,True,False
43,A_STATE,OOD,121,stop_intersection,False,False,False,0,1,21.592951246496476,1.917275418626501,True,False
43,A_STATE,OOD,122,stop_intersection,False,True,False,0,0,24.677097717623802,1.40713403906141,True,True
43,A_STATE,OOD,123,stop_intersection,False,False,False,0,1,31.50693330857886,1.2322446852922437,True,False
43,A_STATE,OOD,124,stop_intersection,False,False,False,0,1,29.360201283747532,1.7798266932368279,True,False
43,A_STATE,OOD,125,stop_intersection,True,True,False,0,0,23.989373731285838,1.3733545541763306,True,True
43,A_STATE,OOD,126,stop_intersection,False,False,False,0,1,31.462065528147814,1.6674245978301427,True,False
43,A_STATE,OOD,127,stop_intersection,False,False,False,0,1,29.062844709175717,1.3950875843012773,True,False
43,A_STATE,OOD,128,stop_intersection,False,False,False,0,1,29.616018107142096,1.3207674183343587,True,False
43,A_STATE,OOD,129,stop_intersection,False,False,False,0,1,27.04255277932733,1.2997796485821405,True,False
43,A_STATE,OOD,130,stop_intersection,True,True,False,0,0,22.006086535483696,1.357238660840427,True,True
43,A_STATE,OOD,131,stop_intersection,False,False,False,0,1,13.776257936850355,1.3268001079559326,False,False
43,A_STATE,OOD,132,stop_intersection,True,True,False,0,0,21.286945595724735,2.088493276387453,True,True
43,A_STATE,OOD,133,stop_intersection,False,False,False,0,1,25.380123097930003,1.5974371852698148,True,False
43,A_STATE,OOD,134,stop_intersection,False,False,False,0,1,26.155671369564054,1.300094014889485,True,False
43,A_STATE,OOD,135,stop_intersection,True,True,False,0,0,21.697826817602518,1.3440661990281306,True,True
43,A_STATE,OOD,136,stop_intersection,False,False,False,0,1,25.57085457899951,1.2891348149325395,True,False
43,A_STATE,OOD,137,stop_intersection,False,False,False,0,1,31.487424525296465,1.3168493531784922,True,False
43,A_STATE,OOD,138,stop_intersection,False,False,False,0,1,31.32012967888643,1.5974413603544235,True,False
43,A_STATE,OOD,139,stop_intersection,False,False,False,0,0,27.68179577296314,1.27094766027049,True,False
43,A_STATE,OOD,140,stop_intersection,False,False,False,0,0,25.09216826239777,1.2891300304515942,True,False
43,A_STATE,OOD,141,stop_intersection,False,False,False,0,0,29.380020854714097,1.2417102471376076,True,False
43,A_STATE,OOD,142,stop_intersection,False,False,False,0,1,12.398200870529386,1.1625891725222268,False,False
43,A_STATE,OOD,143,stop_intersection,False,False,False,0,1,28.369564480394033,1.7328634738922117,True,False
43,A_STATE,OOD,144,stop_intersection,False,False,False,0,1,30.40672876405312,1.223854050040245,True,False
43,A_STATE,OOD,145,stop_intersection,False,False,False,0,1,26.568145809223246,1.2051934053500493,False,False
43,A_STATE,OOD,146,stop_intersection,False,False,False,0,1,27.426679711384704,1.8693380821041943,True,False
43,A_STATE,OOD,147,stop_intersection,False,False,False,0,0,20.8188283207281,1.3895849620594696,True,False
43,A_STATE,OOD,148,stop_intersection,True,True,False,0,0,20.81904856422033,1.1963016912341118,True,True
43,A_STATE,OOD,149,stop_intersection,False,False,False,0,1,29.447396824061126,1.3784374502198449,True,False
43,A_STATE,OOD,150,stop_intersection,False,False,False,0,1,22.609703602554564,1.614687980517097,True,False
43,A_STATE,OOD,151,stop_intersection,False,False,False,0,0,23.249050839978636,1.4109103995210983,True,False
43,A_STATE,OOD,152,stop_intersection,False,False,False,0,1,30.757829577993043,1.338536833461962,True,False
43,A_STATE,OOD,153,stop_intersection,False,False,False,0,0,30.291418929074325,1.2991413856164002,True,False
43,A_STATE,OOD,154,stop_intersection,False,False,False,0,1,11.235018661554752,1.125547965367635,False,False
43,A_STATE,OOD,155,stop_intersection,False,False,False,0,1,24.19495730195314,1.3344429598914254,True,False
43,A_STATE,OOD,156,stop_intersection,False,False,False,0,1,22.471470093321212,1.4202158329850536,True,False
43,A_STATE,OOD,157,stop_intersection,False,False,False,0,1,23.45903090135673,1.693427175283432,True,False
43,A_STATE,OOD,158,stop_intersection,False,False,False,0,1,31.05830116263996,1.6403488874435423,True,False
43,A_STATE,OOD,159,stop_intersection,False,False,False,0,0,29.096341821957427,1.2575820623300011,True,False
43,A_STATE,OOD,160,stop_intersection,False,False,False,0,1,25.969915681659717,1.5325154716318303,True,False
43,A_STATE,OOD,161,stop_intersection,True,True,False,0,0,23.930328793193056,1.3676501171929494,True,True
43,A_STATE,OOD,162,stop_intersection,False,True,False,0,0,27.521940167811884,1.3420273001129561,True,True
43,A_STATE,OOD,163,stop_intersection,False,False,False,0,0,26.015499515109134,1.2973582261317484,True,False
43,A_STATE,OOD,164,stop_intersection,True,True,False,0,0,24.351883479118996,1.392294645309448,True,True
43,A_STATE,OOD,165,stop_intersection,False,False,False,0,1,28.994495134216606,1.8337024688720704,True,False
43,A_STATE,OOD,166,stop_intersection,False,False,False,0,1,27.34380627534702,1.7900676280260086,True,False
43,A_STATE,OOD,167,stop_intersection,True,True,False,0,0,30.571151630229956,1.2721503086579151,True,True
43,A_STATE,OOD,168,stop_intersection,False,False,False,0,0,31.290823717270648,1.2900030460113134,True,False
43,A_STATE,OOD,169,stop_intersection,False,False,False,0,0,28.30380059392902,1.2939451556456716,True,False
43,A_STATE,OOD,170,stop_intersection,False,False,False,0,0,20.70371607056616,1.377006313380073,True,False
43,A_STATE,OOD,171,stop_intersection,False,False,False,0,0,21.365607495462562,1.328492151065306,True,False
43,A_STATE,OOD,172,stop_intersection,False,False,False,0,1,11.967520201139138,1.0787299126386642,False,False
43,A_STATE,OOD,173,stop_intersection,True,True,False,0,0,28.74690224406927,1.2277887112055068,True,True
43,A_STATE,OOD,174,stop_intersection,False,False,False,0,0,21.759771691230636,1.9896525563672185,True,False
43,A_STATE,OOD,175,stop_intersection,False,False,False,0,1,27.838100911644105,1.3733308218620917,True,False
43,A_STATE,OOD,176,stop_intersection,False,False,False,0,1,22.16701652564693,1.62189219892025,True,False
43,A_STATE,OOD,177,stop_intersection,False,False,False,0,1,30.56286746651429,1.2474563974758675,True,False
43,A_STATE,OOD,178,stop_intersection,False,False,False,0,1,28.527255398170645,1.31180066811411,True,False
43,A_STATE,OOD,179,stop_intersection,False,False,False,0,1,28.719941533812587,1.787118145397731,True,False
43,A_STATE,OOD,180,stop_intersection,True,True,False,0,0,21.67232721604728,1.3395871538104434,True,True
43,A_STATE,OOD,181,stop_intersection,False,False,False,0,0,31.183352457580124,1.2914868654348912,True,False
43,A_STATE,OOD,182,stop_intersection,False,False,False,0,0,22.870592880111577,1.3636815547943115,True,False
43,A_STATE,OOD,183,stop_intersection,False,False,False,0,0,21.873901172384883,1.325424790382385,True,False
43,A_STATE,OOD,184,stop_intersection,False,False,False,0,1,30.222082899123443,1.234578624367714,True,False
43,A_STATE,OOD,185,stop_intersection,True,True,False,0,0,26.279633319654863,1.4123555932726177,True,True
43,A_STATE,OOD,186,stop_intersection,False,False,False,0,1,30.68823045374714,1.5518113591454246,True,False
43,A_STATE,OOD,187,stop_intersection,False,False,False,0,1,27.75898928359678,1.84701735668994,True,False
43,A_STATE,OOD,188,stop_intersection,False,False,False,0,1,31.294799822667017,1.161988013881748,True,False
43,A_STATE,OOD,189,stop_intersection,False,False,False,0,1,29.7259888817149,1.324156569807153,True,False
43,A_STATE,OOD,190,stop_intersection,False,False,False,0,1,25.082510479744826,1.9904920329218325,True,False
43,A_STATE,OOD,191,stop_intersection,False,False,False,0,1,27.056994848909106,1.8061242580413819,True,False
43,A_STATE,OOD,192,stop_intersection,False,False,False,0,0,30.188373554523004,1.203276455402374,True,False
43,A_STATE,OOD,193,stop_intersection,True,True,False,0,0,24.165141061661014,1.3827531337738035,True,True
43,A_STATE,OOD,194,stop_intersection,True,True,False,0,0,26.84775421125044,1.372605413198471,True,True
43,A_STATE,OOD,195,stop_intersection,False,False,False,0,1,26.8453130389097,1.8083228709849903,True,False
43,A_STATE,OOD,196,stop_intersection,True,True,False,0,0,22.900900414861045,1.3697111913386513,True,True
43,A_STATE,OOD,197,stop_intersection,False,False,False,0,1,29.767614774630527,1.4358276651616682,True,False
43,A_STATE,OOD,198,stop_intersection,False,False,False,0,1,28.599204429084057,1.935931612616,True,False
43,A_STATE,OOD,199,stop_intersection,False,False,False,0,1,28.733985785923274,1.5238808155059813,True,False
43,A_STATE,OOD,200,lead_brake,False,False,False,0,0,33.93982900664213,2.0534116849303246,True,False
43,A_STATE,OOD,201,lead_brake,False,False,True,0,0,30.871394993359505,7.011297007401784,True,False
43,A_STATE,OOD,202,lead_brake,False,False,True,0,0,26.050539631185075,4.8739961460232735,True,False
43,A_STATE,OOD,203,lead_brake,False,False,False,0,0,30.78210725526952,9.592624368766943,True,False
43,A_STATE,OOD,204,lead_brake,False,False,True,0,0,29.75857349753146,7.814990182717641,True,False
43,A_STATE,OOD,205,lead_brake,False,False,True,0,0,28.552434798516778,6.992075990885495,True,False
43,A_STATE,OOD,206,lead_brake,False,False,False,0,0,30.250428275899793,7.4739316155513125,True,False
43,A_STATE,OOD,207,lead_brake,False,False,False,0,0,32.86448017088627,7.695194604496161,True,False
43,A_STATE,OOD,208,lead_brake,False,False,False,0,0,38.1614031408116,4.134514099607864,True,False
43,A_STATE,OOD,209,lead_brake,False,False,False,0,0,30.74040657510278,6.708565154423316,True,False
43,A_STATE,OOD,210,lead_brake,False,False,True,0,0,29.84298896488708,4.708596261839071,True,False
43,A_STATE,OOD,211,lead_brake,False,False,False,0,0,36.484673206359126,9.416539291540781,True,False
43,A_STATE,OOD,212,lead_brake,False,False,True,0,0,27.67611070034517,7.669814397891362,True,False
43,A_STATE,OOD,213,lead_brake,False,False,False,0,0,30.930419882420356,6.840748326232036,True,False
43,A_STATE,OOD,214,lead_brake,False,False,False,0,0,35.03501010197867,8.790282468001047,True,False
43,A_STATE,OOD,215,lead_brake,False,False,True,0,0,26.897972696986372,7.648507986217737,True,False
43,A_STATE,OOD,216,lead_brake,False,False,False,0,0,40.25013396229957,3.3203305496523776,True,False
43,A_STATE,OOD,217,lead_brake,False,False,False,0,0,34.78615056768059,9.810398088768123,True,False
43,A_STATE,OOD,218,lead_brake,False,False,False,0,0,26.720846197330594,6.930402139822642,True,False
43,A_STATE,OOD,219,lead_brake,False,False,False,0,0,34.48101779465731,8.186482200399041,True,False
43,A_STATE,OOD,220,lead_brake,False,False,False,0,0,35.34427257694334,6.102312962214152,True,False
43,A_STATE,OOD,221,lead_brake,False,False,True,0,0,24.305280859768395,4.859217271208763,True,False
43,A_STATE,OOD,222,lead_brake,False,False,False,0,0,39.78161770076953,7.512648586183786,True,False
43,A_STATE,OOD,223,lead_brake,False,False,True,0,0,26.491167467308284,7.819883955021699,True,False
43,A_STATE,OOD,224,lead_brake,False,False,False,0,0,31.34772625470382,10.212433538710076,True,False
43,A_STATE,OOD,225,lead_brake,False,False,False,0,0,32.02772309487074,8.39007722834746,True,False
43,A_STATE,OOD,226,lead_brake,False,False,False,0,0,27.287003574520366,8.171956450988848,True,False
43,A_STATE,OOD,227,lead_brake,False,False,False,0,0,38.745867219752775,3.9715028877059613,True,False
43,A_STATE,OOD,228,lead_brake,False,False,False,0,0,39.76885288450772,7.166125345354278,True,False
43,A_STATE,OOD,229,lead_brake,False,False,False,0,0,43.21013664692644,8.318153197566668,True,False
43,A_STATE,OOD,230,lead_brake,False,False,False,0,0,34.198388448847425,8.031210819880167,True,False
43,A_STATE,OOD,231,lead_brake,False,False,False,0,0,35.40690814630994,3.126008756458759,True,False
43,A_STATE,OOD,232,lead_brake,False,False,False,0,0,32.90453335226535,10.447239668418963,True,False
43,A_STATE,OOD,233,lead_brake,False,False,True,0,0,30.198242305453835,4.082960892468691,True,False
43,A_STATE,OOD,234,lead_brake,False,False,False,0,0,29.272170445203763,9.69505766655008,True,False
43,A_STATE,OOD,235,lead_brake,False,False,False,0,0,32.4372875671612,9.376443901409704,True,False
43,A_STATE,OOD,236,lead_brake,False,False,False,0,0,42.662822133302704,6.829639530430237,True,False
43,A_STATE,OOD,237,lead_brake,False,False,False,0,0,40.54812589633077,3.5539493908484774,True,False
43,A_STATE,OOD,238,lead_brake,False,False,True,0,0,26.429600693583506,6.622833963483572,True,False
43,A_STATE,OOD,239,lead_brake,False,False,False,0,0,34.53258042199956,8.901098910719156,True,False
43,A_STATE,OOD,240,lead_brake,False,False,False,0,0,36.91820591032505,10.086761138712365,True,False
43,A_STATE,OOD,241,lead_brake,False,False,True,0,0,25.940147028071856,7.151970119525989,True,False
43,A_STATE,OOD,242,lead_brake,False,False,True,0,0,27.19719488449282,6.217205397784709,True,False
43,A_STATE,OOD,243,lead_brake,False,False,True,0,0,31.24894586241879,5.094910370806853,True,False
43,A_STATE,OOD,244,lead_brake,False,False,False,0,0,41.82689880564813,8.322161167239148,True,False
43,A_STATE,OOD,245,lead_brake,False,False,False,0,0,43.62247552514076,3.178649194538593,True,False
43,A_STATE,OOD,246,lead_brake,False,False,True,0,0,27.028542191079268,4.77665132159988,True,False
43,A_STATE,OOD,247,lead_brake,False,False,False,0,0,31.577152294914118,9.734931199500958,True,False
43,A_STATE,OOD,248,lead_brake,False,False,True,0,0,27.853761290416813,6.0039881976942215,True,False
43,A_STATE,OOD,249,lead_brake,False,False,True,0,0,24.2595884251469,8.016001638025045,True,False
43,A_STATE,OOD,250,lead_brake,False,False,False,0,0,33.80732848868255,9.414211872965096,True,False
43,A_STATE,OOD,251,lead_brake,False,False,False,0,0,31.11634459153927,9.946434584756693,True,False
43,A_STATE,OOD,252,lead_brake,False,False,False,0,0,40.318899441654445,8.74558192739884,True,False
43,A_STATE,OOD,253,lead_brake,False,False,False,0,0,29.001514896452363,9.353833346317211,True,False
43,A_STATE,OOD,254,lead_brake,False,False,True,0,0,28.401787982800826,7.52803940201799,True,False
43,A_STATE,OOD,255,lead_brake,False,False,False,0,0,34.63118656103809,9.455969212576747,True,False
43,A_STATE,OOD,256,lead_brake,False,False,True,0,0,25.30724273011086,7.089563572158416,True,False
43,A_STATE,OOD,257,lead_brake,False,False,False,0,0,31.092473353885232,9.747687888642153,True,False
43,A_STATE,OOD,258,lead_brake,False,False,True,0,0,23.87029119015757,5.80069416637222,True,False
43,A_STATE,OOD,259,lead_brake,False,False,False,0,0,43.29716826036571,8.860361750548083,True,False
43,A_STATE,OOD,260,lead_brake,False,False,False,0,0,34.91120455818373,7.176990315318108,True,False
43,A_STATE,OOD,261,lead_brake,False,False,False,0,0,28.952147466959648,3.222311976055304,True,False
43,A_STATE,OOD,262,lead_brake,False,False,False,0,0,38.54800785402171,9.2918354999274,True,False
43,A_STATE,OOD,263,lead_brake,False,False,True,0,0,30.903284229863935,7.189007530609766,True,False
43,A_STATE,OOD,264,lead_brake,False,False,False,0,0,44.749061031341526,2.7928501106798644,True,False
43,A_STATE,OOD,265,lead_brake,False,False,False,0,0,40.340433652578874,6.621982033674915,True,False
43,A_STATE,OOD,266,lead_brake,False,False,False,0,0,32.571303443275156,8.038557517031828,True,False
43,A_STATE,OOD,267,lead_brake,False,False,False,0,0,29.777156883375074,6.49278312548995,True,False
43,A_STATE,OOD,268,lead_brake,False,False,True,0,0,29.48395680611303,7.61938959484299,True,False
43,A_STATE,OOD,269,lead_brake,False,False,False,0,0,31.746651401052972,9.949161714563767,True,False
43,A_STATE,OOD,270,lead_brake,False,False,True,0,0,25.8076914193001,5.748723451048135,True,False
43,A_STATE,OOD,271,lead_brake,False,False,False,0,0,36.42623918519568,7.706222655251622,True,False
43,A_STATE,OOD,272,lead_brake,False,False,False,0,0,34.45346015175042,8.791896036515633,True,False
43,A_STATE,OOD,273,lead_brake,False,False,False,0,0,34.99216785871965,5.672898580630619,True,False
43,A_STATE,OOD,274,lead_brake,False,False,False,0,0,37.39083266801697,7.652748589714367,True,False
43,A_STATE,OOD,275,lead_brake,False,False,True,0,0,33.325666579418346,4.838624277462562,True,False
43,A_STATE,OOD,276,lead_brake,False,False,True,0,0,28.81718630698221,7.936643052846192,True,False
43,A_STATE,OOD,277,lead_brake,False,False,True,0,0,29.860614190101593,6.192891632517179,True,False
43,A_STATE,OOD,278,lead_brake,False,False,False,0,0,30.368522629852787,7.322812405725319,True,False
43,A_STATE,OOD,279,lead_brake,False,False,False,0,0,38.927384904772055,5.263404116034508,True,False
43,A_STATE,OOD,280,lead_brake,False,False,False,0,0,30.74624135363516,6.999494572480518,True,False
43,A_STATE,OOD,281,lead_brake,False,False,False,0,0,31.6607500682771,3.40558864052097,True,False
43,A_STATE,OOD,282,lead_brake,False,False,False,0,0,32.42190582942769,9.633210903654495,True,False
43,A_STATE,OOD,283,lead_brake,False,False,False,0,0,36.73536867156619,5.959905674060185,True,False
43,A_STATE,OOD,284,lead_brake,False,False,True,0,0,26.197208874861207,7.128335850934187,True,False
43,A_STATE,OOD,285,lead_brake,False,False,False,0,0,35.50692990945342,8.571444826821486,True,False
43,A_STATE,OOD,286,lead_brake,False,False,False,0,0,29.255373381155838,10.477936460326115,True,False
43,A_STATE,OOD,287,lead_brake,False,False,False,0,0,32.8039642165226,5.797567997127771,True,False
43,A_STATE,OOD,288,lead_brake,False,False,True,0,0,26.951896667204718,6.164242666214704,True,False
43,A_STATE,OOD,289,lead_brake,False,False,False,0,0,39.90791222165152,7.208354946846763,True,False
43,A_STATE,OOD,290,lead_brake,False,False,False,0,0,33.931373077570484,4.915058206766843,True,False
43,A_STATE,OOD,291,lead_brake,False,False,True,0,0,21.974071238338936,4.635998326043287,True,False
43,A_STATE,OOD,292,lead_brake,False,False,False,0,0,36.29891997619558,2.3519959294547634,True,False
43,A_STATE,OOD,293,lead_brake,False,False,True,0,0,25.73426347399438,6.083961656937996,True,False
43,A_STATE,OOD,294,lead_brake,False,False,True,0,0,26.978146758583275,4.082485146820545,True,False
43,A_STATE,OOD,295,lead_brake,False,False,False,0,0,28.46062689542769,9.261688771347204,True,False
43,A_STATE,OOD,296,lead_brake,False,False,False,0,0,35.771751693181905,8.436106105645496,True,False
43,A_STATE,OOD,297,lead_brake,False,False,False,0,0,39.19884310942199,2.235417096565167,True,False
43,A_STATE,OOD,298,lead_brake,False,False,True,0,0,21.548477977535136,7.422797424097856,True,False
43,A_STATE,OOD,299,lead_brake,False,False,True,0,0,25.94303819847519,3.193035608778397,True,False
43,B_COC,ID,0,crosswalk,False,False,False,0,0,29.730290825921983,1.9635427810929036,True,False
43,B_COC,ID,1,crosswalk,False,False,False,0,0,38.03434664655801,1.1856737515578668,True,False
43,B_COC,ID,2,crosswalk,False,False,False,0,0,28.19505749681293,2.218867705056542,True,False
43,B_COC,ID,3,crosswalk,False,False,False,0,0,32.53785209226352,1.9995371855440593,True,False
43,B_COC,ID,4,crosswalk,False,False,False,0,0,33.99639645126168,2.078473398631269,True,False
43,B_COC,ID,5,crosswalk,False,False,False,0,0,28.16963908072816,1.6988181808720464,True,False
43,B_COC,ID,6,crosswalk,False,False,False,0,0,35.490231635889344,0.5226726762273095,True,False
43,B_COC,ID,7,crosswalk,False,False,False,0,0,37.74558082451837,1.9227244891226292,True,False
43,B_COC,ID,8,crosswalk,False,False,False,0,0,28.372167962639217,1.7422052570011304,True,False
43,B_COC,ID,9,crosswalk,False,False,False,0,0,33.83546546596536,1.6396136514165185,True,False
43,B_COC,ID,10,crosswalk,False,False,False,0,0,36.33130138752049,1.7598349179910577,True,False
43,B_COC,ID,11,crosswalk,False,False,False,0,0,33.8471886628893,1.8805765112241108,True,False
43,B_COC,ID,12,crosswalk,False,False,False,0,0,28.90694681322774,1.2175160050392149,True,False
43,B_COC,ID,13,crosswalk,False,False,False,0,0,30.84528952763104,1.3526846598023952,True,False
43,B_COC,ID,14,crosswalk,False,False,False,0,0,28.827468752270804,2.0616320768992105,True,False
43,B_COC,ID,15,crosswalk,False,False,False,0,0,34.49815321400925,0.5771139393682065,True,False
43,B_COC,ID,16,crosswalk,False,False,False,0,0,27.969732756436695,1.899829930380771,True,False
43,B_COC,ID,17,crosswalk,False,False,False,0,0,27.535222757058964,1.9722030276343934,True,False
43,B_COC,ID,18,crosswalk,False,False,False,0,0,35.64132116273677,1.6317960823124105,True,False
43,B_COC,ID,19,crosswalk,False,False,False,0,0,39.12288759897654,0.5676425496737162,True,False
43,B_COC,ID,20,crosswalk,False,False,False,0,0,30.871180372246023,1.6452310553618839,True,False
43,B_COC,ID,21,crosswalk,False,False,False,0,0,31.0601014694086,1.3673952695998277,True,False
43,B_COC,ID,22,crosswalk,False,False,False,0,0,27.499321143671686,1.572174612018797,True,False
43,B_COC,ID,23,crosswalk,False,False,False,0,0,35.312717149869016,0.5495793541724031,True,False
43,B_COC,ID,24,crosswalk,False,False,False,0,0,27.02163426496216,1.4839374470083335,True,False
43,B_COC,ID,25,crosswalk,False,False,False,0,0,28.26735905223243,1.5253062262421562,True,False
43,B_COC,ID,26,crosswalk,False,False,False,0,0,26.94043441385518,2.1090242972499444,True,False
43,B_COC,ID,27,crosswalk,False,False,False,0,0,31.266092997230192,1.7205152660608292,True,False
43,B_COC,ID,28,crosswalk,False,False,False,0,0,35.21508727060426,1.3270385478707876,True,False
43,B_COC,ID,29,crosswalk,False,False,False,0,0,28.782888002489326,2.065310202538967,True,False
43,B_COC,ID,30,crosswalk,False,False,False,0,0,31.56451022608497,0.8529733019796284,True,False
43,B_COC,ID,31,crosswalk,False,False,False,0,0,27.750118116031523,1.6463366021280703,True,False
43,B_COC,ID,32,crosswalk,False,False,False,0,0,38.84397484761904,1.6423375935604174,True,False
43,B_COC,ID,33,crosswalk,False,False,False,0,0,33.14784407454318,0.540438788858327,True,False
43,B_COC,ID,34,crosswalk,False,False,False,0,0,35.2338793331221,0.927764360482494,True,False
43,B_COC,ID,35,crosswalk,False,False,False,0,0,28.479468524591947,1.679270345231761,True,False
43,B_COC,ID,36,crosswalk,False,False,False,0,0,38.02045736822933,0.6267284765839577,True,False
43,B_COC,ID,37,crosswalk,False,False,False,0,0,31.51505470269592,2.0341032540256325,True,False
43,B_COC,ID,38,crosswalk,False,False,False,0,0,33.537959664405726,2.00826839260433,True,False
43,B_COC,ID,39,crosswalk,False,False,False,0,0,27.829102815186154,1.4535761624574661,True,False
43,B_COC,ID,40,crosswalk,False,False,False,0,0,32.79586725886689,0.7085483035315638,True,False
43,B_COC,ID,41,crosswalk,False,False,False,0,0,35.14449765970837,1.548477296124805,True,False
43,B_COC,ID,42,crosswalk,False,False,False,0,0,37.24422178575113,0.4977067754320476,True,False
43,B_COC,ID,43,crosswalk,False,False,False,0,0,30.5624277611778,1.8502828349237856,True,False
43,B_COC,ID,44,crosswalk,False,False,False,0,0,30.773008813104195,1.450281242529551,True,False
43,B_COC,ID,45,crosswalk,False,False,False,0,0,35.19286255456736,0.9500871660808722,True,False
43,B_COC,ID,46,crosswalk,False,False,False,0,0,31.06301856597856,2.041727223179557,True,False
43,B_COC,ID,47,crosswalk,False,False,False,0,0,28.737852767614392,0.8665609927404494,True,False
43,B_COC,ID,48,crosswalk,False,False,False,0,0,34.32504078438154,0.48071048067261773,True,False
43,B_COC,ID,49,crosswalk,False,False,False,0,0,38.2022229100874,0.7667330652475357,True,False
43,B_COC,ID,50,crosswalk,False,False,False,0,0,29.713784079376843,1.7924862653017042,True,False
43,B_COC,ID,51,crosswalk,False,False,False,0,0,29.546339458634865,0.565660386568024,True,False
43,B_COC,ID,52,crosswalk,False,False,False,0,0,36.52851377473431,0.5313449756552776,True,False
43,B_COC,ID,53,crosswalk,False,False,False,0,0,37.51118020148439,1.0227782726287842,True,False
43,B_COC,ID,54,crosswalk,False,False,False,0,0,36.964515064101256,0.6065832391381263,True,False
43,B_COC,ID,55,crosswalk,False,False,False,0,0,33.9772035267116,1.6524357890540902,True,False
43,B_COC,ID,56,crosswalk,False,False,False,0,0,32.02171679988601,1.8125230818986893,True,False
43,B_COC,ID,57,crosswalk,False,False,False,0,0,33.488515807686255,2.105415267023173,True,False
43,B_COC,ID,58,crosswalk,False,False,False,0,0,35.27300418759438,1.0721927330545755,True,False
43,B_COC,ID,59,crosswalk,False,False,False,0,0,36.19470687598476,0.4962337478995323,True,False
43,B_COC,ID,60,crosswalk,False,False,False,0,0,36.57762081905868,1.8703816893200078,True,False
43,B_COC,ID,61,crosswalk,False,False,False,0,0,36.96979109029557,0.58309957832098,True,False
43,B_COC,ID,62,crosswalk,False,False,False,0,0,32.44514298275422,2.061712355776266,True,False
43,B_COC,ID,63,crosswalk,False,False,False,0,0,31.339391194493228,1.022646366840317,True,False
43,B_COC,ID,64,crosswalk,False,False,False,0,0,28.540075564324397,1.714310675859451,True,False
43,B_COC,ID,65,crosswalk,False,False,False,0,0,37.171192053215975,1.6855845103661218,True,False
43,B_COC,ID,66,crosswalk,False,False,False,0,0,32.986130746385726,1.176265153501715,True,False
43,B_COC,ID,67,crosswalk,False,False,False,0,0,29.068009027382313,0.7640434540808201,True,False
43,B_COC,ID,68,crosswalk,False,False,False,0,0,31.287839569122827,0.6259685890241102,True,False
43,B_COC,ID,69,crosswalk,False,False,False,0,0,30.446622132541233,1.7016923427581787,True,False
43,B_COC,ID,70,crosswalk,False,False,False,0,0,39.35325450353922,0.8598706467698017,True,False
43,B_COC,ID,71,crosswalk,False,False,False,0,0,35.02853072388966,0.47821961498508847,True,False
43,B_COC,ID,72,crosswalk,False,False,False,0,0,35.161951725558836,0.44529038926829456,True,False
43,B_COC,ID,73,crosswalk,False,False,False,0,0,32.532457954557856,1.5648139877752822,True,False
43,B_COC,ID,74,crosswalk,False,False,False,0,0,37.0719558026953,0.4236906518538793,True,False
43,B_COC,ID,75,crosswalk,False,False,False,0,0,34.54568639813608,1.5975356779315255,True,False
43,B_COC,ID,76,crosswalk,False,False,False,0,0,35.86386270588846,0.49902064725756645,True,False
43,B_COC,ID,77,crosswalk,False,False,False,0,0,35.61178584237771,1.7390635677359318,True,False
43,B_COC,ID,78,crosswalk,False,False,False,0,0,33.440964363771776,1.7230900439123311,True,False
43,B_COC,ID,79,crosswalk,False,False,False,0,0,34.549091887946105,1.7003109338490858,True,False
43,B_COC,ID,80,crosswalk,False,False,False,0,0,30.26259677630499,0.6282674805039451,True,False
43,B_COC,ID,81,crosswalk,False,False,False,0,0,33.049572124162566,2.109460810368711,True,False
43,B_COC,ID,82,crosswalk,False,False,False,0,0,36.24174353132033,1.895160749554634,True,False
43,B_COC,ID,83,crosswalk,False,False,False,0,0,38.16596831451175,0.37511293704693127,True,False
43,B_COC,ID,84,crosswalk,False,False,False,0,0,31.69093581074096,1.3588257069173064,True,False
43,B_COC,ID,85,crosswalk,False,False,False,0,0,33.52604386918702,0.7376144420016896,True,False
43,B_COC,ID,86,crosswalk,False,False,False,0,0,28.518562057098364,1.6120528926452,True,False
43,B_COC,ID,87,crosswalk,False,False,False,0,0,35.36253865827937,1.3317649846985227,True,False
43,B_COC,ID,88,crosswalk,False,False,False,0,0,31.21046357039593,1.8935900667439336,True,False
43,B_COC,ID,89,crosswalk,False,False,False,0,0,33.76111158280376,0.4248131779224976,True,False
43,B_COC,ID,90,crosswalk,False,False,False,0,0,29.025017890176564,0.8212413319519587,True,False
43,B_COC,ID,91,crosswalk,False,False,False,0,0,27.92054978939501,1.812291849743236,True,False
43,B_COC,ID,92,crosswalk,False,False,False,0,0,37.887970411209366,1.117575578391552,True,False
43,B_COC,ID,93,crosswalk,False,False,False,0,0,30.668412634060026,1.707822581132253,True,False
43,B_COC,ID,94,crosswalk,False,False,False,0,0,31.30789927704142,1.7003099691300165,True,False
43,B_COC,ID,95,crosswalk,False,False,False,0,0,30.912165775145397,0.4383834586902098,True,False
43,B_COC,ID,96,crosswalk,False,False,False,0,0,27.50523473058434,2.059762068092823,True,False
43,B_COC,ID,97,crosswalk,False,False,False,0,0,38.14054797159098,0.7597784425776738,True,False
43,B_COC,ID,98,crosswalk,False,False,False,0,0,29.895849571758284,2.1230079233646393,True,False
43,B_COC,ID,99,crosswalk,False,False,False,0,0,30.88815121889062,0.992053460329771,True,False
43,B_COC,ID,100,stop_intersection,False,False,False,0,1,26.49050017671747,1.350647984324275,True,False
43,B_COC,ID,101,stop_intersection,False,False,False,0,1,31.842825533761747,1.125844135170891,True,False
43,B_COC,ID,102,stop_intersection,False,False,False,0,1,26.502656258304306,1.3474062165698488,True,False
43,B_COC,ID,103,stop_intersection,False,False,False,0,1,29.393965380519834,1.2673769088891835,True,False
43,B_COC,ID,104,stop_intersection,False,False,False,0,1,27.560023406421212,1.1534087359905243,True,False
43,B_COC,ID,105,stop_intersection,False,False,False,0,1,31.741656578947318,1.14276864698955,True,False
43,B_COC,ID,106,stop_intersection,False,False,False,0,1,32.796648698277096,1.1387722690900166,True,False
43,B_COC,ID,107,stop_intersection,False,False,False,0,1,30.521604704162137,1.322728517727974,True,False
43,B_COC,ID,108,stop_intersection,False,False,False,0,1,32.48041826117453,1.278799295425415,True,False
43,B_COC,ID,109,stop_intersection,False,False,False,0,1,33.85811498034772,1.1385583738948024,True,False
43,B_COC,ID,110,stop_intersection,False,False,False,0,1,29.22140375710655,1.3428731811674017,True,False
43,B_COC,ID,111,stop_intersection,False,False,False,0,1,36.1551024375721,1.1867104436075964,True,False
43,B_COC,ID,112,stop_intersection,False,False,False,0,1,36.220640184902656,1.2261530549027198,True,False
43,B_COC,ID,113,stop_intersection,False,False,False,0,1,35.97562955827624,1.2184060590211736,True,False
43,B_COC,ID,114,stop_intersection,False,False,False,0,1,35.828660642187145,1.245144342267236,True,False
43,B_COC,ID,115,stop_intersection,False,False,False,0,1,37.372992713357576,1.2056857901950213,True,False
43,B_COC,ID,116,stop_intersection,False,False,False,0,1,31.450941077281513,1.3122764153358262,True,False
43,B_COC,ID,117,stop_intersection,False,False,False,0,1,28.044594462814743,1.2156771543698432,True,False
43,B_COC,ID,118,stop_intersection,False,False,False,0,1,32.00569248968662,1.369288915242904,True,False
43,B_COC,ID,119,stop_intersection,False,False,False,0,1,35.178598021661806,1.2275132111140659,True,False
43,B_COC,ID,120,stop_intersection,False,False,False,0,1,37.471719680904954,1.353854267370133,True,False
43,B_COC,ID,121,stop_intersection,False,False,False,0,1,36.47208569699089,1.2255008969196053,True,False
43,B_COC,ID,122,stop_intersection,False,False,False,0,1,33.09060195595195,1.0884920802227287,True,False
43,B_COC,ID,123,stop_intersection,False,False,False,0,1,26.872995332965175,1.2922023785741705,True,False
43,B_COC,ID,124,stop_intersection,False,False,False,0,1,34.2852517388123,1.1671116324358206,True,False
43,B_COC,ID,125,stop_intersection,False,False,False,0,1,35.69268763017011,1.2253206400644212,True,False
43,B_COC,ID,126,stop_intersection,False,False,False,0,1,38.76302335800138,1.131688594818115,True,False
43,B_COC,ID,127,stop_intersection,False,False,False,0,1,27.470518196184464,1.306079155520389,True,False
43,B_COC,ID,128,stop_intersection,False,False,False,0,1,33.71462153797597,1.2737962385503256,True,False
43,B_COC,ID,129,stop_intersection,False,False,False,0,1,35.23659168749512,1.2552990232195174,True,False
43,B_COC,ID,130,stop_intersection,False,False,False,0,1,27.0532888076068,1.1690265704423952,True,False
43,B_COC,ID,131,stop_intersection,False,False,False,0,1,28.05092757036131,1.3582437102859084,True,False
43,B_COC,ID,132,stop_intersection,False,False,False,0,1,32.956640038924284,1.2692327470314213,True,False
43,B_COC,ID,133,stop_intersection,False,False,False,0,1,30.895257543704723,1.1495467947750555,True,False
43,B_COC,ID,134,stop_intersection,False,False,False,0,1,38.52130138374174,1.2491800161925228,True,False
43,B_COC,ID,135,stop_intersection,False,False,False,0,1,32.0017880611927,1.2777042537927625,True,False
43,B_COC,ID,136,stop_intersection,False,False,False,0,1,36.248041609472956,1.1252918162129142,True,False
43,B_COC,ID,137,stop_intersection,False,False,False,0,1,31.62992856892714,1.1792792198134632,True,False
43,B_COC,ID,138,stop_intersection,False,False,False,0,1,33.163386024482435,1.1675539328938438,True,False
43,B_COC,ID,139,stop_intersection,False,False,False,0,1,31.01540173316261,1.2053625612724117,True,False
43,B_COC,ID,140,stop_intersection,False,False,False,0,1,38.304235348540786,1.1481030868447344,True,False
43,B_COC,ID,141,stop_intersection,False,False,False,0,1,37.54483470309803,1.308442112945375,True,False
43,B_COC,ID,142,stop_intersection,False,False,False,0,1,35.56184580120015,1.1627925390546971,True,False
43,B_COC,ID,143,stop_intersection,False,False,False,0,1,26.63399249043482,1.3477599298631822,True,False
43,B_COC,ID,144,stop_intersection,False,False,False,0,1,29.497240678939157,1.1826172769069672,True,False
43,B_COC,ID,145,stop_intersection,False,False,False,0,1,36.351257924867134,1.2375671806789579,True,False
43,B_COC,ID,146,stop_intersection,False,False,False,0,1,36.55078981774733,1.0826786359151204,True,False
43,B_COC,ID,147,stop_intersection,False,False,False,0,1,31.86663990086852,1.1869383294407914,True,False
43,B_COC,ID,148,stop_intersection,False,False,False,0,1,33.58201927700729,1.213471023809342,True,False
43,B_COC,ID,149,stop_intersection,False,False,False,0,1,36.2007155050039,1.3130070198149906,True,False
43,B_COC,ID,150,stop_intersection,False,False,False,0,1,34.473843829616975,1.2223366470563979,True,False
43,B_COC,ID,151,stop_intersection,False,False,False,0,1,27.395490504596403,1.3776023645658748,True,False
43,B_COC,ID,152,stop_intersection,False,False,False,0,1,28.08217156316823,1.3019176219639024,True,False
43,B_COC,ID,153,stop_intersection,False,False,False,0,1,34.361455865066574,1.2533912426087914,True,False
43,B_COC,ID,154,stop_intersection,False,False,False,0,1,34.870549321041295,1.1476891826499591,True,False
43,B_COC,ID,155,stop_intersection,False,False,False,0,1,29.881465697832432,1.2810512689443734,True,False
43,B_COC,ID,156,stop_intersection,False,False,False,0,1,33.691045863003055,1.0750580511309882,True,False
43,B_COC,ID,157,stop_intersection,False,False,False,0,1,36.1087586908222,1.2051907317204908,True,False
43,B_COC,ID,158,stop_intersection,False,False,False,0,1,35.58699975560343,1.2401888625962394,True,False
43,B_COC,ID,159,stop_intersection,False,False,False,0,1,31.460126969403706,1.2406107783317566,True,False
43,B_COC,ID,160,stop_intersection,False,False,False,0,1,38.505034078823314,1.345309864643008,True,False
43,B_COC,ID,161,stop_intersection,False,False,False,0,1,30.677726788064042,1.3353480131198197,True,False
43,B_COC,ID,162,stop_intersection,False,False,False,0,1,37.267466435616086,1.2680877106530324,True,False
43,B_COC,ID,163,stop_intersection,False,False,False,0,1,32.644415617632106,1.2726529091596601,True,False
43,B_COC,ID,164,stop_intersection,False,False,False,0,1,27.834211425861987,1.279422452575282,True,False
43,B_COC,ID,165,stop_intersection,False,False,False,0,1,33.20186822385304,1.3194746673107145,True,False
43,B_COC,ID,166,stop_intersection,False,False,False,0,1,38.65302852158337,1.211836351589723,True,False
43,B_COC,ID,167,stop_intersection,False,False,False,0,1,28.60828030845878,1.2415725145584497,True,False
43,B_COC,ID,168,stop_intersection,False,False,False,0,1,35.47816053944176,1.1533082779063735,True,False
43,B_COC,ID,169,stop_intersection,False,False,False,0,1,35.41057760259265,1.2913940592509945,True,False
43,B_COC,ID,170,stop_intersection,False,False,False,0,1,30.24172458609555,1.2252297699451447,True,False
43,B_COC,ID,171,stop_intersection,False,False,False,0,1,29.601666116961916,1.4040638114276685,True,False
43,B_COC,ID,172,stop_intersection,False,False,False,0,1,28.49630966711264,1.3313916796132137,True,False
43,B_COC,ID,173,stop_intersection,False,False,False,0,1,28.472043877242115,1.2087353070576985,True,False
43,B_COC,ID,174,stop_intersection,False,False,False,0,1,34.64585534250626,1.1164179850708353,True,False
43,B_COC,ID,175,stop_intersection,False,False,False,0,1,27.62169378344054,1.2156190016330817,True,False
43,B_COC,ID,176,stop_intersection,False,False,False,0,1,36.66859461134774,1.2280014021830126,True,False
43,B_COC,ID,177,stop_intersection,False,False,False,0,1,30.711533996701974,1.2873535584180784,True,False
43,B_COC,ID,178,stop_intersection,False,False,False,0,1,29.017219643521578,1.153477281332016,True,False
43,B_COC,ID,179,stop_intersection,False,False,False,0,1,30.27857312938321,1.1445056682541257,True,False
43,B_COC,ID,180,stop_intersection,False,False,False,0,1,31.928768898819943,1.2696119695901869,True,False
43,B_COC,ID,181,stop_intersection,False,False,False,0,1,35.544680621940216,1.2274662085941859,True,False
43,B_COC,ID,182,stop_intersection,False,False,False,0,1,30.955579604445482,1.243949145078659,True,False
43,B_COC,ID,183,stop_intersection,False,False,False,0,1,35.650957913962145,1.2005735136741815,True,False
43,B_COC,ID,184,stop_intersection,False,False,False,0,1,33.99527210986481,1.1297206407369569,True,False
43,B_COC,ID,185,stop_intersection,False,False,False,0,1,37.00986209121193,1.203181175298469,True,False
43,B_COC,ID,186,stop_intersection,False,False,False,0,1,35.41048000323084,1.1149482727050781,True,False
43,B_COC,ID,187,stop_intersection,False,False,False,0,1,37.547082700375064,1.283403713078726,True,False
43,B_COC,ID,188,stop_intersection,False,False,False,0,1,29.937774271365903,1.2112904489040373,True,False
43,B_COC,ID,189,stop_intersection,False,False,False,0,1,35.596234068433745,1.119618375192989,True,False
43,B_COC,ID,190,stop_intersection,False,False,False,0,1,36.17698296772623,1.1254909499125048,True,False
43,B_COC,ID,191,stop_intersection,False,False,False,0,1,31.99168711696468,1.1949355863943332,True,False
43,B_COC,ID,192,stop_intersection,False,False,False,0,1,31.636462694025244,1.2956622319343762,True,False
43,B_COC,ID,193,stop_intersection,False,False,False,0,1,29.433564841774643,1.2454472138331485,True,False
43,B_COC,ID,194,stop_intersection,False,False,False,0,1,30.410879827850813,1.2773103897388165,True,False
43,B_COC,ID,195,stop_intersection,False,False,False,0,1,35.606481933613296,1.1103163117712194,True,False
43,B_COC,ID,196,stop_intersection,False,False,False,0,1,28.64404868663636,1.2324296205471723,True,False
43,B_COC,ID,197,stop_intersection,False,False,False,0,1,28.18171300265455,1.2115485393084011,True,False
43,B_COC,ID,198,stop_intersection,False,False,False,0,1,28.480103345566462,1.152492195367813,True,False
43,B_COC,ID,199,stop_intersection,False,False,False,0,1,37.87315888674943,1.3201957109362579,True,False
43,B_COC,ID,200,lead_brake,False,False,False,0,0,76.18816483387445,0.25620896369218826,True,False
43,B_COC,ID,201,lead_brake,False,False,False,0,0,84.3570256016764,0.3470029830932617,True,False
43,B_COC,ID,202,lead_brake,False,False,False,0,0,63.93512594228456,0.3482208003600438,True,False
43,B_COC,ID,203,lead_brake,False,False,False,0,0,62.049312127688985,2.3524171337485313,True,False
43,B_COC,ID,204,lead_brake,False,False,False,0,0,86.32510084256529,0.25124874214331305,True,False
43,B_COC,ID,205,lead_brake,False,False,False,0,0,62.69528793356665,5.988347038626671,True,False
43,B_COC,ID,206,lead_brake,False,False,False,0,0,76.05935338183104,0.5209157392382622,True,False
43,B_COC,ID,207,lead_brake,False,False,False,0,0,73.54095061674536,0.23449911922216413,True,False
43,B_COC,ID,208,lead_brake,False,False,False,0,0,78.2443339589975,0.27634551872809726,True,False
43,B_COC,ID,209,lead_brake,False,False,False,0,0,59.6709901050732,0.6567484413584074,True,False
43,B_COC,ID,210,lead_brake,False,False,False,0,0,62.302413517527945,3.4037086417277655,True,False
43,B_COC,ID,211,lead_brake,False,False,False,0,0,77.47950465892302,0.2345547576745351,True,False
43,B_COC,ID,212,lead_brake,False,False,False,0,0,78.03023772325264,0.5326772928237914,True,False
43,B_COC,ID,213,lead_brake,False,False,False,0,0,54.29369663385914,0.9055986081560453,True,False
43,B_COC,ID,214,lead_brake,False,False,False,0,0,91.98776187420361,0.21741392090916634,True,False
43,B_COC,ID,215,lead_brake,False,False,False,0,0,66.24996637534932,0.34785029788812,True,False
43,B_COC,ID,216,lead_brake,False,False,False,0,0,60.0550743556431,5.496931329369545,True,False
43,B_COC,ID,217,lead_brake,False,False,False,0,0,60.283015091746876,1.432497389614582,True,False
43,B_COC,ID,218,lead_brake,False,False,False,0,0,62.03105612931945,0.3912775168816249,True,False
43,B_COC,ID,219,lead_brake,False,False,False,0,0,76.15399013407412,0.2985922495524089,True,False
43,B_COC,ID,220,lead_brake,False,False,False,0,0,54.75388660290423,1.0162078415354092,True,False
43,B_COC,ID,221,lead_brake,False,False,False,0,0,52.802621502771345,2.4306428395211697,True,False
43,B_COC,ID,222,lead_brake,False,False,False,0,0,83.24585060370762,0.23677739625175792,True,False
43,B_COC,ID,223,lead_brake,False,False,False,0,0,66.88434557398853,0.38496430218219757,True,False
43,B_COC,ID,224,lead_brake,False,False,False,0,0,70.98895916877112,0.4098615298668543,True,False
43,B_COC,ID,225,lead_brake,False,False,False,0,0,95.66150908052924,0.23190399507681528,True,False
43,B_COC,ID,226,lead_brake,False,False,False,0,0,65.14481675549345,0.41746393342812854,True,False
43,B_COC,ID,227,lead_brake,False,False,False,0,0,97.39747958236971,0.23792292922735214,True,False
43,B_COC,ID,228,lead_brake,False,False,False,0,0,74.32947293783532,0.4646720153590043,True,False
43,B_COC,ID,229,lead_brake,False,False,False,0,0,68.88728111635658,0.46228190263112384,True,False
43,B_COC,ID,230,lead_brake,False,False,False,0,0,84.47053194344046,0.16113014022509256,True,False
43,B_COC,ID,231,lead_brake,False,False,False,0,0,93.97917279690387,0.1552413950363795,True,False
43,B_COC,ID,232,lead_brake,False,False,False,0,0,78.25468465723245,0.36221843833724654,True,False
43,B_COC,ID,233,lead_brake,False,False,False,0,0,60.75994724591912,4.727196868509054,True,False
43,B_COC,ID,234,lead_brake,False,False,False,0,0,64.77143164065548,0.8387225816647211,True,False
43,B_COC,ID,235,lead_brake,False,False,False,0,0,94.98032408188718,0.19919362664222717,True,False
43,B_COC,ID,236,lead_brake,False,False,False,0,0,75.93597882410992,0.25479841977357864,True,False
43,B_COC,ID,237,lead_brake,False,False,False,0,0,55.89334230674996,0.7522607321540514,True,False
43,B_COC,ID,238,lead_brake,False,False,False,0,0,73.01059377837296,0.8507946096360682,True,False
43,B_COC,ID,239,lead_brake,False,False,False,0,0,75.13153578587817,0.4014808336893717,True,False
43,B_COC,ID,240,lead_brake,False,False,False,0,0,73.856600319531,0.403190450121959,True,False
43,B_COC,ID,241,lead_brake,False,False,False,0,0,55.111167841198764,0.5426036653419335,True,False
43,B_COC,ID,242,lead_brake,False,False,False,0,0,92.33291705577427,0.2352753033240636,True,False
43,B_COC,ID,243,lead_brake,False,False,False,0,0,93.97909855684945,0.2775256807605425,True,False
43,B_COC,ID,244,lead_brake,False,False,False,0,0,60.71355249314887,0.48069703703125316,True,False
43,B_COC,ID,245,lead_brake,False,False,False,0,0,68.09585481324392,0.5002835777898629,True,False
43,B_COC,ID,246,lead_brake,False,False,False,0,0,69.6905926354239,0.2432002077500025,True,False
43,B_COC,ID,247,lead_brake,False,False,False,0,0,67.60395935223852,0.317166859904925,True,False
43,B_COC,ID,248,lead_brake,False,False,False,0,0,56.9525958204408,7.262653748194376,True,False
43,B_COC,ID,249,lead_brake,False,False,False,0,0,60.58030359093842,0.48948514958222705,True,False
43,B_COC,ID,250,lead_brake,False,False,False,0,0,62.69910811883988,1.613504481812318,True,False
43,B_COC,ID,251,lead_brake,False,False,False,0,0,63.52203608786638,1.374492439130942,True,False
43,B_COC,ID,252,lead_brake,False,False,False,0,0,82.10711076615078,0.20807518313328424,True,False
43,B_COC,ID,253,lead_brake,False,False,False,0,0,90.67479603729909,0.1305417257050673,True,False
43,B_COC,ID,254,lead_brake,False,False,False,0,0,57.55924243532776,0.8060113688309987,True,False
43,B_COC,ID,255,lead_brake,False,False,False,0,0,69.35295697740736,0.500746063888073,True,False
43,B_COC,ID,256,lead_brake,False,False,False,0,0,61.07548692085823,0.5032466103633245,True,False
43,B_COC,ID,257,lead_brake,False,False,False,0,0,95.50670159552286,0.22444761792818702,True,False
43,B_COC,ID,258,lead_brake,False,False,False,0,0,71.66612124821631,0.29788084576527274,True,False
43,B_COC,ID,259,lead_brake,False,False,False,0,0,96.89341593235736,0.09963484605153401,True,False
43,B_COC,ID,260,lead_brake,False,False,False,0,0,57.26203932971057,0.9254906872908273,True,False
43,B_COC,ID,261,lead_brake,False,False,False,0,0,68.69398376333137,0.5137477368116379,True,False
43,B_COC,ID,262,lead_brake,False,False,False,0,0,54.37190309244132,0.6020388590792815,True,False
43,B_COC,ID,263,lead_brake,False,False,False,0,0,60.48225393670984,1.0825388617813587,True,False
43,B_COC,ID,264,lead_brake,False,False,False,0,0,93.41270176737737,0.30433523654937744,True,False
43,B_COC,ID,265,lead_brake,False,False,False,0,0,86.9254330764016,0.19569690773884452,True,False
43,B_COC,ID,266,lead_brake,False,False,False,0,0,66.4878531075923,0.2837081253528595,True,False
43,B_COC,ID,267,lead_brake,False,False,False,0,0,79.73113153981849,0.25963792949914927,True,False
43,B_COC,ID,268,lead_brake,False,False,False,0,0,60.78724591294715,0.5236447590092818,True,False
43,B_COC,ID,269,lead_brake,False,False,False,0,0,70.14890908692212,0.6479929126799107,True,False
43,B_COC,ID,270,lead_brake,False,False,False,0,0,78.90450673175853,1.2761181592941284,True,False
43,B_COC,ID,271,lead_brake,False,False,False,0,0,69.28638278036259,0.5399945614238579,True,False
43,B_COC,ID,272,lead_brake,False,False,False,0,0,87.31766805574121,0.2217253583172957,True,False
43,B_COC,ID,273,lead_brake,False,False,False,0,0,61.25093756938421,0.5714766159653664,True,False
43,B_COC,ID,274,lead_brake,False,False,False,0,0,95.24914292813546,0.26666203637917835,True,False
43,B_COC,ID,275,lead_brake,False,False,False,0,0,85.29061081394553,0.1931871026754379,True,False
43,B_COC,ID,276,lead_brake,False,False,False,0,0,59.60067466372605,0.3665015598138173,True,False
43,B_COC,ID,277,lead_brake,False,False,False,0,0,76.51447847052172,0.15424274653196335,True,False
43,B_COC,ID,278,lead_brake,False,False,False,0,0,81.35183966291197,0.2282576709985733,True,False
43,B_COC,ID,279,lead_brake,False,False,False,0,0,90.98831975667544,0.2457879955569903,True,False
43,B_COC,ID,280,lead_brake,False,False,False,0,0,82.0040687619682,0.21139902373154956,True,False
43,B_COC,ID,281,lead_brake,False,False,False,0,0,82.65084911044413,0.1961980164051056,True,False
43,B_COC,ID,282,lead_brake,False,False,False,0,0,87.6956623628834,0.1897625687221686,True,False
43,B_COC,ID,283,lead_brake,False,False,False,0,0,56.4351248253473,1.839366376399994,True,False
43,B_COC,ID,284,lead_brake,False,False,False,0,0,85.39450525894758,0.23373525341351828,True,False
43,B_COC,ID,285,lead_brake,False,False,False,0,0,70.95378983859148,0.7196245541175207,True,False
43,B_COC,ID,286,lead_brake,False,False,False,0,0,92.44481534227108,0.22001403445998827,True,False
43,B_COC,ID,287,lead_brake,False,False,False,0,0,75.8981226722235,0.782273452108105,True,False
43,B_COC,ID,288,lead_brake,False,False,False,0,0,67.84846692192808,0.45532967895269394,True,False
43,B_COC,ID,289,lead_brake,False,False,False,0,0,61.084994746939564,0.7564618128041426,True,False
43,B_COC,ID,290,lead_brake,False,False,False,0,0,95.455546720778,0.267132302125295,True,False
43,B_COC,ID,291,lead_brake,False,False,False,0,0,76.92552236556968,0.24068424105644226,True,False
43,B_COC,ID,292,lead_brake,False,False,False,0,0,73.65065025187971,0.26822739839553833,True,False
43,B_COC,ID,293,lead_brake,False,False,False,0,0,80.5476298981961,0.2488663668433825,True,False
43,B_COC,ID,294,lead_brake,False,False,False,0,0,60.349280580622846,0.27598228057225543,True,False
43,B_COC,ID,295,lead_brake,False,False,False,0,0,82.30275884192463,0.2467939108610153,True,False
43,B_COC,ID,296,lead_brake,False,False,False,0,0,61.04606725441478,0.3201098367571831,True,False
43,B_COC,ID,297,lead_brake,False,False,False,0,0,74.889684112547,0.23269071181615192,True,False
43,B_COC,ID,298,lead_brake,False,False,False,0,0,94.08396191637769,0.17442708089947698,True,False
43,B_COC,ID,299,lead_brake,False,False,False,0,0,67.51829431829263,5.687158639232318,True,False
43,B_COC,OOD,0,crosswalk,False,False,False,0,0,30.39028550623714,1.373331006616354,True,False
43,B_COC,OOD,1,crosswalk,False,False,False,0,0,31.267744097589734,1.1903097480535507,True,False
43,B_COC,OOD,2,crosswalk,True,True,False,0,1,23.19602565639999,0.8372829930904583,True,True
43,B_COC,OOD,3,crosswalk,True,True,False,0,0,29.75924825384592,1.2186293112925994,True,True
43,B_COC,OOD,4,crosswalk,False,True,False,0,0,24.79523162703054,1.009502555872943,True,True
43,B_COC,OOD,5,crosswalk,True,True,False,0,0,25.013593762513796,1.1229688998980398,True,True
43,B_COC,OOD,6,crosswalk,True,True,False,0,1,20.524376325700764,0.8417598938658124,True,True
43,B_COC,OOD,7,crosswalk,True,True,False,0,0,21.779118508295408,1.0022196699591244,True,True
43,B_COC,OOD,8,crosswalk,False,True,False,0,0,30.413478852834594,0.8657579762595039,True,True
43,B_COC,OOD,9,crosswalk,False,False,False,0,0,29.741935975422173,1.3771866349612965,True,False
43,B_COC,OOD,10,crosswalk,True,True,False,0,0,26.374728500050132,0.9661096181624974,True,True
43,B_COC,OOD,11,crosswalk,True,True,False,0,0,24.614563675462385,0.954193723829169,True,True
43,B_COC,OOD,12,crosswalk,True,True,False,0,0,27.49849035464023,1.1231302864411297,True,True
43,B_COC,OOD,13,crosswalk,True,True,False,0,1,23.57062003318837,0.945230715654113,True,True
43,B_COC,OOD,14,crosswalk,False,False,False,0,0,31.360772520832334,0.9778671515615363,True,False
43,B_COC,OOD,15,crosswalk,True,True,False,0,1,22.293130906495495,0.8919335769282446,True,True
43,B_COC,OOD,16,crosswalk,True,True,False,0,1,22.755979950725944,0.8158894195113071,True,True
43,B_COC,OOD,17,crosswalk,True,True,False,0,1,21.090127251875934,0.7307504335554634,True,True
43,B_COC,OOD,18,crosswalk,True,True,False,0,0,21.935695573630937,1.0100043006241322,True,True
43,B_COC,OOD,19,crosswalk,True,True,False,0,1,21.627342918540098,0.9434407185285518,True,True
43,B_COC,OOD,20,crosswalk,True,True,False,0,0,29.403654813238184,1.0089853256940842,True,True
43,B_COC,OOD,21,crosswalk,True,True,False,0,1,22.517282406242323,0.887091312218796,True,True
43,B_COC,OOD,22,crosswalk,True,True,False,0,0,20.97401458690709,0.9091597473299181,True,True
43,B_COC,OOD,23,crosswalk,True,True,False,0,0,28.761222088971113,0.9631089063791128,True,True
43,B_COC,OOD,24,crosswalk,True,True,False,0,1,23.17653030366573,0.9069519809314183,True,True
43,B_COC,OOD,25,crosswalk,True,True,False,0,1,22.683348923854638,0.7334038544268835,True,True
43,B_COC,OOD,26,crosswalk,True,True,False,0,1,22.87037464665835,0.7835854971131613,True,True
43,B_COC,OOD,27,crosswalk,True,True,False,0,1,29.892074604346476,1.083333979953419,True,True
43,B_COC,OOD,28,crosswalk,False,True,False,0,0,30.571776145245863,1.3509169396232157,True,True
43,B_COC,OOD,29,crosswalk,False,True,False,0,0,28.834136394238996,0.9278292655944823,True,True
43,B_COC,OOD,30,crosswalk,False,False,False,0,0,28.662826663444633,1.1963899806141853,True,False
43,B_COC,OOD,31,crosswalk,True,True,False,0,1,22.868038719000104,0.8850777894258499,True,True
43,B_COC,OOD,32,crosswalk,True,True,False,0,1,28.160604222123716,0.9152650426734578,True,True
43,B_COC,OOD,33,crosswalk,True,True,False,0,0,26.802691107933097,1.0288091607995935,True,True
43,B_COC,OOD,34,crosswalk,True,True,False,0,1,24.403582790791873,0.8192990962849107,True,True
43,B_COC,OOD,35,crosswalk,True,True,False,0,1,22.05865727851391,0.8737834343096105,True,True
43,B_COC,OOD,36,crosswalk,True,True,False,0,1,20.936017955735444,0.7929395208525103,True,True
43,B_COC,OOD,37,crosswalk,True,True,False,0,0,22.970312070149493,1.097084790882137,True,True
43,B_COC,OOD,38,crosswalk,True,True,False,0,1,21.177730620643132,0.8045681223676011,True,True
43,B_COC,OOD,39,crosswalk,True,True,False,0,0,30.820637967039694,1.0254238781176115,True,True
43,B_COC,OOD,40,crosswalk,True,True,False,0,1,21.61261252304377,0.8472112766126306,True,True
43,B_COC,OOD,41,crosswalk,True,True,False,0,1,24.240584941729182,0.850212439185097,True,True
43,B_COC,OOD,42,crosswalk,True,True,False,0,0,25.458661150081568,1.1728264888127644,True,True
43,B_COC,OOD,43,crosswalk,True,True,False,0,1,20.359448735126822,0.7780905280794416,True,True
43,B_COC,OOD,44,crosswalk,True,True,False,0,1,31.339801704345497,0.9365448626604946,True,True
43,B_COC,OOD,45,crosswalk,True,True,False,0,1,22.226309161124874,0.7847794185837973,True,True
43,B_COC,OOD,46,crosswalk,True,True,False,0,0,31.02326536132376,0.9633613228797913,True,True
43,B_COC,OOD,47,crosswalk,True,True,False,0,1,24.65833799121748,1.0054839899142582,True,True
43,B_COC,OOD,48,crosswalk,True,True,False,0,0,27.80743330245833,1.1265900029855616,True,True
43,B_COC,OOD,49,crosswalk,False,True,False,0,0,26.457635700962108,1.1571236217723173,True,True
43,B_COC,OOD,50,crosswalk,False,False,False,0,0,27.29273625162945,1.244645028403311,True,False
43,B_COC,OOD,51,crosswalk,True,True,False,0,0,27.475947004381617,1.1611092896074862,True,True
43,B_COC,OOD,52,crosswalk,True,True,False,0,0,21.984924775911153,1.073013428184721,True,True
43,B_COC,OOD,53,crosswalk,True,True,False,0,0,21.630388225579935,0.9594044415280223,True,True
43,B_COC,OOD,54,crosswalk,False,True,False,0,0,25.6054463419525,1.0298983421590593,True,True
43,B_COC,OOD,55,crosswalk,True,True,False,0,0,30.195934008204297,1.3314081204904094,True,True
43,B_COC,OOD,56,crosswalk,True,True,False,0,1,23.177857741141707,0.8762819156414126,True,True
43,B_COC,OOD,57,crosswalk,True,True,False,0,1,21.059052732971274,0.8565816520289941,True,True
43,B_COC,OOD,58,crosswalk,True,True,False,0,1,28.8978861926998,0.9111255407333374,True,True
43,B_COC,OOD,59,crosswalk,True,True,False,0,1,23.329979257815364,0.8400508728292253,True,True
43,B_COC,OOD,60,crosswalk,True,True,False,0,0,28.045641613773704,1.1977942784627278,True,True
43,B_COC,OOD,61,crosswalk,True,True,False,0,0,23.75731971244526,0.9817055123192923,True,True
43,B_COC,OOD,62,crosswalk,True,True,False,0,1,28.349940525920573,0.9098301238791886,True,True
43,B_COC,OOD,63,crosswalk,True,True,False,0,1,21.904557457676177,0.8282538934757835,True,True
43,B_COC,OOD,64,crosswalk,True,True,False,0,1,24.887814894129562,0.967977003353398,True,True
43,B_COC,OOD,65,crosswalk,True,True,False,0,0,30.79715187957887,0.9356259732019334,True,True
43,B_COC,OOD,66,crosswalk,True,True,False,0,1,21.5692170301201,0.9116011465850629,True,True
43,B_COC,OOD,67,crosswalk,True,True,False,0,1,27.905619204150675,1.1098384579946827,True,True
43,B_COC,OOD,68,crosswalk,True,True,False,0,1,20.600319747346372,0.7162007035278691,True,True
43,B_COC,OOD,69,crosswalk,True,True,False,0,0,25.979647775070685,1.1536673456430435,True,True
43,B_COC,OOD,70,crosswalk,True,True,False,0,0,22.49661087929814,1.0307045322325494,True,True
43,B_COC,OOD,71,crosswalk,True,True,False,0,0,28.717851282934895,1.0366601603371757,True,True
43,B_COC,OOD,72,crosswalk,True,True,False,0,1,23.5222125693355,0.8907815186600935,True,True
43,B_COC,OOD,73,crosswalk,True,True,False,0,1,28.195908207968316,0.937350747131166,True,True
43,B_COC,OOD,74,crosswalk,True,True,False,0,0,24.88236722119815,1.1280453763902187,True,True
43,B_COC,OOD,75,crosswalk,True,True,False,0,0,27.17124152613541,1.1771496405472626,True,True
43,B_COC,OOD,76,crosswalk,True,True,False,0,1,28.875600654891134,0.995701617664761,True,True
43,B_COC,OOD,77,crosswalk,True,True,False,0,1,25.65676883839908,0.9929634395398591,True,True
43,B_COC,OOD,78,crosswalk,False,True,False,0,0,29.23963454737902,0.9050229700600229,True,True
43,B_COC,OOD,79,crosswalk,True,True,False,0,1,20.382811751352694,0.892878689803183,True,True
43,B_COC,OOD,80,crosswalk,True,True,False,0,0,23.73019071268829,1.0359383595956337,True,True
43,B_COC,OOD,81,crosswalk,True,True,False,0,0,22.187309288115113,1.103886819134156,True,True
43,B_COC,OOD,82,crosswalk,True,True,False,0,1,25.27599094628383,0.8208913559263403,True,True
43,B_COC,OOD,83,crosswalk,True,True,False,0,0,29.333041491837655,0.8570603348992087,True,True
43,B_COC,OOD,84,crosswalk,True,True,False,0,1,28.19541169064813,0.9929083585739136,True,True
43,B_COC,OOD,85,crosswalk,True,True,False,0,1,22.03759628862685,0.7760271009726402,True,True
43,B_COC,OOD,86,crosswalk,False,True,False,0,0,31.296661478603227,1.176108850373162,True,True
43,B_COC,OOD,87,crosswalk,True,True,False,0,1,22.659176037949713,0.7960280776023865,True,True
43,B_COC,OOD,88,crosswalk,True,True,False,0,1,29.837529349830785,1.0376622378826141,True,True
43,B_COC,OOD,89,crosswalk,True,True,False,0,0,28.842827140528893,0.9569694995880126,True,True
43,B_COC,OOD,90,crosswalk,True,True,False,0,0,30.9976384465253,1.167280146053859,True,True
43,B_COC,OOD,91,crosswalk,True,True,False,0,0,23.436761603300155,1.0612102737650275,True,True
43,B_COC,OOD,92,crosswalk,True,True,False,0,0,24.332388251180458,0.9512171989832169,True,True
43,B_COC,OOD,93,crosswalk,True,True,False,0,1,21.01589062223281,0.8110577151888892,True,True
43,B_COC,OOD,94,crosswalk,True,True,False,0,1,26.385274507265223,0.9802082180976868,True,True
43,B_COC,OOD,95,crosswalk,True,True,False,0,0,21.37064812812227,0.8886224542345319,True,True
43,B_COC,OOD,96,crosswalk,True,True,False,0,0,28.883074380450225,0.9622234106063843,True,True
43,B_COC,OOD,97,crosswalk,True,True,False,0,0,30.495067187610086,1.1155848096056682,True,True
43,B_COC,OOD,98,crosswalk,False,True,False,0,0,27.97295003677571,1.0512242123887345,True,True
43,B_COC,OOD,99,crosswalk,True,True,False,0,1,28.352369613176744,1.0436991263519633,True,True
43,B_COC,OOD,100,stop_intersection,True,True,False,0,0,23.55877958527322,2.0593655854463577,True,True
43,B_COC,OOD,101,stop_intersection,False,False,False,0,1,24.960771906006144,0.9829456991744491,True,False
43,B_COC,OOD,102,stop_intersection,False,False,False,0,1,31.284069268121286,1.414536314132886,True,False
43,B_COC,OOD,103,stop_intersection,False,False,False,0,1,26.844361330019346,1.1925227301461356,True,False
43,B_COC,OOD,104,stop_intersection,False,False,False,0,0,27.333598473051076,1.879303731024265,True,False
43,B_COC,OOD,105,stop_intersection,False,False,False,0,0,20.824238333475304,1.7794005663105934,True,False
43,B_COC,OOD,106,stop_intersection,False,False,False,0,1,31.43521787021779,1.3856183565579927,True,False
43,B_COC,OOD,107,stop_intersection,False,False,False,0,1,27.92745607512137,0.9703653595513767,True,False
43,B_COC,OOD,108,stop_intersection,False,False,False,0,1,24.61196880209438,1.3529553350347738,True,False
43,B_COC,OOD,109,stop_intersection,False,False,False,0,0,21.865235883219466,1.7709246277809143,True,False
43,B_COC,OOD,110,stop_intersection,False,False,False,0,0,24.107991196510305,1.7894474334186976,True,False
43,B_COC,OOD,111,stop_intersection,False,False,False,0,1,23.226299906044172,1.1962322394053142,True,False
43,B_COC,OOD,112,stop_intersection,True,True,False,0,0,23.849542607485414,2.056005254387855,True,True
43,B_COC,OOD,113,stop_intersection,False,True,False,0,0,30.77907208047474,1.139734188715617,True,True
43,B_COC,OOD,114,stop_intersection,False,False,False,0,0,24.075671380443126,1.9579798224810008,True,False
43,B_COC,OOD,115,stop_intersection,False,True,False,0,1,24.410444240905875,1.2502158515983157,True,True
43,B_COC,OOD,116,stop_intersection,False,True,False,0,0,22.011710440626178,2.220762140656772,True,True
43,B_COC,OOD,117,stop_intersection,False,False,False,0,1,28.56779153107363,1.349675365776386,True,False
43,B_COC,OOD,118,stop_intersection,False,False,False,0,1,28.86240666110046,1.2685252611453717,True,False
43,B_COC,OOD,119,stop_intersection,False,False,False,0,0,23.494032603570083,1.9590471472058975,True,False
43,B_COC,OOD,120,stop_intersection,False,False,False,0,1,30.622671179635965,1.104537870506851,True,False
43,B_COC,OOD,121,stop_intersection,False,False,False,0,0,21.70271041375213,1.4851777330040932,True,False
43,B_COC,OOD,122,stop_intersection,False,True,False,0,0,24.875090649526214,1.2442260140027754,True,True
43,B_COC,OOD,123,stop_intersection,False,False,False,0,1,31.05989979439438,1.224238246679306,True,False
43,B_COC,OOD,124,stop_intersection,False,False,False,0,1,28.54766623894739,1.2045801017019482,True,False
43,B_COC,OOD,125,stop_intersection,True,True,False,0,0,23.97606917469345,1.2057929308641524,True,True
43,B_COC,OOD,126,stop_intersection,False,False,False,0,1,30.778553884353755,1.1956568819991613,True,False
43,B_COC,OOD,127,stop_intersection,False,False,False,0,1,28.49267095954484,0.9560876635128054,True,False
43,B_COC,OOD,128,stop_intersection,False,False,False,0,1,30.053782114175245,1.27928539728507,True,False
43,B_COC,OOD,129,stop_intersection,False,False,False,0,1,26.587345032704334,1.3512912842462648,True,False
43,B_COC,OOD,130,stop_intersection,True,True,False,0,0,21.8267754519676,1.18539559841156,True,True
43,B_COC,OOD,131,stop_intersection,False,False,False,0,1,24.434586307194817,1.8344455460707345,True,False
43,B_COC,OOD,132,stop_intersection,False,False,False,0,0,21.76668561087589,2.013730144984013,True,False
43,B_COC,OOD,133,stop_intersection,False,False,False,0,1,24.806726568641718,1.2839264383441522,True,False
43,B_COC,OOD,134,stop_intersection,False,False,False,0,1,26.514267831730937,1.202786298174607,True,False
43,B_COC,OOD,135,stop_intersection,False,True,False,0,0,21.6474031060642,1.1698098722341899,True,True
43,B_COC,OOD,136,stop_intersection,False,False,False,0,1,25.933952285068457,1.175146040163542,True,False
43,B_COC,OOD,137,stop_intersection,False,False,False,0,1,30.81746064851803,0.9888675078176535,True,False
43,B_COC,OOD,138,stop_intersection,False,False,False,0,1,30.55337293865726,1.225916484127874,True,False
43,B_COC,OOD,139,stop_intersection,False,False,False,0,1,28.128683676179172,1.1210931570102007,True,False
43,B_COC,OOD,140,stop_intersection,False,True,False,0,0,25.4040583291237,1.1168104335665703,True,True
43,B_COC,OOD,141,stop_intersection,False,True,False,0,0,29.355319591958388,1.123684731925406,True,True
43,B_COC,OOD,142,stop_intersection,False,False,False,0,0,22.912797706431203,1.8171426739011491,True,False
43,B_COC,OOD,143,stop_intersection,False,False,False,0,1,28.44473461563249,1.5587877056428363,True,False
43,B_COC,OOD,144,stop_intersection,False,False,False,0,1,29.962739033665002,1.2314044833183286,True,False
43,B_COC,OOD,145,stop_intersection,False,False,False,0,0,27.408235027551026,1.7202216547888678,True,False
43,B_COC,OOD,146,stop_intersection,False,False,False,0,1,27.034460301620356,1.7035336983509552,True,False
43,B_COC,OOD,147,stop_intersection,False,False,False,0,0,21.38807877069017,1.1644419034322102,True,False
43,B_COC,OOD,148,stop_intersection,True,True,False,0,0,20.39264550581626,1.0434233607389987,True,True
43,B_COC,OOD,149,stop_intersection,False,False,False,0,1,28.92941621970507,1.1734610740785245,True,False
43,B_COC,OOD,150,stop_intersection,True,True,False,0,0,23.111375582463527,2.0269238076558924,True,True
43,B_COC,OOD,151,stop_intersection,False,True,False,0,0,23.692223040598808,1.2363946518382511,True,True
43,B_COC,OOD,152,stop_intersection,False,False,False,0,1,31.07000540561546,1.4448081662780359,True,False
43,B_COC,OOD,153,stop_intersection,False,True,False,0,0,30.728901318540203,1.2062785625457764,True,True
43,B_COC,OOD,154,stop_intersection,False,False,False,0,0,21.408945776889844,2.022817245551518,True,False
43,B_COC,OOD,155,stop_intersection,False,False,False,0,1,24.48614548678946,1.2242348774059397,True,False
43,B_COC,OOD,156,stop_intersection,False,False,False,0,1,21.96491512198389,1.0888528238449777,True,False
43,B_COC,OOD,157,stop_intersection,False,False,False,0,1,22.843844348148597,1.3772223861171646,True,False
43,B_COC,OOD,158,stop_intersection,False,False,False,0,1,30.379257026322975,1.1106647985676925,True,False
43,B_COC,OOD,159,stop_intersection,False,True,False,0,0,29.34616163021012,1.1764819229521402,True,True
43,B_COC,OOD,160,stop_intersection,False,False,False,0,1,25.396376283496156,1.2302507939083236,True,False
43,B_COC,OOD,161,stop_intersection,True,True,False,0,0,23.99516793685642,1.1865878711606181,True,True
43,B_COC,OOD,162,stop_intersection,False,True,False,0,0,27.962641905662785,1.2211401869611043,True,True
43,B_COC,OOD,163,stop_intersection,False,False,False,0,0,26.47052216738614,1.1086144202794783,True,False
43,B_COC,OOD,164,stop_intersection,True,True,False,0,0,24.015226362639293,1.2438134141266346,True,True
43,B_COC,OOD,165,stop_intersection,False,False,False,0,1,28.28605058853492,1.29028892897545,True,False
43,B_COC,OOD,166,stop_intersection,False,False,False,0,1,26.64980058939239,1.4501639770136938,True,False
43,B_COC,OOD,167,stop_intersection,False,True,False,0,0,30.395286390728952,1.2105915435524872,True,True
43,B_COC,OOD,168,stop_intersection,False,True,False,0,0,31.565547616635136,1.2139405310153961,True,True
43,B_COC,OOD,169,stop_intersection,False,False,False,0,1,28.74830424560269,1.1564832925796509,True,False
43,B_COC,OOD,170,stop_intersection,False,False,False,0,0,20.796822537837613,1.1602572734291487,True,False
43,B_COC,OOD,171,stop_intersection,False,True,False,0,0,21.73044238225189,1.14534688492616,True,True
43,B_COC,OOD,172,stop_intersection,False,False,False,0,0,22.684150876505285,1.9492664127736476,True,False
43,B_COC,OOD,173,stop_intersection,False,True,False,0,0,28.672480891757672,1.1298538432564846,True,True
43,B_COC,OOD,174,stop_intersection,False,False,False,0,0,22.114726782910935,1.8351684808731077,True,False
43,B_COC,OOD,175,stop_intersection,False,True,False,0,1,28.073826931633448,1.3850353376285447,True,True
43,B_COC,OOD,176,stop_intersection,False,False,False,0,0,21.899363246958554,2.092680728861264,True,False
43,B_COC,OOD,177,stop_intersection,False,False,False,0,1,30.179450787898443,1.4359466234842935,True,False
43,B_COC,OOD,178,stop_intersection,False,True,False,0,1,28.85723398216895,1.230054780056602,True,True
43,B_COC,OOD,179,stop_intersection,False,False,False,0,0,28.930741211348163,1.7701062843913122,True,False
43,B_COC,OOD,180,stop_intersection,True,True,False,0,0,21.308504193800918,1.1636877212768946,True,True
43,B_COC,OOD,181,stop_intersection,False,True,False,0,1,30.679285815152017,1.2231517296570997,True,True
43,B_COC,OOD,182,stop_intersection,False,False,False,0,0,22.963895777922513,1.1669055960680308,True,False
43,B_COC,OOD,183,stop_intersection,False,False,False,0,0,22.267477568954504,1.1096677586839006,True,False
43,B_COC,OOD,184,stop_intersection,False,False,False,0,1,29.858104282733652,1.3859912928412943,True,False
43,B_COC,OOD,185,stop_intersection,True,True,False,0,0,26.257015496552945,1.2388132408607837,True,True
43,B_COC,OOD,186,stop_intersection,False,False,False,0,1,30.11695128699168,1.2978494060891015,True,False
43,B_COC,OOD,187,stop_intersection,False,False,False,0,1,27.180364342088296,1.4074359901926732,True,False
43,B_COC,OOD,188,stop_intersection,False,False,False,0,1,30.70743219334934,1.1520247161388397,True,False
43,B_COC,OOD,189,stop_intersection,False,False,False,0,1,30.153713936932654,1.3749868136185865,True,False
43,B_COC,OOD,190,stop_intersection,False,False,False,0,1,24.488322416674826,1.3017235315123268,True,False
43,B_COC,OOD,191,stop_intersection,False,False,False,0,0,27.00577671019303,1.566850511091096,True,False
43,B_COC,OOD,192,stop_intersection,False,False,False,0,0,29.792087583153368,1.095780221427359,True,False
43,B_COC,OOD,193,stop_intersection,True,True,False,0,0,24.11232178348026,1.207483506628445,True,True
43,B_COC,OOD,194,stop_intersection,False,True,False,0,0,26.362079361501824,1.2777625396847725,True,True
43,B_COC,OOD,195,stop_intersection,False,False,False,0,0,26.84757948682816,1.9424188942522616,True,False
43,B_COC,OOD,196,stop_intersection,True,True,False,0,0,22.427548519814113,1.2191459765801063,True,True
43,B_COC,OOD,197,stop_intersection,False,False,False,0,1,29.28300114600097,1.2843579479626246,True,False
43,B_COC,OOD,198,stop_intersection,False,False,False,0,0,29.63704028803192,1.3797916742888363,True,False
43,B_COC,OOD,199,stop_intersection,False,False,False,0,1,27.95288297195799,1.023156341786186,True,False
43,B_COC,OOD,200,lead_brake,False,False,False,0,0,33.948290283232915,1.5863774263610442,True,False
43,B_COC,OOD,201,lead_brake,False,False,False,0,0,30.878099754447398,3.335726339370012,True,False
43,B_COC,OOD,202,lead_brake,False,False,True,0,0,26.05181438976242,3.5399841535836454,True,False
43,B_COC,OOD,203,lead_brake,False,False,False,0,0,30.780482923348146,3.7155133920411267,True,False
43,B_COC,OOD,204,lead_brake,False,False,False,0,0,29.761935734299453,2.2075772279252606,True,False
43,B_COC,OOD,205,lead_brake,False,False,True,0,0,28.552091390677234,3.835899763430158,True,False
43,B_COC,OOD,206,lead_brake,False,False,False,0,0,30.25098654805295,2.4889095195879536,True,False
43,B_COC,OOD,207,lead_brake,False,False,False,0,0,32.863094078879094,2.3878723519543805,True,False
43,B_COC,OOD,208,lead_brake,False,False,False,0,0,38.1806089074299,2.4547621589154005,True,False
43,B_COC,OOD,209,lead_brake,False,False,False,0,0,30.74395313357232,1.4356070396800835,True,False
43,B_COC,OOD,210,lead_brake,False,False,True,0,0,29.84318951752941,3.8363819116105633,True,False
43,B_COC,OOD,211,lead_brake,False,False,False,0,0,36.48424742147322,4.146940076723695,True,False
43,B_COC,OOD,212,lead_brake,False,False,True,0,0,27.677557471668873,3.9759780416886006,True,False
43,B_COC,OOD,213,lead_brake,False,False,False,0,0,30.929997473541555,2.472562743971745,True,False
43,B_COC,OOD,214,lead_brake,False,False,False,0,0,35.03379672381749,2.9384745098650455,True,False
43,B_COC,OOD,215,lead_brake,False,False,True,0,0,26.89752199050444,4.327768111601472,True,False
43,B_COC,OOD,216,lead_brake,False,False,False,0,0,40.2644523076377,2.028546410302321,True,False
43,B_COC,OOD,217,lead_brake,False,False,False,0,0,34.786433453708874,3.5892012678086758,True,False
43,B_COC,OOD,218,lead_brake,False,False,False,0,0,26.721593088084116,2.515681189795335,True,False
43,B_COC,OOD,219,lead_brake,False,False,False,0,0,34.48558312569915,3.349190143247445,True,False
43,B_COC,OOD,220,lead_brake,False,False,False,0,0,35.35267654307218,3.1492884618540606,True,False
43,B_COC,OOD,221,lead_brake,False,False,True,0,0,24.305271208584283,1.8965606509397428,True,False
43,B_COC,OOD,222,lead_brake,False,False,False,0,0,39.791370550258975,3.407158055653175,True,False
43,B_COC,OOD,223,lead_brake,False,False,True,0,0,26.489378754717347,3.996755627915263,True,False
43,B_COC,OOD,224,lead_brake,False,False,False,0,0,31.344706710072554,3.3184707444161177,True,False
43,B_COC,OOD,225,lead_brake,False,False,False,0,0,32.02747360845419,3.657885589326421,True,False
43,B_COC,OOD,226,lead_brake,False,False,False,0,0,27.285060988813637,1.9869370448092618,True,False
43,B_COC,OOD,227,lead_brake,False,False,False,0,0,38.766256341672616,2.150670075168212,True,False
43,B_COC,OOD,228,lead_brake,False,False,False,0,0,39.769602834320644,1.3253096056481202,True,False
43,B_COC,OOD,229,lead_brake,False,False,False,0,0,43.21748302653435,2.4192381302515664,True,False
43,B_COC,OOD,230,lead_brake,False,False,False,0,0,34.203606245858545,3.460003904998302,True,False
43,B_COC,OOD,231,lead_brake,False,False,False,0,0,35.41590229438549,2.9488416320333877,True,False
43,B_COC,OOD,232,lead_brake,False,False,False,0,0,32.90380804569484,4.841433064391215,True,False
43,B_COC,OOD,233,lead_brake,False,False,True,0,0,30.199778992023326,3.7685189613451557,True,False
43,B_COC,OOD,234,lead_brake,False,False,False,0,0,29.27122219043969,3.950785912573337,True,False
43,B_COC,OOD,235,lead_brake,False,False,False,0,0,32.43638030400147,3.5426233274241286,True,False
43,B_COC,OOD,236,lead_brake,False,False,False,0,0,42.672889086455086,3.2818430084735155,True,False
43,B_COC,OOD,237,lead_brake,False,False,False,0,0,40.5560578464231,2.0800175232191878,True,False
43,B_COC,OOD,238,lead_brake,False,False,True,0,0,26.43081383705138,1.6788337808102367,True,False
43,B_COC,OOD,239,lead_brake,False,False,False,0,0,34.53303334592332,2.895125592127442,True,False
43,B_COC,OOD,240,lead_brake,False,False,False,0,0,36.92135897710919,4.463779985904693,True,False
43,B_COC,OOD,241,lead_brake,False,False,True,0,0,25.93967428336856,2.2305147089064117,True,False
43,B_COC,OOD,242,lead_brake,False,False,True,0,0,27.197519425972178,2.224060967564583,True,False
43,B_COC,OOD,243,lead_brake,False,False,False,0,0,31.257608393347635,2.992538640896479,True,False
43,B_COC,OOD,244,lead_brake,False,False,False,0,0,41.833271061331025,3.1548897288739677,True,False
43,B_COC,OOD,245,lead_brake,False,False,False,0,0,43.63321637392049,1.3615201016267138,True,False
43,B_COC,OOD,246,lead_brake,False,False,True,0,0,27.037925873538875,2.6757108128319183,True,False
43,B_COC,OOD,247,lead_brake,False,False,False,0,0,31.57627815658867,3.894407017777363,True,False
43,B_COC,OOD,248,lead_brake,False,False,True,0,0,27.855912319675742,1.4318550204237301,True,False
43,B_COC,OOD,249,lead_brake,False,False,True,0,0,24.260291327821584,4.4861092778543625,True,False
43,B_COC,OOD,250,lead_brake,False,False,False,0,0,33.806600552206085,4.547186077882846,True,False
43,B_COC,OOD,251,lead_brake,False,False,False,0,0,31.11352683560168,3.404609602565566,True,False
43,B_COC,OOD,252,lead_brake,False,False,False,0,0,40.31739292367798,3.063002234324813,True,False
43,B_COC,OOD,253,lead_brake,False,False,False,0,0,28.999082749038923,3.10123018361628,True,False
43,B_COC,OOD,254,lead_brake,False,False,True,0,0,28.407353203216417,2.671749625975887,True,False
43,B_COC,OOD,255,lead_brake,False,False,False,0,0,34.62962018614011,3.511460393667221,True,False
43,B_COC,OOD,256,lead_brake,False,False,True,0,0,25.307629474103436,3.18664851039648,True,False
43,B_COC,OOD,257,lead_brake,False,False,False,0,0,31.08983024998765,3.6742152875910197,True,False
43,B_COC,OOD,258,lead_brake,False,False,True,0,0,23.87144977958028,1.6475698022792735,True,False
43,B_COC,OOD,259,lead_brake,False,False,False,0,0,43.30340254619717,2.685130401204029,True,False
43,B_COC,OOD,260,lead_brake,False,False,False,0,0,34.9134194119473,2.272208371510108,True,False
43,B_COC,OOD,261,lead_brake,False,False,False,0,0,28.956345997573965,2.3921589913467565,True,False
43,B_COC,OOD,262,lead_brake,False,False,False,0,0,38.54837587679139,4.2011463195085526,True,False
43,B_COC,OOD,263,lead_brake,False,False,True,0,0,30.907492348034417,4.061018833890557,True,False
43,B_COC,OOD,264,lead_brake,False,False,False,0,0,44.76309368476267,1.6009929068386555,True,False
43,B_COC,OOD,265,lead_brake,False,False,False,0,0,40.34288449096592,1.015772745013237,True,False
43,B_COC,OOD,266,lead_brake,False,False,False,0,0,32.57264633636897,3.533733056858182,True,False
43,B_COC,OOD,267,lead_brake,False,False,False,0,0,29.77954684500515,2.9224459044635296,True,False
43,B_COC,OOD,268,lead_brake,False,False,True,0,0,29.483131509770626,4.131941886618733,True,False
43,B_COC,OOD,269,lead_brake,False,False,False,0,0,31.744679546634455,3.3711714558303356,True,False
43,B_COC,OOD,270,lead_brake,False,False,True,0,0,25.810789278623137,1.7335081907610097,True,False
43,B_COC,OOD,271,lead_brake,False,False,False,0,0,36.42740364612294,3.553130223105351,True,False
43,B_COC,OOD,272,lead_brake,False,False,False,0,0,34.45291191016498,3.1885299645364285,True,False
43,B_COC,OOD,273,lead_brake,False,False,False,0,0,34.992011972606015,1.0870930353800454,True,False
43,B_COC,OOD,274,lead_brake,False,False,False,0,0,37.38757926098563,2.0811830336848893,True,False
43,B_COC,OOD,275,lead_brake,False,False,False,0,0,33.341125661097905,2.69893248938024,True,False
43,B_COC,OOD,276,lead_brake,False,False,False,0,0,28.81750310149688,2.911519623051087,True,False
43,B_COC,OOD,277,lead_brake,False,False,True,0,0,29.86480197742581,2.4408796932548285,True,False
43,B_COC,OOD,278,lead_brake,False,False,False,0,0,30.372965173091217,3.8778342623263593,True,False
43,B_COC,OOD,279,lead_brake,False,False,False,0,0,38.943445687591996,0.6591982766985893,True,False
43,B_COC,OOD,280,lead_brake,False,False,False,0,0,30.74565970603046,2.165561280523737,True,False
43,B_COC,OOD,281,lead_brake,False,False,False,0,0,31.669353532493105,1.8040759315093358,True,False
43,B_COC,OOD,282,lead_brake,False,False,False,0,0,32.41969808485908,4.207253439351916,True,False
43,B_COC,OOD,283,lead_brake,False,False,False,0,0,36.739047667086126,1.4669981238742669,True,False
43,B_COC,OOD,284,lead_brake,False,False,True,0,0,26.197056594977592,3.615566641713182,True,False
43,B_COC,OOD,285,lead_brake,False,False,False,0,0,35.50716621504783,3.655921443675955,True,False
43,B_COC,OOD,286,lead_brake,False,False,False,0,0,29.252919554340952,3.803739180167516,True,False
43,B_COC,OOD,287,lead_brake,False,False,False,0,0,32.80681732054773,2.764144998043775,True,False
43,B_COC,OOD,288,lead_brake,False,False,True,0,0,26.951815174244274,2.2196190680066743,True,False
43,B_COC,OOD,289,lead_brake,False,False,False,0,0,39.9057787158601,2.350985457499822,True,False
43,B_COC,OOD,290,lead_brake,False,False,False,0,0,33.94157330566552,2.894619181752205,True,False
43,B_COC,OOD,291,lead_brake,False,False,True,0,0,21.976043116003268,2.3445497235904136,True,False
43,B_COC,OOD,292,lead_brake,False,False,False,0,0,36.30634230806519,1.8288839881618817,True,False
43,B_COC,OOD,293,lead_brake,False,False,True,0,0,25.734804527259726,2.941541207954287,True,False
43,B_COC,OOD,294,lead_brake,False,False,True,0,0,26.982078884896733,2.7400394591192403,True,False
43,B_COC,OOD,295,lead_brake,False,False,False,0,0,28.459373184740524,3.4184939799209433,True,False
43,B_COC,OOD,296,lead_brake,False,False,False,0,0,35.76938756837716,2.8740272043893733,True,False
43,B_COC,OOD,297,lead_brake,False,False,False,0,0,39.21783392217068,1.3629436809569597,True,False
43,B_COC,OOD,298,lead_brake,False,False,True,0,0,21.54884761410059,2.1843810441593328,True,False
43,B_COC,OOD,299,lead_brake,False,False,True,0,0,25.946233537469464,1.6708891664942105,True,False
43,C_CONTRACT,ID,0,crosswalk,False,False,False,0,0,29.600513193622167,2.133408121087334,True,False
43,C_CONTRACT,ID,1,crosswalk,False,False,False,0,0,38.2277900340068,1.1064102252324421,True,False
43,C_CONTRACT,ID,2,crosswalk,False,False,False,0,0,28.331561356571306,2.5694069423173604,True,False
43,C_CONTRACT,ID,3,crosswalk,False,False,False,0,0,32.681561716673194,2.2888082762559256,True,False
43,C_CONTRACT,ID,4,crosswalk,False,False,False,0,0,33.91084583666627,2.288320091637698,True,False
43,C_CONTRACT,ID,5,crosswalk,False,False,False,0,0,28.79157280709849,1.9727110992307246,True,False
43,C_CONTRACT,ID,6,crosswalk,False,False,False,0,0,35.38961294414692,0.42380142618309363,True,False
43,C_CONTRACT,ID,7,crosswalk,False,False,False,0,0,37.643812912625975,2.097302364806334,True,False
43,C_CONTRACT,ID,8,crosswalk,False,False,False,0,0,27.611582634894724,1.9402273841526196,True,False
43,C_CONTRACT,ID,9,crosswalk,False,False,False,0,0,34.223059653523066,1.8573801693591203,True,False
43,C_CONTRACT,ID,10,crosswalk,False,False,False,0,0,36.47371984287162,1.9794705119388905,True,False
43,C_CONTRACT,ID,11,crosswalk,False,False,False,0,0,33.94425484061509,2.055745075146357,True,False
43,C_CONTRACT,ID,12,crosswalk,False,False,False,0,0,28.11210548778564,1.1999580734654476,True,False
43,C_CONTRACT,ID,13,crosswalk,False,False,False,0,0,31.811552712178468,1.4174114232477935,True,False
43,C_CONTRACT,ID,14,crosswalk,False,False,False,0,0,29.82888663850656,2.1622130410237745,True,False
43,C_CONTRACT,ID,15,crosswalk,False,False,False,0,0,34.83741902247235,0.3904087776723115,True,False
43,C_CONTRACT,ID,16,crosswalk,False,False,False,0,0,26.937979792157606,2.3152941465377808,True,False
43,C_CONTRACT,ID,17,crosswalk,False,False,False,0,0,26.96584491332137,2.145129357065473,True,False
43,C_CONTRACT,ID,18,crosswalk,False,False,False,0,0,35.78449508160983,1.7570298436013134,True,False
43,C_CONTRACT,ID,19,crosswalk,False,False,False,0,0,38.32755192020167,0.37718773509065306,True,False
43,C_CONTRACT,ID,20,crosswalk,False,False,False,0,0,31.466584706314322,1.8450796320324852,True,False
43,C_CONTRACT,ID,21,crosswalk,False,False,False,0,0,31.84980083855602,1.4274322374893182,True,False
43,C_CONTRACT,ID,22,crosswalk,False,False,False,0,0,28.058452256459564,1.6744203037685816,True,False
43,C_CONTRACT,ID,23,crosswalk,False,False,False,0,0,35.14665874899964,0.43538058345968067,True,False
43,C_CONTRACT,ID,24,crosswalk,False,False,False,0,0,27.877092507166196,1.5278879513866022,True,False
43,C_CONTRACT,ID,25,crosswalk,False,False,False,0,0,29.274561670205518,1.6587822352136885,True,False
43,C_CONTRACT,ID,26,crosswalk,False,False,False,0,0,27.39195464164505,2.458463397465254,True,False
43,C_CONTRACT,ID,27,crosswalk,False,False,False,0,0,31.948860562480583,1.9632616142431893,True,False
43,C_CONTRACT,ID,28,crosswalk,False,False,False,0,0,33.86785336086493,1.403391496056602,True,False
43,C_CONTRACT,ID,29,crosswalk,False,False,False,0,0,29.15089344302249,2.3808673918247223,True,False
43,C_CONTRACT,ID,30,crosswalk,False,False,False,0,0,32.22090994980478,0.6878578188744457,True,False
43,C_CONTRACT,ID,31,crosswalk,False,False,False,0,0,28.679996465335712,1.9587300264317056,True,False
43,C_CONTRACT,ID,32,crosswalk,False,False,False,0,0,38.88684024107884,1.7748066348334153,True,False
43,C_CONTRACT,ID,33,crosswalk,False,False,False,0,0,31.863220761857562,0.4211884453183129,True,False
43,C_CONTRACT,ID,34,crosswalk,False,False,False,0,0,35.794461002054085,0.8177469049890835,True,False
43,C_CONTRACT,ID,35,crosswalk,False,False,False,0,0,29.37935224069836,1.977214094089425,True,False
43,C_CONTRACT,ID,36,crosswalk,False,False,False,0,0,38.25515329811424,0.44417788386344903,True,False
43,C_CONTRACT,ID,37,crosswalk,False,False,False,0,0,31.67382763826521,2.24188816818324,True,False
43,C_CONTRACT,ID,38,crosswalk,False,False,False,0,0,34.640997632730894,2.075840992232164,True,False
43,C_CONTRACT,ID,39,crosswalk,False,False,False,0,0,28.74406023929037,1.5055448934435844,True,False
43,C_CONTRACT,ID,40,crosswalk,False,False,False,0,0,31.80877764645907,0.5295886302536184,True,False
43,C_CONTRACT,ID,41,crosswalk,False,False,False,0,0,35.37636378964316,1.6533273593945936,True,False
43,C_CONTRACT,ID,42,crosswalk,False,False,False,0,0,37.99589090792787,0.38312877838810283,True,False
43,C_CONTRACT,ID,43,crosswalk,False,False,False,0,0,31.054915254592675,1.9330648332834244,True,False
43,C_CONTRACT,ID,44,crosswalk,False,False,False,0,0,31.43539661689715,1.5484657741728283,True,False
43,C_CONTRACT,ID,45,crosswalk,False,False,False,0,0,35.76375947455173,0.8482824824750423,True,False
43,C_CONTRACT,ID,46,crosswalk,False,False,False,0,0,30.845548116769336,2.21312475475398,True,False
43,C_CONTRACT,ID,47,crosswalk,False,False,False,0,0,28.051272382750433,0.5615200547035784,True,False
43,C_CONTRACT,ID,48,crosswalk,False,False,False,0,0,34.36082206477991,0.3516637347638607,True,False
43,C_CONTRACT,ID,49,crosswalk,False,False,False,0,0,38.02313482023014,0.4828198448471401,True,False
43,C_CONTRACT,ID,50,crosswalk,False,False,False,0,0,30.24110646409192,2.049238108098507,True,False
43,C_CONTRACT,ID,51,crosswalk,False,False,False,0,0,29.889628379156605,0.37273231716383065,True,False
43,C_CONTRACT,ID,52,crosswalk,False,False,False,0,0,36.75583410606937,0.3949684960146745,True,False
43,C_CONTRACT,ID,53,crosswalk,False,False,False,0,0,37.972092083314934,0.9610641062259674,True,False
43,C_CONTRACT,ID,54,crosswalk,False,False,False,0,0,37.342172873805794,0.4263327002525329,True,False
43,C_CONTRACT,ID,55,crosswalk,False,False,False,0,0,34.338443631148465,1.8692267347465863,True,False
43,C_CONTRACT,ID,56,crosswalk,False,False,False,0,0,30.917050836696216,2.1782401416982924,True,False
43,C_CONTRACT,ID,57,crosswalk,False,False,False,0,0,33.372278331218176,2.3078029535033484,True,False
43,C_CONTRACT,ID,58,crosswalk,False,False,False,0,0,35.712414469371765,1.0175108909606934,True,False
43,C_CONTRACT,ID,59,crosswalk,False,False,False,0,0,34.939114094457175,0.3730985956887404,True,False
43,C_CONTRACT,ID,60,crosswalk,False,False,False,0,0,36.65853364064957,2.0712467903892198,True,False
43,C_CONTRACT,ID,61,crosswalk,False,False,False,0,0,37.3307506230035,0.3969924628734588,True,False
43,C_CONTRACT,ID,62,crosswalk,False,False,False,0,0,32.49382227078389,2.2759185595945874,True,False
43,C_CONTRACT,ID,63,crosswalk,False,False,False,0,0,31.924345954567833,0.9159685529413677,True,False
43,C_CONTRACT,ID,64,crosswalk,False,False,False,0,0,29.275107445656797,1.9371518939733505,True,False
43,C_CONTRACT,ID,65,crosswalk,False,False,False,0,0,37.393047188347595,1.890191087926117,True,False
43,C_CONTRACT,ID,66,crosswalk,False,False,False,0,0,33.37600902729359,1.146644517069771,True,False
43,C_CONTRACT,ID,67,crosswalk,False,False,False,0,0,28.108121138717042,0.5371724696535812,True,False
43,C_CONTRACT,ID,68,crosswalk,False,False,False,0,0,31.84290912995983,0.37454720247875556,True,False
43,C_CONTRACT,ID,69,crosswalk,False,False,False,0,0,31.018785351993138,1.9327101483941078,True,False
43,C_CONTRACT,ID,70,crosswalk,False,False,False,0,0,39.23802373581233,0.6168647979696592,True,False
43,C_CONTRACT,ID,71,crosswalk,False,False,False,0,0,35.26567082985241,0.36685469870766,True,False
43,C_CONTRACT,ID,72,crosswalk,False,False,False,0,0,36.34445652505838,0.3846561970810095,True,False
43,C_CONTRACT,ID,73,crosswalk,False,False,False,0,0,33.100612908350556,1.7438151211139152,True,False
43,C_CONTRACT,ID,74,crosswalk,False,False,False,0,0,36.53475341202079,0.37922347585360205,True,False
43,C_CONTRACT,ID,75,crosswalk,False,False,False,0,0,34.84911775259918,1.7611581764437936,True,False
43,C_CONTRACT,ID,76,crosswalk,False,False,False,0,0,34.51449032899104,0.3915740419989046,True,False
43,C_CONTRACT,ID,77,crosswalk,False,False,False,0,0,35.72000773045424,1.9258741560307415,True,False
43,C_CONTRACT,ID,78,crosswalk,False,False,False,0,0,34.00382348414073,1.9645013225575287,True,False
43,C_CONTRACT,ID,79,crosswalk,False,False,False,0,0,33.366659234643365,2.037388072772459,True,False
43,C_CONTRACT,ID,80,crosswalk,False,False,False,0,0,30.79226162892416,0.39118814326467966,True,False
43,C_CONTRACT,ID,81,crosswalk,False,False,False,0,0,32.943422323742766,2.3108395866372367,True,False
43,C_CONTRACT,ID,82,crosswalk,False,False,False,0,0,36.30592867860578,2.0833183328310647,True,False
43,C_CONTRACT,ID,83,crosswalk,False,False,False,0,0,37.60342345009563,0.34715820963566113,True,False
43,C_CONTRACT,ID,84,crosswalk,False,False,False,0,0,32.548445045903236,1.4318769779461231,True,False
43,C_CONTRACT,ID,85,crosswalk,False,False,False,0,0,32.329212721363824,0.6056795304729825,True,False
43,C_CONTRACT,ID,86,crosswalk,False,False,False,0,0,28.433853393947917,1.8887497901916501,True,False
43,C_CONTRACT,ID,87,crosswalk,False,False,False,0,0,35.37110171605963,1.2415623026234763,True,False
43,C_CONTRACT,ID,88,crosswalk,False,False,False,0,0,31.075048713127593,2.0567439043003577,True,False
43,C_CONTRACT,ID,89,crosswalk,False,False,False,0,0,33.57484773157839,0.36795073229333625,True,False
43,C_CONTRACT,ID,90,crosswalk,False,False,False,0,0,28.263254239049786,0.5269329769071192,True,False
43,C_CONTRACT,ID,91,crosswalk,False,False,False,0,0,28.485105767573987,2.0843715830282727,True,False
43,C_CONTRACT,ID,92,crosswalk,False,False,False,0,0,37.647250917823946,0.8190526948733763,True,False
43,C_CONTRACT,ID,93,crosswalk,False,False,False,0,0,31.28564906232083,1.9426410396893818,True,False
43,C_CONTRACT,ID,94,crosswalk,False,False,False,0,0,31.824404767582877,1.928521997871853,True,False
43,C_CONTRACT,ID,95,crosswalk,False,False,False,0,0,30.942323606549756,0.36355874077840283,True,False
43,C_CONTRACT,ID,96,crosswalk,False,False,False,0,0,27.99391703609915,2.3607434183359146,True,False
43,C_CONTRACT,ID,97,crosswalk,False,False,False,0,0,37.014001009147115,0.6413914382457733,True,False
43,C_CONTRACT,ID,98,crosswalk,False,False,False,0,0,30.020399299496184,2.475158164375707,True,False
43,C_CONTRACT,ID,99,crosswalk,False,False,False,0,0,31.348271157592016,0.8826515600085257,True,False
43,C_CONTRACT,ID,100,stop_intersection,False,False,False,0,1,26.587552499961003,1.7129360801643794,True,False
43,C_CONTRACT,ID,101,stop_intersection,False,False,False,0,1,31.735352445592085,1.411712794769101,True,False
43,C_CONTRACT,ID,102,stop_intersection,False,False,False,0,1,26.621508234698958,1.5292904277642567,True,False
43,C_CONTRACT,ID,103,stop_intersection,False,False,False,0,1,29.30516353660164,1.4836044844828151,True,False
43,C_CONTRACT,ID,104,stop_intersection,False,False,False,0,1,27.484087381921768,1.6880391773424648,True,False
43,C_CONTRACT,ID,105,stop_intersection,False,False,False,0,1,31.65624394037171,1.3245063729402495,True,False
43,C_CONTRACT,ID,106,stop_intersection,False,False,False,0,1,32.66732915232355,1.5211271367421964,True,False
43,C_CONTRACT,ID,107,stop_intersection,False,False,False,0,1,30.389484293168167,1.7112809105923301,True,False
43,C_CONTRACT,ID,108,stop_intersection,False,False,False,0,1,32.345952268184604,1.3992405243408985,True,False
43,C_CONTRACT,ID,109,stop_intersection,False,False,False,0,1,33.74126639429505,1.4587266956056868,True,False
43,C_CONTRACT,ID,110,stop_intersection,False,False,False,0,1,29.20429279634999,1.646488759968732,True,False
43,C_CONTRACT,ID,111,stop_intersection,False,False,False,0,1,36.009060953997285,1.5101667670976548,True,False
43,C_CONTRACT,ID,112,stop_intersection,False,False,False,0,1,36.06977544729622,1.5512489562942868,True,False
43,C_CONTRACT,ID,113,stop_intersection,False,False,False,0,1,35.81543242014287,1.533545823984368,True,False
43,C_CONTRACT,ID,114,stop_intersection,False,False,False,0,1,35.702964754097295,1.414511970111302,True,False
43,C_CONTRACT,ID,115,stop_intersection,False,False,False,0,1,37.25352020541213,1.3153197509901864,True,False
43,C_CONTRACT,ID,116,stop_intersection,False,False,False,0,1,31.310946086816664,1.7445601915058335,True,False
43,C_CONTRACT,ID,117,stop_intersection,False,False,False,0,1,27.939112703490647,1.7124076422892116,True,False
43,C_CONTRACT,ID,118,stop_intersection,False,False,False,0,1,31.873095807799025,1.742141356593684,True,False
43,C_CONTRACT,ID,119,stop_intersection,False,False,False,0,1,35.03596863159711,1.4786084105328814,True,False
43,C_CONTRACT,ID,120,stop_intersection,False,False,False,0,1,37.30643350799521,1.5996502666938595,True,False
43,C_CONTRACT,ID,121,stop_intersection,False,False,False,0,1,36.31616943005142,1.586033630938757,True,False
43,C_CONTRACT,ID,122,stop_intersection,False,False,False,0,1,32.99330885911379,1.3488467250551497,True,False
43,C_CONTRACT,ID,123,stop_intersection,False,False,False,0,1,26.86281169347413,1.7846699059009552,True,False
43,C_CONTRACT,ID,124,stop_intersection,False,False,False,0,1,34.191763345234065,1.3131622473398843,True,False
43,C_CONTRACT,ID,125,stop_intersection,False,False,False,0,1,35.56882511836388,1.3358083149281943,True,False
43,C_CONTRACT,ID,126,stop_intersection,False,False,False,0,1,38.661729206286005,1.2588802928274327,True,False
43,C_CONTRACT,ID,127,stop_intersection,False,False,False,0,1,27.439138199514225,1.8057411748009757,True,False
43,C_CONTRACT,ID,128,stop_intersection,False,False,False,0,1,33.580223122680245,1.4405732750892637,True,False
43,C_CONTRACT,ID,129,stop_intersection,False,False,False,0,1,35.0723995341185,1.6282274810279287,True,False
43,C_CONTRACT,ID,130,stop_intersection,False,False,False,0,1,27.003011538000635,1.4576590061187744,True,False
43,C_CONTRACT,ID,131,stop_intersection,False,False,False,0,1,28.133717481040442,1.8182690938313801,True,False
43,C_CONTRACT,ID,132,stop_intersection,False,False,False,0,1,32.827417684352554,1.437242478132248,True,False
43,C_CONTRACT,ID,133,stop_intersection,False,False,False,0,1,30.79973881516943,1.428925186395645,True,False
43,C_CONTRACT,ID,134,stop_intersection,False,False,False,0,1,38.39657727757978,1.399514730586562,True,False
43,C_CONTRACT,ID,135,stop_intersection,False,False,False,0,1,31.844413316347044,1.611202374482766,True,False
43,C_CONTRACT,ID,136,stop_intersection,False,False,False,0,1,36.14517068791611,1.2657086793766463,True,False
43,C_CONTRACT,ID,137,stop_intersection,False,False,False,0,1,31.522548034329255,1.3200551122426987,True,False
43,C_CONTRACT,ID,138,stop_intersection,False,False,False,0,1,33.03133841733683,1.5118729195943692,True,False
43,C_CONTRACT,ID,139,stop_intersection,False,False,False,0,1,30.898448955621287,1.6447937947053175,True,False
43,C_CONTRACT,ID,140,stop_intersection,False,False,False,0,1,38.186085852846006,1.4129288858837552,True,False
43,C_CONTRACT,ID,141,stop_intersection,False,False,False,0,1,37.35634724763898,1.6245898036729722,True,False
43,C_CONTRACT,ID,142,stop_intersection,False,False,False,0,1,35.45874659256984,1.3009930765906044,True,False
43,C_CONTRACT,ID,143,stop_intersection,False,False,False,0,1,26.755685593748268,1.4897281593746607,True,False
43,C_CONTRACT,ID,144,stop_intersection,False,False,False,0,1,29.4067425254378,1.4182671369650426,True,False
43,C_CONTRACT,ID,145,stop_intersection,False,False,False,0,1,36.21133051574941,1.4529542079785975,True,False
43,C_CONTRACT,ID,146,stop_intersection,False,False,False,0,1,36.45758587009851,1.2321062656966122,True,False
43,C_CONTRACT,ID,147,stop_intersection,False,False,False,0,1,31.749066160237174,1.470421388745308,True,False
43,C_CONTRACT,ID,148,stop_intersection,False,False,False,0,1,33.47567946472854,1.3600783813290478,True,False
43,C_CONTRACT,ID,149,stop_intersection,False,False,False,0,1,36.05404572647805,1.5266994877559383,True,False
43,C_CONTRACT,ID,150,stop_intersection,False,False,False,0,1,34.34526776226527,1.4244598731762026,True,False
43,C_CONTRACT,ID,151,stop_intersection,False,False,False,0,1,27.507071908920096,1.5525575313303204,True,False
43,C_CONTRACT,ID,152,stop_intersection,False,False,False,0,1,28.07291309077575,1.6431553299362593,True,False
43,C_CONTRACT,ID,153,stop_intersection,False,False,False,0,1,34.231489603679705,1.437705084681511,True,False
43,C_CONTRACT,ID,154,stop_intersection,False,False,False,0,1,34.753863686149124,1.5544502649988448,True,False
43,C_CONTRACT,ID,155,stop_intersection,False,False,False,0,1,29.777935611962278,1.569541363339675,True,False
43,C_CONTRACT,ID,156,stop_intersection,False,False,False,0,1,33.602452366117596,1.463024162110828,True,False
43,C_CONTRACT,ID,157,stop_intersection,False,False,False,0,1,35.97496714207995,1.5242944345917813,True,False
43,C_CONTRACT,ID,158,stop_intersection,False,False,False,0,1,35.451689790751786,1.4129176081680668,True,False
43,C_CONTRACT,ID,159,stop_intersection,False,False,False,0,1,31.315616230355978,1.592367199751047,True,False
43,C_CONTRACT,ID,160,stop_intersection,False,False,False,0,1,38.37598988877414,1.39766765492303,True,False
43,C_CONTRACT,ID,161,stop_intersection,False,False,False,0,1,30.58198325588326,1.4677949014462923,True,False
43,C_CONTRACT,ID,162,stop_intersection,False,False,False,0,1,37.080614336166256,1.6097739055043174,True,False
43,C_CONTRACT,ID,163,stop_intersection,False,False,False,0,1,32.46908174532216,1.67931535305121,True,False
43,C_CONTRACT,ID,164,stop_intersection,False,False,False,0,1,27.846211237019276,1.4662677694011377,True,False
43,C_CONTRACT,ID,165,stop_intersection,False,False,False,0,1,33.04615128919512,1.5655275797232604,True,False
43,C_CONTRACT,ID,166,stop_intersection,False,False,False,0,1,38.50296778360035,1.5681248487428174,True,False
43,C_CONTRACT,ID,167,stop_intersection,False,False,False,0,1,28.53699592957375,1.4443126007130271,True,False
43,C_CONTRACT,ID,168,stop_intersection,False,False,False,0,1,35.35271109856613,1.4262676522845312,True,False
43,C_CONTRACT,ID,169,stop_intersection,False,False,False,0,1,35.24960601796597,1.5744892060756681,True,False
43,C_CONTRACT,ID,170,stop_intersection,False,False,False,0,1,30.13467876713064,1.3779310232553725,True,False
43,C_CONTRACT,ID,171,stop_intersection,False,False,False,0,1,29.59378077233739,1.5173318418296606,True,False
43,C_CONTRACT,ID,172,stop_intersection,False,False,False,0,1,28.50073933601589,1.4274396284206494,True,False
43,C_CONTRACT,ID,173,stop_intersection,False,False,False,0,1,28.40420693941912,1.4300154855376794,True,False
43,C_CONTRACT,ID,174,stop_intersection,False,False,False,0,1,34.55353027677426,1.3592462206995763,True,False
43,C_CONTRACT,ID,175,stop_intersection,False,False,False,0,1,27.56636200202709,1.3865348383000022,True,False
43,C_CONTRACT,ID,176,stop_intersection,False,False,False,0,1,36.53173045856546,1.5377252739529275,True,False
43,C_CONTRACT,ID,177,stop_intersection,False,False,False,0,1,30.615676746011513,1.493607477137917,True,False
43,C_CONTRACT,ID,178,stop_intersection,False,False,False,0,1,28.92492463333114,1.4906066503280249,True,False
43,C_CONTRACT,ID,179,stop_intersection,False,False,False,0,1,30.209574631407946,1.4195846766233444,True,False
43,C_CONTRACT,ID,180,stop_intersection,False,False,False,0,1,31.796768730984702,1.4001279916518774,True,False
43,C_CONTRACT,ID,181,stop_intersection,False,False,False,0,1,35.418327672546695,1.3629621848827456,True,False
43,C_CONTRACT,ID,182,stop_intersection,False,False,False,0,1,30.846564088402765,1.4449858818298729,True,False
43,C_CONTRACT,ID,183,stop_intersection,False,False,False,0,1,35.51123582099792,1.5086978390103294,True,False
43,C_CONTRACT,ID,184,stop_intersection,False,False,False,0,1,33.864328600915584,1.5536448075657798,True,False
43,C_CONTRACT,ID,185,stop_intersection,False,False,False,0,1,36.89029194589271,1.3303516876129877,True,False
43,C_CONTRACT,ID,186,stop_intersection,False,False,False,0,1,35.298220512789705,1.481364829973741,True,False
43,C_CONTRACT,ID,187,stop_intersection,False,False,False,0,1,37.384455593388886,1.5796332097635035,True,False
43,C_CONTRACT,ID,188,stop_intersection,False,False,False,0,1,29.82015019980049,1.594401139479417,True,False
43,C_CONTRACT,ID,189,stop_intersection,False,False,False,0,1,35.48213802082445,1.5408585185096375,True,False
43,C_CONTRACT,ID,190,stop_intersection,False,False,False,0,1,36.076421453825475,1.3776164138039877,True,False
43,C_CONTRACT,ID,191,stop_intersection,False,False,False,0,1,31.857753425515575,1.667383618843861,True,False
43,C_CONTRACT,ID,192,stop_intersection,False,False,False,0,1,31.507996898308853,1.6970041394233704,True,False
43,C_CONTRACT,ID,193,stop_intersection,False,False,False,0,1,29.351357239810177,1.4779720024058691,True,False
43,C_CONTRACT,ID,194,stop_intersection,False,False,False,0,1,30.32164609457909,1.4061948029618514,True,False
43,C_CONTRACT,ID,195,stop_intersection,False,False,False,0,1,35.49289722576964,1.3699599199516828,True,False
43,C_CONTRACT,ID,196,stop_intersection,False,False,False,0,1,28.556884831571274,1.5401198832612288,True,False
43,C_CONTRACT,ID,197,stop_intersection,False,False,False,0,1,28.078158637571555,1.7124076422892116,True,False
43,C_CONTRACT,ID,198,stop_intersection,False,False,False,0,1,28.364898223169046,1.668382134193029,True,False
43,C_CONTRACT,ID,199,stop_intersection,False,False,False,0,1,37.74266162808781,1.4278800998415266,True,False
43,C_CONTRACT,ID,200,lead_brake,False,False,False,0,0,76.16879764888161,2.6204519111973545,True,False
43,C_CONTRACT,ID,201,lead_brake,False,False,False,0,0,84.33985136130711,5.094520064536481,True,False
43,C_CONTRACT,ID,202,lead_brake,False,False,False,0,0,63.985479587966886,0.4649396948516369,True,False
43,C_CONTRACT,ID,203,lead_brake,False,False,False,0,0,61.975438101133406,2.8018502631845568,True,False
43,C_CONTRACT,ID,204,lead_brake,False,False,False,0,0,86.2432038191147,3.449621523264795,True,False
43,C_CONTRACT,ID,205,lead_brake,False,False,False,0,0,62.672600462057645,0.8801859865585963,True,False
43,C_CONTRACT,ID,206,lead_brake,False,False,False,0,0,76.29695374457887,0.35212940225998557,True,False
43,C_CONTRACT,ID,207,lead_brake,False,False,False,0,0,73.42952582372178,0.8744213134050368,True,False
43,C_CONTRACT,ID,208,lead_brake,False,False,False,0,0,78.31710160111923,0.6118196099996567,True,False
43,C_CONTRACT,ID,209,lead_brake,False,False,False,0,0,59.65919713542541,10.161016764895368,True,False
43,C_CONTRACT,ID,210,lead_brake,False,False,False,0,0,62.20844565852797,2.8780688072244325,True,False
43,C_CONTRACT,ID,211,lead_brake,False,False,False,0,0,77.37045101060392,0.5060950728754202,True,False
43,C_CONTRACT,ID,212,lead_brake,False,False,False,0,0,78.15842932078891,3.3845702310403185,True,False
43,C_CONTRACT,ID,213,lead_brake,False,False,False,0,0,54.28241031745693,8.431550788072247,True,False
43,C_CONTRACT,ID,214,lead_brake,False,False,False,0,0,92.00524567002903,1.5627605530122914,True,False
43,C_CONTRACT,ID,215,lead_brake,False,False,False,0,0,66.24905840574412,10.103552252054214,True,False
43,C_CONTRACT,ID,216,lead_brake,False,False,False,0,0,60.01940076295643,0.4534332156181335,True,False
43,C_CONTRACT,ID,217,lead_brake,False,False,False,0,0,60.33786186573263,5.595597983648379,True,False
43,C_CONTRACT,ID,218,lead_brake,False,False,False,0,0,62.101605541391166,3.60929886996746,True,False
43,C_CONTRACT,ID,219,lead_brake,False,False,False,0,0,76.3549839711363,1.4429625471433,True,False
43,C_CONTRACT,ID,220,lead_brake,False,False,False,0,0,54.75508784969484,6.721679382957518,True,False
43,C_CONTRACT,ID,221,lead_brake,False,False,False,0,0,52.778869206670024,2.379189126193523,True,False
43,C_CONTRACT,ID,222,lead_brake,False,False,False,0,0,83.18536860271965,0.4134907548626264,True,False
43,C_CONTRACT,ID,223,lead_brake,False,False,False,0,0,66.87842249456862,9.197035123516494,True,False
43,C_CONTRACT,ID,224,lead_brake,False,False,False,0,0,71.00491628192165,4.413257772723833,True,False
43,C_CONTRACT,ID,225,lead_brake,False,False,False,0,0,95.77490774078296,0.5750419648053745,True,False
43,C_CONTRACT,ID,226,lead_brake,False,False,False,0,0,65.20676452723269,0.4382428551713625,True,False
43,C_CONTRACT,ID,227,lead_brake,False,False,False,0,0,97.09944783636966,0.0660657783349355,True,False
43,C_CONTRACT,ID,228,lead_brake,False,False,False,0,0,74.41283157776107,1.3430109297235806,True,False
43,C_CONTRACT,ID,229,lead_brake,False,False,False,0,0,68.83878652149573,2.7626541778445244,True,False
43,C_CONTRACT,ID,230,lead_brake,False,False,False,0,0,84.25020784886557,4.451204472531875,True,False
43,C_CONTRACT,ID,231,lead_brake,False,False,False,0,0,94.22876033142092,0.7151281163096427,True,False
43,C_CONTRACT,ID,232,lead_brake,False,False,False,0,0,78.38543830609102,3.194606855511665,True,False
43,C_CONTRACT,ID,233,lead_brake,False,False,False,0,0,60.70211385864484,2.1545501706811288,True,False
43,C_CONTRACT,ID,234,lead_brake,False,False,False,0,0,64.77992890833758,8.739350023368994,True,False
43,C_CONTRACT,ID,235,lead_brake,False,False,False,0,0,94.98436592641909,1.1352358375055094,True,False
43,C_CONTRACT,ID,236,lead_brake,False,False,False,0,0,75.94618938781807,2.3162452133061984,True,False
43,C_CONTRACT,ID,237,lead_brake,False,False,False,0,0,55.94266199334158,1.318970573445161,True,False
43,C_CONTRACT,ID,238,lead_brake,False,False,False,0,0,73.07386475694673,3.1986968913115557,True,False
43,C_CONTRACT,ID,239,lead_brake,False,False,False,0,0,75.24861674458731,1.9638300053775308,True,False
43,C_CONTRACT,ID,240,lead_brake,False,False,False,0,0,73.95344012531662,3.247430249272535,True,False
43,C_CONTRACT,ID,241,lead_brake,False,False,False,0,0,55.116213276832276,8.637885918219883,True,False
43,C_CONTRACT,ID,242,lead_brake,False,False,False,0,0,92.09492144454988,3.3211462249358497,True,False
43,C_CONTRACT,ID,243,lead_brake,False,False,False,0,0,93.78307614230303,0.1698652406533559,True,False
43,C_CONTRACT,ID,244,lead_brake,False,False,False,0,0,60.78896677448731,3.7510489040675257,True,False
43,C_CONTRACT,ID,245,lead_brake,False,False,False,0,0,68.16066274463348,4.71888027091821,True,False
43,C_CONTRACT,ID,246,lead_brake,False,False,False,0,0,69.65675491822975,1.397891752421856,True,False
43,C_CONTRACT,ID,247,lead_brake,False,False,False,0,0,67.6947629413144,1.098460351427396,True,False
43,C_CONTRACT,ID,248,lead_brake,False,False,False,0,0,56.97568811982394,1.5020687114447355,True,False
43,C_CONTRACT,ID,249,lead_brake,False,False,False,0,0,60.620434245511866,7.575270180900891,True,False
43,C_CONTRACT,ID,250,lead_brake,False,False,False,0,0,62.68672012393953,8.351720980213333,True,False
43,C_CONTRACT,ID,251,lead_brake,False,False,False,0,0,63.58273996844838,5.925203785222644,True,False
43,C_CONTRACT,ID,252,lead_brake,False,False,False,0,0,82.25753860046794,2.3284717698891955,True,False
43,C_CONTRACT,ID,253,lead_brake,False,False,False,0,0,90.54953340571143,1.1099060924413302,True,False
43,C_CONTRACT,ID,254,lead_brake,False,False,False,0,0,57.5866261004722,9.727908268570898,True,False
43,C_CONTRACT,ID,255,lead_brake,False,False,False,0,0,69.4083279261877,4.470477367440859,True,False
43,C_CONTRACT,ID,256,lead_brake,False,False,False,0,0,61.12802897163706,0.9997856765985488,True,False
43,C_CONTRACT,ID,257,lead_brake,False,False,False,0,0,95.34847311222967,0.29123138884703315,True,False
43,C_CONTRACT,ID,258,lead_brake,False,False,False,0,0,71.7516900741169,2.3234067161877947,True,False
43,C_CONTRACT,ID,259,lead_brake,False,False,False,0,0,98.24420173645026,0.02260033289591471,True,False
43,C_CONTRACT,ID,260,lead_brake,False,False,False,0,0,57.236981957166556,1.2540110299984613,True,False
43,C_CONTRACT,ID,261,lead_brake,False,False,False,0,0,68.7795054399649,2.561983299752076,True,False
43,C_CONTRACT,ID,262,lead_brake,False,False,False,0,0,54.367850336161624,7.955626955255865,True,False
43,C_CONTRACT,ID,263,lead_brake,False,False,False,0,0,60.55217158406416,4.183805938034008,True,False
43,C_CONTRACT,ID,264,lead_brake,False,False,False,0,0,92.7792899230232,0.7432660857836405,True,False
43,C_CONTRACT,ID,265,lead_brake,False,False,False,0,0,86.89067414083097,7.084473128120104,True,False
43,C_CONTRACT,ID,266,lead_brake,False,False,False,0,0,66.53514045850393,4.396322943425426,True,False
43,C_CONTRACT,ID,267,lead_brake,False,False,False,0,0,79.76566244023728,0.6460429430007933,True,False
43,C_CONTRACT,ID,268,lead_brake,False,False,False,0,0,60.8441749854986,3.829881524356703,True,False
43,C_CONTRACT,ID,269,lead_brake,False,False,False,0,0,70.23072083594461,3.0217733631531396,True,False
43,C_CONTRACT,ID,270,lead_brake,False,False,False,0,0,78.63847951635591,3.9650653052764633,True,False
43,C_CONTRACT,ID,271,lead_brake,False,False,False,0,0,69.24289893760222,9.13112956782182,True,False
43,C_CONTRACT,ID,272,lead_brake,False,False,False,0,0,87.30130880104204,1.090785672267278,True,False
43,C_CONTRACT,ID,273,lead_brake,False,False,False,0,0,61.300939387977884,1.1606393605470657,True,False
43,C_CONTRACT,ID,274,lead_brake,False,False,False,0,0,94.85131188339817,0.36686650166908896,True,False
43,C_CONTRACT,ID,275,lead_brake,False,False,False,0,0,85.52850945366549,1.5939702615141866,True,False
43,C_CONTRACT,ID,276,lead_brake,False,False,False,0,0,59.611701555196,1.3237234403689702,True,False
43,C_CONTRACT,ID,277,lead_brake,False,False,False,0,0,76.507967109761,8.78355678807323,True,False
43,C_CONTRACT,ID,278,lead_brake,False,False,False,0,0,81.29865762916457,0.6650429740548133,True,False
43,C_CONTRACT,ID,279,lead_brake,False,False,False,0,0,90.95570936464512,1.0473981102307637,True,False
43,C_CONTRACT,ID,280,lead_brake,False,False,False,0,0,81.85215582892027,2.4829651938440898,True,False
43,C_CONTRACT,ID,281,lead_brake,False,False,False,0,0,82.50156727542823,8.110139146447182,True,False
43,C_CONTRACT,ID,282,lead_brake,False,False,False,0,0,87.73923603306574,6.2163104464610415,True,False
43,C_CONTRACT,ID,283,lead_brake,False,False,False,0,0,56.43786595794938,4.065593541910251,True,False
43,C_CONTRACT,ID,284,lead_brake,False,False,False,0,0,85.47776509501043,1.670901286260535,True,False
43,C_CONTRACT,ID,285,lead_brake,False,False,False,0,0,71.08648075552826,2.3397858875493207,True,False
43,C_CONTRACT,ID,286,lead_brake,False,False,False,0,0,92.32435512475053,3.841176892320315,True,False
43,C_CONTRACT,ID,287,lead_brake,False,False,False,0,0,75.99674508371298,7.491658553481102,True,False
43,C_CONTRACT,ID,288,lead_brake,False,False,False,0,0,67.89477426249044,7.393364479144414,True,False
43,C_CONTRACT,ID,289,lead_brake,False,False,False,0,0,61.148641762928456,1.589983983586232,True,False
43,C_CONTRACT,ID,290,lead_brake,False,False,False,0,0,94.97978326112526,0.10861108700434366,True,False
43,C_CONTRACT,ID,291,lead_brake,False,False,False,0,0,76.83354392781811,0.8374349946777024,True,False
43,C_CONTRACT,ID,292,lead_brake,False,False,False,0,0,73.70147038182186,0.2813890029986699,True,False
43,C_CONTRACT,ID,293,lead_brake,False,False,False,0,0,80.55132903231863,1.3300629034638405,True,False
43,C_CONTRACT,ID,294,lead_brake,False,False,False,0,0,60.35670054410191,1.149317959944407,True,False
43,C_CONTRACT,ID,295,lead_brake,False,False,False,0,0,82.3043506040427,1.7652871833803754,True,False
43,C_CONTRACT,ID,296,lead_brake,False,False,False,0,0,61.109741479383764,3.5573685034178197,True,False
43,C_CONTRACT,ID,297,lead_brake,False,False,False,0,0,74.63613785355356,1.1574806456143656,True,False
43,C_CONTRACT,ID,298,lead_brake,False,False,False,0,0,94.06067607777013,0.563288898517688,True,False
43,C_CONTRACT,ID,299,lead_brake,False,False,False,0,0,67.43000708637047,0.5666547243793805,True,False
43,C_CONTRACT,OOD,0,crosswalk,False,False,False,0,1,30.15444947243857,2.2018597899256522,True,False
43,C_CONTRACT,OOD,1,crosswalk,False,False,False,0,0,31.072866228785628,1.4113512183680679,True,False
43,C_CONTRACT,OOD,2,crosswalk,False,False,False,0,1,22.974524772487804,1.2016470588388897,True,False
43,C_CONTRACT,OOD,3,crosswalk,False,False,False,0,1,30.50000591437564,1.6937265083903357,True,False
43,C_CONTRACT,OOD,4,crosswalk,False,False,False,0,1,25.614676071605757,1.2945576310157774,True,False
43,C_CONTRACT,OOD,5,crosswalk,False,False,False,0,1,25.003347107155598,1.8769868924504234,True,False
43,C_CONTRACT,OOD,6,crosswalk,False,False,False,0,1,20.599947806021873,1.6076266630129379,True,False
43,C_CONTRACT,OOD,7,crosswalk,False,False,False,0,1,22.168376690436865,1.4895048266962954,True,False
43,C_CONTRACT,OOD,8,crosswalk,False,False,False,0,1,30.275495147303815,1.170363426208496,True,False
43,C_CONTRACT,OOD,9,crosswalk,False,False,False,0,1,29.776375332873883,1.6356322639866878,True,False
43,C_CONTRACT,OOD,10,crosswalk,False,False,False,0,1,26.299194008411064,1.2977507071835652,True,False
43,C_CONTRACT,OOD,11,crosswalk,False,False,False,0,1,24.265974475575955,1.6831713914871216,True,False
43,C_CONTRACT,OOD,12,crosswalk,False,False,False,0,1,27.349494617275855,1.376211093022273,True,False
43,C_CONTRACT,OOD,13,crosswalk,False,False,False,0,1,23.417341648453288,1.5008768050566963,True,False
43,C_CONTRACT,OOD,14,crosswalk,False,False,False,0,1,31.3218770244532,1.5108853010904222,True,False
43,C_CONTRACT,OOD,15,crosswalk,False,False,False,0,1,22.45895721655563,1.5902827965452315,True,False
43,C_CONTRACT,OOD,16,crosswalk,False,False,False,0,1,22.69070693326264,1.3080425527360702,True,False
43,C_CONTRACT,OOD,17,crosswalk,False,False,False,0,1,21.104515924908938,1.2250033156438307,True,False
43,C_CONTRACT,OOD,18,crosswalk,False,False,False,0,1,22.17826595089788,1.5950928507624444,True,False
43,C_CONTRACT,OOD,19,crosswalk,False,False,False,0,1,21.96695785441563,1.6696036571548096,True,False
43,C_CONTRACT,OOD,20,crosswalk,False,False,False,0,1,29.733342356554957,1.2335299090905623,True,False
43,C_CONTRACT,OOD,21,crosswalk,False,False,False,0,1,22.298186987530645,1.4345678881458614,True,False
43,C_CONTRACT,OOD,22,crosswalk,False,False,False,0,1,21.095564081274755,1.460189066827297,True,False
43,C_CONTRACT,OOD,23,crosswalk,False,False,False,0,1,29.09444781242918,1.5547227027804351,True,False
43,C_CONTRACT,OOD,24,crosswalk,False,False,False,0,1,23.143719190826904,1.803822704525881,True,False
43,C_CONTRACT,OOD,25,crosswalk,False,False,False,0,1,22.402552148657918,0.9850375155607858,True,False
43,C_CONTRACT,OOD,26,crosswalk,False,False,False,0,1,22.89901075007517,1.1456934913345005,True,False
43,C_CONTRACT,OOD,27,crosswalk,False,False,False,0,1,29.40684205282389,1.8632889182671255,True,False
43,C_CONTRACT,OOD,28,crosswalk,False,False,False,0,1,30.956412398902316,2.1007560919492674,True,False
43,C_CONTRACT,OOD,29,crosswalk,False,False,False,0,1,28.851943197426856,1.1805018089538395,True,False
43,C_CONTRACT,OOD,30,crosswalk,False,False,False,0,0,29.05630763914389,1.5730040754590715,True,False
43,C_CONTRACT,OOD,31,crosswalk,False,False,False,0,1,23.15475836199173,1.5389570205107979,True,False
43,C_CONTRACT,OOD,32,crosswalk,False,False,False,0,1,27.73849566815502,1.6786741368148639,True,False
43,C_CONTRACT,OOD,33,crosswalk,False,False,False,0,1,26.693933245102755,1.8920411932759167,True,False
43,C_CONTRACT,OOD,34,crosswalk,False,False,False,0,1,24.643658595415026,1.2325941998025645,True,False
43,C_CONTRACT,OOD,35,crosswalk,False,False,False,0,1,22.219013633255734,1.6375018968138582,True,False
43,C_CONTRACT,OOD,36,crosswalk,False,False,False,0,1,21.266194302421425,1.5247285299830966,True,False
43,C_CONTRACT,OOD,37,crosswalk,False,False,False,0,1,22.67027399546835,1.621399949877881,True,False
43,C_CONTRACT,OOD,38,crosswalk,False,False,False,0,1,20.82527934380709,1.4172856211662292,True,False
43,C_CONTRACT,OOD,39,crosswalk,False,False,False,0,1,30.514522342197658,1.8475934330906187,True,False
43,C_CONTRACT,OOD,40,crosswalk,False,False,False,0,1,21.623715701291925,1.6751148672991019,True,False
43,C_CONTRACT,OOD,41,crosswalk,False,False,False,0,1,24.25665122687772,1.2835663292143078,True,False
43,C_CONTRACT,OOD,42,crosswalk,False,False,False,0,1,24.94641907774961,1.686995369501603,True,False
43,C_CONTRACT,OOD,43,crosswalk,False,False,False,0,1,20.665633223126484,1.0568072627752254,True,False
43,C_CONTRACT,OOD,44,crosswalk,False,False,False,0,1,31.347477852250975,1.1807324404412127,True,False
43,C_CONTRACT,OOD,45,crosswalk,False,False,False,0,1,21.626914622093107,1.5449323457606294,True,False
43,C_CONTRACT,OOD,46,crosswalk,False,False,False,0,1,30.859428721618627,1.2623707272789693,True,False
43,C_CONTRACT,OOD,47,crosswalk,False,False,False,0,1,24.435053346169433,1.5694684061137112,True,False
43,C_CONTRACT,OOD,48,crosswalk,False,False,False,0,1,27.603073273484696,1.3291635268773787,True,False
43,C_CONTRACT,OOD,49,crosswalk,False,False,False,0,1,26.652805623836024,1.338480930579336,True,False
43,C_CONTRACT,OOD,50,crosswalk,False,False,False,0,1,27.369947842766884,1.3797060702298138,True,False
43,C_CONTRACT,OOD,51,crosswalk,False,False,False,0,1,27.19297797354333,1.625238202512264,True,False
43,C_CONTRACT,OOD,52,crosswalk,False,False,False,0,1,22.19269383230308,1.6863748469413855,True,False
43,C_CONTRACT,OOD,53,crosswalk,False,False,False,0,1,21.917679893493954,1.2597171720620748,True,False
43,C_CONTRACT,OOD,54,crosswalk,False,False,False,0,1,25.795769328308978,1.1509206891059875,True,False
43,C_CONTRACT,OOD,55,crosswalk,False,False,False,0,1,29.965151256660366,1.7559936717152596,True,False
43,C_CONTRACT,OOD,56,crosswalk,False,False,False,0,1,22.72912865571652,1.411594374235286,True,False
43,C_CONTRACT,OOD,57,crosswalk,False,False,False,0,1,21.40661618407988,1.7052602249643074,True,False
43,C_CONTRACT,OOD,58,crosswalk,False,False,False,0,1,28.67153345234607,1.5882605441073152,True,False
43,C_CONTRACT,OOD,59,crosswalk,False,False,False,0,1,23.32550801648386,1.1736425123316176,True,False
43,C_CONTRACT,OOD,60,crosswalk,False,False,False,0,1,27.56986716037578,1.364516882519973,True,False
43,C_CONTRACT,OOD,61,crosswalk,False,False,False,0,1,23.47602550862238,1.3764667969483595,True,False
43,C_CONTRACT,OOD,62,crosswalk,False,False,False,0,1,28.423538838809808,1.1938940442126729,True,False
43,C_CONTRACT,OOD,63,crosswalk,False,False,False,0,1,21.675457394188278,1.2776680690486255,True,False
43,C_CONTRACT,OOD,64,crosswalk,False,False,False,0,1,24.37886940595164,1.4164072968239008,True,False
43,C_CONTRACT,OOD,65,crosswalk,False,False,False,0,1,30.30838215305156,1.196608755323622,True,False
43,C_CONTRACT,OOD,66,crosswalk,False,False,False,0,1,21.18378740141491,1.583569262176752,True,False
43,C_CONTRACT,OOD,67,crosswalk,False,False,False,0,1,27.88509227212103,1.676218913661109,True,False
43,C_CONTRACT,OOD,68,crosswalk,False,False,False,0,1,20.69376527653727,1.1816834861581975,True,False
43,C_CONTRACT,OOD,69,crosswalk,False,False,False,0,1,25.515638843224266,1.518046131005158,True,False
43,C_CONTRACT,OOD,70,crosswalk,False,False,False,0,1,22.71532995736099,1.6134065160384543,True,False
43,C_CONTRACT,OOD,71,crosswalk,False,False,False,0,1,28.328451778338668,1.5743189440532164,True,False
43,C_CONTRACT,OOD,72,crosswalk,False,False,False,0,1,23.09395334919831,1.2336905991158835,True,False
43,C_CONTRACT,OOD,73,crosswalk,False,False,False,0,1,28.18818088338608,1.1718341509501138,True,False
43,C_CONTRACT,OOD,74,crosswalk,False,False,False,0,1,24.622617368340098,1.4719728521398594,True,False
43,C_CONTRACT,OOD,75,crosswalk,False,False,False,0,1,27.27344778974255,1.6230920627713201,True,False
43,C_CONTRACT,OOD,76,crosswalk,False,False,False,0,1,29.081377546805207,1.353764514973823,True,False
43,C_CONTRACT,OOD,77,crosswalk,False,False,False,0,1,25.985674291675117,1.3675845662752786,True,False
43,C_CONTRACT,OOD,78,crosswalk,False,False,False,0,1,29.315868259340963,1.1248049072243949,True,False
43,C_CONTRACT,OOD,79,crosswalk,False,False,False,0,1,20.705523375102324,1.7939841498931248,True,False
43,C_CONTRACT,OOD,80,crosswalk,False,False,False,0,1,24.72590345398905,1.6742828488349915,True,False
43,C_CONTRACT,OOD,81,crosswalk,False,False,False,0,1,22.495801196820373,1.801239164211811,True,False
43,C_CONTRACT,OOD,82,crosswalk,False,False,False,0,1,25.061301170676437,1.4049442954685376,True,False
43,C_CONTRACT,OOD,83,crosswalk,False,False,False,0,1,28.863228488454297,1.0874124713565991,True,False
43,C_CONTRACT,OOD,84,crosswalk,False,False,False,0,1,27.73472215774977,1.2025180112483889,True,False
43,C_CONTRACT,OOD,85,crosswalk,False,False,False,0,1,21.841712617355775,1.1184435940924145,True,False
43,C_CONTRACT,OOD,86,crosswalk,False,False,False,0,1,31.225153918563244,1.5455046892166138,True,False
43,C_CONTRACT,OOD,87,crosswalk,False,False,False,0,1,22.766915403790904,1.1615501509772406,True,False
43,C_CONTRACT,OOD,88,crosswalk,False,False,False,0,1,30.205359597308693,1.3692900944839825,True,False
43,C_CONTRACT,OOD,89,crosswalk,False,False,False,0,1,28.565157174164128,1.4096762135971423,True,False
43,C_CONTRACT,OOD,90,crosswalk,False,False,False,0,1,30.618274478556692,1.3548763543367386,True,False
43,C_CONTRACT,OOD,91,crosswalk,False,False,False,0,1,23.42547975062451,1.3528049717078339,True,False
43,C_CONTRACT,OOD,92,crosswalk,False,False,False,0,1,24.489851281877485,1.2771756450335183,True,False
43,C_CONTRACT,OOD,93,crosswalk,False,False,False,0,1,20.852738916390912,1.459534059871327,True,False
43,C_CONTRACT,OOD,94,crosswalk,False,False,False,0,1,26.174384173634678,1.807841023673182,True,False
43,C_CONTRACT,OOD,95,crosswalk,False,False,False,0,1,21.47554998689649,1.3001280564528244,True,False
43,C_CONTRACT,OOD,96,crosswalk,False,False,False,0,1,28.308778538954652,1.726841649343801,True,False
43,C_CONTRACT,OOD,97,crosswalk,False,False,False,0,1,30.502592140752697,1.623748026110909,True,False
43,C_CONTRACT,OOD,98,crosswalk,False,False,False,0,1,27.940966170795765,1.2818078473210333,True,False
43,C_CONTRACT,OOD,99,crosswalk,False,False,False,0,1,28.054956335920966,1.6914386205051257,True,False
43,C_CONTRACT,OOD,100,stop_intersection,False,False,False,0,1,23.025982394195736,2.299314220746358,True,False
43,C_CONTRACT,OOD,101,stop_intersection,False,False,False,0,1,25.086945381663824,1.9483366535931097,True,False
43,C_CONTRACT,OOD,102,stop_intersection,False,False,False,0,1,30.941329267151737,1.5551921411564475,True,False
43,C_CONTRACT,OOD,103,stop_intersection,False,False,False,0,1,27.133467342036994,1.8641593645919452,True,False
43,C_CONTRACT,OOD,104,stop_intersection,False,False,False,0,1,26.811205127432522,2.6460596512664445,True,False
43,C_CONTRACT,OOD,105,stop_intersection,False,False,False,0,1,21.082650667896694,2.4324558312828475,True,False
43,C_CONTRACT,OOD,106,stop_intersection,False,False,False,0,1,31.039975338845252,1.675728716348347,True,False
43,C_CONTRACT,OOD,107,stop_intersection,False,False,False,0,1,28.125461865347173,1.960526733171372,True,False
43,C_CONTRACT,OOD,108,stop_intersection,False,False,False,0,1,24.6146648854364,1.7064805877836127,True,False
43,C_CONTRACT,OOD,109,stop_intersection,False,False,False,0,1,21.192228595715115,1.758701318019145,True,False
43,C_CONTRACT,OOD,110,stop_intersection,False,False,False,0,1,24.162264104349546,2.4699970334768295,True,False
43,C_CONTRACT,OOD,111,stop_intersection,False,False,False,0,1,23.289911862176723,2.3174952512437645,True,False
43,C_CONTRACT,OOD,112,stop_intersection,False,False,False,0,1,24.10644376940921,2.236255698877832,True,False
43,C_CONTRACT,OOD,113,stop_intersection,False,False,False,0,1,30.64349848606684,1.2590576708316803,True,False
43,C_CONTRACT,OOD,114,stop_intersection,False,False,False,0,1,23.899408869952097,1.6682807298806996,True,False
43,C_CONTRACT,OOD,115,stop_intersection,False,False,False,0,1,24.790221283123806,1.7374426126480103,True,False
43,C_CONTRACT,OOD,116,stop_intersection,False,False,False,0,1,21.516043865931554,1.4775760783705598,True,False
43,C_CONTRACT,OOD,117,stop_intersection,False,False,False,0,1,28.85215919984163,2.3424844044010813,True,False
43,C_CONTRACT,OOD,118,stop_intersection,False,False,False,0,1,28.491075251279625,1.7013558503743764,True,False
43,C_CONTRACT,OOD,119,stop_intersection,False,False,False,0,1,23.673540677098984,1.7587048620791048,True,False
43,C_CONTRACT,OOD,120,stop_intersection,False,False,False,0,1,31.156550296700836,2.14446036588578,True,False
43,C_CONTRACT,OOD,121,stop_intersection,False,False,False,0,1,21.227668151936065,2.4011053889989853,True,False
43,C_CONTRACT,OOD,122,stop_intersection,False,False,False,0,1,24.51187008952732,1.4651098047814717,True,False
43,C_CONTRACT,OOD,123,stop_intersection,False,False,False,0,1,31.48103521957006,1.615019991993904,True,False
43,C_CONTRACT,OOD,124,stop_intersection,False,False,False,0,1,28.756769323825857,2.354410360025805,True,False
43,C_CONTRACT,OOD,125,stop_intersection,False,False,False,0,1,23.709034848466114,1.2277134259541829,True,False
43,C_CONTRACT,OOD,126,stop_intersection,False,False,False,0,1,30.868389047171718,2.2335277044254798,True,False
43,C_CONTRACT,OOD,127,stop_intersection,False,False,False,0,1,28.63114741735567,1.7826497166053108,True,False
43,C_CONTRACT,OOD,128,stop_intersection,False,False,False,0,1,29.639761397267186,1.6252589382623372,True,False
43,C_CONTRACT,OOD,129,stop_intersection,False,False,False,0,1,26.464175777896028,1.6362137366563845,True,False
43,C_CONTRACT,OOD,130,stop_intersection,False,False,False,0,1,21.75869966669948,1.3427889416384142,True,False
43,C_CONTRACT,OOD,131,stop_intersection,False,False,False,0,1,24.46890976681584,2.648656612787491,True,False
43,C_CONTRACT,OOD,132,stop_intersection,False,False,False,0,1,21.208386856247493,2.5091600854222365,True,False
43,C_CONTRACT,OOD,133,stop_intersection,False,False,False,0,1,24.773791814378562,1.3605805884960087,True,False
43,C_CONTRACT,OOD,134,stop_intersection,False,False,False,0,1,26.24955717313408,1.7515966698930068,True,False
43,C_CONTRACT,OOD,135,stop_intersection,False,False,False,0,1,21.579023912597968,1.4556460273571503,True,False
43,C_CONTRACT,OOD,136,stop_intersection,False,False,False,0,1,25.69805519752606,1.5764096459826906,True,False
43,C_CONTRACT,OOD,137,stop_intersection,False,False,False,0,1,31.146790897412885,2.0524334630300833,True,False
43,C_CONTRACT,OOD,138,stop_intersection,False,False,False,0,1,31.025132722873877,2.33194437623024,True,False
43,C_CONTRACT,OOD,139,stop_intersection,False,False,False,0,1,27.70421835785194,1.610972713201474,True,False
43,C_CONTRACT,OOD,140,stop_intersection,False,False,False,0,1,24.996786713533197,1.4153193434079487,True,False
43,C_CONTRACT,OOD,141,stop_intersection,False,False,False,0,1,29.257398179457688,1.5080845355987549,True,False
43,C_CONTRACT,OOD,142,stop_intersection,False,False,False,0,1,23.09065029530742,2.4712578803300858,True,False
43,C_CONTRACT,OOD,143,stop_intersection,False,False,False,0,1,27.96830128893069,2.5825864512745924,True,False
43,C_CONTRACT,OOD,144,stop_intersection,False,False,False,0,1,30.450324951793867,1.3746037238683455,True,False
43,C_CONTRACT,OOD,145,stop_intersection,False,False,False,0,1,27.228152349063503,1.5840847343206403,True,False
43,C_CONTRACT,OOD,146,stop_intersection,False,False,False,0,1,27.38092847637287,3.0359597141678267,True,False
43,C_CONTRACT,OOD,147,stop_intersection,False,False,False,0,1,20.956922683516858,1.7633994688858856,True,False
43,C_CONTRACT,OOD,148,stop_intersection,False,False,False,0,1,20.532078659255504,1.19197326756659,True,False
43,C_CONTRACT,OOD,149,stop_intersection,False,False,False,0,1,29.19368534996822,1.9454921539439711,True,False
43,C_CONTRACT,OOD,150,stop_intersection,False,False,False,0,1,22.84001962876617,2.2577389621216315,True,False
43,C_CONTRACT,OOD,151,stop_intersection,False,False,False,0,1,23.248670263902383,1.5466408117821342,True,False
43,C_CONTRACT,OOD,152,stop_intersection,False,False,False,0,1,30.81701929301592,1.7276145638646305,True,False
43,C_CONTRACT,OOD,153,stop_intersection,False,False,False,0,1,30.240715298372706,1.4661534239606158,True,False
43,C_CONTRACT,OOD,154,stop_intersection,False,False,False,0,1,21.127062199914604,1.6902181584584086,True,False
43,C_CONTRACT,OOD,155,stop_intersection,False,False,False,0,1,24.383773744821433,1.5544341007868447,True,False
43,C_CONTRACT,OOD,156,stop_intersection,False,False,False,0,1,21.911107757832617,1.0043467399550647,True,False
43,C_CONTRACT,OOD,157,stop_intersection,False,False,False,0,1,23.052985077490284,2.3807108245397868,True,False
43,C_CONTRACT,OOD,158,stop_intersection,False,False,False,0,1,30.567337698003683,2.4541640836139056,True,False
43,C_CONTRACT,OOD,159,stop_intersection,False,False,False,0,1,28.978702079217395,1.439446862353835,True,False
43,C_CONTRACT,OOD,160,stop_intersection,False,False,False,0,1,25.323569702624766,1.2168735549563452,True,False
43,C_CONTRACT,OOD,161,stop_intersection,False,False,False,0,1,23.63519122814679,1.2155324479807978,True,False
43,C_CONTRACT,OOD,162,stop_intersection,False,False,False,0,1,27.333522365064056,1.348755498265111,True,False
43,C_CONTRACT,OOD,163,stop_intersection,False,False,False,0,1,26.013464506312445,1.5944705158472061,True,False
43,C_CONTRACT,OOD,164,stop_intersection,False,False,False,0,1,24.098051471240993,1.304305840370267,True,False
43,C_CONTRACT,OOD,165,stop_intersection,False,False,False,0,1,28.465942731285942,2.3402240195057606,True,False
43,C_CONTRACT,OOD,166,stop_intersection,False,False,False,0,1,26.931544805562073,2.868811809099637,True,False
43,C_CONTRACT,OOD,167,stop_intersection,False,False,False,0,1,30.354657652763898,1.2547612838123157,True,False
43,C_CONTRACT,OOD,168,stop_intersection,False,False,False,0,1,31.117975871790605,1.4254753562537106,True,False
43,C_CONTRACT,OOD,169,stop_intersection,False,False,False,0,1,28.31680945684657,1.5943646889466505,True,False
43,C_CONTRACT,OOD,170,stop_intersection,False,False,False,0,1,20.700592323312144,1.6651124679125273,True,False
43,C_CONTRACT,OOD,171,stop_intersection,False,False,False,0,1,21.422390650869616,1.4241522913043563,True,False
43,C_CONTRACT,OOD,172,stop_intersection,False,False,False,0,1,21.8588320119418,1.5403305490811665,True,False
43,C_CONTRACT,OOD,173,stop_intersection,False,False,False,0,1,28.548643546409764,1.2658571289933245,True,False
43,C_CONTRACT,OOD,174,stop_intersection,False,False,False,0,1,21.601133529825333,1.6541596502065659,True,False
43,C_CONTRACT,OOD,175,stop_intersection,False,False,False,0,1,27.942257767037667,1.5389486650625863,True,False
43,C_CONTRACT,OOD,176,stop_intersection,False,False,False,0,1,21.82973246467245,1.4537245340836353,True,False
43,C_CONTRACT,OOD,177,stop_intersection,False,False,False,0,1,30.494280254994322,2.4312820812550986,True,False
43,C_CONTRACT,OOD,178,stop_intersection,False,False,False,0,1,28.576675909349994,1.5005367523745485,True,False
43,C_CONTRACT,OOD,179,stop_intersection,False,False,False,0,1,28.193521241557022,2.501065705133521,True,False
43,C_CONTRACT,OOD,180,stop_intersection,False,False,False,0,1,21.41843186113333,1.3724671410662785,True,False
43,C_CONTRACT,OOD,181,stop_intersection,False,False,False,0,1,31.134292831621412,1.6480994522571562,True,False
43,C_CONTRACT,OOD,182,stop_intersection,False,False,False,0,1,22.83387138771714,1.396345391869545,True,False
43,C_CONTRACT,OOD,183,stop_intersection,False,False,False,0,1,22.0188300313952,1.6154062277392336,True,False
43,C_CONTRACT,OOD,184,stop_intersection,False,False,False,0,1,30.104325986967282,2.623142869699569,True,False
43,C_CONTRACT,OOD,185,stop_intersection,False,False,False,0,1,25.958039003358927,1.3058195425116497,True,False
43,C_CONTRACT,OOD,186,stop_intersection,False,False,False,0,1,30.27501359435213,2.2850086938503176,True,False
43,C_CONTRACT,OOD,187,stop_intersection,False,False,False,0,1,27.544483261132587,2.4812310620358113,True,False
43,C_CONTRACT,OOD,188,stop_intersection,False,False,False,0,1,30.956762880745323,1.8799488110975784,True,False
43,C_CONTRACT,OOD,189,stop_intersection,False,False,False,0,1,29.794980953286334,1.690464680259292,True,False
43,C_CONTRACT,OOD,190,stop_intersection,False,False,False,0,1,24.767059414009765,2.540830812956157,True,False
43,C_CONTRACT,OOD,191,stop_intersection,False,False,False,0,1,26.478859830613622,2.278005560239156,True,False
43,C_CONTRACT,OOD,192,stop_intersection,False,False,False,0,1,30.10290175273171,1.4430670821389486,True,False
43,C_CONTRACT,OOD,193,stop_intersection,False,False,False,0,1,23.87314684903376,1.248647822274102,True,False
43,C_CONTRACT,OOD,194,stop_intersection,False,False,False,0,1,26.60649494559215,1.48193430068881,True,False
43,C_CONTRACT,OOD,195,stop_intersection,False,False,False,0,1,26.369873461456805,2.5385068829466655,True,False
43,C_CONTRACT,OOD,196,stop_intersection,False,False,False,0,1,22.661153980006276,1.2207742319220587,True,False
43,C_CONTRACT,OOD,197,stop_intersection,False,False,False,0,1,29.200311655496517,1.4577458444095792,True,False
43,C_CONTRACT,OOD,198,stop_intersection,False,False,False,0,1,28.933983206722356,2.1257372200489044,True,False
43,C_CONTRACT,OOD,199,stop_intersection,False,False,False,0,1,28.145314007352823,2.2185755438274803,True,False
43,C_CONTRACT,OOD,200,lead_brake,False,False,False,0,0,33.703905488103615,8.467226864304394,True,False
43,C_CONTRACT,OOD,201,lead_brake,False,False,False,0,0,30.570415231803718,4.386312363669276,True,False
43,C_CONTRACT,OOD,202,lead_brake,False,False,False,0,0,25.71645543233764,8.268552673980594,True,False
43,C_CONTRACT,OOD,203,lead_brake,False,False,False,0,0,30.553035942424756,10.223741821944714,True,False
43,C_CONTRACT,OOD,204,lead_brake,False,False,False,0,0,29.45483649713688,7.584403248038143,True,False
43,C_CONTRACT,OOD,205,lead_brake,False,False,False,0,0,28.245377067216182,6.078686570127805,True,False
43,C_CONTRACT,OOD,206,lead_brake,False,False,False,0,0,29.986694523678942,6.919166757414739,True,False
43,C_CONTRACT,OOD,207,lead_brake,False,False,False,0,0,32.64678653208472,10.853708943972983,True,False
43,C_CONTRACT,OOD,208,lead_brake,False,False,False,0,0,37.972729922863095,9.670437219397474,True,False
43,C_CONTRACT,OOD,209,lead_brake,False,False,False,0,0,30.47247442248505,5.208445962052792,True,False
43,C_CONTRACT,OOD,210,lead_brake,False,False,False,0,0,29.52321702619055,9.27727484020094,True,False
43,C_CONTRACT,OOD,211,lead_brake,False,False,False,0,0,36.32113589400424,9.31902943070357,True,False
43,C_CONTRACT,OOD,212,lead_brake,False,False,False,0,0,27.334737819800672,8.412786083295941,True,False
43,C_CONTRACT,OOD,213,lead_brake,False,False,False,0,0,30.657751420676643,5.017517688373725,True,False
43,C_CONTRACT,OOD,214,lead_brake,False,False,False,0,0,34.824707698502564,7.345327971037477,True,False
43,C_CONTRACT,OOD,215,lead_brake,False,False,False,0,0,26.55279467758195,6.774954824397962,True,False
43,C_CONTRACT,OOD,216,lead_brake,False,False,False,0,0,40.08631377306199,7.3349759069581815,True,False
43,C_CONTRACT,OOD,217,lead_brake,False,False,False,0,0,34.57392651528119,2.0286146824558573,True,False
43,C_CONTRACT,OOD,218,lead_brake,False,False,False,0,0,26.436796514396768,8.135382356898239,True,False
43,C_CONTRACT,OOD,219,lead_brake,False,False,False,0,0,34.2613328619039,3.691985385647664,True,False
43,C_CONTRACT,OOD,220,lead_brake,False,False,False,0,0,35.08771831179069,7.540594838714847,True,False
43,C_CONTRACT,OOD,221,lead_brake,False,False,False,0,0,23.921381755340825,9.488503909514595,True,False
43,C_CONTRACT,OOD,222,lead_brake,False,False,False,0,0,39.621736375722094,5.524314796707282,True,False
43,C_CONTRACT,OOD,223,lead_brake,False,False,False,0,0,26.14168556028705,6.646412585085879,True,False
43,C_CONTRACT,OOD,224,lead_brake,False,False,False,0,0,31.122339106740768,10.459086370964844,True,False
43,C_CONTRACT,OOD,225,lead_brake,False,False,False,0,0,31.781593493179866,6.426343606319278,True,False
43,C_CONTRACT,OOD,226,lead_brake,False,False,False,0,0,27.01793777830899,8.561086519931752,True,False
43,C_CONTRACT,OOD,227,lead_brake,False,False,False,0,0,38.554634002204175,6.276308837812394,True,False
43,C_CONTRACT,OOD,228,lead_brake,False,False,False,0,0,39.610061381421026,9.171293087458858,True,False
43,C_CONTRACT,OOD,229,lead_brake,False,False,False,0,0,43.09839368775487,9.212619681066522,True,False
43,C_CONTRACT,OOD,230,lead_brake,False,False,False,0,0,33.971532423930206,5.350917018484324,True,False
43,C_CONTRACT,OOD,231,lead_brake,False,False,False,0,0,35.15380122773283,3.077693941692511,True,False
43,C_CONTRACT,OOD,232,lead_brake,False,False,False,0,0,32.68105093053563,10.354491282409676,True,False
43,C_CONTRACT,OOD,233,lead_brake,False,False,False,0,0,29.8660473606102,8.872255535796285,True,False
43,C_CONTRACT,OOD,234,lead_brake,False,False,False,0,0,28.998106730181703,8.547199089235315,True,False
43,C_CONTRACT,OOD,235,lead_brake,False,False,False,0,0,32.20505618741383,3.9104718503852687,True,False
43,C_CONTRACT,OOD,236,lead_brake,False,False,False,0,0,42.54100677909328,4.856964748973647,True,False
43,C_CONTRACT,OOD,237,lead_brake,False,False,False,0,0,40.39473750249277,4.358653008937836,True,False
43,C_CONTRACT,OOD,238,lead_brake,False,False,False,0,0,26.069763163290922,8.745495492282013,True,False
43,C_CONTRACT,OOD,239,lead_brake,False,False,False,0,0,34.31777122540818,3.2069925939043364,True,False
43,C_CONTRACT,OOD,240,lead_brake,False,False,False,0,0,36.74145427292215,4.7646253433388965,True,False
43,C_CONTRACT,OOD,241,lead_brake,False,False,False,0,0,25.616036055339546,3.0306698257724443,True,False
43,C_CONTRACT,OOD,242,lead_brake,False,False,False,0,0,26.829342781304202,6.862284144386648,True,False
43,C_CONTRACT,OOD,243,lead_brake,False,False,False,0,0,30.93949730723238,7.250737234329184,True,False
43,C_CONTRACT,OOD,244,lead_brake,False,False,False,0,0,41.70251394733787,8.252221113846948,True,False
43,C_CONTRACT,OOD,245,lead_brake,False,False,False,0,0,43.52220072187488,1.4090416543185709,True,False
43,C_CONTRACT,OOD,246,lead_brake,False,False,False,0,0,26.68462601049842,3.7480045047899084,True,False
43,C_CONTRACT,OOD,247,lead_brake,False,False,False,0,0,31.33651085492864,6.978960372662792,True,False
43,C_CONTRACT,OOD,248,lead_brake,False,False,False,0,0,27.482280572497007,7.703437491785735,True,False
43,C_CONTRACT,OOD,249,lead_brake,False,False,False,0,0,23.872325006301086,7.227188101659219,True,False
43,C_CONTRACT,OOD,250,lead_brake,False,False,False,0,0,33.58445029104613,8.760272026217232,True,False
43,C_CONTRACT,OOD,251,lead_brake,False,False,False,0,0,30.8726261357515,9.617111317968616,True,False
43,C_CONTRACT,OOD,252,lead_brake,False,False,False,0,0,40.195806317417556,6.044211296364665,True,False
43,C_CONTRACT,OOD,253,lead_brake,False,False,False,0,0,28.745013208650043,6.078984412985543,True,False
43,C_CONTRACT,OOD,254,lead_brake,False,False,False,0,0,28.095914826163867,3.1763335466384888,True,False
43,C_CONTRACT,OOD,255,lead_brake,False,False,False,0,0,34.42388963080317,9.108123337384312,True,False
43,C_CONTRACT,OOD,256,lead_brake,False,False,False,0,0,24.894292065650212,5.117253335813682,True,False
43,C_CONTRACT,OOD,257,lead_brake,False,False,False,0,0,30.852400896262488,7.595916836367299,True,False
43,C_CONTRACT,OOD,258,lead_brake,False,False,False,0,0,23.49168551036243,5.926608828827738,True,False
43,C_CONTRACT,OOD,259,lead_brake,False,False,False,0,0,43.18501059362667,8.913679307947556,True,False
43,C_CONTRACT,OOD,260,lead_brake,False,False,False,0,0,34.68320552211375,5.999793000053614,True,False
43,C_CONTRACT,OOD,261,lead_brake,False,False,False,0,0,28.674827424725727,5.556277170932541,True,False
43,C_CONTRACT,OOD,262,lead_brake,False,False,False,0,0,38.39291364649649,7.069491037478049,True,False
43,C_CONTRACT,OOD,263,lead_brake,False,False,False,0,0,30.58759709947233,5.929515006641546,True,False
43,C_CONTRACT,OOD,264,lead_brake,False,False,False,0,0,44.660199246928116,9.979448263843853,True,False
43,C_CONTRACT,OOD,265,lead_brake,False,False,False,0,0,40.193907499174585,8.189236330489317,True,False
43,C_CONTRACT,OOD,266,lead_brake,False,False,False,0,0,32.32343482892937,10.876819264143704,True,False
43,C_CONTRACT,OOD,267,lead_brake,False,False,False,0,0,29.4985044374031,9.57372136041522,True,False
43,C_CONTRACT,OOD,268,lead_brake,False,False,False,0,0,29.145517291271123,8.334667900421966,True,False
43,C_CONTRACT,OOD,269,lead_brake,False,False,False,0,0,31.5054170852143,9.595527502552915,True,False
43,C_CONTRACT,OOD,270,lead_brake,False,False,False,0,0,25.464825957443967,10.231127453347046,True,False
43,C_CONTRACT,OOD,271,lead_brake,False,False,False,0,0,36.25430359968198,5.9087122933318215,True,False
43,C_CONTRACT,OOD,272,lead_brake,False,False,False,0,0,34.23595257659614,9.131107222288847,True,False
43,C_CONTRACT,OOD,273,lead_brake,False,False,False,0,0,34.79329117731732,7.188818280274669,True,False
43,C_CONTRACT,OOD,274,lead_brake,False,False,False,0,0,37.21862339280106,10.097838627795378,True,False
43,C_CONTRACT,OOD,275,lead_brake,False,False,False,0,0,33.027682680692976,5.499406695831566,True,False
43,C_CONTRACT,OOD,276,lead_brake,False,False,False,0,0,28.511818220510065,5.9679244249127805,True,False
43,C_CONTRACT,OOD,277,lead_brake,False,False,False,0,0,29.557417382840125,9.755514573305845,True,False
43,C_CONTRACT,OOD,278,lead_brake,False,False,False,0,0,30.091607168506286,6.414097682262461,True,False
43,C_CONTRACT,OOD,279,lead_brake,False,False,False,0,0,38.74080073302617,7.218669381613532,True,False
43,C_CONTRACT,OOD,280,lead_brake,False,False,False,0,0,30.493326680973592,10.897639175411312,True,False
43,C_CONTRACT,OOD,281,lead_brake,False,False,False,0,0,31.379791747275753,7.256343562776843,True,False
43,C_CONTRACT,OOD,282,lead_brake,False,False,False,0,0,32.189639610988934,6.032031919186314,True,False
43,C_CONTRACT,OOD,283,lead_brake,False,False,False,0,0,36.536824010163556,9.122078608721495,True,False
43,C_CONTRACT,OOD,284,lead_brake,False,False,False,0,0,25.8109059388586,9.816345225398738,True,False
43,C_CONTRACT,OOD,285,lead_brake,False,False,False,0,0,35.28447089658734,8.573211204260588,True,False
43,C_CONTRACT,OOD,286,lead_brake,False,False,False,0,0,29.009450987729558,6.2189306896179914,True,False
43,C_CONTRACT,OOD,287,lead_brake,False,False,False,0,0,32.53307805491584,4.703552759097268,True,False
43,C_CONTRACT,OOD,288,lead_brake,False,False,False,0,0,26.595242310039602,3.218461393068234,True,False
43,C_CONTRACT,OOD,289,lead_brake,False,False,False,0,0,39.775488268703214,4.366966925716648,True,False
43,C_CONTRACT,OOD,290,lead_brake,False,False,False,0,0,33.67141480454712,3.6696118960777917,True,False
43,C_CONTRACT,OOD,291,lead_brake,False,False,False,0,0,21.567269967365977,7.5681413922769325,True,False
43,C_CONTRACT,OOD,292,lead_brake,False,False,False,0,0,36.1005488037041,4.7215811321511865,True,False
43,C_CONTRACT,OOD,293,lead_brake,False,False,False,0,0,25.378799062672368,10.958707392370949,True,False
43,C_CONTRACT,OOD,294,lead_brake,False,False,False,0,0,26.645840798524123,8.490341675778229,True,False
43,C_CONTRACT,OOD,295,lead_brake,False,False,False,0,0,28.199661522358642,7.370460648089647,True,False
43,C_CONTRACT,OOD,296,lead_brake,False,False,False,0,0,35.56720408722032,9.828168710072834,True,False
43,C_CONTRACT,OOD,297,lead_brake,False,False,False,0,0,38.958632741515196,9.786451080348343,True,False
43,C_CONTRACT,OOD,298,lead_brake,False,False,False,0,0,21.15753265725673,8.79941034441193,True,False
43,C_CONTRACT,OOD,299,lead_brake,False,False,False,0,0,25.63748013225612,3.6353619657456875,True,False
43,D_CONTRACT_SHIELD,ID,0,crosswalk,False,False,False,0,0,29.600513193622167,2.133408121087334,True,False
43,D_CONTRACT_SHIELD,ID,1,crosswalk,False,False,False,0,0,38.2277900340068,1.1064102252324421,True,False
43,D_CONTRACT_SHIELD,ID,2,crosswalk,False,False,False,0,0,28.331561356571306,2.5694069423173604,True,False
43,D_CONTRACT_SHIELD,ID,3,crosswalk,False,False,False,0,0,32.681561716673194,2.2888082762559256,True,False
43,D_CONTRACT_SHIELD,ID,4,crosswalk,False,False,False,0,0,33.91084583666627,2.288320091637698,True,False
43,D_CONTRACT_SHIELD,ID,5,crosswalk,False,False,False,0,0,28.79157280709849,1.9727110992307246,True,False
43,D_CONTRACT_SHIELD,ID,6,crosswalk,False,False,False,0,0,35.38961294414692,0.42380142618309363,True,False
43,D_CONTRACT_SHIELD,ID,7,crosswalk,False,False,False,0,0,37.643812912625975,2.097302364806334,True,False
43,D_CONTRACT_SHIELD,ID,8,crosswalk,False,False,False,0,0,27.611582634894724,1.9402273841526196,True,False
43,D_CONTRACT_SHIELD,ID,9,crosswalk,False,False,False,0,0,34.223059653523066,1.8573801693591203,True,False
43,D_CONTRACT_SHIELD,ID,10,crosswalk,False,False,False,0,0,36.47371984287162,1.9794705119388905,True,False
43,D_CONTRACT_SHIELD,ID,11,crosswalk,False,False,False,0,0,33.94425484061509,2.055745075146357,True,False
43,D_CONTRACT_SHIELD,ID,12,crosswalk,False,False,False,0,0,28.11210548778564,1.1999580734654476,True,False
43,D_CONTRACT_SHIELD,ID,13,crosswalk,False,False,False,0,0,31.811552712178468,1.4174114232477935,True,False
43,D_CONTRACT_SHIELD,ID,14,crosswalk,False,False,False,0,0,29.82888663850656,2.1622130410237745,True,False
43,D_CONTRACT_SHIELD,ID,15,crosswalk,False,False,False,0,0,34.83741902247235,0.3904087776723115,True,False
43,D_CONTRACT_SHIELD,ID,16,crosswalk,False,False,False,0,0,26.937979792157606,2.3152941465377808,True,False
43,D_CONTRACT_SHIELD,ID,17,crosswalk,False,False,False,0,0,26.96584491332137,2.145129357065473,True,False
43,D_CONTRACT_SHIELD,ID,18,crosswalk,False,False,False,0,0,35.78449508160983,1.7570298436013134,True,False
43,D_CONTRACT_SHIELD,ID,19,crosswalk,False,False,False,0,0,38.32755192020167,0.37718773509065306,True,False
43,D_CONTRACT_SHIELD,ID,20,crosswalk,False,False,False,0,0,31.466584706314322,1.8450796320324852,True,False
43,D_CONTRACT_SHIELD,ID,21,crosswalk,False,False,False,0,0,31.84980083855602,1.4274322374893182,True,False
43,D_CONTRACT_SHIELD,ID,22,crosswalk,False,False,False,0,0,28.058452256459564,1.6744203037685816,True,False
43,D_CONTRACT_SHIELD,ID,23,crosswalk,False,False,False,0,0,35.14665874899964,0.43538058345968067,True,False
43,D_CONTRACT_SHIELD,ID,24,crosswalk,False,False,False,0,0,27.877092507166196,1.5278879513866022,True,False
43,D_CONTRACT_SHIELD,ID,25,crosswalk,False,False,False,0,0,29.274561670205518,1.6587822352136885,True,False
43,D_CONTRACT_SHIELD,ID,26,crosswalk,False,False,False,0,0,27.39195464164505,2.458463397465254,True,False
43,D_CONTRACT_SHIELD,ID,27,crosswalk,False,False,False,0,0,31.948860562480583,1.9632616142431893,True,False
43,D_CONTRACT_SHIELD,ID,28,crosswalk,False,False,False,0,0,33.86785336086493,1.403391496056602,True,False
43,D_CONTRACT_SHIELD,ID,29,crosswalk,False,False,False,0,0,29.15089344302249,2.3808673918247223,True,False
43,D_CONTRACT_SHIELD,ID,30,crosswalk,False,False,False,0,0,32.22090994980478,0.6878578188744457,True,False
43,D_CONTRACT_SHIELD,ID,31,crosswalk,False,False,False,0,0,28.679996465335712,1.9587300264317056,True,False
43,D_CONTRACT_SHIELD,ID,32,crosswalk,False,False,False,0,0,38.88684024107884,1.7748066348334153,True,False
43,D_CONTRACT_SHIELD,ID,33,crosswalk,False,False,False,0,0,31.863220761857562,0.4211884453183129,True,False
43,D_CONTRACT_SHIELD,ID,34,crosswalk,False,False,False,0,0,35.794461002054085,0.8177469049890835,True,False
43,D_CONTRACT_SHIELD,ID,35,crosswalk,False,False,False,0,0,29.37935224069836,1.977214094089425,True,False
43,D_CONTRACT_SHIELD,ID,36,crosswalk,False,False,False,0,0,38.25515329811424,0.44417788386344903,True,False
43,D_CONTRACT_SHIELD,ID,37,crosswalk,False,False,False,0,0,31.67382763826521,2.24188816818324,True,False
43,D_CONTRACT_SHIELD,ID,38,crosswalk,False,False,False,0,0,34.640997632730894,2.075840992232164,True,False
43,D_CONTRACT_SHIELD,ID,39,crosswalk,False,False,False,0,0,28.74406023929037,1.5055448934435844,True,False
43,D_CONTRACT_SHIELD,ID,40,crosswalk,False,False,False,0,0,31.80877764645907,0.5295886302536184,True,False
43,D_CONTRACT_SHIELD,ID,41,crosswalk,False,False,False,0,0,35.37636378964316,1.6533273593945936,True,False
43,D_CONTRACT_SHIELD,ID,42,crosswalk,False,False,False,0,0,37.99589090792787,0.38312877838810283,True,False
43,D_CONTRACT_SHIELD,ID,43,crosswalk,False,False,False,0,0,31.054915254592675,1.9330648332834244,True,False
43,D_CONTRACT_SHIELD,ID,44,crosswalk,False,False,False,0,0,31.43539661689715,1.5484657741728283,True,False
43,D_CONTRACT_SHIELD,ID,45,crosswalk,False,False,False,0,0,35.76375947455173,0.8482824824750423,True,False
43,D_CONTRACT_SHIELD,ID,46,crosswalk,False,False,False,0,0,30.845548116769336,2.21312475475398,True,False
43,D_CONTRACT_SHIELD,ID,47,crosswalk,False,False,False,0,0,28.051272382750433,0.5615200547035784,True,False
43,D_CONTRACT_SHIELD,ID,48,crosswalk,False,False,False,0,0,34.36082206477991,0.3516637347638607,True,False
43,D_CONTRACT_SHIELD,ID,49,crosswalk,False,False,False,0,0,38.02313482023014,0.4828198448471401,True,False
43,D_CONTRACT_SHIELD,ID,50,crosswalk,False,False,False,0,0,30.24110646409192,2.049238108098507,True,False
43,D_CONTRACT_SHIELD,ID,51,crosswalk,False,False,False,0,0,29.889628379156605,0.37273231716383065,True,False
43,D_CONTRACT_SHIELD,ID,52,crosswalk,False,False,False,0,0,36.75583410606937,0.3949684960146745,True,False
43,D_CONTRACT_SHIELD,ID,53,crosswalk,False,False,False,0,0,37.972092083314934,0.9610641062259674,True,False
43,D_CONTRACT_SHIELD,ID,54,crosswalk,False,False,False,0,0,37.342172873805794,0.4263327002525329,True,False
43,D_CONTRACT_SHIELD,ID,55,crosswalk,False,False,False,0,0,34.338443631148465,1.8692267347465863,True,False
43,D_CONTRACT_SHIELD,ID,56,crosswalk,False,False,False,0,0,30.917050836696216,2.1782401416982924,True,False
43,D_CONTRACT_SHIELD,ID,57,crosswalk,False,False,False,0,0,33.372278331218176,2.3078029535033484,True,False
43,D_CONTRACT_SHIELD,ID,58,crosswalk,False,False,False,0,0,35.712414469371765,1.0175108909606934,True,False
43,D_CONTRACT_SHIELD,ID,59,crosswalk,False,False,False,0,0,34.939114094457175,0.3730985956887404,True,False
43,D_CONTRACT_SHIELD,ID,60,crosswalk,False,False,False,0,0,36.65853364064957,2.0712467903892198,True,False
43,D_CONTRACT_SHIELD,ID,61,crosswalk,False,False,False,0,0,37.3307506230035,0.3969924628734588,True,False
43,D_CONTRACT_SHIELD,ID,62,crosswalk,False,False,False,0,0,32.49382227078389,2.2759185595945874,True,False
43,D_CONTRACT_SHIELD,ID,63,crosswalk,False,False,False,0,0,31.924345954567833,0.9159685529413677,True,False
43,D_CONTRACT_SHIELD,ID,64,crosswalk,False,False,False,0,0,29.275107445656797,1.9371518939733505,True,False
43,D_CONTRACT_SHIELD,ID,65,crosswalk,False,False,False,0,0,37.393047188347595,1.890191087926117,True,False
43,D_CONTRACT_SHIELD,ID,66,crosswalk,False,False,False,0,0,33.37600902729359,1.146644517069771,True,False
43,D_CONTRACT_SHIELD,ID,67,crosswalk,False,False,False,0,0,28.108121138717042,0.5371724696535812,True,False
43,D_CONTRACT_SHIELD,ID,68,crosswalk,False,False,False,0,0,31.84290912995983,0.37454720247875556,True,False
43,D_CONTRACT_SHIELD,ID,69,crosswalk,False,False,False,0,0,31.018785351993138,1.9327101483941078,True,False
43,D_CONTRACT_SHIELD,ID,70,crosswalk,False,False,False,0,0,39.23802373581233,0.6168647979696592,True,False
43,D_CONTRACT_SHIELD,ID,71,crosswalk,False,False,False,0,0,35.26567082985241,0.36685469870766,True,False
43,D_CONTRACT_SHIELD,ID,72,crosswalk,False,False,False,0,0,36.34445652505838,0.3846561970810095,True,False
43,D_CONTRACT_SHIELD,ID,73,crosswalk,False,False,False,0,0,33.100612908350556,1.7438151211139152,True,False
43,D_CONTRACT_SHIELD,ID,74,crosswalk,False,False,False,0,0,36.53475341202079,0.37922347585360205,True,False
43,D_CONTRACT_SHIELD,ID,75,crosswalk,False,False,False,0,0,34.84911775259918,1.7611581764437936,True,False
43,D_CONTRACT_SHIELD,ID,76,crosswalk,False,False,False,0,0,34.51449032899104,0.3915740419989046,True,False
43,D_CONTRACT_SHIELD,ID,77,crosswalk,False,False,False,0,0,35.72000773045424,1.9258741560307415,True,False
43,D_CONTRACT_SHIELD,ID,78,crosswalk,False,False,False,0,0,34.00382348414073,1.9645013225575287,True,False
43,D_CONTRACT_SHIELD,ID,79,crosswalk,False,False,False,0,0,33.366659234643365,2.037388072772459,True,False
43,D_CONTRACT_SHIELD,ID,80,crosswalk,False,False,False,0,0,30.79226162892416,0.39118814326467966,True,False
43,D_CONTRACT_SHIELD,ID,81,crosswalk,False,False,False,0,0,32.943422323742766,2.3108395866372367,True,False
43,D_CONTRACT_SHIELD,ID,82,crosswalk,False,False,False,0,0,36.30592867860578,2.0833183328310647,True,False
43,D_CONTRACT_SHIELD,ID,83,crosswalk,False,False,False,0,0,37.60342345009563,0.34715820963566113,True,False
43,D_CONTRACT_SHIELD,ID,84,crosswalk,False,False,False,0,0,32.548445045903236,1.4318769779461231,True,False
43,D_CONTRACT_SHIELD,ID,85,crosswalk,False,False,False,0,0,32.329212721363824,0.6056795304729825,True,False
43,D_CONTRACT_SHIELD,ID,86,crosswalk,False,False,False,0,0,28.433853393947917,1.8887497901916501,True,False
43,D_CONTRACT_SHIELD,ID,87,crosswalk,False,False,False,0,0,35.37110171605963,1.2415623026234763,True,False
43,D_CONTRACT_SHIELD,ID,88,crosswalk,False,False,False,0,0,31.075048713127593,2.0567439043003577,True,False
43,D_CONTRACT_SHIELD,ID,89,crosswalk,False,False,False,0,0,33.57484773157839,0.36795073229333625,True,False
43,D_CONTRACT_SHIELD,ID,90,crosswalk,False,False,False,0,0,28.263254239049786,0.5269329769071192,True,False
43,D_CONTRACT_SHIELD,ID,91,crosswalk,False,False,False,0,0,28.485105767573987,2.0843715830282727,True,False
43,D_CONTRACT_SHIELD,ID,92,crosswalk,False,False,False,0,0,37.647250917823946,0.8190526948733763,True,False
43,D_CONTRACT_SHIELD,ID,93,crosswalk,False,False,False,0,0,31.28564906232083,1.9426410396893818,True,False
43,D_CONTRACT_SHIELD,ID,94,crosswalk,False,False,False,0,0,31.824404767582877,1.928521997871853,True,False
43,D_CONTRACT_SHIELD,ID,95,crosswalk,False,False,False,0,0,30.942323606549756,0.36355874077840283,True,False
43,D_CONTRACT_SHIELD,ID,96,crosswalk,False,False,False,0,0,27.99391703609915,2.3607434183359146,True,False
43,D_CONTRACT_SHIELD,ID,97,crosswalk,False,False,False,0,0,37.014001009147115,0.6413914382457733,True,False
43,D_CONTRACT_SHIELD,ID,98,crosswalk,False,False,False,0,0,30.020399299496184,2.475158164375707,True,False
43,D_CONTRACT_SHIELD,ID,99,crosswalk,False,False,False,0,0,31.348271157592016,0.8826515600085257,True,False
43,D_CONTRACT_SHIELD,ID,100,stop_intersection,False,False,False,3,1,26.378725048375784,1.854832100647467,True,False
43,D_CONTRACT_SHIELD,ID,101,stop_intersection,False,False,False,3,1,31.50562733330829,1.5811129251146705,True,False
43,D_CONTRACT_SHIELD,ID,102,stop_intersection,False,False,False,3,1,26.40533469567116,1.8661171538489203,True,False
43,D_CONTRACT_SHIELD,ID,103,stop_intersection,False,False,False,3,1,29.082980141377995,1.712361527116675,True,False
43,D_CONTRACT_SHIELD,ID,104,stop_intersection,False,False,False,3,1,27.281668979118326,1.7123611192954213,True,False
43,D_CONTRACT_SHIELD,ID,105,stop_intersection,False,False,False,4,1,31.422085553554368,1.626510813832283,True,False
43,D_CONTRACT_SHIELD,ID,106,stop_intersection,False,False,False,3,1,32.448581121810946,1.58671828304849,True,False
43,D_CONTRACT_SHIELD,ID,107,stop_intersection,False,False,False,3,1,30.196364308705043,1.7992072008751532,True,False
43,D_CONTRACT_SHIELD,ID,108,stop_intersection,False,False,False,3,1,32.11676632199545,1.7021815680031083,True,False
43,D_CONTRACT_SHIELD,ID,109,stop_intersection,False,False,False,3,1,33.52060438061032,1.5926094607609071,True,False
43,D_CONTRACT_SHIELD,ID,110,stop_intersection,False,False,False,3,1,28.990810502848667,1.7805760776674424,True,False
43,D_CONTRACT_SHIELD,ID,111,stop_intersection,False,False,False,3,1,35.78771499906878,1.5714833608695438,True,False
43,D_CONTRACT_SHIELD,ID,112,stop_intersection,False,False,False,3,1,35.853990387707434,1.5716590767815,True,False
43,D_CONTRACT_SHIELD,ID,113,stop_intersection,False,False,False,3,1,35.60701589487557,1.5701423372541152,True,False
43,D_CONTRACT_SHIELD,ID,114,stop_intersection,False,False,False,3,1,35.4692407084653,1.5699535892123266,True,False
43,D_CONTRACT_SHIELD,ID,115,stop_intersection,False,False,False,3,1,37.01383986593491,1.6033093276477994,True,False
43,D_CONTRACT_SHIELD,ID,116,stop_intersection,False,False,False,3,1,31.11135167469172,1.7445096530412374,True,False
43,D_CONTRACT_SHIELD,ID,117,stop_intersection,False,False,False,3,1,27.75242409773069,1.7587623402879042,True,False
43,D_CONTRACT_SHIELD,ID,118,stop_intersection,False,False,False,3,1,31.66603580682838,1.7931610638635198,True,False
43,D_CONTRACT_SHIELD,ID,119,stop_intersection,False,False,False,3,1,34.80945652928742,1.6164461127141627,True,False
43,D_CONTRACT_SHIELD,ID,120,stop_intersection,False,False,False,3,1,37.086183474832,1.6709988291670634,True,False
43,D_CONTRACT_SHIELD,ID,121,stop_intersection,False,False,False,3,1,36.114120884669575,1.6247992108507854,True,False
43,D_CONTRACT_SHIELD,ID,122,stop_intersection,False,False,False,3,1,32.758500854548004,1.5432008121694836,True,False
43,D_CONTRACT_SHIELD,ID,123,stop_intersection,False,False,False,3,1,26.66765650550527,1.8021944684010964,True,False
43,D_CONTRACT_SHIELD,ID,124,stop_intersection,False,False,False,4,1,33.954594738025634,1.591189518207457,True,False
43,D_CONTRACT_SHIELD,ID,125,stop_intersection,False,False,False,3,1,35.33032775961205,1.6306587758103037,True,False
43,D_CONTRACT_SHIELD,ID,126,stop_intersection,False,False,False,3,1,38.41643439001858,1.5132569860328327,True,False
43,D_CONTRACT_SHIELD,ID,127,stop_intersection,False,False,False,3,1,27.256814743651077,1.8559726576010385,True,False
43,D_CONTRACT_SHIELD,ID,128,stop_intersection,False,False,False,3,1,33.3488677934464,1.6592922538518902,True,False
43,D_CONTRACT_SHIELD,ID,129,stop_intersection,False,False,False,3,1,34.87377345976239,1.6690124571323395,True,False
43,D_CONTRACT_SHIELD,ID,130,stop_intersection,False,False,False,3,1,26.780338644869488,1.758763242412258,True,False
43,D_CONTRACT_SHIELD,ID,131,stop_intersection,False,False,False,3,1,27.940972300597593,1.8323210378487904,True,False
43,D_CONTRACT_SHIELD,ID,132,stop_intersection,False,False,False,3,1,32.59957975214268,1.6411734819412231,True,False
43,D_CONTRACT_SHIELD,ID,133,stop_intersection,False,False,False,3,1,30.570831396042387,1.668336299749521,True,False
43,D_CONTRACT_SHIELD,ID,134,stop_intersection,False,False,False,3,1,38.1583209126688,1.5575442480486492,True,False
43,D_CONTRACT_SHIELD,ID,135,stop_intersection,False,False,False,3,1,31.636898573721062,1.7533148119324131,True,False
43,D_CONTRACT_SHIELD,ID,136,stop_intersection,False,False,False,3,1,35.90249983423702,1.5277178476947222,True,False
43,D_CONTRACT_SHIELD,ID,137,stop_intersection,False,False,False,3,1,31.288626928071565,1.6202674895524976,True,False
43,D_CONTRACT_SHIELD,ID,138,stop_intersection,False,False,False,3,1,32.81211089070995,1.5867184865765454,True,False
43,D_CONTRACT_SHIELD,ID,139,stop_intersection,False,False,False,3,1,30.691344390282367,1.6878170997668533,True,False
43,D_CONTRACT_SHIELD,ID,140,stop_intersection,False,False,False,3,1,37.95631005345858,1.461314797401428,True,False
43,D_CONTRACT_SHIELD,ID,141,stop_intersection,False,False,False,3,1,37.15315800375449,1.6642955163630042,True,False
43,D_CONTRACT_SHIELD,ID,142,stop_intersection,False,False,False,3,1,35.218684113542274,1.5193851604018098,True,False
43,D_CONTRACT_SHIELD,ID,143,stop_intersection,False,False,False,3,1,26.54102666652805,1.8667162656784058,True,False
43,D_CONTRACT_SHIELD,ID,144,stop_intersection,False,False,False,3,1,29.18164791211061,1.712362860378466,True,False
43,D_CONTRACT_SHIELD,ID,145,stop_intersection,False,False,False,3,1,35.98060476428455,1.6465460236479594,True,False
43,D_CONTRACT_SHIELD,ID,146,stop_intersection,False,False,False,3,1,36.21123785176353,1.487372504039244,True,False
43,D_CONTRACT_SHIELD,ID,147,stop_intersection,False,False,False,3,1,31.527605183657663,1.6655429790162635,True,False
43,D_CONTRACT_SHIELD,ID,148,stop_intersection,False,False,False,4,1,33.24421461854838,1.6376083493232725,True,False
43,D_CONTRACT_SHIELD,ID,149,stop_intersection,False,False,False,3,1,35.83141658971206,1.7010712921619413,True,False
43,D_CONTRACT_SHIELD,ID,150,stop_intersection,False,False,False,3,1,34.11461622547931,1.6065073740191576,True,False
43,D_CONTRACT_SHIELD,ID,151,stop_intersection,False,False,False,3,1,27.290443230424717,1.8310340245564778,True,False
43,D_CONTRACT_SHIELD,ID,152,stop_intersection,False,False,False,3,1,27.861573696991627,1.7587616314759125,True,False
43,D_CONTRACT_SHIELD,ID,153,stop_intersection,False,False,False,4,1,34.003999706720926,1.727803716292748,True,False
43,D_CONTRACT_SHIELD,ID,154,stop_intersection,False,False,False,3,1,34.54181268769881,1.5544057460058303,True,False
43,D_CONTRACT_SHIELD,ID,155,stop_intersection,False,False,False,3,1,29.562377418091373,1.707969177187535,True,False
43,D_CONTRACT_SHIELD,ID,156,stop_intersection,False,False,False,3,1,33.378114592986705,1.5436020039376757,True,False
43,D_CONTRACT_SHIELD,ID,157,stop_intersection,False,False,False,3,1,35.76829411037891,1.5703617816879636,True,False
43,D_CONTRACT_SHIELD,ID,158,stop_intersection,False,False,False,3,1,35.21736542982872,1.6294444770347782,True,False
43,D_CONTRACT_SHIELD,ID,159,stop_intersection,False,False,False,3,1,31.107757922120776,1.7333112855752308,True,False
43,D_CONTRACT_SHIELD,ID,160,stop_intersection,False,False,False,4,1,38.13921176009984,1.6735843332802376,True,False
43,D_CONTRACT_SHIELD,ID,161,stop_intersection,False,False,False,4,1,30.360863580234657,1.7952512083826837,True,False
43,D_CONTRACT_SHIELD,ID,162,stop_intersection,False,False,False,3,1,36.87641265809742,1.6491180076831724,True,False
43,D_CONTRACT_SHIELD,ID,163,stop_intersection,False,False,False,3,1,32.26364961928525,1.697823772063622,True,False
43,D_CONTRACT_SHIELD,ID,164,stop_intersection,False,False,False,3,1,27.622556499074577,1.7979310171024216,True,False
43,D_CONTRACT_SHIELD,ID,165,stop_intersection,False,False,False,3,1,32.82621484020697,1.7178573669531407,True,False
43,D_CONTRACT_SHIELD,ID,166,stop_intersection,False,False,False,3,1,38.29714988853002,1.6055452681723095,True,False
43,D_CONTRACT_SHIELD,ID,167,stop_intersection,False,False,False,3,1,28.316350411848205,1.7587641928647015,True,False
43,D_CONTRACT_SHIELD,ID,168,stop_intersection,False,False,False,3,1,35.12139090334922,1.5636534340797907,True,False
43,D_CONTRACT_SHIELD,ID,169,stop_intersection,False,False,False,3,1,35.027682440867274,1.6996383368968964,True,False
43,D_CONTRACT_SHIELD,ID,170,stop_intersection,False,False,False,4,1,29.907821945633096,1.7132409152231716,True,False
43,D_CONTRACT_SHIELD,ID,171,stop_intersection,False,False,False,3,1,29.375103342748304,1.8961493174235025,True,False
43,D_CONTRACT_SHIELD,ID,172,stop_intersection,False,False,False,3,1,28.27677060385744,1.772585559535671,True,False
43,D_CONTRACT_SHIELD,ID,173,stop_intersection,False,False,False,4,1,28.182820985180054,1.758764353958336,True,False
43,D_CONTRACT_SHIELD,ID,174,stop_intersection,False,False,False,3,1,34.31728788824164,1.5505296417645045,True,False
43,D_CONTRACT_SHIELD,ID,175,stop_intersection,False,False,False,3,1,27.343112294957805,1.758764353958336,True,False
43,D_CONTRACT_SHIELD,ID,176,stop_intersection,False,False,False,3,1,36.32507096890091,1.5744216385341825,True,False
43,D_CONTRACT_SHIELD,ID,177,stop_intersection,False,False,False,3,1,30.393776339066157,1.798683179391397,True,False
43,D_CONTRACT_SHIELD,ID,178,stop_intersection,False,False,False,3,1,28.70340660044013,1.7123609310702272,True,False
43,D_CONTRACT_SHIELD,ID,179,stop_intersection,False,False,False,3,1,29.98075384899248,1.6265090554952621,True,False
43,D_CONTRACT_SHIELD,ID,180,stop_intersection,False,False,False,3,1,31.566525219557775,1.6924550492539363,True,False
43,D_CONTRACT_SHIELD,ID,181,stop_intersection,False,False,False,3,1,35.18258050637728,1.6266132520466317,True,False
43,D_CONTRACT_SHIELD,ID,182,stop_intersection,False,False,False,4,1,30.62226510908613,1.752394422104484,True,False
43,D_CONTRACT_SHIELD,ID,183,stop_intersection,False,False,False,3,1,35.289227335821785,1.5679722882452465,True,False
43,D_CONTRACT_SHIELD,ID,184,stop_intersection,False,False,False,3,1,33.661621653681955,1.591620212647973,True,False
43,D_CONTRACT_SHIELD,ID,185,stop_intersection,False,False,False,3,1,36.65006882303736,1.5898708303769429,True,False
43,D_CONTRACT_SHIELD,ID,186,stop_intersection,False,False,False,3,1,35.086858766567076,1.5159015461455942,True,False
43,D_CONTRACT_SHIELD,ID,187,stop_intersection,False,False,False,3,1,37.16251441905884,1.669041957312483,True,False
43,D_CONTRACT_SHIELD,ID,188,stop_intersection,False,False,False,3,1,29.61106148952507,1.7437262911545603,True,False
43,D_CONTRACT_SHIELD,ID,189,stop_intersection,False,False,False,3,1,35.264999446413725,1.5720253189404805,True,False
43,D_CONTRACT_SHIELD,ID,190,stop_intersection,False,False,False,3,1,35.838747628931976,1.5732633499872117,True,False
43,D_CONTRACT_SHIELD,ID,191,stop_intersection,False,False,False,3,1,31.653364153235906,1.6862259919826799,True,False
43,D_CONTRACT_SHIELD,ID,192,stop_intersection,False,False,False,3,1,31.301468152418458,1.755282800448568,True,False
43,D_CONTRACT_SHIELD,ID,193,stop_intersection,False,False,False,3,1,29.127075618185266,1.7598399600467165,True,False
43,D_CONTRACT_SHIELD,ID,194,stop_intersection,False,False,False,3,1,30.095022113028584,1.7336328876645941,True,False
43,D_CONTRACT_SHIELD,ID,195,stop_intersection,False,False,False,3,1,35.25650060495226,1.5203969977622807,True,False
43,D_CONTRACT_SHIELD,ID,196,stop_intersection,False,False,False,3,1,28.342703712974497,1.7540978826918043,True,False
43,D_CONTRACT_SHIELD,ID,197,stop_intersection,False,False,False,3,1,27.890568609440137,1.7587620825380892,True,False
43,D_CONTRACT_SHIELD,ID,198,stop_intersection,False,False,False,3,1,28.172733087660205,1.7123610879245557,True,False
43,D_CONTRACT_SHIELD,ID,199,stop_intersection,False,False,False,3,1,37.5079919386725,1.6090725149427139,True,False
43,D_CONTRACT_SHIELD,ID,200,lead_brake,False,False,False,0,0,76.16879764888161,2.6204519111973545,True,False
43,D_CONTRACT_SHIELD,ID,201,lead_brake,False,False,False,0,0,84.33985136130711,5.094520064536481,True,False
43,D_CONTRACT_SHIELD,ID,202,lead_brake,False,False,False,0,0,63.985479587966886,0.4649396948516369,True,False
43,D_CONTRACT_SHIELD,ID,203,lead_brake,False,False,False,0,0,61.975438101133406,2.8018502631845568,True,False
43,D_CONTRACT_SHIELD,ID,204,lead_brake,False,False,False,0,0,86.2432038191147,3.449621523264795,True,False
43,D_CONTRACT_SHIELD,ID,205,lead_brake,False,False,False,0,0,62.672600462057645,0.8801859865585963,True,False
43,D_CONTRACT_SHIELD,ID,206,lead_brake,False,False,False,0,0,76.29695374457887,0.35212940225998557,True,False
43,D_CONTRACT_SHIELD,ID,207,lead_brake,False,False,False,0,0,73.42952582372178,0.8744213134050368,True,False
43,D_CONTRACT_SHIELD,ID,208,lead_brake,False,False,False,0,0,78.31710160111923,0.6118196099996567,True,False
43,D_CONTRACT_SHIELD,ID,209,lead_brake,False,False,False,0,0,59.65919713542541,10.161016764895368,True,False
43,D_CONTRACT_SHIELD,ID,210,lead_brake,False,False,False,0,0,62.20844565852797,2.8780688072244325,True,False
43,D_CONTRACT_SHIELD,ID,211,lead_brake,False,False,False,0,0,77.37045101060392,0.5060950728754202,True,False
43,D_CONTRACT_SHIELD,ID,212,lead_brake,False,False,False,0,0,78.15842932078891,3.3845702310403185,True,False
43,D_CONTRACT_SHIELD,ID,213,lead_brake,False,False,False,0,0,54.28241031745693,8.431550788072247,True,False
43,D_CONTRACT_SHIELD,ID,214,lead_brake,False,False,False,0,0,92.00524567002903,1.5627605530122914,True,False
43,D_CONTRACT_SHIELD,ID,215,lead_brake,False,False,False,0,0,66.24905840574412,10.103552252054214,True,False
43,D_CONTRACT_SHIELD,ID,216,lead_brake,False,False,False,0,0,60.01940076295643,0.4534332156181335,True,False
43,D_CONTRACT_SHIELD,ID,217,lead_brake,False,False,False,0,0,60.33786186573263,5.595597983648379,True,False
43,D_CONTRACT_SHIELD,ID,218,lead_brake,False,False,False,0,0,62.101605541391166,3.60929886996746,True,False
43,D_CONTRACT_SHIELD,ID,219,lead_brake,False,False,False,0,0,76.3549839711363,1.4429625471433,True,False
43,D_CONTRACT_SHIELD,ID,220,lead_brake,False,False,False,0,0,54.75508784969484,6.721679382957518,True,False
43,D_CONTRACT_SHIELD,ID,221,lead_brake,False,False,False,0,0,52.778869206670024,2.379189126193523,True,False
43,D_CONTRACT_SHIELD,ID,222,lead_brake,False,False,False,0,0,83.18536860271965,0.4134907548626264,True,False
43,D_CONTRACT_SHIELD,ID,223,lead_brake,False,False,False,0,0,66.87842249456862,9.197035123516494,True,False
43,D_CONTRACT_SHIELD,ID,224,lead_brake,False,False,False,0,0,71.00491628192165,4.413257772723833,True,False
43,D_CONTRACT_SHIELD,ID,225,lead_brake,False,False,False,0,0,95.77490774078296,0.5750419648053745,True,False
43,D_CONTRACT_SHIELD,ID,226,lead_brake,False,False,False,0,0,65.20676452723269,0.4382428551713625,True,False
43,D_CONTRACT_SHIELD,ID,227,lead_brake,False,False,False,0,0,97.09944783636966,0.0660657783349355,True,False
43,D_CONTRACT_SHIELD,ID,228,lead_brake,False,False,False,0,0,74.41283157776107,1.3430109297235806,True,False
43,D_CONTRACT_SHIELD,ID,229,lead_brake,False,False,False,0,0,68.83878652149573,2.7626541778445244,True,False
43,D_CONTRACT_SHIELD,ID,230,lead_brake,False,False,False,0,0,84.25020784886557,4.451204472531875,True,False
43,D_CONTRACT_SHIELD,ID,231,lead_brake,False,False,False,0,0,94.22876033142092,0.7151281163096427,True,False
43,D_CONTRACT_SHIELD,ID,232,lead_brake,False,False,False,0,0,78.38543830609102,3.194606855511665,True,False
43,D_CONTRACT_SHIELD,ID,233,lead_brake,False,False,False,0,0,60.70211385864484,2.1545501706811288,True,False
43,D_CONTRACT_SHIELD,ID,234,lead_brake,False,False,False,0,0,64.77992890833758,8.739350023368994,True,False
43,D_CONTRACT_SHIELD,ID,235,lead_brake,False,False,False,0,0,94.98436592641909,1.1352358375055094,True,False
43,D_CONTRACT_SHIELD,ID,236,lead_brake,False,False,False,0,0,75.94618938781807,2.3162452133061984,True,False
43,D_CONTRACT_SHIELD,ID,237,lead_brake,False,False,False,0,0,55.94266199334158,1.318970573445161,True,False
43,D_CONTRACT_SHIELD,ID,238,lead_brake,False,False,False,0,0,73.07386475694673,3.1986968913115557,True,False
43,D_CONTRACT_SHIELD,ID,239,lead_brake,False,False,False,0,0,75.24861674458731,1.9638300053775308,True,False
43,D_CONTRACT_SHIELD,ID,240,lead_brake,False,False,False,0,0,73.95344012531662,3.247430249272535,True,False
43,D_CONTRACT_SHIELD,ID,241,lead_brake,False,False,False,0,0,55.116213276832276,8.637885918219883,True,False
43,D_CONTRACT_SHIELD,ID,242,lead_brake,False,False,False,0,0,92.09492144454988,3.3211462249358497,True,False
43,D_CONTRACT_SHIELD,ID,243,lead_brake,False,False,False,0,0,93.78307614230303,0.1698652406533559,True,False
43,D_CONTRACT_SHIELD,ID,244,lead_brake,False,False,False,0,0,60.78896677448731,3.7510489040675257,True,False
43,D_CONTRACT_SHIELD,ID,245,lead_brake,False,False,False,0,0,68.16066274463348,4.71888027091821,True,False
43,D_CONTRACT_SHIELD,ID,246,lead_brake,False,False,False,0,0,69.65675491822975,1.397891752421856,True,False
43,D_CONTRACT_SHIELD,ID,247,lead_brake,False,False,False,0,0,67.6947629413144,1.098460351427396,True,False
43,D_CONTRACT_SHIELD,ID,248,lead_brake,False,False,False,0,0,56.97568811982394,1.5020687114447355,True,False
43,D_CONTRACT_SHIELD,ID,249,lead_brake,False,False,False,0,0,60.620434245511866,7.575270180900891,True,False
43,D_CONTRACT_SHIELD,ID,250,lead_brake,False,False,False,0,0,62.68672012393953,8.351720980213333,True,False
43,D_CONTRACT_SHIELD,ID,251,lead_brake,False,False,False,0,0,63.58273996844838,5.925203785222644,True,False
43,D_CONTRACT_SHIELD,ID,252,lead_brake,False,False,False,0,0,82.25753860046794,2.3284717698891955,True,False
43,D_CONTRACT_SHIELD,ID,253,lead_brake,False,False,False,0,0,90.54953340571143,1.1099060924413302,True,False
43,D_CONTRACT_SHIELD,ID,254,lead_brake,False,False,False,0,0,57.5866261004722,9.727908268570898,True,False
43,D_CONTRACT_SHIELD,ID,255,lead_brake,False,False,False,0,0,69.4083279261877,4.470477367440859,True,False
43,D_CONTRACT_SHIELD,ID,256,lead_brake,False,False,False,0,0,61.12802897163706,0.9997856765985488,True,False
43,D_CONTRACT_SHIELD,ID,257,lead_brake,False,False,False,0,0,95.34847311222967,0.29123138884703315,True,False
43,D_CONTRACT_SHIELD,ID,258,lead_brake,False,False,False,0,0,71.7516900741169,2.3234067161877947,True,False
43,D_CONTRACT_SHIELD,ID,259,lead_brake,False,False,False,0,0,98.24420173645026,0.02260033289591471,True,False
43,D_CONTRACT_SHIELD,ID,260,lead_brake,False,False,False,0,0,57.236981957166556,1.2540110299984613,True,False
43,D_CONTRACT_SHIELD,ID,261,lead_brake,False,False,False,0,0,68.7795054399649,2.561983299752076,True,False
43,D_CONTRACT_SHIELD,ID,262,lead_brake,False,False,False,0,0,54.367850336161624,7.955626955255865,True,False
43,D_CONTRACT_SHIELD,ID,263,lead_brake,False,False,False,0,0,60.55217158406416,4.183805938034008,True,False
43,D_CONTRACT_SHIELD,ID,264,lead_brake,False,False,False,0,0,92.7792899230232,0.7432660857836405,True,False
43,D_CONTRACT_SHIELD,ID,265,lead_brake,False,False,False,0,0,86.89067414083097,7.084473128120104,True,False
43,D_CONTRACT_SHIELD,ID,266,lead_brake,False,False,False,0,0,66.53514045850393,4.396322943425426,True,False
43,D_CONTRACT_SHIELD,ID,267,lead_brake,False,False,False,0,0,79.76566244023728,0.6460429430007933,True,False
43,D_CONTRACT_SHIELD,ID,268,lead_brake,False,False,False,0,0,60.8441749854986,3.829881524356703,True,False
43,D_CONTRACT_SHIELD,ID,269,lead_brake,False,False,False,0,0,70.23072083594461,3.0217733631531396,True,False
43,D_CONTRACT_SHIELD,ID,270,lead_brake,False,False,False,0,0,78.63847951635591,3.9650653052764633,True,False
43,D_CONTRACT_SHIELD,ID,271,lead_brake,False,False,False,0,0,69.24289893760222,9.13112956782182,True,False
43,D_CONTRACT_SHIELD,ID,272,lead_brake,False,False,False,0,0,87.30130880104204,1.090785672267278,True,False
43,D_CONTRACT_SHIELD,ID,273,lead_brake,False,False,False,0,0,61.300939387977884,1.1606393605470657,True,False
43,D_CONTRACT_SHIELD,ID,274,lead_brake,False,False,False,0,0,94.85131188339817,0.36686650166908896,True,False
43,D_CONTRACT_SHIELD,ID,275,lead_brake,False,False,False,0,0,85.52850945366549,1.5939702615141866,True,False
43,D_CONTRACT_SHIELD,ID,276,lead_brake,False,False,False,0,0,59.611701555196,1.3237234403689702,True,False
43,D_CONTRACT_SHIELD,ID,277,lead_brake,False,False,False,0,0,76.507967109761,8.78355678807323,True,False
43,D_CONTRACT_SHIELD,ID,278,lead_brake,False,False,False,0,0,81.29865762916457,0.6650429740548133,True,False
43,D_CONTRACT_SHIELD,ID,279,lead_brake,False,False,False,0,0,90.95570936464512,1.0473981102307637,True,False
43,D_CONTRACT_SHIELD,ID,280,lead_brake,False,False,False,0,0,81.85215582892027,2.4829651938440898,True,False
43,D_CONTRACT_SHIELD,ID,281,lead_brake,False,False,False,0,0,82.50156727542823,8.110139146447182,True,False
43,D_CONTRACT_SHIELD,ID,282,lead_brake,False,False,False,0,0,87.73923603306574,6.2163104464610415,True,False
43,D_CONTRACT_SHIELD,ID,283,lead_brake,False,False,False,0,0,56.43786595794938,4.065593541910251,True,False
43,D_CONTRACT_SHIELD,ID,284,lead_brake,False,False,False,0,0,85.47776509501043,1.670901286260535,True,False
43,D_CONTRACT_SHIELD,ID,285,lead_brake,False,False,False,0,0,71.08648075552826,2.3397858875493207,True,False
43,D_CONTRACT_SHIELD,ID,286,lead_brake,False,False,False,0,0,92.32435512475053,3.841176892320315,True,False
43,D_CONTRACT_SHIELD,ID,287,lead_brake,False,False,False,0,0,75.99674508371298,7.491658553481102,True,False
43,D_CONTRACT_SHIELD,ID,288,lead_brake,False,False,False,0,0,67.89477426249044,7.393364479144414,True,False
43,D_CONTRACT_SHIELD,ID,289,lead_brake,False,False,False,0,0,61.148641762928456,1.589983983586232,True,False
43,D_CONTRACT_SHIELD,ID,290,lead_brake,False,False,False,0,0,94.97978326112526,0.10861108700434366,True,False
43,D_CONTRACT_SHIELD,ID,291,lead_brake,False,False,False,0,0,76.83354392781811,0.8374349946777024,True,False
43,D_CONTRACT_SHIELD,ID,292,lead_brake,False,False,False,0,0,73.70147038182186,0.2813890029986699,True,False
43,D_CONTRACT_SHIELD,ID,293,lead_brake,False,False,False,0,0,80.55132903231863,1.3300629034638405,True,False
43,D_CONTRACT_SHIELD,ID,294,lead_brake,False,False,False,0,0,60.35670054410191,1.149317959944407,True,False
43,D_CONTRACT_SHIELD,ID,295,lead_brake,False,False,False,0,0,82.3043506040427,1.7652871833803754,True,False
43,D_CONTRACT_SHIELD,ID,296,lead_brake,False,False,False,0,0,61.109741479383764,3.5573685034178197,True,False
43,D_CONTRACT_SHIELD,ID,297,lead_brake,False,False,False,0,0,74.63613785355356,1.1574806456143656,True,False
43,D_CONTRACT_SHIELD,ID,298,lead_brake,False,False,False,0,0,94.06067607777013,0.563288898517688,True,False
43,D_CONTRACT_SHIELD,ID,299,lead_brake,False,False,False,0,0,67.43000708637047,0.5666547243793805,True,False
43,D_CONTRACT_SHIELD,OOD,0,crosswalk,False,False,False,2,1,30.09808032712467,2.301671859380361,True,False
43,D_CONTRACT_SHIELD,OOD,1,crosswalk,False,False,False,0,0,31.072866228785628,1.4113512183680679,True,False
43,D_CONTRACT_SHIELD,OOD,2,crosswalk,False,False,False,2,1,22.97347259901238,1.4248362159918222,True,False
43,D_CONTRACT_SHIELD,OOD,3,crosswalk,False,False,False,0,1,30.50000591437564,1.6937265083903357,True,False
43,D_CONTRACT_SHIELD,OOD,4,crosswalk,False,False,False,0,1,25.614676071605757,1.2945576310157774,True,False
43,D_CONTRACT_SHIELD,OOD,5,crosswalk,False,False,False,1,1,25.001358153326784,1.9295705187888372,True,False
43,D_CONTRACT_SHIELD,OOD,6,crosswalk,False,False,False,0,1,20.599947806021873,1.6076266630129379,True,False
43,D_CONTRACT_SHIELD,OOD,7,crosswalk,False,False,False,0,1,22.168376690436865,1.4895048266962954,True,False
43,D_CONTRACT_SHIELD,OOD,8,crosswalk,False,False,False,0,1,30.275495147303815,1.170363426208496,True,False
43,D_CONTRACT_SHIELD,OOD,9,crosswalk,False,False,False,0,1,29.776375332873883,1.6356322639866878,True,False
43,D_CONTRACT_SHIELD,OOD,10,crosswalk,False,False,False,0,1,26.299194008411064,1.2977507071835652,True,False
43,D_CONTRACT_SHIELD,OOD,11,crosswalk,False,False,False,1,1,24.262057425095115,1.8515991563719463,True,False
43,D_CONTRACT_SHIELD,OOD,12,crosswalk,False,False,False,2,1,27.334666347118027,1.5087084423782477,True,False
43,D_CONTRACT_SHIELD,OOD,13,crosswalk,False,False,False,0,1,23.417341648453288,1.5008768050566963,True,False
43,D_CONTRACT_SHIELD,OOD,14,crosswalk,False,False,False,1,1,31.31381435672573,1.5437503272578827,True,False
43,D_CONTRACT_SHIELD,OOD,15,crosswalk,False,False,False,0,1,22.45895721655563,1.5902827965452315,True,False
43,D_CONTRACT_SHIELD,OOD,16,crosswalk,False,False,False,0,1,22.69070693326264,1.3080425527360702,True,False
43,D_CONTRACT_SHIELD,OOD,17,crosswalk,False,False,False,2,1,21.104104216136754,1.3336675067742665,True,False
43,D_CONTRACT_SHIELD,OOD,18,crosswalk,False,False,False,2,1,22.1733014453049,1.673868346858669,True,False
43,D_CONTRACT_SHIELD,OOD,19,crosswalk,False,False,False,0,1,21.96695785441563,1.6696036571548096,True,False
43,D_CONTRACT_SHIELD,OOD,20,crosswalk,False,False,False,2,1,29.728957147964515,1.4005365394281617,True,False
43,D_CONTRACT_SHIELD,OOD,21,crosswalk,False,False,False,0,1,22.298186987530645,1.4345678881458614,True,False
43,D_CONTRACT_SHIELD,OOD,22,crosswalk,False,False,False,0,1,21.095564081274755,1.460189066827297,True,False
43,D_CONTRACT_SHIELD,OOD,23,crosswalk,False,False,False,1,1,29.08493459712576,1.7756739993428077,True,False
43,D_CONTRACT_SHIELD,OOD,24,crosswalk,False,False,False,0,1,23.143719190826904,1.803822704525881,True,False
43,D_CONTRACT_SHIELD,OOD,25,crosswalk,False,False,False,2,1,22.401860176444735,1.2308716436227163,True,False
43,D_CONTRACT_SHIELD,OOD,26,crosswalk,False,False,False,2,1,22.898585632582495,1.2448776308177174,True,False
43,D_CONTRACT_SHIELD,OOD,27,crosswalk,False,False,False,2,1,29.405675696240458,1.8119342577630193,True,False
43,D_CONTRACT_SHIELD,OOD,28,crosswalk,False,False,False,2,1,30.919472831336396,2.1332494733680005,True,False
43,D_CONTRACT_SHIELD,OOD,29,crosswalk,False,False,False,0,1,28.851943197426856,1.1805018089538395,True,False
43,D_CONTRACT_SHIELD,OOD,30,crosswalk,False,False,False,0,0,29.05630763914389,1.5730040754590715,True,False
43,D_CONTRACT_SHIELD,OOD,31,crosswalk,False,False,False,0,1,23.15475836199173,1.5389570205107979,True,False
43,D_CONTRACT_SHIELD,OOD,32,crosswalk,False,False,False,2,1,27.737098997197613,1.7650746495827385,True,False
43,D_CONTRACT_SHIELD,OOD,33,crosswalk,False,False,False,2,1,26.68074603781321,2.259389678152596,True,False
43,D_CONTRACT_SHIELD,OOD,34,crosswalk,False,False,False,1,1,24.643068532141122,1.4075522932453433,True,False
43,D_CONTRACT_SHIELD,OOD,35,crosswalk,False,False,False,0,1,22.219013633255734,1.6375018968138582,True,False
43,D_CONTRACT_SHIELD,OOD,36,crosswalk,False,False,False,0,1,21.266194302421425,1.5247285299830966,True,False
43,D_CONTRACT_SHIELD,OOD,37,crosswalk,False,False,False,0,1,22.67027399546835,1.621399949877881,True,False
43,D_CONTRACT_SHIELD,OOD,38,crosswalk,False,False,False,2,1,20.82387409498631,1.5240682631731033,True,False
43,D_CONTRACT_SHIELD,OOD,39,crosswalk,False,False,False,2,1,30.497104489164997,2.028734417898314,True,False
43,D_CONTRACT_SHIELD,OOD,40,crosswalk,False,False,False,0,1,21.623715701291925,1.6751148672991019,True,False
43,D_CONTRACT_SHIELD,OOD,41,crosswalk,False,False,False,2,1,24.256087413191352,1.3584028870971114,True,False
43,D_CONTRACT_SHIELD,OOD,42,crosswalk,False,False,False,0,1,24.94641907774961,1.686995369501603,True,False
43,D_CONTRACT_SHIELD,OOD,43,crosswalk,False,False,False,2,1,20.662319476432177,1.3561353617244294,True,False
43,D_CONTRACT_SHIELD,OOD,44,crosswalk,False,False,False,2,1,31.345525448301334,1.2907704613732953,True,False
43,D_CONTRACT_SHIELD,OOD,45,crosswalk,False,False,False,0,1,21.626914622093107,1.5449323457606294,True,False
43,D_CONTRACT_SHIELD,OOD,46,crosswalk,False,False,False,2,1,30.853203343502656,1.3743468252095308,True,False
43,D_CONTRACT_SHIELD,OOD,47,crosswalk,False,False,False,0,1,24.435053346169433,1.5694684061137112,True,False
43,D_CONTRACT_SHIELD,OOD,48,crosswalk,False,False,False,2,1,27.582679858247765,1.6334322680774915,True,False
43,D_CONTRACT_SHIELD,OOD,49,crosswalk,False,False,False,0,1,26.652805623836024,1.338480930579336,True,False
43,D_CONTRACT_SHIELD,OOD,50,crosswalk,False,False,False,0,1,27.369947842766884,1.3797060702298138,True,False
43,D_CONTRACT_SHIELD,OOD,51,crosswalk,False,False,False,0,1,27.19297797354333,1.625238202512264,True,False
43,D_CONTRACT_SHIELD,OOD,52,crosswalk,False,False,False,0,1,22.19269383230308,1.6863748469413855,True,False
43,D_CONTRACT_SHIELD,OOD,53,crosswalk,False,False,False,2,1,21.910374329380478,1.4400530481660685,True,False
43,D_CONTRACT_SHIELD,OOD,54,crosswalk,False,False,False,0,1,25.795769328308978,1.1509206891059875,True,False
43,D_CONTRACT_SHIELD,OOD,55,crosswalk,False,False,False,0,1,29.965151256660366,1.7559936717152596,True,False
43,D_CONTRACT_SHIELD,OOD,56,crosswalk,False,False,False,0,1,22.72912865571652,1.411594374235286,True,False
43,D_CONTRACT_SHIELD,OOD,57,crosswalk,False,False,False,0,1,21.40661618407988,1.7052602249643074,True,False
43,D_CONTRACT_SHIELD,OOD,58,crosswalk,False,False,False,2,1,28.669977920307858,1.860934354734759,True,False
43,D_CONTRACT_SHIELD,OOD,59,crosswalk,False,False,False,0,1,23.32550801648386,1.1736425123316176,True,False
43,D_CONTRACT_SHIELD,OOD,60,crosswalk,False,False,False,2,1,27.551020342435535,1.7227665578064166,True,False
43,D_CONTRACT_SHIELD,OOD,61,crosswalk,False,False,False,2,1,23.471435131708834,1.6615842397396379,True,False
43,D_CONTRACT_SHIELD,OOD,62,crosswalk,False,False,False,2,1,28.422118605460803,1.4286629531694495,True,False
43,D_CONTRACT_SHIELD,OOD,63,crosswalk,False,False,False,2,1,21.673602221176655,1.5853658536585364,True,False
43,D_CONTRACT_SHIELD,OOD,64,crosswalk,False,False,False,0,1,24.37886940595164,1.4164072968239008,True,False
43,D_CONTRACT_SHIELD,OOD,65,crosswalk,False,False,False,2,1,30.30428495083486,1.3156430738943594,True,False
43,D_CONTRACT_SHIELD,OOD,66,crosswalk,False,False,False,0,1,21.18378740141491,1.583569262176752,True,False
43,D_CONTRACT_SHIELD,OOD,67,crosswalk,False,False,False,0,1,27.88509227212103,1.676218913661109,True,False
43,D_CONTRACT_SHIELD,OOD,68,crosswalk,False,False,False,2,1,20.693359159098,1.4124315977096558,True,False
43,D_CONTRACT_SHIELD,OOD,69,crosswalk,False,False,False,2,1,25.503674542552055,1.7518909396351994,True,False
43,D_CONTRACT_SHIELD,OOD,70,crosswalk,False,False,False,0,1,22.71532995736099,1.6134065160384543,True,False
43,D_CONTRACT_SHIELD,OOD,71,crosswalk,False,False,False,0,1,28.328451778338668,1.5743189440532164,True,False
43,D_CONTRACT_SHIELD,OOD,72,crosswalk,False,False,False,2,1,23.090621195258016,1.4875579054762678,True,False
43,D_CONTRACT_SHIELD,OOD,73,crosswalk,False,False,False,2,1,28.18558932522359,1.4047571146929705,True,False
43,D_CONTRACT_SHIELD,OOD,74,crosswalk,False,False,False,2,1,24.612013163566196,1.5915855029681782,True,False
43,D_CONTRACT_SHIELD,OOD,75,crosswalk,False,False,False,0,1,27.27344778974255,1.6230920627713201,True,False
43,D_CONTRACT_SHIELD,OOD,76,crosswalk,False,False,False,0,1,29.081377546805207,1.353764514973823,True,False
43,D_CONTRACT_SHIELD,OOD,77,crosswalk,False,False,False,2,1,25.983367103998688,1.5181903597854434,True,False
43,D_CONTRACT_SHIELD,OOD,78,crosswalk,False,False,False,0,1,29.315868259340963,1.1248049072243949,True,False
43,D_CONTRACT_SHIELD,OOD,79,crosswalk,False,False,False,0,1,20.705523375102324,1.7939841498931248,True,False
43,D_CONTRACT_SHIELD,OOD,80,crosswalk,False,False,False,0,1,24.72590345398905,1.6742828488349915,True,False
43,D_CONTRACT_SHIELD,OOD,81,crosswalk,False,False,False,0,1,22.495801196820373,1.801239164211811,True,False
43,D_CONTRACT_SHIELD,OOD,82,crosswalk,False,False,False,1,1,25.05965425892309,1.6999179349429365,True,False
43,D_CONTRACT_SHIELD,OOD,83,crosswalk,False,False,False,0,1,28.863228488454297,1.0874124713565991,True,False
43,D_CONTRACT_SHIELD,OOD,84,crosswalk,False,False,False,2,1,27.731434841367836,1.5299873555353445,True,False
43,D_CONTRACT_SHIELD,OOD,85,crosswalk,False,False,False,2,1,21.840673517741948,1.2318077229318163,True,False
43,D_CONTRACT_SHIELD,OOD,86,crosswalk,False,False,False,1,1,31.22132027573241,1.577722315986951,True,False
43,D_CONTRACT_SHIELD,OOD,87,crosswalk,False,False,False,2,1,22.76617204081233,1.2913831022050644,True,False
43,D_CONTRACT_SHIELD,OOD,88,crosswalk,False,False,False,2,1,30.202882755064227,1.4938744225285268,True,False
43,D_CONTRACT_SHIELD,OOD,89,crosswalk,False,False,False,1,1,28.561121524864507,1.4723786203436147,True,False
43,D_CONTRACT_SHIELD,OOD,90,crosswalk,False,False,False,2,1,30.600996646128078,1.6610694204767544,True,False
43,D_CONTRACT_SHIELD,OOD,91,crosswalk,False,False,False,2,1,23.416406592855118,1.483621289601197,True,False
43,D_CONTRACT_SHIELD,OOD,92,crosswalk,False,False,False,0,1,24.489851281877485,1.2771756450335183,True,False
43,D_CONTRACT_SHIELD,OOD,93,crosswalk,False,False,False,0,1,20.852738916390912,1.459534059871327,True,False
43,D_CONTRACT_SHIELD,OOD,94,crosswalk,False,False,False,1,1,26.173129959526687,2.003065249626187,True,False
43,D_CONTRACT_SHIELD,OOD,95,crosswalk,False,False,False,2,1,21.470773103040194,1.6629463332331078,True,False
43,D_CONTRACT_SHIELD,OOD,96,crosswalk,False,False,False,2,1,28.302215911786135,1.8576925688011698,True,False
43,D_CONTRACT_SHIELD,OOD,97,crosswalk,False,False,False,1,1,30.49969993718328,1.68193989043886,True,False
43,D_CONTRACT_SHIELD,OOD,98,crosswalk,False,False,False,0,1,27.940966170795765,1.2818078473210333,True,False
43,D_CONTRACT_SHIELD,OOD,99,crosswalk,False,False,False,1,1,28.053856679994738,1.7459687892941458,True,False
43,D_CONTRACT_SHIELD,OOD,100,stop_intersection,False,False,False,1,1,22.99403514910633,2.6598513656192355,True,False
43,D_CONTRACT_SHIELD,OOD,101,stop_intersection,False,False,False,2,1,25.014321961857135,2.3418553137197726,True,False
43,D_CONTRACT_SHIELD,OOD,102,stop_intersection,False,False,False,3,1,30.769930395286483,1.8252253140415156,True,False
43,D_CONTRACT_SHIELD,OOD,103,stop_intersection,False,False,False,2,1,27.051738759961534,1.9528921745544254,True,False
43,D_CONTRACT_SHIELD,OOD,104,stop_intersection,False,False,False,2,1,26.763054167007255,2.5965173759243703,True,False
43,D_CONTRACT_SHIELD,OOD,105,stop_intersection,False,False,False,2,1,21.011614239539753,3.0785497277975082,True,False
43,D_CONTRACT_SHIELD,OOD,106,stop_intersection,False,False,False,3,1,30.88543272562361,1.8427757438238672,True,False
43,D_CONTRACT_SHIELD,OOD,107,stop_intersection,False,False,False,2,1,28.04095345311392,2.2712023085544977,True,False
43,D_CONTRACT_SHIELD,OOD,108,stop_intersection,False,False,False,0,1,24.6146648854364,1.7064805877836127,True,False
43,D_CONTRACT_SHIELD,OOD,109,stop_intersection,False,False,False,0,1,21.192228595715115,1.758701318019145,True,False
43,D_CONTRACT_SHIELD,OOD,110,stop_intersection,False,False,False,2,1,24.055465433614085,3.0665791340363326,True,False
43,D_CONTRACT_SHIELD,OOD,111,stop_intersection,False,False,False,1,1,23.251577667582822,2.6175390951561206,True,False
43,D_CONTRACT_SHIELD,OOD,112,stop_intersection,False,False,False,2,1,24.07044949821656,2.584017287777818,True,False
43,D_CONTRACT_SHIELD,OOD,113,stop_intersection,False,False,False,2,1,30.537725544835112,1.5210264338688417,True,False
43,D_CONTRACT_SHIELD,OOD,114,stop_intersection,False,False,False,0,1,23.899408869952097,1.6682807298806996,True,False
43,D_CONTRACT_SHIELD,OOD,115,stop_intersection,False,False,False,3,1,24.688750477546257,1.781317623885902,True,False
43,D_CONTRACT_SHIELD,OOD,116,stop_intersection,False,False,False,0,1,21.516043865931554,1.4775760783705598,True,False
43,D_CONTRACT_SHIELD,OOD,117,stop_intersection,False,False,False,2,1,28.75856177647659,2.706577719711676,True,False
43,D_CONTRACT_SHIELD,OOD,118,stop_intersection,False,False,False,3,1,28.34657571680291,1.7540315470179995,True,False
43,D_CONTRACT_SHIELD,OOD,119,stop_intersection,False,False,False,0,1,23.673540677098984,1.7587048620791048,True,False
43,D_CONTRACT_SHIELD,OOD,120,stop_intersection,False,False,False,2,1,30.953086059260656,2.4837066182276097,True,False
43,D_CONTRACT_SHIELD,OOD,121,stop_intersection,False,False,False,2,1,21.150263088017656,2.8042948663234712,True,False
43,D_CONTRACT_SHIELD,OOD,122,stop_intersection,False,False,False,3,1,24.447736157135516,1.601949014314791,True,False
43,D_CONTRACT_SHIELD,OOD,123,stop_intersection,False,False,False,3,1,31.33868989642738,1.6805788427591322,True,False
43,D_CONTRACT_SHIELD,OOD,124,stop_intersection,False,False,False,3,1,28.66848909197072,2.439658482869466,True,False
43,D_CONTRACT_SHIELD,OOD,125,stop_intersection,False,False,False,2,1,23.654561448930387,1.4433561166127522,True,False
43,D_CONTRACT_SHIELD,OOD,126,stop_intersection,False,False,False,2,1,30.82509984869818,2.5621434236350265,True,False
43,D_CONTRACT_SHIELD,OOD,127,stop_intersection,False,False,False,2,1,28.590471035919514,2.1919868918864625,True,False
43,D_CONTRACT_SHIELD,OOD,128,stop_intersection,False,False,False,3,1,29.490933297021748,1.7630773312167116,True,False
43,D_CONTRACT_SHIELD,OOD,129,stop_intersection,False,False,False,0,1,26.464175777896028,1.6362137366563845,True,False
43,D_CONTRACT_SHIELD,OOD,130,stop_intersection,False,False,False,3,1,21.706334883939558,1.4767761771069015,True,False
43,D_CONTRACT_SHIELD,OOD,131,stop_intersection,False,False,False,2,1,24.356402918292883,3.125430465267415,True,False
43,D_CONTRACT_SHIELD,OOD,132,stop_intersection,False,False,False,2,1,21.169628661799912,2.974528585992209,True,False
43,D_CONTRACT_SHIELD,OOD,133,stop_intersection,False,False,False,0,1,24.773791814378562,1.3605805884960087,True,False
43,D_CONTRACT_SHIELD,OOD,134,stop_intersection,False,False,False,3,1,26.115308805353557,1.7833089672767362,True,False
43,D_CONTRACT_SHIELD,OOD,135,stop_intersection,False,False,False,3,1,21.520151095618083,1.517280073247404,True,False
43,D_CONTRACT_SHIELD,OOD,136,stop_intersection,False,False,False,3,1,25.54533503590926,1.780739953389039,True,False
43,D_CONTRACT_SHIELD,OOD,137,stop_intersection,False,False,False,2,1,31.01250637706497,2.471112916393886,True,False
43,D_CONTRACT_SHIELD,OOD,138,stop_intersection,False,False,False,3,1,30.81207165537134,2.536835789680481,True,False
43,D_CONTRACT_SHIELD,OOD,139,stop_intersection,False,False,False,3,1,27.5716043026331,1.6823900510103273,True,False
43,D_CONTRACT_SHIELD,OOD,140,stop_intersection,False,False,False,2,1,24.913639860063466,1.5843707606905981,True,False
43,D_CONTRACT_SHIELD,OOD,141,stop_intersection,False,False,False,3,1,29.178280664175375,1.5461992168611334,True,False
43,D_CONTRACT_SHIELD,OOD,142,stop_intersection,False,False,False,1,1,22.991879625850277,3.049044378292866,True,False
43,D_CONTRACT_SHIELD,OOD,143,stop_intersection,False,False,False,2,1,27.844487773279816,3.0443242119579783,True,False
43,D_CONTRACT_SHIELD,OOD,144,stop_intersection,False,False,False,2,1,30.255920173323453,1.6708520599919503,True,False
43,D_CONTRACT_SHIELD,OOD,145,stop_intersection,False,False,False,0,1,27.228152349063503,1.5840847343206403,True,False
43,D_CONTRACT_SHIELD,OOD,146,stop_intersection,False,False,False,3,1,27.23848262617937,3.2449635213559813,True,False
43,D_CONTRACT_SHIELD,OOD,147,stop_intersection,False,False,False,3,1,20.88916489151425,1.7664232930621584,True,False
43,D_CONTRACT_SHIELD,OOD,148,stop_intersection,False,False,False,3,1,20.48403206176911,1.2672615420250666,True,False
43,D_CONTRACT_SHIELD,OOD,149,stop_intersection,False,False,False,2,1,29.088760495079814,2.52619857116351,True,False
43,D_CONTRACT_SHIELD,OOD,150,stop_intersection,False,False,False,2,1,22.79813641695462,2.6423334837823673,True,False
43,D_CONTRACT_SHIELD,OOD,151,stop_intersection,False,False,False,3,1,23.169810705876387,1.668191270347227,True,False
43,D_CONTRACT_SHIELD,OOD,152,stop_intersection,False,False,False,3,1,30.66487324641347,1.8525019207516231,True,False
43,D_CONTRACT_SHIELD,OOD,153,stop_intersection,False,False,False,2,1,30.099492419821313,1.6334540184920394,True,False
43,D_CONTRACT_SHIELD,OOD,154,stop_intersection,False,False,False,0,1,21.127062199914604,1.6902181584584086,True,False
43,D_CONTRACT_SHIELD,OOD,155,stop_intersection,False,False,False,2,1,24.21010650110233,1.819753365384208,True,False
43,D_CONTRACT_SHIELD,OOD,156,stop_intersection,False,False,False,0,1,21.911107757832617,1.0043467399550647,True,False
43,D_CONTRACT_SHIELD,OOD,157,stop_intersection,False,False,False,2,1,22.975116796194442,2.9089119978118365,True,False
43,D_CONTRACT_SHIELD,OOD,158,stop_intersection,False,False,False,2,1,30.488509774955407,2.414593801017879,True,False
43,D_CONTRACT_SHIELD,OOD,159,stop_intersection,False,False,False,3,1,28.88599475847952,1.5469417539677879,True,False
43,D_CONTRACT_SHIELD,OOD,160,stop_intersection,False,False,False,0,1,25.323569702624766,1.2168735549563452,True,False
43,D_CONTRACT_SHIELD,OOD,161,stop_intersection,False,False,False,2,1,23.585806552376077,1.3972507119178772,True,False
43,D_CONTRACT_SHIELD,OOD,162,stop_intersection,False,False,False,3,1,27.262577410350872,1.5517911522887473,True,False
43,D_CONTRACT_SHIELD,OOD,163,stop_intersection,False,False,False,3,1,25.919283086176307,1.647125780582428,True,False
43,D_CONTRACT_SHIELD,OOD,164,stop_intersection,False,False,False,2,1,24.034560772830936,1.4753234049146486,True,False
43,D_CONTRACT_SHIELD,OOD,165,stop_intersection,False,False,False,2,1,28.39661900884547,2.396599182576844,True,False
43,D_CONTRACT_SHIELD,OOD,166,stop_intersection,False,False,False,2,1,26.82143741642989,3.0293908098824,True,False
43,D_CONTRACT_SHIELD,OOD,167,stop_intersection,False,False,False,3,1,30.28673204319514,1.4663739917070968,True,False
43,D_CONTRACT_SHIELD,OOD,168,stop_intersection,False,False,False,3,1,31.03963217892643,1.5476480401826627,True,False
43,D_CONTRACT_SHIELD,OOD,169,stop_intersection,False,False,False,3,1,28.182879481977608,1.6981946199368207,True,False
43,D_CONTRACT_SHIELD,OOD,170,stop_intersection,False,False,False,3,1,20.646157943670335,1.692738319054628,True,False
43,D_CONTRACT_SHIELD,OOD,171,stop_intersection,False,False,False,3,1,21.342357569775192,1.5993884809919305,True,False
43,D_CONTRACT_SHIELD,OOD,172,stop_intersection,False,False,False,0,1,21.8588320119418,1.5403305490811665,True,False
43,D_CONTRACT_SHIELD,OOD,173,stop_intersection,False,False,False,3,1,28.481193557766428,1.4247422196726869,True,False
43,D_CONTRACT_SHIELD,OOD,174,stop_intersection,False,False,False,0,1,21.601133529825333,1.6541596502065659,True,False
43,D_CONTRACT_SHIELD,OOD,175,stop_intersection,False,False,False,2,1,27.753800882602953,1.8563656994590052,True,False
43,D_CONTRACT_SHIELD,OOD,176,stop_intersection,False,False,False,0,1,21.82973246467245,1.4537245340836353,True,False
43,D_CONTRACT_SHIELD,OOD,177,stop_intersection,False,False,False,2,1,30.332341768094544,2.9910531019171076,True,False
43,D_CONTRACT_SHIELD,OOD,178,stop_intersection,False,False,False,2,1,28.39832126593873,1.7412036186770388,True,False
43,D_CONTRACT_SHIELD,OOD,179,stop_intersection,False,False,False,2,1,28.134098794530708,2.566093372909919,True,False
43,D_CONTRACT_SHIELD,OOD,180,stop_intersection,False,False,False,3,1,21.373627116909578,1.4240955277567817,True,False
43,D_CONTRACT_SHIELD,OOD,181,stop_intersection,False,False,False,3,1,31.00797193384818,1.6780206923683485,True,False
43,D_CONTRACT_SHIELD,OOD,182,stop_intersection,False,False,False,2,1,22.745443772439856,1.6413938850164413,True,False
43,D_CONTRACT_SHIELD,OOD,183,stop_intersection,False,False,False,3,1,21.921408966596154,1.7397479477681612,True,False
43,D_CONTRACT_SHIELD,OOD,184,stop_intersection,False,False,False,2,1,29.9992289295675,2.7819940873554776,True,False
43,D_CONTRACT_SHIELD,OOD,185,stop_intersection,False,False,False,2,1,25.90510162225812,1.4253090395443682,True,False
43,D_CONTRACT_SHIELD,OOD,186,stop_intersection,False,False,False,2,1,30.19842070233031,2.5953221127044324,True,False
43,D_CONTRACT_SHIELD,OOD,187,stop_intersection,False,False,False,2,1,27.368923282467456,2.9196052645382125,True,False
43,D_CONTRACT_SHIELD,OOD,188,stop_intersection,False,False,False,2,1,30.850934586973136,2.4752487570278405,True,False
43,D_CONTRACT_SHIELD,OOD,189,stop_intersection,False,False,False,3,1,29.643288407497337,1.7868476837604967,True,False
43,D_CONTRACT_SHIELD,OOD,190,stop_intersection,False,False,False,3,1,24.63488748802793,2.6742407271736544,True,False
43,D_CONTRACT_SHIELD,OOD,191,stop_intersection,False,False,False,2,1,26.40951181243358,2.68704837958018,True,False
43,D_CONTRACT_SHIELD,OOD,192,stop_intersection,False,False,False,3,1,29.995679655698744,1.5385789094969284,True,False
43,D_CONTRACT_SHIELD,OOD,193,stop_intersection,False,False,False,2,1,23.821028378841955,1.41636262204912,True,False
43,D_CONTRACT_SHIELD,OOD,194,stop_intersection,False,False,False,3,1,26.54816554211521,1.5303429337434988,True,False
43,D_CONTRACT_SHIELD,OOD,195,stop_intersection,False,False,False,2,1,26.291537998903387,2.9423568052489584,True,False
43,D_CONTRACT_SHIELD,OOD,196,stop_intersection,False,False,False,2,1,22.598183748354014,1.4528434919932534,True,False
43,D_CONTRACT_SHIELD,OOD,197,stop_intersection,False,False,False,0,1,29.200311655496517,1.4577458444095792,True,False
43,D_CONTRACT_SHIELD,OOD,198,stop_intersection,False,False,False,3,1,28.86498628643475,2.3204270795635553,True,False
43,D_CONTRACT_SHIELD,OOD,199,stop_intersection,False,False,False,2,1,28.087065423084457,2.181184960736169,True,False
43,D_CONTRACT_SHIELD,OOD,200,lead_brake,False,False,False,0,0,33.703905488103615,8.467226864304394,True,False
43,D_CONTRACT_SHIELD,OOD,201,lead_brake,False,False,False,0,0,30.570415231803718,4.386312363669276,True,False
43,D_CONTRACT_SHIELD,OOD,202,lead_brake,False,False,False,0,0,25.71645543233764,8.268552673980594,True,False
43,D_CONTRACT_SHIELD,OOD,203,lead_brake,False,False,False,0,0,30.553035942424756,10.223741821944714,True,False
43,D_CONTRACT_SHIELD,OOD,204,lead_brake,False,False,False,0,0,29.45483649713688,7.584403248038143,True,False
43,D_CONTRACT_SHIELD,OOD,205,lead_brake,False,False,False,0,0,28.245377067216182,6.078686570127805,True,False
43,D_CONTRACT_SHIELD,OOD,206,lead_brake,False,False,False,0,0,29.986694523678942,6.919166757414739,True,False
43,D_CONTRACT_SHIELD,OOD,207,lead_brake,False,False,False,0,0,32.64678653208472,10.853708943972983,True,False
43,D_CONTRACT_SHIELD,OOD,208,lead_brake,False,False,False,0,0,37.972729922863095,9.670437219397474,True,False
43,D_CONTRACT_SHIELD,OOD,209,lead_brake,False,False,False,0,0,30.47247442248505,5.208445962052792,True,False
43,D_CONTRACT_SHIELD,OOD,210,lead_brake,False,False,False,0,0,29.52321702619055,9.27727484020094,True,False
43,D_CONTRACT_SHIELD,OOD,211,lead_brake,False,False,False,0,0,36.32113589400424,9.31902943070357,True,False
43,D_CONTRACT_SHIELD,OOD,212,lead_brake,False,False,False,0,0,27.334737819800672,8.412786083295941,True,False
43,D_CONTRACT_SHIELD,OOD,213,lead_brake,False,False,False,0,0,30.657751420676643,5.017517688373725,True,False
43,D_CONTRACT_SHIELD,OOD,214,lead_brake,False,False,False,0,0,34.824707698502564,7.345327971037477,True,False
43,D_CONTRACT_SHIELD,OOD,215,lead_brake,False,False,False,0,0,26.55279467758195,6.774954824397962,True,False
43,D_CONTRACT_SHIELD,OOD,216,lead_brake,False,False,False,0,0,40.08631377306199,7.3349759069581815,True,False
43,D_CONTRACT_SHIELD,OOD,217,lead_brake,False,False,False,0,0,34.57392651528119,2.0286146824558573,True,False
43,D_CONTRACT_SHIELD,OOD,218,lead_brake,False,False,False,0,0,26.436796514396768,8.135382356898239,True,False
43,D_CONTRACT_SHIELD,OOD,219,lead_brake,False,False,False,0,0,34.2613328619039,3.691985385647664,True,False
43,D_CONTRACT_SHIELD,OOD,220,lead_brake,False,False,False,0,0,35.08771831179069,7.540594838714847,True,False
43,D_CONTRACT_SHIELD,OOD,221,lead_brake,False,False,False,0,0,23.921381755340825,9.488503909514595,True,False
43,D_CONTRACT_SHIELD,OOD,222,lead_brake,False,False,False,0,0,39.621736375722094,5.524314796707282,True,False
43,D_CONTRACT_SHIELD,OOD,223,lead_brake,False,False,False,0,0,26.14168556028705,6.646412585085879,True,False
43,D_CONTRACT_SHIELD,OOD,224,lead_brake,False,False,False,0,0,31.122339106740768,10.459086370964844,True,False
43,D_CONTRACT_SHIELD,OOD,225,lead_brake,False,False,False,0,0,31.781593493179866,6.426343606319278,True,False
43,D_CONTRACT_SHIELD,OOD,226,lead_brake,False,False,False,0,0,27.01793777830899,8.561086519931752,True,False
43,D_CONTRACT_SHIELD,OOD,227,lead_brake,False,False,False,0,0,38.554634002204175,6.276308837812394,True,False
43,D_CONTRACT_SHIELD,OOD,228,lead_brake,False,False,False,0,0,39.610061381421026,9.171293087458858,True,False
43,D_CONTRACT_SHIELD,OOD,229,lead_brake,False,False,False,0,0,43.09839368775487,9.212619681066522,True,False
43,D_CONTRACT_SHIELD,OOD,230,lead_brake,False,False,False,0,0,33.971532423930206,5.350917018484324,True,False
43,D_CONTRACT_SHIELD,OOD,231,lead_brake,False,False,False,0,0,35.15380122773283,3.077693941692511,True,False
43,D_CONTRACT_SHIELD,OOD,232,lead_brake,False,False,False,0,0,32.68105093053563,10.354491282409676,True,False
43,D_CONTRACT_SHIELD,OOD,233,lead_brake,False,False,False,0,0,29.8660473606102,8.872255535796285,True,False
43,D_CONTRACT_SHIELD,OOD,234,lead_brake,False,False,False,0,0,28.998106730181703,8.547199089235315,True,False
43,D_CONTRACT_SHIELD,OOD,235,lead_brake,False,False,False,0,0,32.20505618741383,3.9104718503852687,True,False
43,D_CONTRACT_SHIELD,OOD,236,lead_brake,False,False,False,0,0,42.54100677909328,4.856964748973647,True,False
43,D_CONTRACT_SHIELD,OOD,237,lead_brake,False,False,False,0,0,40.39473750249277,4.358653008937836,True,False
43,D_CONTRACT_SHIELD,OOD,238,lead_brake,False,False,False,0,0,26.069763163290922,8.745495492282013,True,False
43,D_CONTRACT_SHIELD,OOD,239,lead_brake,False,False,False,0,0,34.31777122540818,3.2069925939043364,True,False
43,D_CONTRACT_SHIELD,OOD,240,lead_brake,False,False,False,0,0,36.74145427292215,4.7646253433388965,True,False
43,D_CONTRACT_SHIELD,OOD,241,lead_brake,False,False,False,0,0,25.616036055339546,3.0306698257724443,True,False
43,D_CONTRACT_SHIELD,OOD,242,lead_brake,False,False,False,0,0,26.829342781304202,6.862284144386648,True,False
43,D_CONTRACT_SHIELD,OOD,243,lead_brake,False,False,False,0,0,30.93949730723238,7.250737234329184,True,False
43,D_CONTRACT_SHIELD,OOD,244,lead_brake,False,False,False,0,0,41.70251394733787,8.252221113846948,True,False
43,D_CONTRACT_SHIELD,OOD,245,lead_brake,False,False,False,0,0,43.52220072187488,1.4090416543185709,True,False
43,D_CONTRACT_SHIELD,OOD,246,lead_brake,False,False,False,0,0,26.68462601049842,3.7480045047899084,True,False
43,D_CONTRACT_SHIELD,OOD,247,lead_brake,False,False,False,0,0,31.33651085492864,6.978960372662792,True,False
43,D_CONTRACT_SHIELD,OOD,248,lead_brake,False,False,False,0,0,27.482280572497007,7.703437491785735,True,False
43,D_CONTRACT_SHIELD,OOD,249,lead_brake,False,False,False,0,0,23.872325006301086,7.227188101659219,True,False
43,D_CONTRACT_SHIELD,OOD,250,lead_brake,False,False,False,0,0,33.58445029104613,8.760272026217232,True,False
43,D_CONTRACT_SHIELD,OOD,251,lead_brake,False,False,False,0,0,30.8726261357515,9.617111317968616,True,False
43,D_CONTRACT_SHIELD,OOD,252,lead_brake,False,False,False,0,0,40.195806317417556,6.044211296364665,True,False
43,D_CONTRACT_SHIELD,OOD,253,lead_brake,False,False,False,0,0,28.745013208650043,6.078984412985543,True,False
43,D_CONTRACT_SHIELD,OOD,254,lead_brake,False,False,False,0,0,28.095914826163867,3.1763335466384888,True,False
43,D_CONTRACT_SHIELD,OOD,255,lead_brake,False,False,False,0,0,34.42388963080317,9.108123337384312,True,False
43,D_CONTRACT_SHIELD,OOD,256,lead_brake,False,False,False,0,0,24.894292065650212,5.117253335813682,True,False
43,D_CONTRACT_SHIELD,OOD,257,lead_brake,False,False,False,0,0,30.852400896262488,7.595916836367299,True,False
43,D_CONTRACT_SHIELD,OOD,258,lead_brake,False,False,False,0,0,23.49168551036243,5.926608828827738,True,False
43,D_CONTRACT_SHIELD,OOD,259,lead_brake,False,False,False,0,0,43.18501059362667,8.913679307947556,True,False
43,D_CONTRACT_SHIELD,OOD,260,lead_brake,False,False,False,0,0,34.68320552211375,5.999793000053614,True,False
43,D_CONTRACT_SHIELD,OOD,261,lead_brake,False,False,False,0,0,28.674827424725727,5.556277170932541,True,False
43,D_CONTRACT_SHIELD,OOD,262,lead_brake,False,False,False,0,0,38.39291364649649,7.069491037478049,True,False
43,D_CONTRACT_SHIELD,OOD,263,lead_brake,False,False,False,0,0,30.58759709947233,5.929515006641546,True,False
43,D_CONTRACT_SHIELD,OOD,264,lead_brake,False,False,False,0,0,44.660199246928116,9.979448263843853,True,False
43,D_CONTRACT_SHIELD,OOD,265,lead_brake,False,False,False,0,0,40.193907499174585,8.189236330489317,True,False
43,D_CONTRACT_SHIELD,OOD,266,lead_brake,False,False,False,0,0,32.32343482892937,10.876819264143704,True,False
43,D_CONTRACT_SHIELD,OOD,267,lead_brake,False,False,False,0,0,29.4985044374031,9.57372136041522,True,False
43,D_CONTRACT_SHIELD,OOD,268,lead_brake,False,False,False,0,0,29.145517291271123,8.334667900421966,True,False
43,D_CONTRACT_SHIELD,OOD,269,lead_brake,False,False,False,0,0,31.5054170852143,9.595527502552915,True,False
43,D_CONTRACT_SHIELD,OOD,270,lead_brake,False,False,False,0,0,25.464825957443967,10.231127453347046,True,False
43,D_CONTRACT_SHIELD,OOD,271,lead_brake,False,False,False,0,0,36.25430359968198,5.9087122933318215,True,False
43,D_CONTRACT_SHIELD,OOD,272,lead_brake,False,False,False,0,0,34.23595257659614,9.131107222288847,True,False
43,D_CONTRACT_SHIELD,OOD,273,lead_brake,False,False,False,0,0,34.79329117731732,7.188818280274669,True,False
43,D_CONTRACT_SHIELD,OOD,274,lead_brake,False,False,False,0,0,37.21862339280106,10.097838627795378,True,False
43,D_CONTRACT_SHIELD,OOD,275,lead_brake,False,False,False,0,0,33.027682680692976,5.499406695831566,True,False
43,D_CONTRACT_SHIELD,OOD,276,lead_brake,False,False,False,0,0,28.511818220510065,5.9679244249127805,True,False
43,D_CONTRACT_SHIELD,OOD,277,lead_brake,False,False,False,0,0,29.557417382840125,9.755514573305845,True,False
43,D_CONTRACT_SHIELD,OOD,278,lead_brake,False,False,False,0,0,30.091607168506286,6.414097682262461,True,False
43,D_CONTRACT_SHIELD,OOD,279,lead_brake,False,False,False,0,0,38.74080073302617,7.218669381613532,True,False
43,D_CONTRACT_SHIELD,OOD,280,lead_brake,False,False,False,0,0,30.493326680973592,10.897639175411312,True,False
43,D_CONTRACT_SHIELD,OOD,281,lead_brake,False,False,False,0,0,31.379791747275753,7.256343562776843,True,False
43,D_CONTRACT_SHIELD,OOD,282,lead_brake,False,False,False,0,0,32.189639610988934,6.032031919186314,True,False
43,D_CONTRACT_SHIELD,OOD,283,lead_brake,False,False,False,0,0,36.536824010163556,9.122078608721495,True,False
43,D_CONTRACT_SHIELD,OOD,284,lead_brake,False,False,False,0,0,25.8109059388586,9.816345225398738,True,False
43,D_CONTRACT_SHIELD,OOD,285,lead_brake,False,False,False,0,0,35.28447089658734,8.573211204260588,True,False
43,D_CONTRACT_SHIELD,OOD,286,lead_brake,False,False,False,0,0,29.009450987729558,6.2189306896179914,True,False
43,D_CONTRACT_SHIELD,OOD,287,lead_brake,False,False,False,0,0,32.53307805491584,4.703552759097268,True,False
43,D_CONTRACT_SHIELD,OOD,288,lead_brake,False,False,False,0,0,26.595242310039602,3.218461393068234,True,False
43,D_CONTRACT_SHIELD,OOD,289,lead_brake,False,False,False,0,0,39.775488268703214,4.366966925716648,True,False
43,D_CONTRACT_SHIELD,OOD,290,lead_brake,False,False,False,0,0,33.67141480454712,3.6696118960777917,True,False
43,D_CONTRACT_SHIELD,OOD,291,lead_brake,False,False,False,0,0,21.567269967365977,7.5681413922769325,True,False
43,D_CONTRACT_SHIELD,OOD,292,lead_brake,False,False,False,0,0,36.1005488037041,4.7215811321511865,True,False
43,D_CONTRACT_SHIELD,OOD,293,lead_brake,False,False,False,0,0,25.378799062672368,10.958707392370949,True,False
43,D_CONTRACT_SHIELD,OOD,294,lead_brake,False,False,False,0,0,26.645840798524123,8.490341675778229,True,False
43,D_CONTRACT_SHIELD,OOD,295,lead_brake,False,False,False,0,0,28.199661522358642,7.370460648089647,True,False
43,D_CONTRACT_SHIELD,OOD,296,lead_brake,False,False,False,0,0,35.56720408722032,9.828168710072834,True,False
43,D_CONTRACT_SHIELD,OOD,297,lead_brake,False,False,False,0,0,38.958632741515196,9.786451080348343,True,False
43,D_CONTRACT_SHIELD,OOD,298,lead_brake,False,False,False,0,0,21.15753265725673,8.79941034441193,True,False
43,D_CONTRACT_SHIELD,OOD,299,lead_brake,False,False,False,0,0,25.63748013225612,3.6353619657456875,True,False
44,A_STATE,ID,0,crosswalk,False,False,False,0,0,28.821694384903633,1.880658950124468,True,False
44,A_STATE,ID,1,crosswalk,False,False,False,0,0,37.725107229243484,1.2786618961642184,True,False
44,A_STATE,ID,2,crosswalk,False,False,False,0,0,28.302812000301465,1.9380493030736319,True,False
44,A_STATE,ID,3,crosswalk,False,False,False,0,0,32.407685779211334,1.7873577383302508,True,False
44,A_STATE,ID,4,crosswalk,False,False,False,0,0,33.91241396215265,1.8169867348941888,True,False
44,A_STATE,ID,5,crosswalk,False,False,False,0,0,28.92248946246015,1.6090505537779434,True,False
44,A_STATE,ID,6,crosswalk,False,False,False,0,0,35.5200739018082,0.7904960096559741,True,False
44,A_STATE,ID,7,crosswalk,False,False,False,0,0,37.525897322797945,1.6974475514143705,True,False
44,A_STATE,ID,8,crosswalk,False,False,False,0,0,28.10693280245362,1.6914844242009248,True,False
44,A_STATE,ID,9,crosswalk,False,False,False,0,0,33.652160503151514,1.5373295503245157,True,False
44,A_STATE,ID,10,crosswalk,False,False,False,0,0,36.07295092311685,1.6176714869621005,True,False
44,A_STATE,ID,11,crosswalk,False,False,False,0,0,34.06861919909983,1.6733441005150476,True,False
44,A_STATE,ID,12,crosswalk,False,False,False,0,0,28.888415661292278,1.159400176256895,True,False
44,A_STATE,ID,13,crosswalk,False,False,False,0,0,30.85128375761831,1.2415987091219942,True,False
44,A_STATE,ID,14,crosswalk,False,False,False,0,0,29.465814350849257,1.9477780092330204,True,False
44,A_STATE,ID,15,crosswalk,False,False,False,0,0,34.464867613764255,0.7964395019023315,True,False
44,A_STATE,ID,16,crosswalk,False,False,False,0,0,28.027106711910008,1.6778486849446044,True,False
44,A_STATE,ID,17,crosswalk,False,False,False,0,0,26.95752607570229,1.9238905012607572,True,False
44,A_STATE,ID,18,crosswalk,False,False,False,0,0,35.321946332833505,1.5809798486192117,True,False
44,A_STATE,ID,19,crosswalk,False,False,False,0,0,39.2188807626367,0.631000370097657,True,False
44,A_STATE,ID,20,crosswalk,False,False,False,0,0,30.82301842839312,1.5008738885323205,True,False
44,A_STATE,ID,21,crosswalk,False,False,False,0,0,31.01049731406185,1.2879498810930685,True,False
44,A_STATE,ID,22,crosswalk,False,False,False,0,0,27.440861396610558,1.485723102879193,True,False
44,A_STATE,ID,23,crosswalk,False,False,False,0,0,35.39856736780742,0.7296779430048032,True,False
44,A_STATE,ID,24,crosswalk,False,False,False,0,0,27.05286178924271,1.343473984222663,True,False
44,A_STATE,ID,25,crosswalk,False,False,False,0,0,28.36642703250699,1.3445795540298735,True,False
44,A_STATE,ID,26,crosswalk,False,False,False,0,0,27.136059910585388,1.8285556372843288,True,False
44,A_STATE,ID,27,crosswalk,False,False,False,0,0,31.545049724317686,1.534996572881937,True,False
44,A_STATE,ID,28,crosswalk,False,False,False,0,0,34.9531821052896,1.373831680552526,True,False
44,A_STATE,ID,29,crosswalk,False,False,False,0,0,28.915075090025177,1.7957192733883858,True,False
44,A_STATE,ID,30,crosswalk,False,False,False,0,0,31.506494718625333,0.9408588665114207,True,False
44,A_STATE,ID,31,crosswalk,False,False,False,0,0,28.38032128591382,1.5453314262887703,True,False
44,A_STATE,ID,32,crosswalk,False,False,False,0,0,38.46337991369198,1.5560652711428702,True,False
44,A_STATE,ID,33,crosswalk,False,False,False,0,0,33.165089586402836,0.7153732431205836,True,False
44,A_STATE,ID,34,crosswalk,False,False,False,0,0,35.080050530342774,1.0432004160247743,True,False
44,A_STATE,ID,35,crosswalk,False,False,False,0,0,28.96415970607284,1.5401414425476736,True,False
44,A_STATE,ID,36,crosswalk,False,False,False,0,0,37.893733733628686,0.875453320145607,True,False
44,A_STATE,ID,37,crosswalk,False,False,False,0,0,31.6747057231632,1.7659389227628708,True,False
44,A_STATE,ID,38,crosswalk,False,False,False,0,0,33.82113686049118,1.8339240032693611,True,False
44,A_STATE,ID,39,crosswalk,False,False,False,0,0,27.8681493545524,1.3120386935770512,True,False
44,A_STATE,ID,40,crosswalk,False,False,False,0,0,32.75775303367304,0.8191078067149805,True,False
44,A_STATE,ID,41,crosswalk,False,False,False,0,0,34.85856051808129,1.5057998658581213,True,False
44,A_STATE,ID,42,crosswalk,False,False,False,0,0,37.34624651656762,0.5588597334597422,True,False
44,A_STATE,ID,43,crosswalk,False,False,False,0,0,31.446484860102917,1.7518766807473223,True,False
44,A_STATE,ID,44,crosswalk,False,False,False,0,0,30.699220258510287,1.3716791250876017,True,False
44,A_STATE,ID,45,crosswalk,False,False,False,0,0,35.03893309831848,1.0553810846370955,True,False
44,A_STATE,ID,46,crosswalk,False,False,False,0,0,29.924305236936945,1.9070878483000255,True,False
44,A_STATE,ID,47,crosswalk,False,False,False,0,0,28.747306737212206,0.8415041473649796,True,False
44,A_STATE,ID,48,crosswalk,False,False,False,0,0,34.409192045532386,0.5055441676328579,True,False
44,A_STATE,ID,49,crosswalk,False,False,False,0,0,37.96618438244968,1.074140786152819,True,False
44,A_STATE,ID,50,crosswalk,False,False,False,0,0,29.699887703109773,1.6084443666040897,True,False
44,A_STATE,ID,51,crosswalk,False,False,False,0,0,29.586967193593992,0.6053325347602367,True,False
44,A_STATE,ID,52,crosswalk,False,False,False,0,0,36.47803435021297,0.7800699351355433,True,False
44,A_STATE,ID,53,crosswalk,False,False,False,0,0,37.2752470827238,1.1273405402898788,True,False
44,A_STATE,ID,54,crosswalk,False,False,False,0,0,36.87962501336221,0.8289758950471877,True,False
44,A_STATE,ID,55,crosswalk,False,False,False,0,0,33.78595212719454,1.5490917954593897,True,False
44,A_STATE,ID,56,crosswalk,False,False,False,0,0,32.033468488306795,1.6020911627195096,True,False
44,A_STATE,ID,57,crosswalk,False,False,False,0,0,33.48008826017182,1.8279667808250946,True,False
44,A_STATE,ID,58,crosswalk,False,False,False,0,0,35.06899590189311,1.1732112292362296,True,False
44,A_STATE,ID,59,crosswalk,False,False,False,0,0,36.20380381323883,0.6786595791578293,True,False
44,A_STATE,ID,60,crosswalk,False,False,False,0,0,36.4234214954045,1.6543356360246737,True,False
44,A_STATE,ID,61,crosswalk,False,False,False,0,0,36.89487097378161,0.8130935579538345,True,False
44,A_STATE,ID,62,crosswalk,False,False,False,0,0,32.52048150047968,1.7908094349232586,True,False
44,A_STATE,ID,63,crosswalk,False,False,False,0,0,31.246072114021228,1.091062209258477,True,False
44,A_STATE,ID,64,crosswalk,False,False,False,0,0,28.599807905494707,1.5175249688327312,True,False
44,A_STATE,ID,65,crosswalk,False,False,False,0,0,36.92395434017706,1.547998609021306,True,False
44,A_STATE,ID,66,crosswalk,False,False,False,0,0,32.80298027955618,1.2583461439325696,True,False
44,A_STATE,ID,67,crosswalk,False,False,False,0,0,29.057913938602383,0.8325979588553308,True,False
44,A_STATE,ID,68,crosswalk,False,False,False,0,0,31.294336473019154,0.7486910669302399,True,False
44,A_STATE,ID,69,crosswalk,False,False,False,0,0,30.985456549705564,1.5800372883677483,True,False
44,A_STATE,ID,70,crosswalk,False,False,False,0,0,39.066778506866115,1.1125422967597842,True,False
44,A_STATE,ID,71,crosswalk,False,False,False,0,0,35.09290986700851,0.6619019775340954,True,False
44,A_STATE,ID,72,crosswalk,False,False,False,0,0,35.27319405555863,0.46243540780699766,True,False
44,A_STATE,ID,73,crosswalk,False,False,False,0,0,32.42622013923737,1.4542285657741807,True,False
44,A_STATE,ID,74,crosswalk,False,False,False,0,0,35.55628873191783,0.42815763503313065,True,False
44,A_STATE,ID,75,crosswalk,False,False,False,0,0,34.303814754175605,1.5313044960864566,True,False
44,A_STATE,ID,76,crosswalk,False,False,False,0,0,35.8796996705106,0.7036120103051264,True,False
44,A_STATE,ID,77,crosswalk,False,False,False,0,0,35.3050639044233,1.6396445874124765,True,False
44,A_STATE,ID,78,crosswalk,False,False,False,0,0,33.45264512504946,1.523870024830103,True,False
44,A_STATE,ID,79,crosswalk,False,False,False,0,0,34.41261280852078,1.5471385192611944,True,False
44,A_STATE,ID,80,crosswalk,False,False,False,0,0,30.281494121669084,0.7522440054232166,True,False
44,A_STATE,ID,81,crosswalk,False,False,False,0,0,33.09585771797027,1.8297804011539978,True,False
44,A_STATE,ID,82,crosswalk,False,False,False,0,0,36.138092056308025,1.664434199531873,True,False
44,A_STATE,ID,83,crosswalk,False,False,False,0,0,38.27808625440118,0.39716846237962056,True,False
44,A_STATE,ID,84,crosswalk,False,False,False,0,0,31.653805163141264,1.2670610683119814,True,False
44,A_STATE,ID,85,crosswalk,False,False,False,0,0,33.443893429567,0.9120201217857273,True,False
44,A_STATE,ID,86,crosswalk,False,False,False,0,0,28.546859783237565,1.5576268538184785,True,False
44,A_STATE,ID,87,crosswalk,False,False,False,0,0,35.023801900419784,1.4542398176022937,True,False
44,A_STATE,ID,88,crosswalk,False,False,False,0,0,30.272963288886512,1.817305250601335,True,False
44,A_STATE,ID,89,crosswalk,False,False,False,0,0,33.828968196275866,0.420079895335695,True,False
44,A_STATE,ID,90,crosswalk,False,False,False,0,0,29.02789414151648,0.8226506021760758,True,False
44,A_STATE,ID,91,crosswalk,False,False,False,0,0,28.530922937493603,1.6819615391167726,True,False
44,A_STATE,ID,92,crosswalk,False,False,False,0,0,37.51099140304139,1.3184906203638425,True,False
44,A_STATE,ID,93,crosswalk,False,False,False,0,0,31.13017469666923,1.5674092558523018,True,False
44,A_STATE,ID,94,crosswalk,False,False,False,0,0,31.240514221842147,1.549899092032796,True,False
44,A_STATE,ID,95,crosswalk,False,False,False,0,0,30.977532077874052,0.43717531572011387,True,False
44,A_STATE,ID,96,crosswalk,False,False,False,0,0,27.77601682041378,1.779866449534893,True,False
44,A_STATE,ID,97,crosswalk,False,False,False,0,0,37.9765719714906,0.9232091416533176,True,False
44,A_STATE,ID,98,crosswalk,False,False,False,0,0,31.36503878278083,1.8226875104010103,True,False
44,A_STATE,ID,99,crosswalk,False,False,False,0,0,30.779153805225565,1.1107349656522274,True,False
44,A_STATE,ID,100,stop_intersection,False,False,False,0,1,26.9291459582941,1.2974837108662254,True,False
44,A_STATE,ID,101,stop_intersection,False,False,False,0,1,31.788080333485368,1.1884483269282748,True,False
44,A_STATE,ID,102,stop_intersection,False,False,False,0,1,26.956024603207297,1.3304045325831362,True,False
44,A_STATE,ID,103,stop_intersection,False,False,False,0,1,29.006123870939224,1.3155510028203328,True,False
44,A_STATE,ID,104,stop_intersection,False,False,False,0,1,27.20954960552361,1.2281804665541036,True,False
44,A_STATE,ID,105,stop_intersection,False,False,False,0,1,31.69250044860287,1.146492404597146,True,False
44,A_STATE,ID,106,stop_intersection,False,False,False,0,1,32.74541967434368,1.1625595036007108,True,False
44,A_STATE,ID,107,stop_intersection,False,False,False,0,1,30.12226830442812,1.3676182123330922,True,False
44,A_STATE,ID,108,stop_intersection,False,False,False,0,1,32.23393524760145,1.2961832284927368,True,False
44,A_STATE,ID,109,stop_intersection,False,False,False,0,1,33.8131269657987,1.1872767154560533,True,False
44,A_STATE,ID,110,stop_intersection,False,False,False,0,1,28.71753977752854,1.383652765499918,True,False
44,A_STATE,ID,111,stop_intersection,False,False,False,0,1,36.10328786565504,1.1829770165820452,True,False
44,A_STATE,ID,112,stop_intersection,False,False,False,0,1,36.17621995481204,1.235370441924694,True,False
44,A_STATE,ID,113,stop_intersection,False,False,False,0,1,35.93085149766118,1.2344191933787145,True,False
44,A_STATE,ID,114,stop_intersection,False,False,False,0,1,35.782691195885675,1.270884774452032,True,False
44,A_STATE,ID,115,stop_intersection,False,False,False,0,1,37.33027884850285,1.2191312950710917,True,False
44,A_STATE,ID,116,stop_intersection,False,False,False,0,1,31.032061882723845,1.3277709178435495,True,False
44,A_STATE,ID,117,stop_intersection,False,False,False,0,1,27.477161576452662,1.285702131296459,True,False
44,A_STATE,ID,118,stop_intersection,False,False,False,0,1,31.589718950632218,1.340422492760878,True,False
44,A_STATE,ID,119,stop_intersection,False,False,False,0,1,35.125871642028855,1.2242202105976285,True,False
44,A_STATE,ID,120,stop_intersection,False,False,False,0,1,37.4303481592532,1.4664370531127564,True,False
44,A_STATE,ID,121,stop_intersection,False,False,False,0,1,36.42654508614102,1.2035287119621454,True,False
44,A_STATE,ID,122,stop_intersection,False,False,False,0,1,33.04032075077464,1.1262265748755875,True,False
44,A_STATE,ID,123,stop_intersection,False,False,False,0,1,27.218791941592016,1.3157401586833752,True,False
44,A_STATE,ID,124,stop_intersection,False,False,False,0,1,34.24735868059841,1.1644832200782242,True,False
44,A_STATE,ID,125,stop_intersection,False,False,False,0,1,35.647604745746634,1.2338681164241971,True,False
44,A_STATE,ID,126,stop_intersection,False,False,False,0,1,38.71634404673391,1.1385969850752087,True,False
44,A_STATE,ID,127,stop_intersection,False,False,False,0,1,27.80680015358729,1.2860672097457082,True,False
44,A_STATE,ID,128,stop_intersection,False,False,False,0,1,33.6044244023189,1.3219884982923182,True,False
44,A_STATE,ID,129,stop_intersection,False,False,False,0,1,35.184470391864195,1.2940532394817896,True,False
44,A_STATE,ID,130,stop_intersection,False,False,False,0,1,26.709158319445184,1.2269464058753772,True,False
44,A_STATE,ID,131,stop_intersection,False,False,False,0,1,28.486198704141778,1.3425001188328392,True,False
44,A_STATE,ID,132,stop_intersection,False,False,False,0,1,32.85930365546233,1.2814987578043124,True,False
44,A_STATE,ID,133,stop_intersection,False,False,False,0,1,30.818962433378793,1.1869358871041273,True,False
44,A_STATE,ID,134,stop_intersection,False,False,False,0,1,38.4782172626933,1.2832809713753786,True,False
44,A_STATE,ID,135,stop_intersection,False,False,False,0,1,31.760067106714914,1.3392648249864576,True,False
44,A_STATE,ID,136,stop_intersection,False,False,False,0,1,36.19939390564652,1.145806759595871,True,False
44,A_STATE,ID,137,stop_intersection,False,False,False,0,1,31.539657226342996,1.20959617742678,True,False
44,A_STATE,ID,138,stop_intersection,False,False,False,0,1,33.113117544896795,1.1779245592298961,True,False
44,A_STATE,ID,139,stop_intersection,False,False,False,0,1,30.806971105578157,1.2879123985767365,True,False
44,A_STATE,ID,140,stop_intersection,False,False,False,0,1,38.25857050372982,1.1651148614676101,True,False
44,A_STATE,ID,141,stop_intersection,False,False,False,0,1,37.50193724502156,1.3239839105379014,True,False
44,A_STATE,ID,142,stop_intersection,False,False,False,0,1,35.512343866180075,1.1676682938228953,True,False
44,A_STATE,ID,143,stop_intersection,False,False,False,0,1,27.086526426339326,1.329051005212884,True,False
44,A_STATE,ID,144,stop_intersection,False,False,False,0,1,29.294708996752224,1.2159137725830078,True,False
44,A_STATE,ID,145,stop_intersection,False,False,False,0,1,36.30554554900275,1.244788666566213,True,False
44,A_STATE,ID,146,stop_intersection,False,False,False,0,1,36.50136568943843,1.1123271650738187,True,False
44,A_STATE,ID,147,stop_intersection,False,False,False,0,1,31.78533856443105,1.2179461921133645,True,False
44,A_STATE,ID,148,stop_intersection,False,False,False,0,1,33.54330976048203,1.2158189075333732,True,False
44,A_STATE,ID,149,stop_intersection,False,False,False,0,1,36.16367070060964,1.3384820804709479,True,False
44,A_STATE,ID,150,stop_intersection,False,False,False,0,1,34.42599919645495,1.2128048425629026,True,False
44,A_STATE,ID,151,stop_intersection,False,False,False,0,1,27.838195525615493,1.3584010224593313,True,False
44,A_STATE,ID,152,stop_intersection,False,False,False,0,1,27.58967306997365,1.3319015973492672,True,False
44,A_STATE,ID,153,stop_intersection,False,False,False,0,1,34.26778186180823,1.2798813348863183,True,False
44,A_STATE,ID,154,stop_intersection,False,False,False,0,1,34.853470358119196,1.1874064317969388,True,False
44,A_STATE,ID,155,stop_intersection,False,False,False,0,1,29.484495726175627,1.3298992774425407,True,False
44,A_STATE,ID,156,stop_intersection,False,False,False,0,1,33.67273804125241,1.135964837185172,True,False
44,A_STATE,ID,157,stop_intersection,False,False,False,0,1,36.095256133246494,1.252060158308162,True,False
44,A_STATE,ID,158,stop_intersection,False,False,False,0,1,35.534492353302596,1.2572014473733446,True,False
44,A_STATE,ID,159,stop_intersection,False,False,False,0,1,31.23105844456621,1.284850835800171,True,False
44,A_STATE,ID,160,stop_intersection,False,False,False,0,1,38.47096283839821,1.4097951456557871,True,False
44,A_STATE,ID,161,stop_intersection,False,False,False,0,1,30.279601607461963,1.364184938944303,True,False
44,A_STATE,ID,162,stop_intersection,False,False,False,0,1,37.21890470023937,1.256436492715563,True,False
44,A_STATE,ID,163,stop_intersection,False,False,False,0,1,32.38160754536315,1.2968326210975647,True,False
44,A_STATE,ID,164,stop_intersection,False,False,False,0,1,27.352018702110918,1.2768582450716117,True,False
44,A_STATE,ID,165,stop_intersection,False,False,False,0,1,32.943724100298816,1.3743867576122284,True,False
44,A_STATE,ID,166,stop_intersection,False,False,False,0,1,38.63695287150233,1.2250974982283835,True,False
44,A_STATE,ID,167,stop_intersection,False,False,False,0,1,28.23752030501244,1.288343561001313,True,False
44,A_STATE,ID,168,stop_intersection,False,False,False,0,1,35.43112253407484,1.1781609474226484,True,False
44,A_STATE,ID,169,stop_intersection,False,False,False,0,1,35.30197142562027,1.3181915006986478,True,False
44,A_STATE,ID,170,stop_intersection,False,False,False,0,1,30.02076854984549,1.284052848815918,True,False
44,A_STATE,ID,171,stop_intersection,False,False,False,0,1,29.097241594442806,1.3309917010759054,True,False
44,A_STATE,ID,172,stop_intersection,False,False,False,0,1,28.002568267585943,1.3545481311647514,True,False
44,A_STATE,ID,173,stop_intersection,False,False,False,0,1,28.103653566320745,1.2528761075093193,True,False
44,A_STATE,ID,174,stop_intersection,False,False,False,0,1,34.60580309188255,1.1219081959941168,True,False
44,A_STATE,ID,175,stop_intersection,False,False,False,0,1,27.266311136820267,1.2479668091505,True,False
44,A_STATE,ID,176,stop_intersection,False,False,False,0,1,36.65563417649372,1.3023458802422812,True,False
44,A_STATE,ID,177,stop_intersection,False,False,False,0,1,30.313848253131646,1.3117042107459824,True,False
44,A_STATE,ID,178,stop_intersection,False,False,False,0,1,28.82229389292701,1.211992159485817,True,False
44,A_STATE,ID,179,stop_intersection,False,False,False,0,1,30.219348533881185,1.222294888845304,True,False
44,A_STATE,ID,180,stop_intersection,False,False,False,0,1,31.685701729928503,1.285865247249603,True,False
44,A_STATE,ID,181,stop_intersection,False,False,False,0,1,35.49993061072191,1.240036260514032,True,False
44,A_STATE,ID,182,stop_intersection,False,False,False,0,1,30.73295111597933,1.2791190147399902,True,False
44,A_STATE,ID,183,stop_intersection,False,False,False,0,1,35.605231283870474,1.2104708372160444,True,False
44,A_STATE,ID,184,stop_intersection,False,False,False,0,1,33.95719652926789,1.156572186669638,True,False
44,A_STATE,ID,185,stop_intersection,False,False,False,0,1,36.96756245430126,1.2184177304423132,True,False
44,A_STATE,ID,186,stop_intersection,False,False,False,0,1,35.39464055883196,1.1442137306386773,True,False
44,A_STATE,ID,187,stop_intersection,False,False,False,0,1,37.50486492777204,1.3160356950192225,True,False
44,A_STATE,ID,188,stop_intersection,False,False,False,0,1,29.728213067349692,1.2352235615253448,True,False
44,A_STATE,ID,189,stop_intersection,False,False,False,0,1,35.580674728016355,1.1764591239219486,True,False
44,A_STATE,ID,190,stop_intersection,False,False,False,0,1,36.140083744994634,1.1393157866868104,True,False
44,A_STATE,ID,191,stop_intersection,False,False,False,0,1,31.771034991486886,1.2757783234119415,True,False
44,A_STATE,ID,192,stop_intersection,False,False,False,0,1,31.22102199188491,1.3280051488142746,True,False
44,A_STATE,ID,193,stop_intersection,False,False,False,0,1,29.054729343978106,1.278411409793756,True,False
44,A_STATE,ID,194,stop_intersection,False,False,False,0,1,30.016188195902693,1.2994161324623303,True,False
44,A_STATE,ID,195,stop_intersection,False,False,False,0,1,35.55766566814947,1.1395895752039822,True,False
44,A_STATE,ID,196,stop_intersection,False,False,False,0,1,28.270577082646767,1.2711012669098682,True,False
44,A_STATE,ID,197,stop_intersection,False,False,False,0,1,27.61658045891189,1.2833449244499207,True,False
44,A_STATE,ID,198,stop_intersection,False,False,False,0,1,28.289905352645583,1.2134200185537338,True,False
44,A_STATE,ID,199,stop_intersection,False,False,False,0,1,37.839597531517796,1.3671922822331273,True,False
44,A_STATE,ID,200,lead_brake,False,False,False,0,0,76.17769036346769,0.25545511953532696,True,False
44,A_STATE,ID,201,lead_brake,False,False,False,0,0,84.32994968283808,0.3052218953768412,True,False
44,A_STATE,ID,202,lead_brake,False,False,False,0,0,63.939826226959354,0.37993574266632396,True,False
44,A_STATE,ID,203,lead_brake,False,False,False,0,0,62.07104537175047,3.428277527913451,True,False
44,A_STATE,ID,204,lead_brake,False,False,False,0,0,86.26025510042909,0.2613274057706197,True,False
44,A_STATE,ID,205,lead_brake,False,False,False,0,0,62.70488915524726,6.207930269340674,True,False
44,A_STATE,ID,206,lead_brake,False,False,False,0,0,76.02095464548825,0.4420815830429395,True,False
44,A_STATE,ID,207,lead_brake,False,False,False,0,0,73.519158632828,0.231434461971124,True,False
44,A_STATE,ID,208,lead_brake,False,False,False,0,0,78.22679898299192,0.2798848891009887,True,False
44,A_STATE,ID,209,lead_brake,False,False,False,0,0,59.664016920726034,0.9841179611782233,True,False
44,A_STATE,ID,210,lead_brake,False,False,False,0,0,62.320951230891716,2.9101680871099234,True,False
44,A_STATE,ID,211,lead_brake,False,False,False,0,0,77.43724966664657,0.23119386161367098,True,False
44,A_STATE,ID,212,lead_brake,False,False,False,0,0,78.00018996547804,0.4094597101211548,True,False
44,A_STATE,ID,213,lead_brake,False,False,False,0,0,54.28962463876475,1.3478345548113186,True,False
44,A_STATE,ID,214,lead_brake,False,False,False,0,0,91.88739868477458,0.21201123235126337,True,False
44,A_STATE,ID,215,lead_brake,False,False,False,0,0,66.24727811877266,0.3490630742162466,True,False
44,A_STATE,ID,216,lead_brake,False,False,False,0,0,60.06015642967431,7.175746669992804,True,False
44,A_STATE,ID,217,lead_brake,False,False,False,0,0,60.2712383003084,2.1032822454969087,True,False
44,A_STATE,ID,218,lead_brake,False,False,False,0,0,62.04070172628558,0.415263886253039,True,False
44,A_STATE,ID,219,lead_brake,False,False,False,0,0,76.12680380307017,0.27294259207944077,True,False
44,A_STATE,ID,220,lead_brake,False,False,False,0,0,54.74573005699705,1.552828127518296,True,False
44,A_STATE,ID,221,lead_brake,False,False,False,0,0,52.79604876872832,5.700128848974903,True,False
44,A_STATE,ID,222,lead_brake,False,False,False,0,0,83.2007473584046,0.24440395024915534,True,False
44,A_STATE,ID,223,lead_brake,False,False,False,0,0,66.86745750604267,0.38913410094877077,True,False
44,A_STATE,ID,224,lead_brake,False,False,False,0,0,70.98143550855832,0.4329891682912905,True,False
44,A_STATE,ID,225,lead_brake,False,False,False,0,0,95.80141315430407,0.23599605013926822,True,False
44,A_STATE,ID,226,lead_brake,False,False,False,0,0,65.1384163953264,0.4490494852264722,True,False
44,A_STATE,ID,227,lead_brake,False,False,False,0,0,97.61068210879009,0.23119774212439856,True,False
44,A_STATE,ID,228,lead_brake,False,False,False,0,0,74.3186062804143,0.4265878451988101,True,False
44,A_STATE,ID,229,lead_brake,False,False,False,0,0,68.87254875946554,0.616284241899848,True,False
44,A_STATE,ID,230,lead_brake,False,False,False,0,0,84.38871767103673,0.16093465437491733,True,False
44,A_STATE,ID,231,lead_brake,False,False,False,0,0,93.85272672094288,0.1431814972311258,True,False
44,A_STATE,ID,232,lead_brake,False,False,False,0,0,78.23146717757142,0.4171450386444728,True,False
44,A_STATE,ID,233,lead_brake,False,False,False,0,0,60.7709809923703,5.8894472401589155,True,False
44,A_STATE,ID,234,lead_brake,False,False,False,0,0,64.77575785097544,0.811041529600819,True,False
44,A_STATE,ID,235,lead_brake,False,False,False,0,0,94.88311501871483,0.19917772461970645,True,False
44,A_STATE,ID,236,lead_brake,False,False,False,0,0,75.92690823710083,0.2538358146945635,True,False
44,A_STATE,ID,237,lead_brake,False,False,False,0,0,55.892147292779796,0.8459499347954987,True,False
44,A_STATE,ID,238,lead_brake,False,False,False,0,0,72.97749306555217,0.8955687607328097,True,False
44,A_STATE,ID,239,lead_brake,False,False,False,0,0,75.11878938161783,0.37962622940540314,True,False
44,A_STATE,ID,240,lead_brake,False,False,False,0,0,73.83388115585983,0.3883652128279209,True,False
44,A_STATE,ID,241,lead_brake,False,False,False,0,0,55.098725427332255,1.0496273686488469,True,False
44,A_STATE,ID,242,lead_brake,False,False,False,0,0,92.24116384899963,0.2338035690287749,True,False
44,A_STATE,ID,243,lead_brake,False,False,False,0,0,94.04115663512354,0.2679529661933581,True,False
44,A_STATE,ID,244,lead_brake,False,False,False,0,0,60.689817696431085,0.5344756375998259,True,False
44,A_STATE,ID,245,lead_brake,False,False,False,0,0,68.09472108499301,0.5328568791349728,True,False
44,A_STATE,ID,246,lead_brake,False,False,False,0,0,69.7017689650515,0.2403686096270879,True,False
44,A_STATE,ID,247,lead_brake,False,False,False,0,0,67.6213119605318,0.29819958905378974,True,False
44,A_STATE,ID,248,lead_brake,False,False,False,0,0,56.944707382335224,8.178140042970577,True,False
44,A_STATE,ID,249,lead_brake,False,False,False,0,0,60.577903199911106,0.5436038188636303,True,False
44,A_STATE,ID,250,lead_brake,False,False,False,0,0,62.69402762626888,1.9423690053323905,True,False
44,A_STATE,ID,251,lead_brake,False,False,False,0,0,63.5078800526815,1.9246619368592899,True,False
44,A_STATE,ID,252,lead_brake,False,False,False,0,0,82.05274863226042,0.2208655203382174,True,False
44,A_STATE,ID,253,lead_brake,False,False,False,0,0,90.54681922845315,0.1304749964425961,True,False
44,A_STATE,ID,254,lead_brake,False,False,False,0,0,57.559224850243915,0.8887892427543799,True,False
44,A_STATE,ID,255,lead_brake,False,False,False,0,0,69.34841873958234,0.5034540345271429,True,False
44,A_STATE,ID,256,lead_brake,False,False,False,0,0,61.07473552175838,0.5957800957063834,True,False
44,A_STATE,ID,257,lead_brake,False,False,False,0,0,95.4310241794963,0.22954417020082474,True,False
44,A_STATE,ID,258,lead_brake,False,False,False,0,0,71.67421442715914,0.30184351404507953,True,False
44,A_STATE,ID,259,lead_brake,False,False,False,0,0,97.08960068076864,0.09596890211105347,True,False
44,A_STATE,ID,260,lead_brake,False,False,False,0,0,57.24918326326003,1.3379980499545732,True,False
44,A_STATE,ID,261,lead_brake,False,False,False,0,0,68.69558857927645,0.4972031190991401,True,False
44,A_STATE,ID,262,lead_brake,False,False,False,0,0,54.35677115711306,0.6797639386107525,True,False
44,A_STATE,ID,263,lead_brake,False,False,False,0,0,60.4721327384878,1.4669185634702444,True,False
44,A_STATE,ID,264,lead_brake,False,False,False,0,0,93.45469115941943,0.29887688905000687,True,False
44,A_STATE,ID,265,lead_brake,False,False,False,0,0,86.83253235981381,0.1986045061300198,True,False
44,A_STATE,ID,266,lead_brake,False,False,False,0,0,66.50457877851112,0.28247565527757007,True,False
44,A_STATE,ID,267,lead_brake,False,False,False,0,0,79.70239587555514,0.2658193055540323,True,False
44,A_STATE,ID,268,lead_brake,False,False,False,0,0,60.79230343820943,0.5901758850862582,True,False
44,A_STATE,ID,269,lead_brake,False,False,False,0,0,70.14208479579712,0.6175717990845442,True,False
44,A_STATE,ID,270,lead_brake,False,False,False,0,0,78.86495557827749,1.056324059764544,True,False
44,A_STATE,ID,271,lead_brake,False,False,False,0,0,69.27769397928257,0.5357372866322596,True,False
44,A_STATE,ID,272,lead_brake,False,False,False,0,0,87.24218209229237,0.2291539783279101,True,False
44,A_STATE,ID,273,lead_brake,False,False,False,0,0,61.24439249234348,0.6202821768820286,True,False
44,A_STATE,ID,274,lead_brake,False,False,False,0,0,95.32553786979324,0.2686428849895795,True,False
44,A_STATE,ID,275,lead_brake,False,False,False,0,0,85.21285513423388,0.19722030063470206,True,False
44,A_STATE,ID,276,lead_brake,False,False,False,0,0,59.60960810476899,0.4001647798965375,True,False
44,A_STATE,ID,277,lead_brake,False,False,False,0,0,76.49001210323237,0.156063757215937,True,False
44,A_STATE,ID,278,lead_brake,False,False,False,0,0,81.2969970399613,0.22925841497878233,True,False
44,A_STATE,ID,279,lead_brake,False,False,False,0,0,90.93792458816233,0.2544718533754349,True,False
44,A_STATE,ID,280,lead_brake,False,False,False,0,0,81.94107884486873,0.2069456192354361,True,False
44,A_STATE,ID,281,lead_brake,False,False,False,0,0,82.58175848725905,0.19581805169582364,True,False
44,A_STATE,ID,282,lead_brake,False,False,False,0,0,87.59607916475325,0.1896770540624857,True,False
44,A_STATE,ID,283,lead_brake,False,False,False,0,0,56.43302074279273,4.227145529662569,True,False
44,A_STATE,ID,284,lead_brake,False,False,False,0,0,85.33530693210666,0.246860941251119,True,False
44,A_STATE,ID,285,lead_brake,False,False,False,0,0,70.93348783072254,0.851082220673561,True,False
44,A_STATE,ID,286,lead_brake,False,False,False,0,0,92.35234074517469,0.2238645777106285,True,False
44,A_STATE,ID,287,lead_brake,False,False,False,0,0,75.89083016120738,0.6543722140292326,True,False
44,A_STATE,ID,288,lead_brake,False,False,False,0,0,67.8502641047116,0.45334643435974914,True,False
44,A_STATE,ID,289,lead_brake,False,False,False,0,0,61.06078280386452,0.8368647998819748,True,False
44,A_STATE,ID,290,lead_brake,False,False,False,0,0,95.6576941310664,0.2551345701018969,True,False
44,A_STATE,ID,291,lead_brake,False,False,False,0,0,76.89919419929342,0.2323785250385602,True,False
44,A_STATE,ID,292,lead_brake,False,False,False,0,0,73.65197991058176,0.2678317030270894,True,False
44,A_STATE,ID,293,lead_brake,False,False,False,0,0,80.51320140570961,0.25727461961408454,True,False
44,A_STATE,ID,294,lead_brake,False,False,False,0,0,60.36438198324826,0.293215200304985,True,False
44,A_STATE,ID,295,lead_brake,False,False,False,0,0,82.25269048739253,0.2508404422551393,True,False
44,A_STATE,ID,296,lead_brake,False,False,False,0,0,61.03087181190219,0.5009742956608534,True,False
44,A_STATE,ID,297,lead_brake,False,False,False,0,0,74.83378217625435,0.23004864777127898,True,False
44,A_STATE,ID,298,lead_brake,False,False,False,0,0,93.95171891551276,0.17319800953070322,True,False
44,A_STATE,ID,299,lead_brake,False,False,False,0,0,67.54622750987514,4.939418276771903,True,False
44,A_STATE,OOD,0,crosswalk,False,False,False,0,0,30.179352414522167,1.9978670356795192,True,False
44,A_STATE,OOD,1,crosswalk,False,False,False,0,0,32.082721555969144,0.9974922452654157,True,False
44,A_STATE,OOD,2,crosswalk,True,True,False,0,0,22.71288610276428,0.9204923649949411,True,True
44,A_STATE,OOD,3,crosswalk,False,False,False,0,0,30.256968903453068,1.5069847354074801,True,False
44,A_STATE,OOD,4,crosswalk,False,False,False,0,0,24.88707694370323,1.419370602338742,True,False
44,A_STATE,OOD,5,crosswalk,True,True,False,0,0,25.167528604176518,1.6640826324491123,True,True
44,A_STATE,OOD,6,crosswalk,True,True,False,0,0,20.78831887559294,1.3150423672050238,True,True
44,A_STATE,OOD,7,crosswalk,False,False,False,0,0,21.811679521472442,1.7009846296380549,True,False
44,A_STATE,OOD,8,crosswalk,False,False,False,0,0,30.96153200904656,0.9514516662983666,True,False
44,A_STATE,OOD,9,crosswalk,False,False,False,0,0,30.05091486336074,1.6284035830884365,True,False
44,A_STATE,OOD,10,crosswalk,False,False,False,0,0,25.940057160582953,1.5282607642121804,True,False
44,A_STATE,OOD,11,crosswalk,False,True,False,0,0,24.088085560582755,1.6358310149775612,True,True
44,A_STATE,OOD,12,crosswalk,True,True,False,0,0,27.278132598042813,1.162484844525655,True,True
44,A_STATE,OOD,13,crosswalk,True,True,False,0,0,23.081567623479714,1.465164901954787,True,True
44,A_STATE,OOD,14,crosswalk,False,False,False,0,0,30.93952427022866,1.0428391279358613,True,False
44,A_STATE,OOD,15,crosswalk,False,True,False,0,0,22.6493200910761,1.3110600656105411,True,True
44,A_STATE,OOD,16,crosswalk,True,True,False,0,0,22.511025027544587,1.4677262815033516,True,True
44,A_STATE,OOD,17,crosswalk,True,True,False,0,0,20.875753977680453,0.8289112918304675,True,True
44,A_STATE,OOD,18,crosswalk,True,True,False,0,0,22.08151313064443,1.072744024651391,True,True
44,A_STATE,OOD,19,crosswalk,True,True,False,0,0,21.999039814198454,1.597216046954456,True,True
44,A_STATE,OOD,20,crosswalk,True,True,False,0,0,30.075780505413945,1.0468272481645857,True,True
44,A_STATE,OOD,21,crosswalk,True,True,False,0,0,22.010234235940462,1.3818169651286942,True,True
44,A_STATE,OOD,22,crosswalk,False,True,False,0,0,20.978023075935972,1.6062152716848583,True,True
44,A_STATE,OOD,23,crosswalk,False,False,False,0,0,29.603463120871165,1.4555911146677458,True,False
44,A_STATE,OOD,24,crosswalk,False,False,False,0,0,22.645909819862105,1.386935675428027,True,False
44,A_STATE,OOD,25,crosswalk,True,True,False,0,0,22.439602360233195,0.7998327233574607,True,True
44,A_STATE,OOD,26,crosswalk,True,True,False,0,0,22.86709466396568,0.8680674518857684,True,True
44,A_STATE,OOD,27,crosswalk,True,True,False,0,0,29.36253882659326,1.5782502683855237,True,True
44,A_STATE,OOD,28,crosswalk,False,False,False,0,0,31.446044137957227,1.8519144483975003,True,False
44,A_STATE,OOD,29,crosswalk,False,False,False,0,0,29.34726767291901,1.0136743471389864,True,False
44,A_STATE,OOD,30,crosswalk,False,False,False,0,0,28.92376177722024,1.2089084746206507,True,False
44,A_STATE,OOD,31,crosswalk,False,False,False,0,0,23.212467846300186,1.297914276576855,True,False
44,A_STATE,OOD,32,crosswalk,True,True,False,0,0,27.72958547668614,1.5265806382749139,True,True
44,A_STATE,OOD,33,crosswalk,False,True,False,0,0,27.215711731966685,1.7632890285717118,True,True
44,A_STATE,OOD,34,crosswalk,True,True,False,0,0,24.32869096035389,0.9070050550831689,True,True
44,A_STATE,OOD,35,crosswalk,False,False,False,0,0,22.321800905263423,1.4297537360249495,True,False
44,A_STATE,OOD,36,crosswalk,False,False,False,0,0,21.466254443625047,1.335336513124233,True,False
44,A_STATE,OOD,37,crosswalk,True,True,False,0,0,22.851626718233952,1.5798285316143716,True,True
44,A_STATE,OOD,38,crosswalk,True,True,False,0,0,21.057314983582827,0.8962346565338872,True,True
44,A_STATE,OOD,39,crosswalk,False,False,False,0,0,30.140222840869733,1.5585459934340584,True,False
44,A_STATE,OOD,40,crosswalk,False,False,False,0,0,22.080745450163512,1.4422912668527625,True,False
44,A_STATE,OOD,41,crosswalk,True,True,False,0,0,24.51493391111394,0.9230571985244751,True,True
44,A_STATE,OOD,42,crosswalk,False,False,False,0,0,24.759177413849653,1.7143483159856665,True,False
44,A_STATE,OOD,43,crosswalk,True,True,False,0,0,20.92696909676738,0.8367915502909956,True,True
44,A_STATE,OOD,44,crosswalk,True,True,False,0,0,31.18553688075533,1.0027658617174302,True,True
44,A_STATE,OOD,45,crosswalk,False,False,False,0,0,22.262086062375893,1.2299063109347352,True,False
44,A_STATE,OOD,46,crosswalk,True,True,False,0,0,30.602973457067304,0.9949652467455183,True,True
44,A_STATE,OOD,47,crosswalk,True,True,False,0,0,24.286932233277284,1.5107597168534994,True,True
44,A_STATE,OOD,48,crosswalk,True,True,False,0,0,27.500512011958506,1.1629324356714883,True,True
44,A_STATE,OOD,49,crosswalk,False,False,False,0,0,26.333771670846758,1.5507401951721735,True,False
44,A_STATE,OOD,50,crosswalk,False,False,False,0,0,27.663458884828835,1.5687168803479936,True,False
44,A_STATE,OOD,51,crosswalk,False,False,False,0,0,27.34160001809734,1.616335256319297,True,False
44,A_STATE,OOD,52,crosswalk,False,False,False,0,0,21.8709769590475,1.5423717298027542,True,False
44,A_STATE,OOD,53,crosswalk,True,True,False,0,0,21.669593554064207,1.0099990914265315,True,True
44,A_STATE,OOD,54,crosswalk,False,False,False,0,0,26.30858369436438,1.291332626954103,True,False
44,A_STATE,OOD,55,crosswalk,False,False,False,0,0,29.581390386424836,1.6417611704060904,True,False
44,A_STATE,OOD,56,crosswalk,False,True,False,0,0,22.577726530001637,1.5590580992209604,True,True
44,A_STATE,OOD,57,crosswalk,False,True,False,0,0,21.228613827974698,1.3211030944843183,True,True
44,A_STATE,OOD,58,crosswalk,True,True,False,0,0,28.41483671689969,1.4801431482746488,True,True
44,A_STATE,OOD,59,crosswalk,True,True,False,0,0,23.744053763555556,1.3510704345323823,True,True
44,A_STATE,OOD,60,crosswalk,True,True,False,0,0,27.856629770316797,1.2205017640672882,True,True
44,A_STATE,OOD,61,crosswalk,True,True,False,0,0,23.560134552865083,1.0521316130956013,True,True
44,A_STATE,OOD,62,crosswalk,True,True,False,0,0,28.222934719962517,0.9875626696480645,True,True
44,A_STATE,OOD,63,crosswalk,True,True,False,0,0,21.796345177093535,0.9186301752924919,True,True
44,A_STATE,OOD,64,crosswalk,False,False,False,0,0,24.810170181042352,1.5724088773131368,True,False
44,A_STATE,OOD,65,crosswalk,True,True,False,0,0,30.392365132271575,0.9860697719785901,True,True
44,A_STATE,OOD,66,crosswalk,True,True,False,0,0,21.15017807626797,1.3827637321240194,True,True
44,A_STATE,OOD,67,crosswalk,False,False,False,0,0,28.27359442728961,1.5086525150163228,True,False
44,A_STATE,OOD,68,crosswalk,True,True,False,0,0,20.885552759731624,0.802072352346252,True,True
44,A_STATE,OOD,69,crosswalk,True,True,False,0,0,25.533039453494055,1.2033888484750475,True,True
44,A_STATE,OOD,70,crosswalk,False,False,False,0,0,23.08878235475038,1.502073670963983,True,False
44,A_STATE,OOD,71,crosswalk,False,False,False,0,0,28.425600091795673,1.5006932013091585,True,False
44,A_STATE,OOD,72,crosswalk,True,True,False,0,0,22.742432298174293,0.9975622546288274,True,True
44,A_STATE,OOD,73,crosswalk,True,True,False,0,0,28.053448103634945,1.0259283781051636,True,True
44,A_STATE,OOD,74,crosswalk,True,True,False,0,0,24.836363924316338,1.1623198645455497,True,True
44,A_STATE,OOD,75,crosswalk,False,False,False,0,0,27.15693959619433,1.5788833600910086,True,False
44,A_STATE,OOD,76,crosswalk,False,False,False,0,0,28.796904392408617,1.4468845284797929,True,False
44,A_STATE,OOD,77,crosswalk,True,True,False,0,0,25.72956744940369,1.0665377415716648,True,True
44,A_STATE,OOD,78,crosswalk,False,False,False,0,0,28.942524233233335,1.1043347336533593,True,False
44,A_STATE,OOD,79,crosswalk,False,False,False,0,0,21.188662480882066,1.3378405552811738,True,False
44,A_STATE,OOD,80,crosswalk,False,False,False,0,0,24.395099715917695,1.4890365187938397,True,False
44,A_STATE,OOD,81,crosswalk,False,False,False,0,0,22.788470700905954,1.5101832574283753,True,False
44,A_STATE,OOD,82,crosswalk,True,True,False,0,0,25.55214155745469,1.3089818968659355,True,True
44,A_STATE,OOD,83,crosswalk,False,False,False,0,0,28.590648627098048,1.3448961079120636,True,False
44,A_STATE,OOD,84,crosswalk,True,True,False,0,0,27.70278878796875,1.0774313500433257,True,True
44,A_STATE,OOD,85,crosswalk,True,True,False,0,0,21.67574425489434,0.8630639987607155,True,True
44,A_STATE,OOD,86,crosswalk,False,False,False,0,0,31.47586387582593,1.569898775904565,True,False
44,A_STATE,OOD,87,crosswalk,True,True,False,0,0,22.9011633764676,0.8755885873522077,True,True
44,A_STATE,OOD,88,crosswalk,True,True,False,0,0,30.04909573694667,1.1050507776877458,True,True
44,A_STATE,OOD,89,crosswalk,False,False,False,0,0,28.500158824686416,1.3393183014331718,True,False
44,A_STATE,OOD,90,crosswalk,True,True,False,0,0,30.620228406277462,1.1946913503831431,True,True
44,A_STATE,OOD,91,crosswalk,True,True,False,0,0,23.867270109153367,1.0742428313408579,True,True
44,A_STATE,OOD,92,crosswalk,False,False,False,0,0,24.314449248203257,1.549759860101499,True,False
44,A_STATE,OOD,93,crosswalk,True,True,False,0,0,21.33479202282544,1.2211471609771252,True,True
44,A_STATE,OOD,94,crosswalk,True,True,False,0,0,26.55468456132214,1.5457243259463989,True,True
44,A_STATE,OOD,95,crosswalk,True,True,False,0,0,21.440115772412206,0.9712194601694742,True,True
44,A_STATE,OOD,96,crosswalk,False,True,False,0,0,28.524238391313688,1.5749676133456982,True,True
44,A_STATE,OOD,97,crosswalk,False,False,False,0,0,30.297422278971087,1.6350587829947472,True,False
44,A_STATE,OOD,98,crosswalk,False,False,False,0,0,27.392748411370043,1.4205928146839142,True,False
44,A_STATE,OOD,99,crosswalk,True,True,False,0,0,27.822604690027454,1.5716922673441114,True,True
44,A_STATE,OOD,100,stop_intersection,False,False,False,0,1,22.8721827014881,1.758175289377253,True,False
44,A_STATE,OOD,101,stop_intersection,False,False,False,0,1,24.935368682683986,1.3067129071877928,True,False
44,A_STATE,OOD,102,stop_intersection,False,False,False,0,1,30.68576999069647,1.3307101298601198,True,False
44,A_STATE,OOD,103,stop_intersection,False,False,False,0,1,26.860481415288564,1.644881064037107,True,False
44,A_STATE,OOD,104,stop_intersection,False,False,False,0,1,26.801574022573767,1.853376825650533,True,False
44,A_STATE,OOD,105,stop_intersection,False,False,False,0,1,20.959107230402182,1.7246357918613486,True,False
44,A_STATE,OOD,106,stop_intersection,False,False,False,0,1,30.815817153495786,1.310707422403189,True,False
44,A_STATE,OOD,107,stop_intersection,False,False,False,0,1,27.92487629817488,1.2465395646936752,True,False
44,A_STATE,OOD,108,stop_intersection,False,False,False,0,1,24.514597839343804,1.7390888470869796,True,False
44,A_STATE,OOD,109,stop_intersection,False,False,False,0,0,21.09775958572377,1.8583737479315865,True,False
44,A_STATE,OOD,110,stop_intersection,False,False,False,0,1,23.857965128857984,1.7543084546923637,True,False
44,A_STATE,OOD,111,stop_intersection,False,False,False,0,1,23.206812535621147,1.8465175852179527,True,False
44,A_STATE,OOD,112,stop_intersection,False,False,False,0,1,24.12301955191341,1.8071545565381963,True,False
44,A_STATE,OOD,113,stop_intersection,False,False,False,0,0,30.58409706286753,1.1113661669549486,True,False
44,A_STATE,OOD,114,stop_intersection,False,False,False,0,0,24.65226940011518,1.7894415243675834,True,False
44,A_STATE,OOD,115,stop_intersection,False,False,False,0,1,24.6440902976097,1.2145964036116728,True,False
44,A_STATE,OOD,116,stop_intersection,False,False,False,0,1,21.70765460063091,1.7523236076037088,True,False
44,A_STATE,OOD,117,stop_intersection,False,False,False,0,1,28.474864503196816,1.70759099371293,True,False
44,A_STATE,OOD,118,stop_intersection,False,False,False,0,1,28.27562954623229,1.2432675942396505,True,False
44,A_STATE,OOD,119,stop_intersection,False,False,False,0,1,23.75584285321483,1.6742498551805813,True,False
44,A_STATE,OOD,120,stop_intersection,False,False,False,0,1,30.703509133216492,1.3450729968596478,True,False
44,A_STATE,OOD,121,stop_intersection,False,False,False,0,1,21.045612279080178,2.03940367156809,True,False
44,A_STATE,OOD,122,stop_intersection,False,True,False,0,0,24.44417018483172,1.21071824660668,True,True
44,A_STATE,OOD,123,stop_intersection,False,False,False,0,1,31.66858886175813,1.1902660422208833,True,False
44,A_STATE,OOD,124,stop_intersection,False,False,False,0,1,28.720894473898163,1.7569290166315825,True,False
44,A_STATE,OOD,125,stop_intersection,True,True,False,0,0,24.167306290255407,1.1805697353113265,True,True
44,A_STATE,OOD,126,stop_intersection,False,False,False,0,1,30.59959346287787,1.6790858713480141,True,False
44,A_STATE,OOD,127,stop_intersection,False,False,False,0,1,28.500699008273592,1.348124497077044,True,False
44,A_STATE,OOD,128,stop_intersection,False,False,False,0,1,29.441635174241945,1.2642843142533913,True,False
44,A_STATE,OOD,129,stop_intersection,False,False,False,0,1,26.43923595653223,1.69135109433588,True,False
44,A_STATE,OOD,130,stop_intersection,True,True,False,0,0,21.70628842763054,1.2080302760004997,True,True
44,A_STATE,OOD,131,stop_intersection,False,False,False,0,1,24.188338209388696,1.8062372283732635,True,False
44,A_STATE,OOD,132,stop_intersection,False,True,False,0,0,21.037628012655528,2.2006510415424905,True,True
44,A_STATE,OOD,133,stop_intersection,False,False,False,0,1,24.802358573230556,1.667450998838131,True,False
44,A_STATE,OOD,134,stop_intersection,False,False,False,0,1,25.86657754688272,1.2346612779717696,True,False
44,A_STATE,OOD,135,stop_intersection,False,True,False,0,0,22.02428957161367,1.1109759619361474,True,True
44,A_STATE,OOD,136,stop_intersection,False,False,False,0,1,25.29650654801511,1.2383092861426503,True,False
44,A_STATE,OOD,137,stop_intersection,False,False,False,0,1,30.746160878615253,1.2552682091208063,True,False
44,A_STATE,OOD,138,stop_intersection,False,False,False,0,1,30.665046141469926,1.537276286145915,True,False
44,A_STATE,OOD,139,stop_intersection,False,False,False,0,1,27.539076631720782,1.128845658057775,True,False
44,A_STATE,OOD,140,stop_intersection,False,True,False,0,0,25.166267622966018,1.156067743897438,True,True
44,A_STATE,OOD,141,stop_intersection,False,False,False,0,0,29.063912919361456,1.1120355274619125,True,False
44,A_STATE,OOD,142,stop_intersection,False,False,False,0,1,22.81951078447441,1.7866455763578415,True,False
44,A_STATE,OOD,143,stop_intersection,False,False,False,0,1,27.758488418096736,1.8215504164497056,True,False
44,A_STATE,OOD,144,stop_intersection,False,False,False,0,1,30.591249198879552,1.1872724352813349,True,False
44,A_STATE,OOD,145,stop_intersection,False,False,False,0,1,27.136418018396938,1.6090846613601402,True,False
44,A_STATE,OOD,146,stop_intersection,False,False,False,0,1,27.16077818099969,1.9661693602073482,True,False
44,A_STATE,OOD,147,stop_intersection,False,False,False,0,0,21.484689071231088,1.2004735099302755,True,False
44,A_STATE,OOD,148,stop_intersection,True,True,False,0,0,21.207624079138554,0.9612674377858639,True,True
44,A_STATE,OOD,149,stop_intersection,False,False,False,0,1,29.023792725068375,1.5595497570785821,True,False
44,A_STATE,OOD,150,stop_intersection,False,False,False,0,0,23.011730914669556,1.7473366128073797,True,False
44,A_STATE,OOD,151,stop_intersection,False,False,False,0,0,22.985530024010124,1.1826360628411576,True,False
44,A_STATE,OOD,152,stop_intersection,False,False,False,0,1,30.5812926182853,1.316317870066716,True,False
44,A_STATE,OOD,153,stop_intersection,False,False,False,0,0,30.27060557358466,1.1794539391994476,True,False
44,A_STATE,OOD,154,stop_intersection,False,False,False,0,1,21.310858339871736,1.7928533732891083,True,False
44,A_STATE,OOD,155,stop_intersection,False,False,False,0,2,24.558482053237668,1.179886315319989,True,False
44,A_STATE,OOD,156,stop_intersection,False,False,False,0,1,21.936103453654752,1.6430344952727263,True,False
44,A_STATE,OOD,157,stop_intersection,False,False,False,0,1,22.81066108416129,1.8067245557904243,True,False
44,A_STATE,OOD,158,stop_intersection,False,False,False,0,1,30.37564851471877,1.5648544703920682,True,False
44,A_STATE,OOD,159,stop_intersection,False,False,False,0,0,29.08138032382412,1.1509739189613155,True,False
44,A_STATE,OOD,160,stop_intersection,False,False,False,0,1,25.391284486948962,1.6623372756517851,True,False
44,A_STATE,OOD,161,stop_intersection,True,True,False,0,0,23.366921624714998,1.1832918049324126,True,True
44,A_STATE,OOD,162,stop_intersection,False,True,False,0,0,27.71602750476934,1.1768137536397794,True,True
44,A_STATE,OOD,163,stop_intersection,False,False,False,0,0,25.888432434202752,1.1372278134028118,True,False
44,A_STATE,OOD,164,stop_intersection,True,True,False,0,0,23.939483139210566,1.1902921311557293,True,True
44,A_STATE,OOD,165,stop_intersection,False,False,False,0,1,28.264016378042722,1.8883442257841427,True,False
44,A_STATE,OOD,166,stop_intersection,False,False,False,0,1,26.559476057115774,1.8633144834767217,True,False
44,A_STATE,OOD,167,stop_intersection,False,True,False,0,0,30.48438687080861,1.1514879659164783,True,True
44,A_STATE,OOD,168,stop_intersection,False,False,False,0,0,31.416969198663587,1.1599765647025335,True,False
44,A_STATE,OOD,169,stop_intersection,False,False,False,0,1,28.14986729813775,1.1483439421042418,True,False
44,A_STATE,OOD,170,stop_intersection,False,True,False,0,0,21.196618931351292,1.1932746517030817,True,True
44,A_STATE,OOD,171,stop_intersection,False,False,False,0,0,21.90974582508769,1.088371212418015,True,False
44,A_STATE,OOD,172,stop_intersection,False,False,False,0,1,22.03275853506164,1.6094013288909315,True,False
44,A_STATE,OOD,173,stop_intersection,False,True,False,0,0,28.691840522863554,1.100638903850733,True,True
44,A_STATE,OOD,174,stop_intersection,False,False,False,0,0,22.456335266498428,1.7512388361824882,True,False
44,A_STATE,OOD,175,stop_intersection,False,False,False,0,1,28.308247187652093,1.289058092393373,True,False
44,A_STATE,OOD,176,stop_intersection,False,False,False,0,1,21.961518140149735,1.5766752606376688,True,False
44,A_STATE,OOD,177,stop_intersection,False,False,False,0,1,30.146884989333522,1.7535572027673525,True,False
44,A_STATE,OOD,178,stop_intersection,False,False,False,0,1,28.167472875797074,1.2003412215333236,True,False
44,A_STATE,OOD,179,stop_intersection,False,False,False,0,1,28.107430547194,1.8025368452072144,True,False
44,A_STATE,OOD,180,stop_intersection,False,True,False,0,0,22.04456070401096,1.1320688612759113,True,True
44,A_STATE,OOD,181,stop_intersection,False,False,False,0,1,31.1742195934976,1.1711593717336655,True,False
44,A_STATE,OOD,182,stop_intersection,False,True,False,0,0,22.526995232563852,1.2049368259153868,True,True
44,A_STATE,OOD,183,stop_intersection,False,False,False,0,0,21.770295135647338,1.1844858929917619,True,False
44,A_STATE,OOD,184,stop_intersection,False,False,False,0,1,29.752351301307748,1.668615868458381,True,False
44,A_STATE,OOD,185,stop_intersection,True,True,False,0,0,26.630592380673644,1.144081478895143,True,True
44,A_STATE,OOD,186,stop_intersection,False,False,False,0,1,30.016521782028278,1.639244095334467,True,False
44,A_STATE,OOD,187,stop_intersection,False,False,False,0,1,27.342487613613187,1.9508013400164517,True,False
44,A_STATE,OOD,188,stop_intersection,False,False,False,0,1,30.76068377603813,1.4065115956159737,True,False
44,A_STATE,OOD,189,stop_intersection,False,False,False,0,1,29.561401599176495,1.3084494761931589,True,False
44,A_STATE,OOD,190,stop_intersection,False,False,False,0,1,24.545812273156372,2.096934581911841,True,False
44,A_STATE,OOD,191,stop_intersection,False,False,False,0,1,26.449929490968536,1.8724841997027397,True,False
44,A_STATE,OOD,192,stop_intersection,False,False,False,0,0,30.541531545727377,1.0673118772960843,True,False
44,A_STATE,OOD,193,stop_intersection,True,True,False,0,0,24.328406938490488,1.1587065706650417,True,True
44,A_STATE,OOD,194,stop_intersection,False,True,False,0,0,27.20871023756613,1.181928151991309,True,True
44,A_STATE,OOD,195,stop_intersection,False,False,False,0,1,26.22221148703049,1.7975869901636812,True,False
44,A_STATE,OOD,196,stop_intersection,False,True,False,0,0,23.24684121742258,1.132649376988411,True,True
44,A_STATE,OOD,197,stop_intersection,False,False,False,0,1,29.24557552728917,1.606353296423858,True,False
44,A_STATE,OOD,198,stop_intersection,False,False,False,0,0,28.892722214516258,1.8686015870836044,True,False
44,A_STATE,OOD,199,stop_intersection,False,False,False,0,1,28.060449572139973,1.4564511676629384,True,False
44,A_STATE,OOD,200,lead_brake,False,False,False,0,0,33.90566947109993,3.31274151802063,True,False
44,A_STATE,OOD,201,lead_brake,False,False,False,0,0,30.831864511365364,5.162487862631678,True,False
44,A_STATE,OOD,202,lead_brake,False,False,True,0,0,26.002271984306116,3.6576105343798795,True,False
44,A_STATE,OOD,203,lead_brake,False,False,False,0,0,30.74173367645285,3.3981576723357043,True,False
44,A_STATE,OOD,204,lead_brake,False,False,False,0,0,29.71599927589065,4.0893721996496115,True,False
44,A_STATE,OOD,205,lead_brake,False,False,False,0,0,28.505556022860546,4.947563258310159,True,False
44,A_STATE,OOD,206,lead_brake,False,False,False,0,0,30.208519848944462,4.77403084312876,True,False
44,A_STATE,OOD,207,lead_brake,False,False,False,0,0,32.82560022076521,5.14508728372554,True,False
44,A_STATE,OOD,208,lead_brake,False,False,False,0,0,38.139423270164464,5.083660760273536,True,False
44,A_STATE,OOD,209,lead_brake,False,False,False,0,0,30.69844100495097,1.8088157673676808,True,False
44,A_STATE,OOD,210,lead_brake,False,False,False,0,0,29.797385095329698,3.947408210486173,True,False
44,A_STATE,OOD,211,lead_brake,False,False,False,0,0,36.453183766081914,5.9318379530062275,True,False
44,A_STATE,OOD,212,lead_brake,False,False,True,0,0,27.628371807164076,6.035633660852909,True,False
44,A_STATE,OOD,213,lead_brake,False,False,False,0,0,30.884048058498557,3.373966611921787,True,False
44,A_STATE,OOD,214,lead_brake,False,False,False,0,0,34.99813792247043,3.753947359820207,True,False
44,A_STATE,OOD,215,lead_brake,False,False,True,0,0,26.84876280438559,5.7082298475628095,True,False
44,A_STATE,OOD,216,lead_brake,False,False,False,0,0,40.22693833452081,2.7856377251446243,True,False
44,A_STATE,OOD,217,lead_brake,False,False,False,0,0,34.74746235467494,4.99129992040495,True,False
44,A_STATE,OOD,218,lead_brake,False,False,False,0,0,26.676468091779604,3.3504634654770293,True,False
44,A_STATE,OOD,219,lead_brake,False,False,False,0,0,34.44491250408052,4.545504005625844,True,False
44,A_STATE,OOD,220,lead_brake,False,False,False,0,0,35.309252564832896,3.4623033609241247,True,False
44,A_STATE,OOD,221,lead_brake,False,False,True,0,0,24.253928606137627,2.8373486824954544,True,False
44,A_STATE,OOD,222,lead_brake,False,False,False,0,0,39.749746720730236,5.069022502129276,True,False
44,A_STATE,OOD,223,lead_brake,False,False,True,0,0,26.440434849781028,5.227074857180317,True,False
44,A_STATE,OOD,224,lead_brake,False,False,False,0,0,31.309745089205318,4.368375287701686,True,False
44,A_STATE,OOD,225,lead_brake,False,False,False,0,0,31.983518748780213,4.891110625118016,True,False
44,A_STATE,OOD,226,lead_brake,False,False,False,0,0,27.242117836177336,2.0149248608698445,True,False
44,A_STATE,OOD,227,lead_brake,False,False,False,0,0,38.72658640634187,2.574286909153064,True,False
44,A_STATE,OOD,228,lead_brake,False,False,False,0,0,39.73759508494193,2.3055863492190833,True,False
44,A_STATE,OOD,229,lead_brake,False,False,False,0,0,43.18201556339859,4.565443935493628,True,False
44,A_STATE,OOD,230,lead_brake,False,False,False,0,0,34.15832282607069,5.250534580399592,True,False
44,A_STATE,OOD,231,lead_brake,False,False,False,0,0,35.373938852343045,3.0851604491472244,True,False
44,A_STATE,OOD,232,lead_brake,False,False,False,0,0,32.86631571115017,5.99538684139649,True,False
44,A_STATE,OOD,233,lead_brake,False,False,False,0,0,30.1518055105321,3.6879929217199483,True,False
44,A_STATE,OOD,234,lead_brake,False,False,False,0,0,29.226860292136635,4.996130350977182,True,False
44,A_STATE,OOD,235,lead_brake,False,False,False,0,0,32.39672343155014,4.975931992133458,True,False
44,A_STATE,OOD,236,lead_brake,False,False,False,0,0,42.635754524096846,5.238790849844614,True,False
44,A_STATE,OOD,237,lead_brake,False,False,False,0,0,40.52437758142859,2.6536773753662906,True,False
44,A_STATE,OOD,238,lead_brake,False,False,True,0,0,26.37923631414773,2.2893655089040594,True,False
44,A_STATE,OOD,239,lead_brake,False,False,False,0,0,34.491868042633385,4.1088425765434895,True,False
44,A_STATE,OOD,240,lead_brake,False,False,False,0,0,36.883096010237914,5.528173947706818,True,False
44,A_STATE,OOD,241,lead_brake,False,False,False,0,0,25.89000134686948,3.52956521200637,True,False
44,A_STATE,OOD,242,lead_brake,False,False,True,0,0,27.145269357709953,3.1599270304044085,True,False
44,A_STATE,OOD,243,lead_brake,False,False,False,0,0,31.210930405921058,5.016206976647178,True,False
44,A_STATE,OOD,244,lead_brake,False,False,False,0,0,41.795946472883244,5.347970838968952,True,False
44,A_STATE,OOD,245,lead_brake,False,False,False,0,0,43.59707609862093,1.6836835754414399,True,False
44,A_STATE,OOD,246,lead_brake,False,False,True,0,0,26.985906864172236,2.6368091463421783,True,False
44,A_STATE,OOD,247,lead_brake,False,False,False,0,0,31.53741534004629,5.751465649654468,True,False
44,A_STATE,OOD,248,lead_brake,False,False,True,0,0,27.803224255473115,1.9309051645298798,True,False
44,A_STATE,OOD,249,lead_brake,False,False,True,0,0,24.207229807364314,5.951435119844973,True,False
44,A_STATE,OOD,250,lead_brake,False,False,False,0,0,33.764471858595655,5.55611286436518,True,False
44,A_STATE,OOD,251,lead_brake,False,False,False,0,0,31.074161791216483,5.391402789702018,True,False
44,A_STATE,OOD,252,lead_brake,False,False,False,0,0,40.28751555814843,5.364286518966158,True,False
44,A_STATE,OOD,253,lead_brake,False,False,False,0,0,28.95716901734468,4.625012977048755,True,False
44,A_STATE,OOD,254,lead_brake,False,False,False,0,0,28.357586039373494,3.5328025457759695,True,False
44,A_STATE,OOD,255,lead_brake,False,False,False,0,0,34.59502163295941,5.418235292037328,True,False
44,A_STATE,OOD,256,lead_brake,False,False,True,0,0,25.252403542250395,3.8061613965158663,True,False
44,A_STATE,OOD,257,lead_brake,False,False,False,0,0,31.04982320725183,5.928857699036598,True,False
44,A_STATE,OOD,258,lead_brake,False,False,True,0,0,23.817351933429865,2.3754809787496924,True,False
44,A_STATE,OOD,259,lead_brake,False,False,False,0,0,43.26613705709576,4.635519430041313,True,False
44,A_STATE,OOD,260,lead_brake,False,False,False,0,0,34.875222691093825,2.978439875567952,True,False
44,A_STATE,OOD,261,lead_brake,False,False,False,0,0,28.91264876094664,2.0523113422095776,True,False
44,A_STATE,OOD,262,lead_brake,False,False,False,0,0,38.516421118475115,5.71429135898749,True,False
44,A_STATE,OOD,263,lead_brake,False,False,False,0,0,30.859547410686083,5.298638250678778,True,False
44,A_STATE,OOD,264,lead_brake,False,False,False,0,0,44.726488793790374,2.875693934659163,True,False
44,A_STATE,OOD,265,lead_brake,False,False,False,0,0,40.311626509307914,1.3760672099888323,True,False
44,A_STATE,OOD,266,lead_brake,False,False,False,0,0,32.53190973449473,6.147601547340551,True,False
44,A_STATE,OOD,267,lead_brake,False,False,False,0,0,29.7355935818416,3.8352561419208846,True,False
44,A_STATE,OOD,268,lead_brake,False,False,False,0,0,29.435910068203704,5.742385771746436,True,False
44,A_STATE,OOD,269,lead_brake,False,False,False,0,0,31.704082506428282,4.168024276693662,True,False
44,A_STATE,OOD,270,lead_brake,False,False,True,0,0,25.760011786994006,2.1015297075112658,True,False
44,A_STATE,OOD,271,lead_brake,False,False,False,0,0,36.39260740892245,5.604138867308695,True,False
44,A_STATE,OOD,272,lead_brake,False,False,False,0,0,34.41516158332283,3.974616419523954,True,False
44,A_STATE,OOD,273,lead_brake,False,False,False,0,0,34.955520171388834,1.2882186410327752,True,False
44,A_STATE,OOD,274,lead_brake,False,False,False,0,0,37.35300281948899,2.8153291580577693,True,False
44,A_STATE,OOD,275,lead_brake,False,False,False,0,0,33.2928366723289,3.0861231728146468,True,False
44,A_STATE,OOD,276,lead_brake,False,False,False,0,0,28.77007421587306,4.460360191762447,True,False
44,A_STATE,OOD,277,lead_brake,False,False,False,0,0,29.81702584944664,4.566033277660608,True,False
44,A_STATE,OOD,278,lead_brake,False,False,False,0,0,30.32644889843035,4.6398487240076065,True,False
44,A_STATE,OOD,279,lead_brake,False,False,False,0,0,38.90273933291434,0.5646651120235522,True,False
44,A_STATE,OOD,280,lead_brake,False,False,False,0,0,30.704511019919476,4.880824776987234,True,False
44,A_STATE,OOD,281,lead_brake,False,False,False,0,0,31.62301783241332,2.0824794974178076,True,False
44,A_STATE,OOD,282,lead_brake,False,False,False,0,0,32.3791111791561,5.183828257645169,True,False
44,A_STATE,OOD,283,lead_brake,False,False,False,0,0,36.69788271404799,3.075362927590807,True,False
44,A_STATE,OOD,284,lead_brake,False,False,True,0,0,26.145569655264243,4.694349406287073,True,False
44,A_STATE,OOD,285,lead_brake,False,False,False,0,0,35.47107511566636,4.791153067722916,True,False
44,A_STATE,OOD,286,lead_brake,False,False,False,0,0,29.212173557806157,5.359285504246751,True,False
44,A_STATE,OOD,287,lead_brake,False,False,False,0,0,32.763381320424095,3.6806286877642074,True,False
44,A_STATE,OOD,288,lead_brake,False,False,True,0,0,26.900177473150112,3.1679234889646373,True,False
44,A_STATE,OOD,289,lead_brake,False,False,False,0,0,39.87567043999955,3.565484015891949,True,False
44,A_STATE,OOD,290,lead_brake,False,False,False,0,0,33.8989531684062,3.3997976103176675,True,False
44,A_STATE,OOD,291,lead_brake,False,False,True,0,0,21.921662085354313,2.3964529695610204,True,False
44,A_STATE,OOD,292,lead_brake,False,False,False,0,0,36.269815515792274,2.0189033796389895,True,False
44,A_STATE,OOD,293,lead_brake,False,False,True,0,0,25.685026057905795,4.281003398199876,True,False
44,A_STATE,OOD,294,lead_brake,False,False,True,0,0,26.932526318487586,3.2025116005291543,True,False
44,A_STATE,OOD,295,lead_brake,False,False,False,0,0,28.41507796071466,4.2696299608796835,True,False
44,A_STATE,OOD,296,lead_brake,False,False,False,0,0,35.72984574250149,5.435603213186065,True,False
44,A_STATE,OOD,297,lead_brake,False,False,False,0,0,39.177167038955346,1.670025773346424,True,False
44,A_STATE,OOD,298,lead_brake,False,False,True,0,0,21.494759100174935,3.1848773844540115,True,False
44,A_STATE,OOD,299,lead_brake,False,False,False,0,0,25.897615213666523,2.1226812029878297,True,False
44,B_COC,ID,0,crosswalk,False,False,False,0,0,28.72389750430079,1.772741363162086,True,False
44,B_COC,ID,1,crosswalk,False,False,False,0,0,37.64594565634009,1.34739664538453,True,False
44,B_COC,ID,2,crosswalk,False,False,False,0,0,28.1277737031251,1.8676782909192537,True,False
44,B_COC,ID,3,crosswalk,False,False,False,0,0,33.82147237794782,1.7072055387226017,True,False
44,B_COC,ID,4,crosswalk,False,False,False,0,0,33.76481799480026,1.7840626903555608,True,False
44,B_COC,ID,5,crosswalk,False,False,False,0,0,28.879730605299343,1.5189615669457808,True,False
44,B_COC,ID,6,crosswalk,False,False,False,0,0,35.50544025184805,0.8900411697951229,True,False
44,B_COC,ID,7,crosswalk,False,False,False,0,0,37.41653488596694,1.676547179619471,True,False
44,B_COC,ID,8,crosswalk,False,False,False,0,0,28.280635764181596,1.653624502095309,True,False
44,B_COC,ID,9,crosswalk,False,False,False,0,0,33.49960504997024,1.5686550668694756,True,False
44,B_COC,ID,10,crosswalk,False,False,False,0,0,35.93561463353222,1.6365242879027904,True,False
44,B_COC,ID,11,crosswalk,False,False,False,0,0,33.927724520864786,1.5963812358677387,True,False
44,B_COC,ID,12,crosswalk,False,False,False,0,0,28.748772892417517,1.1935431435704231,True,False
44,B_COC,ID,13,crosswalk,False,False,False,0,0,30.69605721280598,1.2344660383203754,True,False
44,B_COC,ID,14,crosswalk,False,False,False,0,0,29.383442339902988,1.8158316612243652,True,False
44,B_COC,ID,15,crosswalk,False,False,False,0,0,34.357859095783674,0.840179405134657,True,False
44,B_COC,ID,16,crosswalk,False,False,False,0,0,27.856334252775532,1.6698845985688662,True,False
44,B_COC,ID,17,crosswalk,False,False,False,0,0,26.978043739955993,1.8223410844802856,True,False
44,B_COC,ID,18,crosswalk,False,False,False,0,0,35.218828788555015,1.636221039701592,True,False
44,B_COC,ID,19,crosswalk,False,False,False,0,0,39.30965121428673,0.7937555387616158,True,False
44,B_COC,ID,20,crosswalk,False,False,False,0,0,30.65498158217263,1.520588327021826,True,False
44,B_COC,ID,21,crosswalk,False,False,False,0,0,32.43059013076567,1.248782345134279,True,False
44,B_COC,ID,22,crosswalk,False,False,False,0,0,28.88794403302024,1.4587327681089701,True,False
44,B_COC,ID,23,crosswalk,False,False,False,0,0,35.38168345676402,0.840286493978717,True,False
44,B_COC,ID,24,crosswalk,False,False,False,0,0,28.486371290897424,1.3073496520519257,True,False
44,B_COC,ID,25,crosswalk,False,False,False,0,0,28.225756955525807,1.3357562394369216,True,False
44,B_COC,ID,26,crosswalk,False,False,False,0,0,26.97087078929433,1.7768225701231704,True,False
44,B_COC,ID,27,crosswalk,False,False,False,0,0,31.418320265449182,1.4666966969768205,True,False
44,B_COC,ID,28,crosswalk,False,False,False,0,0,34.85314092771877,1.4569338580424134,True,False
44,B_COC,ID,29,crosswalk,False,False,False,0,0,28.740621046815626,1.7603624016046522,True,False
44,B_COC,ID,30,crosswalk,False,False,False,0,0,32.961931956244996,0.9379842002754626,True,False
44,B_COC,ID,31,crosswalk,False,False,False,0,0,28.33765147734725,1.4583577280459197,True,False
44,B_COC,ID,32,crosswalk,False,False,False,0,0,38.375292496059636,1.595683048168818,True,False
44,B_COC,ID,33,crosswalk,False,False,False,0,0,33.0473485815782,0.7820236141031439,True,False
44,B_COC,ID,34,crosswalk,False,False,False,0,0,34.95168005613836,1.0738797982533772,True,False
44,B_COC,ID,35,crosswalk,False,False,False,0,0,28.885392484204793,1.4617596501889434,True,False
44,B_COC,ID,36,crosswalk,False,False,False,0,0,37.817943037037544,0.9336136490106581,True,False
44,B_COC,ID,37,crosswalk,False,False,False,0,0,31.510740772720883,1.702795441855084,True,False
44,B_COC,ID,38,crosswalk,False,False,False,0,0,33.73713230842485,1.747189656547878,True,False
44,B_COC,ID,39,crosswalk,False,False,False,0,0,27.73045073548473,1.3252600133419037,True,False
44,B_COC,ID,40,crosswalk,False,False,False,0,0,32.60751925702917,0.852192870300749,True,False
44,B_COC,ID,41,crosswalk,False,False,False,0,0,34.75085370054374,1.5704139525240117,True,False
44,B_COC,ID,42,crosswalk,False,False,False,0,0,37.463068790969395,0.7225951617178709,True,False
44,B_COC,ID,43,crosswalk,False,False,False,0,0,31.601426626066953,1.71688762695893,True,False
44,B_COC,ID,44,crosswalk,False,False,False,0,0,32.12545957199312,1.341067369688641,True,False
44,B_COC,ID,45,crosswalk,False,False,False,0,0,34.90665628515412,1.0926824063062668,True,False
44,B_COC,ID,46,crosswalk,False,False,False,0,0,29.802737937868976,1.8072916638283503,True,False
44,B_COC,ID,47,crosswalk,False,False,False,0,0,28.60918229242948,0.835505472052665,True,False
44,B_COC,ID,48,crosswalk,False,False,False,0,0,34.28368757968417,0.6287878255049387,True,False
44,B_COC,ID,49,crosswalk,False,False,False,0,0,37.98551158175975,1.1731401474579521,True,False
44,B_COC,ID,50,crosswalk,False,False,False,0,0,29.52772598725953,1.6246761865913866,True,False
44,B_COC,ID,51,crosswalk,False,False,False,0,0,29.441537784447682,0.666736683675221,True,False
44,B_COC,ID,52,crosswalk,False,False,False,0,0,36.400492980193654,0.852911261220773,True,False
44,B_COC,ID,53,crosswalk,False,False,False,0,0,37.16429352791471,1.171726295351982,True,False
44,B_COC,ID,54,crosswalk,False,False,False,0,0,36.76999893565062,0.8752250462770462,True,False
44,B_COC,ID,55,crosswalk,False,False,False,0,0,33.634653781569135,1.580612076954408,True,False
44,B_COC,ID,56,crosswalk,False,False,False,0,0,31.850959304721144,1.5819580717520279,True,False
44,B_COC,ID,57,crosswalk,False,False,False,0,0,33.32919822424452,1.783893203193491,True,False
44,B_COC,ID,58,crosswalk,False,False,False,0,0,34.957672074388,1.229117629320725,True,False
44,B_COC,ID,59,crosswalk,False,False,False,0,0,36.06441533387193,0.7286923110485077,True,False
44,B_COC,ID,60,crosswalk,False,False,False,0,0,36.28727190509106,1.6277874819934368,True,False
44,B_COC,ID,61,crosswalk,False,False,False,0,0,36.787714486674325,0.8569770663976669,True,False
44,B_COC,ID,62,crosswalk,False,False,False,0,0,32.35659069612931,1.7373193597251717,True,False
44,B_COC,ID,63,crosswalk,False,False,False,0,0,31.115464845806997,1.1446846312000638,True,False
44,B_COC,ID,64,crosswalk,False,False,False,0,0,28.439794175564785,1.5235011354088783,True,False
44,B_COC,ID,65,crosswalk,False,False,False,0,0,36.782306154029854,1.5582294234385092,True,False
44,B_COC,ID,66,crosswalk,False,False,False,0,0,32.69482701324549,1.3339877767222268,True,False
44,B_COC,ID,67,crosswalk,False,False,False,0,0,28.93037716581481,0.8598340824246405,True,False
44,B_COC,ID,68,crosswalk,False,False,False,0,0,31.144093923689162,0.7754320465028286,True,False
44,B_COC,ID,69,crosswalk,False,False,False,0,0,30.89054101097733,1.4912150179346402,True,False
44,B_COC,ID,70,crosswalk,False,False,False,0,0,39.06280589290561,1.204124502837658,True,False
44,B_COC,ID,71,crosswalk,False,False,False,0,0,34.95636290728051,0.7144197495654225,True,False
44,B_COC,ID,72,crosswalk,False,False,False,0,0,35.28006022133072,0.6145645030166791,True,False
44,B_COC,ID,73,crosswalk,False,False,False,0,0,32.2619991233668,1.4770424196665937,True,False
44,B_COC,ID,74,crosswalk,False,False,False,0,0,35.5821663829685,0.595100664574167,True,False
44,B_COC,ID,75,crosswalk,False,False,False,0,0,34.1715897278363,1.575663839890198,True,False
44,B_COC,ID,76,crosswalk,False,False,False,0,0,35.76633476799936,0.7695707865059376,True,False
44,B_COC,ID,77,crosswalk,False,False,False,0,0,35.19068340932208,1.6877000050788575,True,False
44,B_COC,ID,78,crosswalk,False,False,False,0,0,34.84639590145789,1.435410612821579,True,False
44,B_COC,ID,79,crosswalk,False,False,False,0,0,34.2445652292919,1.546654727147973,True,False
44,B_COC,ID,80,crosswalk,False,False,False,0,0,30.135512877373248,0.7821171979109446,True,False
44,B_COC,ID,81,crosswalk,False,False,False,0,0,32.941842377165216,1.7761709473349832,True,False
44,B_COC,ID,82,crosswalk,False,False,False,0,0,35.99838502714419,1.6275666219492753,True,False
44,B_COC,ID,83,crosswalk,False,False,False,0,0,38.289019138766506,0.5253893939348367,True,False
44,B_COC,ID,84,crosswalk,False,False,False,0,0,31.493865421798,1.2699315794136212,True,False
44,B_COC,ID,85,crosswalk,False,False,False,0,0,33.334828961570636,0.9834488024088469,True,False
44,B_COC,ID,86,crosswalk,False,False,False,0,0,27.44408377610661,1.5587175705216145,True,False
44,B_COC,ID,87,crosswalk,False,False,False,0,0,34.989565104890055,1.5642365281070982,True,False
44,B_COC,ID,88,crosswalk,False,False,False,0,0,30.17970649854657,1.7187105661088768,True,False
44,B_COC,ID,89,crosswalk,False,False,False,0,0,33.76340273826126,0.5609280162531396,True,False
44,B_COC,ID,90,crosswalk,False,False,False,0,0,28.887640552363187,0.8177871540898368,True,False
44,B_COC,ID,91,crosswalk,False,False,False,0,0,28.447514749791303,1.5868123823946172,True,False
44,B_COC,ID,92,crosswalk,False,False,False,0,0,37.55620660695244,1.4457786692814392,True,False
44,B_COC,ID,93,crosswalk,False,False,False,0,0,31.024816576764234,1.4845880245169003,True,False
44,B_COC,ID,94,crosswalk,False,False,False,0,0,31.070276978443125,1.569762552777926,True,False
44,B_COC,ID,95,crosswalk,False,False,False,0,0,30.845494777555572,0.542925288054076,True,False
44,B_COC,ID,96,crosswalk,False,False,False,0,0,27.624051735443786,1.722304828464985,True,False
44,B_COC,ID,97,crosswalk,False,False,False,0,0,37.85798451171779,0.9711869820379294,True,False
44,B_COC,ID,98,crosswalk,False,False,False,0,0,31.198011419003663,1.8065246976912022,True,False
44,B_COC,ID,99,crosswalk,False,False,False,0,0,30.67303376361675,1.1706294622272253,True,False
44,B_COC,ID,100,stop_intersection,False,False,False,0,1,26.361557423640917,1.3479894238549308,True,False
44,B_COC,ID,101,stop_intersection,False,False,False,0,1,31.736202334179644,1.096769230706351,True,False
44,B_COC,ID,102,stop_intersection,False,False,False,0,1,26.354092322547622,1.3359126529178103,True,False
44,B_COC,ID,103,stop_intersection,False,False,False,0,1,29.1706531945171,1.2574773874038305,True,False
44,B_COC,ID,104,stop_intersection,False,False,False,0,1,27.332237400685813,1.125805765390396,True,False
44,B_COC,ID,105,stop_intersection,False,False,False,0,1,31.595217676926858,1.0742020465078808,True,False
44,B_COC,ID,106,stop_intersection,False,False,False,0,1,32.690517937368966,1.0945244062514532,True,False
44,B_COC,ID,107,stop_intersection,False,False,False,0,1,30.28813247968818,1.3883225070802787,True,False
44,B_COC,ID,108,stop_intersection,False,False,False,0,1,32.367839322627965,1.2453721314668655,True,False
44,B_COC,ID,109,stop_intersection,False,False,False,0,1,33.81464262459455,1.119301069614499,True,False
44,B_COC,ID,110,stop_intersection,False,False,False,0,1,29.045924008261455,1.3509230864675421,True,False
44,B_COC,ID,111,stop_intersection,False,False,False,0,1,36.17365762843332,1.126672958218774,True,False
44,B_COC,ID,112,stop_intersection,False,False,False,0,1,36.268258518897994,1.1821864510691442,True,False
44,B_COC,ID,113,stop_intersection,False,False,False,0,1,36.008320207606864,1.171500239261361,True,False
44,B_COC,ID,114,stop_intersection,False,False,False,0,1,35.851983084075286,1.2010280476060025,True,False
44,B_COC,ID,115,stop_intersection,False,False,False,0,1,37.45762301722548,1.167124870211579,True,False
44,B_COC,ID,116,stop_intersection,False,False,False,0,1,31.29479123275427,1.2753782516870742,True,False
44,B_COC,ID,117,stop_intersection,False,False,False,0,1,27.773210761847906,1.2448170467426902,True,False
44,B_COC,ID,118,stop_intersection,False,False,False,0,1,31.80114303136171,1.3304036550032785,True,False
44,B_COC,ID,119,stop_intersection,False,False,False,0,1,35.16339808324532,1.1798843173753648,True,False
44,B_COC,ID,120,stop_intersection,False,False,False,0,1,37.59829292614899,1.3999912426585241,True,False
44,B_COC,ID,121,stop_intersection,False,False,False,0,1,36.52677265831392,1.1803146061443146,True,False
44,B_COC,ID,122,stop_intersection,False,False,False,0,1,32.98580280810763,1.0509756831235664,True,False
44,B_COC,ID,123,stop_intersection,False,False,False,0,1,26.615631985554025,1.3039413175067385,True,False
44,B_COC,ID,124,stop_intersection,False,False,False,0,1,34.252235811583674,1.1180049042369045,True,False
44,B_COC,ID,125,stop_intersection,False,False,False,0,1,35.72184480291703,1.188894694759732,True,False
44,B_COC,ID,126,stop_intersection,False,False,False,0,1,38.85408365293555,1.0988904900021024,True,False
44,B_COC,ID,127,stop_intersection,False,False,False,0,1,27.2284695802222,1.341021109271694,True,False
44,B_COC,ID,128,stop_intersection,False,False,False,0,1,33.599474804006505,1.2751220929913403,True,False
44,B_COC,ID,129,stop_intersection,False,False,False,0,1,35.206884021902695,1.3114076998175643,True,False
44,B_COC,ID,130,stop_intersection,False,False,False,0,1,26.77803107801686,1.1594101863029675,True,False
44,B_COC,ID,131,stop_intersection,False,False,False,0,1,27.943645934957672,1.3451851864118831,True,False
44,B_COC,ID,132,stop_intersection,False,False,False,0,1,32.86118569508808,1.2250794579343098,True,False
44,B_COC,ID,133,stop_intersection,False,False,False,0,1,30.714312402389258,1.1128896038706708,True,False
44,B_COC,ID,134,stop_intersection,False,False,False,0,1,38.653265582719314,1.2425607442855835,True,False
44,B_COC,ID,135,stop_intersection,False,False,False,0,1,31.8247625088007,1.3442940589709158,True,False
44,B_COC,ID,136,stop_intersection,False,False,False,0,1,36.25666340316031,1.0882196643135764,True,False
44,B_COC,ID,137,stop_intersection,False,False,False,0,1,31.50524109079345,1.1579941685606794,True,False
44,B_COC,ID,138,stop_intersection,False,False,False,0,1,33.07737947250148,1.1161731822150094,True,False
44,B_COC,ID,139,stop_intersection,False,False,False,0,1,30.85019709015151,1.2240960896015167,True,False
44,B_COC,ID,140,stop_intersection,False,False,False,0,1,38.38039040370607,1.0946696996688843,True,False
44,B_COC,ID,141,stop_intersection,False,False,False,0,1,37.63529967752961,1.2770306638308933,True,False
44,B_COC,ID,142,stop_intersection,False,False,False,0,1,35.54981811436582,1.1079595034772698,True,False
44,B_COC,ID,143,stop_intersection,False,False,False,0,1,26.488444909119785,1.3383903213449426,True,False
44,B_COC,ID,144,stop_intersection,False,False,False,0,1,29.247618352445887,1.1326724886894226,True,False
44,B_COC,ID,145,stop_intersection,False,False,False,0,1,36.39415670812842,1.2006397758211407,True,False
44,B_COC,ID,146,stop_intersection,False,False,False,0,1,36.55962012844966,1.0474775632222493,True,False
44,B_COC,ID,147,stop_intersection,False,False,False,0,1,31.754206662690024,1.1641437251393387,True,False
44,B_COC,ID,148,stop_intersection,False,False,False,0,1,33.53826876321526,1.1708964052654447,True,False
44,B_COC,ID,149,stop_intersection,False,False,False,0,1,36.251440099298904,1.3151825491974993,True,False
44,B_COC,ID,150,stop_intersection,False,False,False,0,1,34.44103370068974,1.157440443833669,True,False
44,B_COC,ID,151,stop_intersection,False,False,False,0,1,27.268663457243726,1.385048257338034,True,False
44,B_COC,ID,152,stop_intersection,False,False,False,0,1,27.88567687984294,1.279928982257843,True,False
44,B_COC,ID,153,stop_intersection,False,False,False,0,1,34.334266444604914,1.2208600305929416,True,False
44,B_COC,ID,154,stop_intersection,False,False,False,0,1,34.878867827520565,1.1245979819186898,True,False
44,B_COC,ID,155,stop_intersection,False,False,False,0,1,29.667162861175854,1.2796612122120001,True,False
44,B_COC,ID,156,stop_intersection,False,False,False,0,1,33.60739829835347,1.0356445204127918,True,False
44,B_COC,ID,157,stop_intersection,False,False,False,0,1,36.17607937978512,1.1837156013000842,True,False
44,B_COC,ID,158,stop_intersection,False,False,False,0,1,35.58316666867958,1.2232107207888647,True,False
44,B_COC,ID,159,stop_intersection,False,False,False,0,1,31.273472394532636,1.2496556991185896,True,False
44,B_COC,ID,160,stop_intersection,False,False,False,0,1,38.670140018330805,1.3925447918119884,True,False
44,B_COC,ID,161,stop_intersection,False,False,False,0,1,30.479255573292768,1.3396176619407456,True,False
44,B_COC,ID,162,stop_intersection,False,False,False,0,1,37.32501276630647,1.2082711571738831,True,False
44,B_COC,ID,163,stop_intersection,False,False,False,0,1,32.51214200620576,1.2339453548192976,True,False
44,B_COC,ID,164,stop_intersection,False,False,False,0,1,27.638024174278947,1.2818993392743563,True,False
44,B_COC,ID,165,stop_intersection,False,False,False,0,1,33.039137653417534,1.3381681889295576,True,False
44,B_COC,ID,166,stop_intersection,False,False,False,0,1,38.793870688722414,1.1751308690669924,True,False
44,B_COC,ID,167,stop_intersection,False,False,False,0,1,28.381148979758006,1.220340086863591,True,False
44,B_COC,ID,168,stop_intersection,False,False,False,0,1,35.46716791021174,1.1103329963462296,True,False
44,B_COC,ID,169,stop_intersection,False,False,False,0,1,35.41543624271841,1.2648062589691904,True,False
44,B_COC,ID,170,stop_intersection,False,False,False,0,1,30.050029963658126,1.2153228372335434,True,False
44,B_COC,ID,171,stop_intersection,False,False,False,0,1,29.421439942368938,1.3634353719259562,True,False
44,B_COC,ID,172,stop_intersection,False,False,False,0,1,28.32009527385444,1.3332434077011912,True,False
44,B_COC,ID,173,stop_intersection,False,False,False,0,1,28.232326092203465,1.2009767691294353,True,False
44,B_COC,ID,174,stop_intersection,False,False,False,0,1,34.605495592116206,1.065308939326893,True,False
44,B_COC,ID,175,stop_intersection,False,False,False,0,1,27.366493761279536,1.1766622005364833,True,False
44,B_COC,ID,176,stop_intersection,False,False,False,0,1,36.7619628352533,1.22136746728143,True,False
44,B_COC,ID,177,stop_intersection,False,False,False,0,1,30.544457510352856,1.2594060408763397,True,False
44,B_COC,ID,178,stop_intersection,False,False,False,0,1,28.764291214771113,1.1274978965520859,True,False
44,B_COC,ID,179,stop_intersection,False,False,False,0,1,30.143520799336315,1.1261596040027897,True,False
44,B_COC,ID,180,stop_intersection,False,False,False,0,1,31.7869036401377,1.2292699217796326,True,False
44,B_COC,ID,181,stop_intersection,False,False,False,0,1,35.57073881155808,1.188112369605473,True,False
44,B_COC,ID,182,stop_intersection,False,False,False,0,1,30.76469806843855,1.237773060798645,True,False
44,B_COC,ID,183,stop_intersection,False,False,False,0,1,35.67009483304334,1.1556885408800701,True,False
44,B_COC,ID,184,stop_intersection,False,False,False,0,1,33.960660135506245,1.1019918807717255,True,False
44,B_COC,ID,185,stop_intersection,False,False,False,0,1,37.08979573603287,1.1653641767280045,True,False
44,B_COC,ID,186,stop_intersection,False,False,False,0,1,35.38656105982569,1.0665869447920058,True,False
44,B_COC,ID,187,stop_intersection,False,False,False,0,1,37.64982095555624,1.2674137524196079,True,False
44,B_COC,ID,188,stop_intersection,False,False,False,0,1,29.73974888741662,1.1929172575473785,True,False
44,B_COC,ID,189,stop_intersection,False,False,False,0,1,35.62313504234979,1.1089200197264204,True,False
44,B_COC,ID,190,stop_intersection,False,False,False,0,1,36.19034892903948,1.0885376550934531,True,False
44,B_COC,ID,191,stop_intersection,False,False,False,0,1,31.857565662606575,1.2014479041099548,True,False
44,B_COC,ID,192,stop_intersection,False,False,False,0,1,31.48194074234982,1.273280810087155,True,False
44,B_COC,ID,193,stop_intersection,False,False,False,0,1,29.20712243351096,1.217427039757753,True,False
44,B_COC,ID,194,stop_intersection,False,False,False,0,1,30.220477391738278,1.2447044788262782,True,False
44,B_COC,ID,195,stop_intersection,False,False,False,0,1,35.608557612915526,1.0783861442045732,True,False
44,B_COC,ID,196,stop_intersection,False,False,False,0,1,28.4236330962309,1.219558822803008,True,False
44,B_COC,ID,197,stop_intersection,False,False,False,0,1,27.928600024315358,1.1908676838263488,True,False
44,B_COC,ID,198,stop_intersection,False,False,False,0,1,28.242672870212267,1.1341886669397354,True,False
44,B_COC,ID,199,stop_intersection,False,False,False,0,1,38.0259188282097,1.3375165207045419,True,False
44,B_COC,ID,200,lead_brake,False,False,False,0,0,76.19683715382311,0.2638238271077474,True,False
44,B_COC,ID,201,lead_brake,False,False,False,0,0,84.42901066329217,0.32722510397434235,True,False
44,B_COC,ID,202,lead_brake,False,False,False,0,0,63.901163341159354,0.32746330648660654,True,False
44,B_COC,ID,203,lead_brake,False,False,False,0,0,62.02356473387224,1.4105715913077195,True,False
44,B_COC,ID,204,lead_brake,False,False,False,0,0,86.43040931612258,0.27508981029192603,True,False
44,B_COC,ID,205,lead_brake,False,False,False,0,0,62.67801660857446,4.181025678912798,True,False
44,B_COC,ID,206,lead_brake,False,False,False,0,0,75.893345109213,0.3460265000661214,True,False
44,B_COC,ID,207,lead_brake,False,False,False,0,0,73.52217892810523,0.23435549437999725,True,False
44,B_COC,ID,208,lead_brake,False,False,False,0,0,78.2153831105671,0.28859952464699745,True,False
44,B_COC,ID,209,lead_brake,False,False,False,0,0,59.65302091161462,0.5700418651103973,True,False
44,B_COC,ID,210,lead_brake,False,False,False,0,0,62.28202148392119,1.1922731598218281,True,False
44,B_COC,ID,211,lead_brake,False,False,False,0,0,77.46200943072186,0.23419281964500746,True,False
44,B_COC,ID,212,lead_brake,False,False,False,0,0,77.97837070625171,0.49384720623493195,True,False
44,B_COC,ID,213,lead_brake,False,False,False,0,0,54.276156357808645,0.7837931451698145,True,False
44,B_COC,ID,214,lead_brake,False,False,False,0,0,91.62520214736932,0.20355586335062978,True,False
44,B_COC,ID,215,lead_brake,False,False,False,0,0,66.2344175316079,0.40381411711374915,True,False
44,B_COC,ID,216,lead_brake,False,False,False,0,0,60.03936016414671,5.63290103773276,True,False
44,B_COC,ID,217,lead_brake,False,False,False,0,0,60.226198464214654,1.6330144852399824,True,False
44,B_COC,ID,218,lead_brake,False,False,False,0,0,61.996267099661594,0.41909156243006385,True,False
44,B_COC,ID,219,lead_brake,False,False,False,0,0,75.98281369767962,0.2508003736535708,True,False
44,B_COC,ID,220,lead_brake,False,False,False,0,0,54.72717128791999,0.9937131417294344,True,False
44,B_COC,ID,221,lead_brake,False,False,False,0,0,52.7870622797751,2.211302045732736,True,False
44,B_COC,ID,222,lead_brake,False,False,False,0,0,83.28478362483585,0.24001345907648403,True,False
44,B_COC,ID,223,lead_brake,False,False,False,0,0,66.80422479217944,0.3469746137658755,True,False
44,B_COC,ID,224,lead_brake,False,False,False,0,0,70.979260465035,0.526494545241197,True,False
44,B_COC,ID,225,lead_brake,False,False,False,0,0,96.08604513540867,0.24183398733536401,True,False
44,B_COC,ID,226,lead_brake,False,False,False,0,0,65.09779370858269,0.46941989784439403,True,False
44,B_COC,ID,227,lead_brake,False,False,False,0,0,98.01691462391653,0.24597594638665515,True,False
44,B_COC,ID,228,lead_brake,False,False,False,0,0,74.2946649650762,0.4418960598607858,True,False
44,B_COC,ID,229,lead_brake,False,False,False,0,0,68.88717884894223,1.398624461144209,True,False
44,B_COC,ID,230,lead_brake,False,False,False,0,0,84.36738434210424,0.14428831140200296,True,False
44,B_COC,ID,231,lead_brake,False,False,False,0,0,93.31984954312325,0.14732727160056433,True,False
44,B_COC,ID,232,lead_brake,False,False,False,0,0,78.20116554849,0.36543006946643186,True,False
44,B_COC,ID,233,lead_brake,False,False,False,0,0,60.738673108124196,3.6192413568496704,True,False
44,B_COC,ID,234,lead_brake,False,False,False,0,0,64.76315330219334,1.039089646190405,True,False
44,B_COC,ID,235,lead_brake,False,False,False,0,0,94.79741330649394,0.1963546946644783,True,False
44,B_COC,ID,236,lead_brake,False,False,False,0,0,75.9312803720545,0.2647082408269246,True,False
44,B_COC,ID,237,lead_brake,False,False,False,0,0,55.861677372144555,0.6599736101925372,True,False
44,B_COC,ID,238,lead_brake,False,False,False,0,0,72.97561337354907,1.1137852848817904,True,False
44,B_COC,ID,239,lead_brake,False,False,False,0,0,75.06932251938625,0.41766588886578876,True,False
44,B_COC,ID,240,lead_brake,False,False,False,0,0,73.81032186948903,0.45944319541255635,True,False
44,B_COC,ID,241,lead_brake,False,False,False,0,0,55.06783817464386,0.5933217046161492,True,False
44,B_COC,ID,242,lead_brake,False,False,False,0,0,92.3135270100717,0.2267679100235303,True,False
44,B_COC,ID,243,lead_brake,False,False,False,0,0,94.22475682622506,0.27773460745811457,True,False
44,B_COC,ID,244,lead_brake,False,False,False,0,0,60.60837344318017,0.6423947364091872,True,False
44,B_COC,ID,245,lead_brake,False,False,False,0,0,68.05069208421898,0.4944791222612063,True,False
44,B_COC,ID,246,lead_brake,False,False,False,0,0,69.66676270499917,0.24373734245697656,True,False
44,B_COC,ID,247,lead_brake,False,False,False,0,0,67.583090308024,0.28132665157318115,True,False
44,B_COC,ID,248,lead_brake,False,False,False,0,0,56.930453724874965,6.807831617693106,True,False
44,B_COC,ID,249,lead_brake,False,False,False,0,0,60.54649490182103,0.4742847519616286,True,False
44,B_COC,ID,250,lead_brake,False,False,False,0,0,62.64296897036611,0.42276673763990397,True,False
44,B_COC,ID,251,lead_brake,False,False,False,0,0,63.45121826177419,1.754860890408357,True,False
44,B_COC,ID,252,lead_brake,False,False,False,0,0,82.04823486132256,0.22553399950265884,True,False
44,B_COC,ID,253,lead_brake,False,False,False,0,0,90.47895933501195,0.11224036167065302,True,False
44,B_COC,ID,254,lead_brake,False,False,False,0,0,57.53255369924661,0.8697715053955714,True,False
44,B_COC,ID,255,lead_brake,False,False,False,0,0,69.33429383806407,0.8102266962329546,True,False
44,B_COC,ID,256,lead_brake,False,False,False,0,0,61.031755251223665,0.5104749624927838,True,False
44,B_COC,ID,257,lead_brake,False,False,False,0,0,95.6489838506658,0.2335272878408432,True,False
44,B_COC,ID,258,lead_brake,False,False,False,0,0,71.6540564278373,0.2859371155500412,True,False
44,B_COC,ID,259,lead_brake,False,False,False,0,0,96.35862930327659,0.09733231117328008,True,False
44,B_COC,ID,260,lead_brake,False,False,False,0,0,57.244916241320894,0.8570280323425928,True,False
44,B_COC,ID,261,lead_brake,False,False,False,0,0,68.66556655766988,0.5175311130781968,True,False
44,B_COC,ID,262,lead_brake,False,False,False,0,0,54.318041241643186,0.6526059334476788,True,False
44,B_COC,ID,263,lead_brake,False,False,False,0,0,60.41908821660469,1.0883443144460518,True,False
44,B_COC,ID,264,lead_brake,False,False,False,0,0,93.92288638099258,0.31490511695543927,True,False
44,B_COC,ID,265,lead_brake,False,False,False,0,0,86.7540480766496,0.18051107972860336,True,False
44,B_COC,ID,266,lead_brake,False,False,False,0,0,66.46540497048781,0.3078331301609675,True,False
44,B_COC,ID,267,lead_brake,False,False,False,0,0,79.7260925974219,0.26145636787017185,True,False
44,B_COC,ID,268,lead_brake,False,False,False,0,0,60.754611011542806,0.513197806974252,True,False
44,B_COC,ID,269,lead_brake,False,False,False,0,0,70.0997236821446,0.6787278441091378,True,False
44,B_COC,ID,270,lead_brake,False,False,False,0,0,79.0110236087243,0.7572909668087959,True,False
44,B_COC,ID,271,lead_brake,False,False,False,0,0,69.28550361945182,0.5448986801008383,True,False
44,B_COC,ID,272,lead_brake,False,False,False,0,0,87.27361453637307,0.21943969031174976,True,False
44,B_COC,ID,273,lead_brake,False,False,False,0,0,61.213395996187565,0.6187901558975378,True,False
44,B_COC,ID,274,lead_brake,False,False,False,0,0,95.70392757193454,0.2768078049023946,True,False
44,B_COC,ID,275,lead_brake,False,False,False,0,0,85.13559574350711,0.19834448397159576,True,False
44,B_COC,ID,276,lead_brake,False,False,False,0,0,59.56618862027287,0.34308014127115405,True,False
44,B_COC,ID,277,lead_brake,False,False,False,0,0,76.41484234078487,0.13215523213148117,True,False
44,B_COC,ID,278,lead_brake,False,False,False,0,0,81.2933398660744,0.21748921275138852,True,False
44,B_COC,ID,279,lead_brake,False,False,False,0,0,91.08076601370045,0.2544832279284795,True,False
44,B_COC,ID,280,lead_brake,False,False,False,0,0,81.96016816040229,0.20662443836530048,True,False
44,B_COC,ID,281,lead_brake,False,False,False,0,0,82.54361411805915,0.1783577005068461,True,False
44,B_COC,ID,282,lead_brake,False,False,False,0,0,87.46357249797374,0.1792358197271824,True,False
44,B_COC,ID,283,lead_brake,False,False,False,0,0,56.40727225448571,1.286511675765117,True,False
44,B_COC,ID,284,lead_brake,False,False,False,0,0,85.42300067842008,0.2620000193516413,True,False
44,B_COC,ID,285,lead_brake,False,False,False,0,0,70.86592423308817,0.795924749225378,True,False
44,B_COC,ID,286,lead_brake,False,False,False,0,0,92.35986347942924,0.21445142850279808,True,False
44,B_COC,ID,287,lead_brake,False,False,False,0,0,75.83466339000411,0.9862387652198473,True,False
44,B_COC,ID,288,lead_brake,False,False,False,0,0,67.83903995859882,0.5136227607727051,True,False
44,B_COC,ID,289,lead_brake,False,False,False,0,0,61.009083136664074,0.7003264004985491,True,False
44,B_COC,ID,290,lead_brake,False,False,False,0,0,96.03481200323004,0.2676848272482554,True,False
44,B_COC,ID,291,lead_brake,False,False,False,0,0,76.90477521479087,0.23029166956742605,True,False
44,B_COC,ID,292,lead_brake,False,False,False,0,0,73.6310804990674,0.2786983549594879,True,False
44,B_COC,ID,293,lead_brake,False,False,False,0,0,80.54011528045503,0.24132602413495383,True,False
44,B_COC,ID,294,lead_brake,False,False,False,0,0,60.31780946020576,0.26485222578048706,True,False
44,B_COC,ID,295,lead_brake,False,False,False,0,0,82.26372710298774,0.23932558546463648,True,False
44,B_COC,ID,296,lead_brake,False,False,False,0,0,60.97093117313646,0.38347846021254856,True,False
44,B_COC,ID,297,lead_brake,False,False,False,0,0,74.8553382970672,0.23185649390021956,True,False
44,B_COC,ID,298,lead_brake,False,False,False,0,0,93.78511074345369,0.16486780221263564,True,False
44,B_COC,ID,299,lead_brake,False,False,False,0,0,67.52905476046014,2.5657170514265695,True,False
44,B_COC,OOD,0,crosswalk,False,False,False,0,0,30.384253218280726,1.707228109240532,True,False
44,B_COC,OOD,1,crosswalk,False,False,False,0,0,32.01758780029071,1.062313715616862,True,False
44,B_COC,OOD,2,crosswalk,True,True,False,0,0,22.942460262300976,0.9774169187854838,True,True
44,B_COC,OOD,3,crosswalk,False,True,False,0,0,30.613123399128668,1.3686152194675645,True,True
44,B_COC,OOD,4,crosswalk,False,False,False,0,0,25.069157286645133,1.2497466968165503,True,False
44,B_COC,OOD,5,crosswalk,True,True,False,0,0,24.651971824673097,1.5812128962892473,True,True
44,B_COC,OOD,6,crosswalk,True,True,False,0,0,20.44793205403542,1.290513299819496,True,True
44,B_COC,OOD,7,crosswalk,True,True,False,0,0,21.969398275860094,1.5452848014331633,True,True
44,B_COC,OOD,8,crosswalk,False,False,False,0,0,30.73446722440599,1.0230195445892138,True,False
44,B_COC,OOD,9,crosswalk,False,False,False,0,0,29.700336192120808,1.4579582740278803,True,False
44,B_COC,OOD,10,crosswalk,True,True,False,0,0,26.27862667026786,1.3950414624479082,True,True
44,B_COC,OOD,11,crosswalk,True,True,False,0,0,24.70825982276146,1.3997608603853167,True,True
44,B_COC,OOD,12,crosswalk,True,True,False,0,0,27.097077998021255,1.1708940991333552,True,True
44,B_COC,OOD,13,crosswalk,True,True,False,0,0,23.52925187597733,1.4084531967010763,True,True
44,B_COC,OOD,14,crosswalk,False,False,False,0,0,31.31407648410268,1.1075839151938756,True,False
44,B_COC,OOD,15,crosswalk,True,True,False,0,0,22.527749565677713,1.2578399441181083,True,True
44,B_COC,OOD,16,crosswalk,True,True,False,0,0,22.721821166676477,1.3594143506553438,True,True
44,B_COC,OOD,17,crosswalk,True,True,False,0,0,20.93534688668096,0.9310028398478473,True,True
44,B_COC,OOD,18,crosswalk,True,True,False,0,0,22.385510073041115,1.0669621366720932,True,True
44,B_COC,OOD,19,crosswalk,True,True,False,0,0,21.763125777116713,1.5118498422882771,True,True
44,B_COC,OOD,20,crosswalk,True,True,False,0,0,29.463596913373152,1.1214840412139893,True,True
44,B_COC,OOD,21,crosswalk,True,True,False,0,0,22.012543929061025,1.3368909124817165,True,True
44,B_COC,OOD,22,crosswalk,True,True,False,0,0,21.075432619485106,1.4692960539832711,True,True
44,B_COC,OOD,23,crosswalk,True,True,False,0,0,29.55602820598135,1.2686463942130406,True,True
44,B_COC,OOD,24,crosswalk,True,True,False,0,0,22.611467245277506,1.3023720132677177,True,True
44,B_COC,OOD,25,crosswalk,True,True,False,0,0,22.446087705762565,0.614044440013391,True,True
44,B_COC,OOD,26,crosswalk,True,True,False,0,0,22.55820356592401,0.7258618117443152,True,True
44,B_COC,OOD,27,crosswalk,True,True,False,0,0,29.255157793464193,1.4827426986114396,True,True
44,B_COC,OOD,28,crosswalk,False,False,False,0,0,30.956458761467136,1.6554624866694212,True,False
44,B_COC,OOD,29,crosswalk,False,False,False,0,0,29.22504699004096,1.0437431853068502,True,False
44,B_COC,OOD,30,crosswalk,False,False,False,0,0,29.10459789295016,1.1956569738686085,True,False
44,B_COC,OOD,31,crosswalk,True,True,False,0,0,23.13759727890931,1.2208554110465903,True,True
44,B_COC,OOD,32,crosswalk,True,True,False,0,0,27.9261092591723,1.3591652611891427,True,True
44,B_COC,OOD,33,crosswalk,True,True,False,0,0,26.321147935891467,1.5961145656183362,True,True
44,B_COC,OOD,34,crosswalk,True,True,False,0,0,24.686936174971585,0.9786133227809782,True,True
44,B_COC,OOD,35,crosswalk,True,True,False,0,0,22.52397422688462,1.3330127339105349,True,True
44,B_COC,OOD,36,crosswalk,True,True,False,0,0,21.294829519681805,1.2603476369067241,True,True
44,B_COC,OOD,37,crosswalk,True,True,False,0,0,23.15324526065229,1.445364344023889,True,True
44,B_COC,OOD,38,crosswalk,True,True,False,0,0,20.46002829193015,0.9824605400745685,True,True
44,B_COC,OOD,39,crosswalk,True,True,False,0,0,30.824311275511064,1.3583913883742162,True,True
44,B_COC,OOD,40,crosswalk,True,True,False,0,0,21.43200652470359,1.3924201081196466,True,True
44,B_COC,OOD,41,crosswalk,True,True,False,0,0,24.048212069793706,1.0324035225243404,True,True
44,B_COC,OOD,42,crosswalk,True,True,False,0,0,25.051072403457855,1.5742091699080032,True,True
44,B_COC,OOD,43,crosswalk,True,True,False,0,0,20.73632304566418,0.8898188471794128,True,True
44,B_COC,OOD,44,crosswalk,True,True,False,0,0,31.212317870791885,1.080434430729259,True,True
44,B_COC,OOD,45,crosswalk,True,True,False,0,0,22.045178187986483,1.16025109480067,True,True
44,B_COC,OOD,46,crosswalk,True,True,False,0,0,31.06272558594824,1.0106089620879202,True,True
44,B_COC,OOD,47,crosswalk,True,True,False,0,0,24.456548275227213,1.3987164923122952,True,True
44,B_COC,OOD,48,crosswalk,True,True,False,0,0,27.26398501011672,1.1768753187997,True,True
44,B_COC,OOD,49,crosswalk,False,False,False,0,0,27.1487882809179,1.3451226100777136,True,False
44,B_COC,OOD,50,crosswalk,False,False,False,0,0,27.20578698066578,1.3788523276646931,True,False
44,B_COC,OOD,51,crosswalk,False,True,False,0,0,27.489438662990587,1.4732370546885898,True,True
44,B_COC,OOD,52,crosswalk,True,True,False,0,0,22.74949279590756,1.3890868064128992,True,True
44,B_COC,OOD,53,crosswalk,True,True,False,0,0,22.109149465172024,1.0032250583171844,True,True
44,B_COC,OOD,54,crosswalk,False,False,False,0,0,26.113355725726308,1.099844988849428,True,False
44,B_COC,OOD,55,crosswalk,False,True,False,0,0,29.755015759791213,1.4927994353430611,True,True
44,B_COC,OOD,56,crosswalk,True,True,False,0,0,23.11480334043451,1.4160658291407993,True,True
44,B_COC,OOD,57,crosswalk,True,True,False,0,0,21.342276306296338,1.2947075718488448,True,True
44,B_COC,OOD,58,crosswalk,True,True,False,0,0,28.763188589742658,1.322683353681822,True,True
44,B_COC,OOD,59,crosswalk,True,True,False,0,0,23.74293065658985,1.26745439477657,True,True
44,B_COC,OOD,60,crosswalk,True,True,False,0,0,27.560873018556418,1.2272066981704146,True,True
44,B_COC,OOD,61,crosswalk,True,True,False,0,0,23.378531557137862,1.0843383162109939,True,True
44,B_COC,OOD,62,crosswalk,True,True,False,0,0,28.448698986172197,1.0524075850844383,True,True
44,B_COC,OOD,63,crosswalk,True,True,False,0,0,21.303549631240482,1.0027854530899611,True,True
44,B_COC,OOD,64,crosswalk,True,True,False,0,0,24.03538187015034,1.4866443489279064,True,True
44,B_COC,OOD,65,crosswalk,True,True,False,0,0,30.59933845300872,1.032989386356238,True,True
44,B_COC,OOD,66,crosswalk,True,True,False,0,0,21.01276045683364,1.3355518877506256,True,True
44,B_COC,OOD,67,crosswalk,True,True,False,0,0,27.63156335947132,1.4476536684914638,True,True
44,B_COC,OOD,68,crosswalk,True,True,False,0,0,20.4686742267329,0.9248159825801849,True,True
44,B_COC,OOD,69,crosswalk,True,True,False,0,0,25.16138694083974,1.205668907899123,True,True
44,B_COC,OOD,70,crosswalk,True,True,False,0,0,22.5710475448866,1.3929461100787826,True,True
44,B_COC,OOD,71,crosswalk,True,True,False,0,0,28.130773221084354,1.409182172072561,True,True
44,B_COC,OOD,72,crosswalk,True,True,False,0,0,23.354743278899324,1.021511395062719,True,True
44,B_COC,OOD,73,crosswalk,True,True,False,0,0,28.085992948583716,1.087912647954879,True,True
44,B_COC,OOD,74,crosswalk,True,True,False,0,0,24.696872059769266,1.162271832044308,True,True
44,B_COC,OOD,75,crosswalk,False,True,False,0,0,27.38752133267046,1.4263232094900948,True,True
44,B_COC,OOD,76,crosswalk,True,True,False,0,0,29.234112011137,1.32692844979465,True,True
44,B_COC,OOD,77,crosswalk,True,True,False,0,0,26.04979962547882,1.0976705674467415,True,True
44,B_COC,OOD,78,crosswalk,False,False,False,0,0,28.9944249351183,1.086447199708537,True,False
44,B_COC,OOD,79,crosswalk,True,True,False,0,0,20.431980011539487,1.2798603479233053,True,True
44,B_COC,OOD,80,crosswalk,True,True,False,0,0,23.766089395608947,1.3748596906661985,True,True
44,B_COC,OOD,81,crosswalk,True,True,False,0,0,22.660839138075232,1.4030026080030382,True,True
44,B_COC,OOD,82,crosswalk,True,True,False,0,0,25.552104740171615,1.1805344513944678,True,True
44,B_COC,OOD,83,crosswalk,True,True,False,0,0,29.21542381829873,1.1907288543879986,True,True
44,B_COC,OOD,84,crosswalk,True,True,False,0,0,28.063486771541086,1.1101146936416624,True,True
44,B_COC,OOD,85,crosswalk,True,True,False,0,0,21.509293454481806,0.9494154040630046,True,True
44,B_COC,OOD,86,crosswalk,False,False,False,0,0,31.028603932473622,1.4201745894901892,True,False
44,B_COC,OOD,87,crosswalk,True,True,False,0,0,22.79507860810986,0.9750547594037549,True,True
44,B_COC,OOD,88,crosswalk,True,True,False,0,0,30.279054298903034,1.142843481033079,True,True
44,B_COC,OOD,89,crosswalk,True,True,False,0,0,28.587667504986143,1.2391679278678362,True,True
44,B_COC,OOD,90,crosswalk,True,True,False,0,0,30.26869871652422,1.2180190250791352,True,True
44,B_COC,OOD,91,crosswalk,True,True,False,0,0,23.139766423315532,1.116899299621582,True,True
44,B_COC,OOD,92,crosswalk,True,True,False,0,0,25.061364708532395,1.3550210084233965,True,True
44,B_COC,OOD,93,crosswalk,True,True,False,0,0,20.578692514213984,1.2116848911557878,True,True
44,B_COC,OOD,94,crosswalk,True,True,False,0,0,26.328512858443716,1.4632221518291366,True,True
44,B_COC,OOD,95,crosswalk,True,True,False,0,0,21.771367101146257,0.9933669037289089,True,True
44,B_COC,OOD,96,crosswalk,True,True,False,0,0,28.904749413413484,1.3503705177988325,True,True
44,B_COC,OOD,97,crosswalk,True,True,False,0,0,31.041534285956615,1.4491270401993313,True,True
44,B_COC,OOD,98,crosswalk,False,False,False,0,0,27.272746871868215,1.2478121859686715,True,False
44,B_COC,OOD,99,crosswalk,True,True,False,0,0,27.81286513115949,1.4707346421641272,True,True
44,B_COC,OOD,100,stop_intersection,True,True,False,0,0,23.7178299530458,2.041447230747768,True,True
44,B_COC,OOD,101,stop_intersection,False,False,False,0,1,25.45533767567722,1.2000439361650117,True,False
44,B_COC,OOD,102,stop_intersection,False,False,False,0,1,31.139014818682238,1.460657272583399,True,False
44,B_COC,OOD,103,stop_intersection,False,False,False,0,1,27.63328924015765,1.473197245372916,True,False
44,B_COC,OOD,104,stop_intersection,False,False,False,0,1,26.751523981454376,1.754322157965766,True,False
44,B_COC,OOD,105,stop_intersection,False,False,False,0,1,21.574615830825692,1.6899974044503234,True,False
44,B_COC,OOD,106,stop_intersection,False,False,False,0,1,31.317439024861336,1.4641778132854362,True,False
44,B_COC,OOD,107,stop_intersection,False,False,False,0,1,28.54404619039658,1.1292728489520503,True,False
44,B_COC,OOD,108,stop_intersection,False,False,False,0,1,25.3865538364946,1.4638614081419432,True,False
44,B_COC,OOD,109,stop_intersection,False,False,False,0,0,21.82380733458644,2.1377613263971664,True,False
44,B_COC,OOD,110,stop_intersection,False,False,False,0,1,24.34112339633763,1.6645433110269632,True,False
44,B_COC,OOD,111,stop_intersection,False,False,False,0,1,23.986172555680763,1.740830528239409,True,False
44,B_COC,OOD,112,stop_intersection,False,False,False,0,1,23.912183445214396,1.6715239360928535,True,False
44,B_COC,OOD,113,stop_intersection,False,True,False,0,0,30.286957119544326,1.1123716980218885,True,True
44,B_COC,OOD,114,stop_intersection,False,False,False,0,0,24.274843872208457,2.1175282852990285,True,False
44,B_COC,OOD,115,stop_intersection,False,False,False,0,0,25.038933748394392,1.2490703496668072,True,False
44,B_COC,OOD,116,stop_intersection,False,False,False,0,1,22.436387337853944,1.6874583984943143,True,False
44,B_COC,OOD,117,stop_intersection,False,False,False,0,1,29.281586541947007,1.5761217414116373,True,False
44,B_COC,OOD,118,stop_intersection,False,False,False,0,1,28.758240275577894,1.3642179660308054,True,False
44,B_COC,OOD,119,stop_intersection,False,False,False,0,0,23.719315878816708,1.9781876837506012,True,False
44,B_COC,OOD,120,stop_intersection,False,False,False,0,1,31.37504313563977,1.170676839351654,True,False
44,B_COC,OOD,121,stop_intersection,False,False,False,0,1,20.861885053764308,1.9602341430131778,True,False
44,B_COC,OOD,122,stop_intersection,True,True,False,0,0,25.131972209635546,1.2511783838272095,True,True
44,B_COC,OOD,123,stop_intersection,False,False,False,0,1,32.00659097545803,1.2688951407160078,True,False
44,B_COC,OOD,124,stop_intersection,False,False,False,0,1,28.748940740856288,1.6466087491615957,True,False
44,B_COC,OOD,125,stop_intersection,True,True,False,0,0,23.993738498690067,1.333725998799006,True,True
44,B_COC,OOD,126,stop_intersection,False,False,False,0,1,31.50295887749688,1.6282558324290255,True,False
44,B_COC,OOD,127,stop_intersection,False,False,False,0,1,28.322026563709326,1.3377872347831725,True,False
44,B_COC,OOD,128,stop_intersection,False,False,False,0,1,30.023647329595967,1.3519152104854584,True,False
44,B_COC,OOD,129,stop_intersection,False,False,False,0,1,27.258574228746156,1.4170580991992243,True,False
44,B_COC,OOD,130,stop_intersection,True,True,False,0,0,22.139743793377754,1.2785056148256573,True,True
44,B_COC,OOD,131,stop_intersection,False,False,False,0,1,24.608556354132283,1.6636685552922161,True,False
44,B_COC,OOD,132,stop_intersection,True,True,False,0,0,21.434063248112178,2.060282410997333,True,True
44,B_COC,OOD,133,stop_intersection,False,False,False,0,1,25.659203899356182,1.6020524382591246,True,False
44,B_COC,OOD,134,stop_intersection,False,False,False,0,1,26.552371364522067,1.3051579243097549,True,False
44,B_COC,OOD,135,stop_intersection,True,True,False,0,0,22.087695028117558,1.188171146547093,True,True
44,B_COC,OOD,136,stop_intersection,False,False,False,0,1,25.978343037383972,1.2944902365024273,True,False
44,B_COC,OOD,137,stop_intersection,False,False,False,0,1,31.567633691208236,1.1575431800356097,True,False
44,B_COC,OOD,138,stop_intersection,False,False,False,0,1,31.40169376941964,1.3451408325357639,True,False
44,B_COC,OOD,139,stop_intersection,False,False,False,0,1,28.120836837347266,1.281171530485153,True,False
44,B_COC,OOD,140,stop_intersection,False,True,False,0,0,25.592032230020934,1.1092045118934228,True,True
44,B_COC,OOD,141,stop_intersection,False,False,False,0,0,28.87465516701892,1.076000839471817,True,False
44,B_COC,OOD,142,stop_intersection,False,False,False,0,1,23.35773383394485,1.4061521381760635,True,False
44,B_COC,OOD,143,stop_intersection,False,False,False,0,1,28.363809733422208,1.7250552202792875,True,False
44,B_COC,OOD,144,stop_intersection,False,False,False,0,1,30.85306098457749,1.2994176876254198,True,False
44,B_COC,OOD,145,stop_intersection,False,False,False,0,1,28.00417485868868,1.349892403792452,True,False
44,B_COC,OOD,146,stop_intersection,False,False,False,0,1,27.054972971800588,2.018013246357441,True,False
44,B_COC,OOD,147,stop_intersection,False,False,False,0,0,21.20601463025114,1.2236664465495517,True,False
44,B_COC,OOD,148,stop_intersection,True,True,False,0,0,20.683902497143063,1.1798358956972759,True,True
44,B_COC,OOD,149,stop_intersection,False,False,False,0,1,29.668527799045997,1.3353556050704076,True,False
44,B_COC,OOD,150,stop_intersection,False,False,False,0,1,23.259769013174186,1.4862718141597249,True,False
44,B_COC,OOD,151,stop_intersection,False,True,False,0,0,23.630312136311574,1.2536776747022356,True,True
44,B_COC,OOD,152,stop_intersection,False,False,False,0,1,31.04943718350996,1.4704797665278115,True,False
44,B_COC,OOD,153,stop_intersection,False,True,False,0,0,30.751873082405268,1.1514912247657776,True,True
44,B_COC,OOD,154,stop_intersection,False,False,False,0,1,21.70729774850155,1.451478226482868,True,False
44,B_COC,OOD,155,stop_intersection,False,False,False,0,1,24.521784457739518,1.374449891013068,True,False
44,B_COC,OOD,156,stop_intersection,False,False,False,0,1,22.785874199885836,1.4215199846141742,True,False
44,B_COC,OOD,157,stop_intersection,False,False,False,0,1,23.475368661120015,1.699637965015743,True,False
44,B_COC,OOD,158,stop_intersection,False,False,False,0,1,30.309539723954806,1.5382868685620894,True,False
44,B_COC,OOD,159,stop_intersection,False,True,False,0,0,28.59367916495092,1.1446529626846313,True,True
44,B_COC,OOD,160,stop_intersection,False,False,False,0,1,26.14651842176866,1.5437406535242117,True,False
44,B_COC,OOD,161,stop_intersection,True,True,False,0,0,23.758767771298558,1.3512556586000652,True,True
44,B_COC,OOD,162,stop_intersection,True,True,False,0,0,27.00995677199537,1.2345850145494615,True,True
44,B_COC,OOD,163,stop_intersection,False,False,False,0,0,26.468490332962595,1.076869506102342,True,False
44,B_COC,OOD,164,stop_intersection,True,True,False,0,0,24.64900046645962,1.2807873719268374,True,True
44,B_COC,OOD,165,stop_intersection,False,False,False,0,1,28.243772216691724,1.834304243960279,True,False
44,B_COC,OOD,166,stop_intersection,False,False,False,0,1,27.422304152333755,1.8002136018541122,True,False
44,B_COC,OOD,167,stop_intersection,True,True,False,0,0,30.078938281860573,1.1887206786718123,True,True
44,B_COC,OOD,168,stop_intersection,False,True,False,0,0,30.81141313918387,1.2001279072883801,True,True
44,B_COC,OOD,169,stop_intersection,False,False,False,0,1,28.738039812576375,1.3204166293144226,True,False
44,B_COC,OOD,170,stop_intersection,False,True,False,0,0,21.12636426573811,1.2088196618216378,True,True
44,B_COC,OOD,171,stop_intersection,False,True,False,0,0,21.7228586853076,1.171899139881134,True,True
44,B_COC,OOD,172,stop_intersection,False,False,False,0,0,21.85709766318027,2.077362440964755,True,False
44,B_COC,OOD,173,stop_intersection,True,True,False,0,0,28.27628962081021,1.0606786161661148,True,True
44,B_COC,OOD,174,stop_intersection,False,False,False,0,0,22.215313442223184,2.039471106095747,True,False
44,B_COC,OOD,175,stop_intersection,False,False,False,0,1,28.142239280559515,1.458272996701692,True,False
44,B_COC,OOD,176,stop_intersection,False,False,False,0,0,21.73619075844125,1.9850937137380242,True,False
44,B_COC,OOD,177,stop_intersection,False,False,False,0,1,30.862125290376337,1.3719906125749861,True,False
44,B_COC,OOD,178,stop_intersection,False,False,False,0,1,28.8936731565298,1.3807850159131563,True,False
44,B_COC,OOD,179,stop_intersection,False,False,False,0,1,28.192156820313446,1.7094093307535698,True,False
44,B_COC,OOD,180,stop_intersection,True,True,False,0,0,21.760334524911514,1.273701085763819,True,True
44,B_COC,OOD,181,stop_intersection,False,False,False,0,1,31.647064691575856,1.3281741665630804,True,False
44,B_COC,OOD,182,stop_intersection,False,True,False,0,0,23.321620080325957,1.1892021033498974,True,True
44,B_COC,OOD,183,stop_intersection,False,False,False,0,0,22.308605054155286,1.1602887676821814,True,False
44,B_COC,OOD,184,stop_intersection,False,False,False,0,1,30.5858376700847,1.3647483610639384,True,False
44,B_COC,OOD,185,stop_intersection,True,True,False,0,0,26.295643533975827,1.3478490307524398,True,True
44,B_COC,OOD,186,stop_intersection,False,False,False,0,1,30.784333714888326,1.5451598868650547,True,False
44,B_COC,OOD,187,stop_intersection,False,False,False,0,1,28.087162256302097,1.8669829856265674,True,False
44,B_COC,OOD,188,stop_intersection,False,False,False,0,1,31.389588652889486,1.0926898099758007,True,False
44,B_COC,OOD,189,stop_intersection,False,False,False,0,1,30.019042545683938,1.4311334720024695,True,False
44,B_COC,OOD,190,stop_intersection,False,False,False,0,1,24.37418489000321,2.056328228541783,True,False
44,B_COC,OOD,191,stop_intersection,False,False,False,0,1,26.175482932897516,1.757040446003278,True,False
44,B_COC,OOD,192,stop_intersection,False,False,False,0,0,29.70156877839827,1.0380750022283414,True,False
44,B_COC,OOD,193,stop_intersection,True,True,False,0,0,24.164868519780256,1.3355661431948342,True,True
44,B_COC,OOD,194,stop_intersection,True,True,False,0,0,27.28364467197708,1.2648752895561424,True,True
44,B_COC,OOD,195,stop_intersection,False,False,False,0,1,26.792829341029623,1.6990434993868289,True,False
44,B_COC,OOD,196,stop_intersection,True,True,False,0,0,23.157945918881992,1.2613364032336642,True,True
44,B_COC,OOD,197,stop_intersection,False,False,False,0,1,29.988308369406713,1.4680148661136627,True,False
44,B_COC,OOD,198,stop_intersection,False,False,False,0,1,29.287531509769956,1.6260499086069025,True,False
44,B_COC,OOD,199,stop_intersection,False,False,False,0,1,28.088220557653905,1.413858172794183,True,False
44,B_COC,OOD,200,lead_brake,False,False,False,0,0,33.97891400560734,0.9562361519783735,True,False
44,B_COC,OOD,201,lead_brake,False,False,True,0,0,30.913091796780314,1.5149369308104117,True,False
44,B_COC,OOD,202,lead_brake,False,False,True,0,0,26.09686750226927,2.910346806049347,True,False
44,B_COC,OOD,203,lead_brake,False,False,False,0,0,30.80965303387188,1.9801904937873285,True,False
44,B_COC,OOD,204,lead_brake,False,False,True,0,0,29.795962105689103,1.861125610768795,True,False
44,B_COC,OOD,205,lead_brake,False,False,True,0,0,28.592554827817228,3.33249581605196,True,False
44,B_COC,OOD,206,lead_brake,False,False,False,0,0,30.286666340963766,1.5104184833665686,True,False
44,B_COC,OOD,207,lead_brake,False,False,False,0,0,32.88831182910064,1.4440307877957819,True,False
44,B_COC,OOD,208,lead_brake,False,False,False,0,0,38.18520879292344,1.214305091649294,True,False
44,B_COC,OOD,209,lead_brake,False,False,False,0,0,30.77190986906405,1.7524523256967464,True,False
44,B_COC,OOD,210,lead_brake,False,False,True,0,0,29.88183526513141,3.277090448886156,True,False
44,B_COC,OOD,211,lead_brake,False,False,False,0,0,36.50157657042147,4.1954801330963765,True,False
44,B_COC,OOD,212,lead_brake,False,False,True,0,0,27.720772695815675,2.336549525459607,True,False
44,B_COC,OOD,213,lead_brake,False,False,False,0,0,30.96507928553586,2.1504535855104523,True,False
44,B_COC,OOD,214,lead_brake,False,False,False,0,0,35.05640802252758,2.570497582356135,True,False
44,B_COC,OOD,215,lead_brake,False,False,True,0,0,26.941687362309857,3.4766061554352437,True,False
44,B_COC,OOD,216,lead_brake,False,False,False,0,0,40.25992855888227,1.2612419625123341,True,False
44,B_COC,OOD,217,lead_brake,False,False,False,0,0,34.810312885344,2.0705198881526785,True,False
44,B_COC,OOD,218,lead_brake,False,False,False,0,0,26.76200462313857,1.925094502667586,True,False
44,B_COC,OOD,219,lead_brake,False,False,False,0,0,34.510661162037216,2.3789195250719786,True,False
44,B_COC,OOD,220,lead_brake,False,False,False,0,0,35.37859369285435,2.2646247049172716,True,False
44,B_COC,OOD,221,lead_brake,False,False,True,0,0,24.35508688256145,2.192982897783319,True,False
44,B_COC,OOD,222,lead_brake,False,False,False,0,0,39.794730926468006,2.1335716284811492,True,False
44,B_COC,OOD,223,lead_brake,False,False,True,0,0,26.534658845734825,3.2846434457848463,True,False
44,B_COC,OOD,224,lead_brake,False,False,False,0,0,31.372283774109896,2.639203678195675,True,False
44,B_COC,OOD,225,lead_brake,False,False,False,0,0,32.05359998529169,2.153692799930771,True,False
44,B_COC,OOD,226,lead_brake,False,False,False,0,0,27.323132199197985,1.4927711685498553,True,False
44,B_COC,OOD,227,lead_brake,False,False,False,0,0,38.772402761913035,2.0379530483235917,True,False
44,B_COC,OOD,228,lead_brake,False,False,False,0,0,39.77693967226798,1.0496135875582695,True,False
44,B_COC,OOD,229,lead_brake,False,False,False,0,0,43.21163330018522,1.527166489511728,True,False
44,B_COC,OOD,230,lead_brake,False,False,False,0,0,34.21862615902532,2.5722475896279016,True,False
44,B_COC,OOD,231,lead_brake,False,False,False,0,0,35.44312032358655,1.763493982454141,True,False
44,B_COC,OOD,232,lead_brake,False,False,False,0,0,32.92717058197616,3.5338779191176095,True,False
44,B_COC,OOD,233,lead_brake,False,False,True,0,0,30.2388653942309,2.668094775949915,True,False
44,B_COC,OOD,234,lead_brake,False,False,False,0,0,29.3048159638345,3.132400057589014,True,False
44,B_COC,OOD,235,lead_brake,False,False,False,0,0,32.466071496360215,2.0683450413246947,True,False
44,B_COC,OOD,236,lead_brake,False,False,False,0,0,42.67857530355449,2.4296963339050612,True,False
44,B_COC,OOD,237,lead_brake,False,False,False,0,0,40.56628581243365,1.7844941367705662,True,False
44,B_COC,OOD,238,lead_brake,False,False,True,0,0,26.47810900777579,1.2282153678437073,True,False
44,B_COC,OOD,239,lead_brake,False,False,False,0,0,34.5559281936144,2.1452893428504463,True,False
44,B_COC,OOD,240,lead_brake,False,False,False,0,0,36.93837404578926,4.386039708430569,True,False
44,B_COC,OOD,241,lead_brake,False,False,True,0,0,25.98441602448937,1.7481131454308825,True,False
44,B_COC,OOD,242,lead_brake,False,False,True,0,0,27.243195323272438,2.021589670330286,True,False
44,B_COC,OOD,243,lead_brake,False,False,True,0,0,31.288855892187712,1.127266035725673,True,False
44,B_COC,OOD,244,lead_brake,False,False,False,0,0,41.833376419395194,2.6198390635351334,True,False
44,B_COC,OOD,245,lead_brake,False,False,False,0,0,43.62889065191151,1.2518062454958756,True,False
44,B_COC,OOD,246,lead_brake,False,False,True,0,0,27.080530229052915,1.3636271891494591,True,False
44,B_COC,OOD,247,lead_brake,False,False,False,0,0,31.60750236938419,3.3518542858461533,True,False
44,B_COC,OOD,248,lead_brake,False,False,True,0,0,27.900633061633204,1.4197607686122256,True,False
44,B_COC,OOD,249,lead_brake,False,False,True,0,0,24.31038111625847,3.2627191121379533,True,False
44,B_COC,OOD,250,lead_brake,False,False,False,0,0,33.82544803724173,3.1000474815567336,True,False
44,B_COC,OOD,251,lead_brake,False,False,False,0,0,31.141574340920812,1.8269685606161752,True,False
44,B_COC,OOD,252,lead_brake,False,False,False,0,0,40.30781030684214,1.5658352797230084,True,False
44,B_COC,OOD,253,lead_brake,False,False,False,0,0,29.033108945041892,1.9285800469418364,True,False
44,B_COC,OOD,254,lead_brake,False,False,True,0,0,28.449080264041058,1.6804242643217244,True,False
44,B_COC,OOD,255,lead_brake,False,False,False,0,0,34.652649171402054,3.0757251170774302,True,False
44,B_COC,OOD,256,lead_brake,False,False,True,0,0,25.358105791062115,2.3710343353450294,True,False
44,B_COC,OOD,257,lead_brake,False,False,False,0,0,31.118209526829528,2.102835740894079,True,False
44,B_COC,OOD,258,lead_brake,False,False,True,0,0,23.922350185672673,1.244913230339686,True,False
44,B_COC,OOD,259,lead_brake,False,False,False,0,0,43.29145812585954,2.9351446765164533,True,False
44,B_COC,OOD,260,lead_brake,False,False,False,0,0,34.938562499155566,2.0584446787834167,True,False
44,B_COC,OOD,261,lead_brake,False,False,False,0,0,28.99586930868234,1.8860372652610142,True,False
44,B_COC,OOD,262,lead_brake,False,False,False,0,0,38.550224284328145,4.236478220671415,True,False
44,B_COC,OOD,263,lead_brake,False,False,True,0,0,30.942670178641155,2.908093318343162,True,False
44,B_COC,OOD,264,lead_brake,False,False,False,0,0,44.74854158431291,0.9337525566418965,True,False
44,B_COC,OOD,265,lead_brake,False,False,False,0,0,40.35383451762708,0.7407854776829481,True,False
44,B_COC,OOD,266,lead_brake,False,False,False,0,0,32.60259676318589,2.166537274296085,True,False
44,B_COC,OOD,267,lead_brake,False,False,False,0,0,29.81702625458063,2.1903373760481673,True,False
44,B_COC,OOD,268,lead_brake,False,False,True,0,0,29.522984746296853,3.435973428810636,True,False
44,B_COC,OOD,269,lead_brake,False,False,False,0,0,31.771611324379936,2.650411892682314,True,False
44,B_COC,OOD,270,lead_brake,False,False,True,0,0,25.856944356140204,1.8643795711298783,True,False
44,B_COC,OOD,271,lead_brake,False,False,False,0,0,36.44207944766832,2.410160106917222,True,False
44,B_COC,OOD,272,lead_brake,False,False,False,0,0,34.47440066476521,2.719762776046991,True,False
44,B_COC,OOD,273,lead_brake,False,False,False,0,0,35.009025763213465,1.4278218323985736,True,False
44,B_COC,OOD,274,lead_brake,False,False,False,0,0,37.39292211137273,2.006347027296821,True,False
44,B_COC,OOD,275,lead_brake,False,False,True,0,0,33.36434561219111,1.413136643047134,True,False
44,B_COC,OOD,276,lead_brake,False,False,True,0,0,28.856903143792334,2.626437592009703,True,False
44,B_COC,OOD,277,lead_brake,False,False,True,0,0,29.90499791309237,1.282203435897827,True,False
44,B_COC,OOD,278,lead_brake,False,False,False,0,0,30.408692358996184,3.4369858670979734,True,False
44,B_COC,OOD,279,lead_brake,False,False,False,0,0,38.95757537350057,0.8885141462087631,True,False
44,B_COC,OOD,280,lead_brake,False,False,False,0,0,30.77717738095341,1.2925790461401145,True,False
44,B_COC,OOD,281,lead_brake,False,False,True,0,0,31.70505836680529,1.2117516386012235,True,False
44,B_COC,OOD,282,lead_brake,False,False,False,0,0,32.4425518031101,3.4232487802704172,True,False
44,B_COC,OOD,283,lead_brake,False,False,False,0,0,36.756715306788685,1.1250115459163983,True,False
44,B_COC,OOD,284,lead_brake,False,False,True,0,0,26.244443618843782,2.670799267167846,True,False
44,B_COC,OOD,285,lead_brake,False,False,False,0,0,35.53267676742434,3.321031148235003,True,False
44,B_COC,OOD,286,lead_brake,False,False,False,0,0,29.285244525301568,2.7403830836216607,True,False
44,B_COC,OOD,287,lead_brake,False,False,False,0,0,32.83854190926972,2.617314265420039,True,False
44,B_COC,OOD,288,lead_brake,False,False,True,0,0,26.997771217696293,1.822559052457412,True,False
44,B_COC,OOD,289,lead_brake,False,False,False,0,0,39.90396779964496,2.419150753567616,True,False
44,B_COC,OOD,290,lead_brake,False,False,False,0,0,33.967608953951874,1.5566287841647863,True,False
44,B_COC,OOD,291,lead_brake,False,False,True,0,0,22.029788087308386,2.4407603666186333,True,False
44,B_COC,OOD,292,lead_brake,False,False,False,0,0,36.32270836218289,1.775249106188615,True,False
44,B_COC,OOD,293,lead_brake,False,False,True,0,0,25.78157223576986,2.228221107274294,True,False
44,B_COC,OOD,294,lead_brake,False,False,True,0,0,27.02600660195657,2.391355939209461,True,False
44,B_COC,OOD,295,lead_brake,False,False,False,0,0,28.495807761549926,2.452936834345261,True,False
44,B_COC,OOD,296,lead_brake,False,False,False,0,0,35.776453100137594,2.0469335621843734,True,False
44,B_COC,OOD,297,lead_brake,False,False,False,0,0,39.22353848513272,0.8077423429737488,True,False
44,B_COC,OOD,298,lead_brake,False,False,True,0,0,21.603071721515086,1.6584907273451488,True,False
44,B_COC,OOD,299,lead_brake,False,False,True,0,0,25.99045012888727,1.875377978508671,True,False
44,C_CONTRACT,ID,0,crosswalk,False,False,False,0,0,29.65355027984449,2.1213305673815985,True,False
44,C_CONTRACT,ID,1,crosswalk,False,False,False,0,0,38.272926606576405,1.1617181388040383,True,False
44,C_CONTRACT,ID,2,crosswalk,False,False,False,0,0,28.501936505970342,2.6168802694270488,True,False
44,C_CONTRACT,ID,3,crosswalk,False,False,False,0,0,32.78608398604137,2.3527662118985537,True,False
44,C_CONTRACT,ID,4,crosswalk,False,False,False,0,0,34.037972433087276,2.3314390196041623,True,False
44,C_CONTRACT,ID,5,crosswalk,False,False,False,0,0,28.853692921663388,1.9903702191684558,True,False
44,C_CONTRACT,ID,6,crosswalk,False,False,False,0,0,35.34711055981212,0.4377416453578255,True,False
44,C_CONTRACT,ID,7,crosswalk,False,False,False,0,0,37.742872626388234,2.1388010013227663,True,False
44,C_CONTRACT,ID,8,crosswalk,False,False,False,0,0,27.63156668171155,1.9111262197079864,True,False
44,C_CONTRACT,ID,9,crosswalk,False,False,False,0,0,34.309282202007864,1.9684828496114772,True,False
44,C_CONTRACT,ID,10,crosswalk,False,False,False,0,0,36.54946312320416,2.067461792865525,True,False
44,C_CONTRACT,ID,11,crosswalk,False,False,False,0,0,34.0207221317318,2.0441576900581517,True,False
44,C_CONTRACT,ID,12,crosswalk,False,False,False,0,0,28.307248807004996,1.214543316317232,True,False
44,C_CONTRACT,ID,13,crosswalk,False,False,False,0,0,32.007449567026136,1.5164093106337213,True,False
44,C_CONTRACT,ID,14,crosswalk,False,False,False,0,0,29.863491574748657,2.1261072836138983,True,False
44,C_CONTRACT,ID,15,crosswalk,False,False,False,0,0,34.8939574208872,0.40482272920401197,True,False
44,C_CONTRACT,ID,16,crosswalk,False,False,False,0,0,27.116844499955366,2.4416432633168164,True,False
44,C_CONTRACT,ID,17,crosswalk,False,False,False,0,0,26.982982042628162,2.1233947787966048,True,False
44,C_CONTRACT,ID,18,crosswalk,False,False,False,0,0,35.83426283494269,1.8840347890826787,True,False
44,C_CONTRACT,ID,19,crosswalk,False,False,False,0,0,38.27361443038289,0.39185625811417896,True,False
44,C_CONTRACT,ID,20,crosswalk,False,False,False,0,0,31.62368530304027,1.9617306849076634,True,False
44,C_CONTRACT,ID,21,crosswalk,False,False,False,0,0,32.02072363923105,1.5247295949269424,True,False
44,C_CONTRACT,ID,22,crosswalk,False,False,False,0,0,28.216472656622347,1.7529919184744358,True,False
44,C_CONTRACT,ID,23,crosswalk,False,False,False,0,0,35.10306952299218,0.43472940948876465,True,False
44,C_CONTRACT,ID,24,crosswalk,False,False,False,0,0,28.09392505623527,1.5989006212667414,True,False
44,C_CONTRACT,ID,25,crosswalk,False,False,False,0,0,27.911083901574752,1.8496271464973686,True,False
44,C_CONTRACT,ID,26,crosswalk,False,False,False,0,0,27.58602241188774,2.5319134718493412,True,False
44,C_CONTRACT,ID,27,crosswalk,False,False,False,0,0,32.06769655544271,1.9782338477671146,True,False
44,C_CONTRACT,ID,28,crosswalk,False,False,False,0,0,33.922690262123595,1.4827848970890045,True,False
44,C_CONTRACT,ID,29,crosswalk,False,False,False,0,0,29.32902580181193,2.4508466348052025,True,False
44,C_CONTRACT,ID,30,crosswalk,False,False,False,0,0,32.36647106824735,0.6551052545281973,True,False
44,C_CONTRACT,ID,31,crosswalk,False,False,False,0,0,28.7764814226731,1.987586060295934,True,False
44,C_CONTRACT,ID,32,crosswalk,False,False,False,0,0,38.93157113683652,1.8911258922889829,True,False
44,C_CONTRACT,ID,33,crosswalk,False,False,False,0,0,31.94076831980758,0.4345864625204177,True,False
44,C_CONTRACT,ID,34,crosswalk,False,False,False,0,0,35.8887125822738,0.8097841404378414,True,False
44,C_CONTRACT,ID,35,crosswalk,False,False,False,0,0,29.494938812987826,2.0062457802503006,True,False
44,C_CONTRACT,ID,36,crosswalk,False,False,False,0,0,38.228970977400216,0.39192672967910763,True,False
44,C_CONTRACT,ID,37,crosswalk,False,False,False,0,0,31.792816432353572,2.239960249174725,True,False
44,C_CONTRACT,ID,38,crosswalk,False,False,False,0,0,34.68701887412756,2.0540923004349074,True,False
44,C_CONTRACT,ID,39,crosswalk,False,False,False,0,0,28.96339564064659,1.5881635565310717,True,False
44,C_CONTRACT,ID,40,crosswalk,False,False,False,0,0,31.941922916806664,0.49715562977574085,True,False
44,C_CONTRACT,ID,41,crosswalk,False,False,False,0,0,35.43181741377245,1.7759440771558068,True,False
44,C_CONTRACT,ID,42,crosswalk,False,False,False,0,0,37.96276775209558,0.3882032074034214,True,False
44,C_CONTRACT,ID,43,crosswalk,False,False,False,0,0,31.070840793132554,1.8793816367785134,True,False
44,C_CONTRACT,ID,44,crosswalk,False,False,False,0,0,31.58962230532484,1.6506549307987801,True,False
44,C_CONTRACT,ID,45,crosswalk,False,False,False,0,0,35.863730010765096,0.8447608662148316,True,False
44,C_CONTRACT,ID,46,crosswalk,False,False,False,0,0,30.91493536567286,2.200347022576765,True,False
44,C_CONTRACT,ID,47,crosswalk,False,False,False,0,0,28.265823853402658,0.5225759465247393,True,False
44,C_CONTRACT,ID,48,crosswalk,False,False,False,0,0,34.47445206975213,0.3636522637680173,True,False
44,C_CONTRACT,ID,49,crosswalk,False,False,False,0,0,38.033765783171944,0.3979902941247691,True,False
44,C_CONTRACT,ID,50,crosswalk,False,False,False,0,0,28.808435859031135,2.2743457340096174,True,False
44,C_CONTRACT,ID,51,crosswalk,False,False,False,0,0,30.049385435392868,0.3858652019074985,True,False
44,C_CONTRACT,ID,52,crosswalk,False,False,False,0,0,36.72258767874197,0.41567991177241004,True,False
44,C_CONTRACT,ID,53,crosswalk,False,False,False,0,0,38.00363649548454,0.9688112676143646,True,False
44,C_CONTRACT,ID,54,crosswalk,False,False,False,0,0,37.353769606392426,0.3797851920127868,True,False
44,C_CONTRACT,ID,55,crosswalk,False,False,False,0,0,34.42318890235437,1.981691543690183,True,False
44,C_CONTRACT,ID,56,crosswalk,False,False,False,0,0,31.068709177090714,2.266279787179969,True,False
44,C_CONTRACT,ID,57,crosswalk,False,False,False,0,0,33.49879401415388,2.3190563307567076,True,False
44,C_CONTRACT,ID,58,crosswalk,False,False,False,0,0,35.77075489501212,1.0249520384747048,True,False
44,C_CONTRACT,ID,59,crosswalk,False,False,False,0,0,35.01100791684031,0.3881549648940563,True,False
44,C_CONTRACT,ID,60,crosswalk,False,False,False,0,0,36.76538696646358,2.1023337558532753,True,False
44,C_CONTRACT,ID,61,crosswalk,False,False,False,0,0,37.33212146948363,0.38182041049003596,True,False
44,C_CONTRACT,ID,62,crosswalk,False,False,False,0,0,32.6188602209122,2.281777039170265,True,False
44,C_CONTRACT,ID,63,crosswalk,False,False,False,0,0,32.06350647187297,0.8955783130867141,True,False
44,C_CONTRACT,ID,64,crosswalk,False,False,False,0,0,27.883428960250527,2.1588607387323124,True,False
44,C_CONTRACT,ID,65,crosswalk,False,False,False,0,0,35.871466621119765,2.061438192815884,True,False
44,C_CONTRACT,ID,66,crosswalk,False,False,False,0,0,33.460040929845235,1.1618350073695183,True,False
44,C_CONTRACT,ID,67,crosswalk,False,False,False,0,0,28.26501296123396,0.5086160470780573,True,False
44,C_CONTRACT,ID,68,crosswalk,False,False,False,0,0,31.97880526003364,0.38535973395813594,True,False
44,C_CONTRACT,ID,69,crosswalk,False,False,False,0,0,31.093674282909927,1.942411089936892,True,False
44,C_CONTRACT,ID,70,crosswalk,False,False,False,0,0,39.26504451327624,0.5718850623816252,True,False
44,C_CONTRACT,ID,71,crosswalk,False,False,False,0,0,35.333200302710125,0.37387392173210776,True,False
44,C_CONTRACT,ID,72,crosswalk,False,False,False,0,0,34.801080051289404,0.4070786419122115,True,False
44,C_CONTRACT,ID,73,crosswalk,False,False,False,0,0,33.23325760361763,1.861669294197451,True,False
44,C_CONTRACT,ID,74,crosswalk,False,False,False,0,0,36.55970007325842,0.391628040621678,True,False
44,C_CONTRACT,ID,75,crosswalk,False,False,False,0,0,34.91830677940196,1.8808045018125663,True,False
44,C_CONTRACT,ID,76,crosswalk,False,False,False,0,0,34.55509346377216,0.4059372842311859,True,False
44,C_CONTRACT,ID,77,crosswalk,False,False,False,0,0,35.77618686636167,2.041736121543429,True,False
44,C_CONTRACT,ID,78,crosswalk,False,False,False,0,0,34.148933869558675,2.0293652887145677,True,False
44,C_CONTRACT,ID,79,crosswalk,False,False,False,0,0,33.46108754250445,2.132137588817965,True,False
44,C_CONTRACT,ID,80,crosswalk,False,False,False,0,0,30.92690342274144,0.4036268077435948,True,False
44,C_CONTRACT,ID,81,crosswalk,False,False,False,0,0,33.0587790646943,2.298675335266373,True,False
44,C_CONTRACT,ID,82,crosswalk,False,False,False,0,0,36.425203087423085,2.1193095731238523,True,False
44,C_CONTRACT,ID,83,crosswalk,False,False,False,0,0,37.64393786753533,0.3717445811400047,True,False
44,C_CONTRACT,ID,84,crosswalk,False,False,False,0,0,32.72395932295538,1.5367629362837127,True,False
44,C_CONTRACT,ID,85,crosswalk,False,False,False,0,0,32.411186311022554,0.5554112650099254,True,False
44,C_CONTRACT,ID,86,crosswalk,False,False,False,0,0,28.57258578554376,1.7795280456542968,True,False
44,C_CONTRACT,ID,87,crosswalk,False,False,False,0,0,35.403299621093446,1.295818289120992,True,False
44,C_CONTRACT,ID,88,crosswalk,False,False,False,0,0,31.12001442510865,2.0422956088314885,True,False
44,C_CONTRACT,ID,89,crosswalk,False,False,False,0,0,33.7229170624793,0.3839866800800613,True,False
44,C_CONTRACT,ID,90,crosswalk,False,False,False,0,0,28.462203714710704,0.4945376608520746,True,False
44,C_CONTRACT,ID,91,crosswalk,False,False,False,0,0,28.574903467025436,2.10483349182389,True,False
44,C_CONTRACT,ID,92,crosswalk,False,False,False,0,0,37.66131965014149,0.8248503878712654,True,False
44,C_CONTRACT,ID,93,crosswalk,False,False,False,0,0,31.37365446738923,1.953490904221932,True,False
44,C_CONTRACT,ID,94,crosswalk,False,False,False,0,0,31.967762700001455,2.041518377761046,True,False
44,C_CONTRACT,ID,95,crosswalk,False,False,False,0,0,31.132732968623746,0.37983535196293483,True,False
44,C_CONTRACT,ID,96,crosswalk,False,False,False,0,0,28.159594140691475,2.3874859064817424,True,False
44,C_CONTRACT,ID,97,crosswalk,False,False,False,0,0,37.045508750061934,0.606930449604988,True,False
44,C_CONTRACT,ID,98,crosswalk,False,False,False,0,0,30.126528462403783,2.5569118265258637,True,False
44,C_CONTRACT,ID,99,crosswalk,False,False,False,0,0,31.455426995157673,0.8429291062057017,True,False
44,C_CONTRACT,ID,100,stop_intersection,False,False,False,0,1,26.563922754268994,1.6049987574418385,True,False
44,C_CONTRACT,ID,101,stop_intersection,False,False,False,0,1,31.723503814090886,1.3354951870150682,True,False
44,C_CONTRACT,ID,102,stop_intersection,False,False,False,0,1,26.58659171244915,1.6436144047313266,True,False
44,C_CONTRACT,ID,103,stop_intersection,False,False,False,0,1,29.283702154093366,1.43745072578129,True,False
44,C_CONTRACT,ID,104,stop_intersection,False,False,False,0,1,27.472848336063382,1.5964769532805994,True,False
44,C_CONTRACT,ID,105,stop_intersection,False,False,False,0,1,31.639099301475724,1.378220087144433,True,False
44,C_CONTRACT,ID,106,stop_intersection,False,False,False,0,1,32.65604564140017,1.469924377232063,True,False
44,C_CONTRACT,ID,107,stop_intersection,False,False,False,0,1,30.374431768810133,1.742575278407649,True,False
44,C_CONTRACT,ID,108,stop_intersection,False,False,False,0,1,32.32376933986086,1.4187906797115617,True,False
44,C_CONTRACT,ID,109,stop_intersection,False,False,False,0,1,33.73616518799242,1.4704622541155135,True,False
44,C_CONTRACT,ID,110,stop_intersection,False,False,False,0,1,29.178256846762174,1.6498392175983738,True,False
44,C_CONTRACT,ID,111,stop_intersection,False,False,False,0,1,35.98968711017837,1.5619964259011403,True,False
44,C_CONTRACT,ID,112,stop_intersection,False,False,False,0,1,36.051481114579595,1.5910319061506362,True,False
44,C_CONTRACT,ID,113,stop_intersection,False,False,False,0,1,35.8057090534949,1.584889448824383,True,False
44,C_CONTRACT,ID,114,stop_intersection,False,False,False,0,1,35.68432768105728,1.4678872341201417,True,False
44,C_CONTRACT,ID,115,stop_intersection,False,False,False,0,1,37.23645036989828,1.3954303378150574,True,False
44,C_CONTRACT,ID,116,stop_intersection,False,False,False,0,1,31.286025591515184,1.7680249245543227,True,False
44,C_CONTRACT,ID,117,stop_intersection,False,False,False,0,1,27.921222260880864,1.742336025109162,True,False
44,C_CONTRACT,ID,118,stop_intersection,False,False,False,0,1,31.841377022036227,1.8307307676265112,True,False
44,C_CONTRACT,ID,119,stop_intersection,False,False,False,0,1,35.01549590417916,1.5235202777676464,True,False
44,C_CONTRACT,ID,120,stop_intersection,False,False,False,0,1,37.27867700715504,1.6748633762685263,True,False
44,C_CONTRACT,ID,121,stop_intersection,False,False,False,0,1,36.32990240180055,1.5023053118160792,True,False
44,C_CONTRACT,ID,122,stop_intersection,False,False,False,0,1,32.98418134177122,1.2607604832876296,True,False
44,C_CONTRACT,ID,123,stop_intersection,False,False,False,0,1,26.843045511766743,1.7091890341705744,True,False
44,C_CONTRACT,ID,124,stop_intersection,False,False,False,0,1,34.18180261277404,1.3193496635981967,True,False
44,C_CONTRACT,ID,125,stop_intersection,False,False,False,0,1,35.55126220387317,1.3818387578173381,True,False
44,C_CONTRACT,ID,126,stop_intersection,False,False,False,0,1,38.65139260216765,1.3252201269973407,True,False
44,C_CONTRACT,ID,127,stop_intersection,False,False,False,0,1,27.418930788016397,1.886372814575831,True,False
44,C_CONTRACT,ID,128,stop_intersection,False,False,False,0,1,33.558850418770376,1.4969920963048935,True,False
44,C_CONTRACT,ID,129,stop_intersection,False,False,False,0,1,35.081517737639274,1.5705783919590273,True,False
44,C_CONTRACT,ID,130,stop_intersection,False,False,False,0,1,26.958483761039744,1.6498196438739172,True,False
44,C_CONTRACT,ID,131,stop_intersection,False,False,False,0,1,28.108000034832443,1.8057283924685585,True,False
44,C_CONTRACT,ID,132,stop_intersection,False,False,False,0,1,32.807136519557396,1.4493535757064817,True,False
44,C_CONTRACT,ID,133,stop_intersection,False,False,False,0,1,30.770695808380836,1.5364718735218046,True,False
44,C_CONTRACT,ID,134,stop_intersection,False,False,False,0,1,38.37601260880517,1.4933952065401297,True,False
44,C_CONTRACT,ID,135,stop_intersection,False,False,False,0,1,31.83326468775455,1.6263188459934332,True,False
44,C_CONTRACT,ID,136,stop_intersection,False,False,False,0,1,36.13432965266926,1.3030904947325241,True,False
44,C_CONTRACT,ID,137,stop_intersection,False,False,False,0,1,31.505208054919088,1.3649621456861496,True,False
44,C_CONTRACT,ID,138,stop_intersection,False,False,False,0,1,33.0177686778759,1.481102952143041,True,False
44,C_CONTRACT,ID,139,stop_intersection,False,False,False,0,1,30.879783491696884,1.6487830113141966,True,False
44,C_CONTRACT,ID,140,stop_intersection,False,False,False,0,1,38.17020649836909,1.469233089023166,True,False
44,C_CONTRACT,ID,141,stop_intersection,False,False,False,0,1,37.37024255488346,1.5204822165625436,True,False
44,C_CONTRACT,ID,142,stop_intersection,False,False,False,0,1,35.446794595792625,1.3197631475537321,True,False
44,C_CONTRACT,ID,143,stop_intersection,False,False,False,0,1,26.723795361781303,1.578754335641861,True,False
44,C_CONTRACT,ID,144,stop_intersection,False,False,False,0,1,29.37585169534456,1.530961975073203,True,False
44,C_CONTRACT,ID,145,stop_intersection,False,False,False,0,1,36.18827471554991,1.53539875658547,True,False
44,C_CONTRACT,ID,146,stop_intersection,False,False,False,0,1,36.44938094986249,1.2630593505772676,True,False
44,C_CONTRACT,ID,147,stop_intersection,False,False,False,0,1,31.7269845118185,1.5611078292131424,True,False
44,C_CONTRACT,ID,148,stop_intersection,False,False,False,0,1,33.463547355324934,1.3752765190310594,True,False
44,C_CONTRACT,ID,149,stop_intersection,False,False,False,0,1,36.05816326421496,1.446464701396663,True,False
44,C_CONTRACT,ID,150,stop_intersection,False,False,False,0,1,34.326478523335524,1.458648036165935,True,False
44,C_CONTRACT,ID,151,stop_intersection,False,False,False,0,1,27.47928152760773,1.5132617453734079,True,False
44,C_CONTRACT,ID,152,stop_intersection,False,False,False,0,1,28.051761021207117,1.5854974211873234,True,False
44,C_CONTRACT,ID,153,stop_intersection,False,False,False,0,1,34.217119376968654,1.4428276121616361,True,False
44,C_CONTRACT,ID,154,stop_intersection,False,False,False,0,1,34.738921809618475,1.5670227720623924,True,False
44,C_CONTRACT,ID,155,stop_intersection,False,False,False,0,1,29.75632415270706,1.5563342288920752,True,False
44,C_CONTRACT,ID,156,stop_intersection,False,False,False,0,1,33.59360055900012,1.4105744305111112,True,False
44,C_CONTRACT,ID,157,stop_intersection,False,False,False,0,1,35.99282142506844,1.4299847220265587,True,False
44,C_CONTRACT,ID,158,stop_intersection,False,False,False,0,1,35.43142996039615,1.4741520765351084,True,False
44,C_CONTRACT,ID,159,stop_intersection,False,False,False,0,1,31.299243281322006,1.6234376033147175,True,False
44,C_CONTRACT,ID,160,stop_intersection,False,False,False,0,1,38.364066985117184,1.3510961333910623,True,False
44,C_CONTRACT,ID,161,stop_intersection,False,False,False,0,1,30.559676591297176,1.5278228803684837,True,False
44,C_CONTRACT,ID,162,stop_intersection,False,False,False,0,1,37.07365351769674,1.6354634506361825,True,False
44,C_CONTRACT,ID,163,stop_intersection,False,False,False,0,1,32.44426837625664,1.7160609440925794,True,False
44,C_CONTRACT,ID,164,stop_intersection,False,False,False,0,1,27.82059114784596,1.5387422651857943,True,False
44,C_CONTRACT,ID,165,stop_intersection,False,False,False,0,1,33.01878334865005,1.6379318634668985,True,False
44,C_CONTRACT,ID,166,stop_intersection,False,False,False,0,1,38.52355775241642,1.4680820842121922,True,False
44,C_CONTRACT,ID,167,stop_intersection,False,False,False,0,1,28.507023449516275,1.5386922108499625,True,False
44,C_CONTRACT,ID,168,stop_intersection,False,False,False,0,1,35.336166389956546,1.462002041794005,True,False
44,C_CONTRACT,ID,169,stop_intersection,False,False,False,0,1,35.21777405982106,1.6755221039056778,True,False
44,C_CONTRACT,ID,170,stop_intersection,False,False,False,0,1,30.11291396360186,1.4303826368772066,True,False
44,C_CONTRACT,ID,171,stop_intersection,False,False,False,0,1,29.56732368255563,1.5751012434830536,True,False
44,C_CONTRACT,ID,172,stop_intersection,False,False,False,0,1,28.474514041545103,1.4961123788678967,True,False
44,C_CONTRACT,ID,173,stop_intersection,False,False,False,0,1,28.372440248292598,1.542452871799469,True,False
44,C_CONTRACT,ID,174,stop_intersection,False,False,False,0,1,34.55005461072811,1.354001524836518,True,False
44,C_CONTRACT,ID,175,stop_intersection,False,False,False,0,1,27.540785274636807,1.4778075406425877,True,False
44,C_CONTRACT,ID,176,stop_intersection,False,False,False,0,1,36.536466835350815,1.5069695683412772,True,False
44,C_CONTRACT,ID,177,stop_intersection,False,False,False,0,1,30.59404563510491,1.5280293634063318,True,False
44,C_CONTRACT,ID,178,stop_intersection,False,False,False,0,1,28.88334846469344,1.6700234932777207,True,False
44,C_CONTRACT,ID,179,stop_intersection,False,False,False,0,1,30.195316298559394,1.3333161324262617,True,False
44,C_CONTRACT,ID,180,stop_intersection,False,False,False,0,1,31.775245098577518,1.4007028402426305,True,False
44,C_CONTRACT,ID,181,stop_intersection,False,False,False,0,1,35.39870012781581,1.428691119682498,True,False
44,C_CONTRACT,ID,182,stop_intersection,False,False,False,0,1,30.82607993700958,1.5089804698259401,True,False
44,C_CONTRACT,ID,183,stop_intersection,False,False,False,0,1,35.49132766564603,1.5509929117702304,True,False
44,C_CONTRACT,ID,184,stop_intersection,False,False,False,0,1,33.858687911780976,1.5795437920661197,True,False
44,C_CONTRACT,ID,185,stop_intersection,False,False,False,0,1,36.872503958451894,1.406588071868533,True,False
44,C_CONTRACT,ID,186,stop_intersection,False,False,False,0,1,35.29669898174427,1.4869737083261663,True,False
44,C_CONTRACT,ID,187,stop_intersection,False,False,False,0,1,37.353380103867856,1.680117889148433,True,False
44,C_CONTRACT,ID,188,stop_intersection,False,False,False,0,1,29.789473430782326,1.7361167608163293,True,False
44,C_CONTRACT,ID,189,stop_intersection,False,False,False,0,1,35.46465230269338,1.58167621919087,True,False
44,C_CONTRACT,ID,190,stop_intersection,False,False,False,0,1,36.07598230051184,1.370705948319546,True,False
44,C_CONTRACT,ID,191,stop_intersection,False,False,False,0,1,31.836841956056055,1.6720577845206626,True,False
44,C_CONTRACT,ID,192,stop_intersection,False,False,False,0,1,31.479607758537398,1.7505784724888047,True,False
44,C_CONTRACT,ID,193,stop_intersection,False,False,False,0,1,29.322293030617296,1.5733036398887634,True,False
44,C_CONTRACT,ID,194,stop_intersection,False,False,False,0,1,30.29808791245876,1.458284196100737,True,False
44,C_CONTRACT,ID,195,stop_intersection,False,False,False,0,1,35.480919137152306,1.390630990959877,True,False
44,C_CONTRACT,ID,196,stop_intersection,False,False,False,0,1,28.51385509767502,1.7143517889474569,True,False
44,C_CONTRACT,ID,197,stop_intersection,False,False,False,0,1,28.06245615808986,1.7258966774553866,True,False
44,C_CONTRACT,ID,198,stop_intersection,False,False,False,0,1,28.350992527492245,1.6839730739593506,True,False
44,C_CONTRACT,ID,199,stop_intersection,False,False,False,0,1,37.7166382814551,1.5394583912122817,True,False
44,C_CONTRACT,ID,200,lead_brake,False,False,False,0,0,76.28024297782879,2.268323910733064,True,False
44,C_CONTRACT,ID,201,lead_brake,False,False,False,0,0,84.49953302230573,6.465578784545262,True,False
44,C_CONTRACT,ID,202,lead_brake,False,False,False,0,0,64.04549037432143,4.425428956747055,True,False
44,C_CONTRACT,ID,203,lead_brake,False,False,False,0,0,61.9986672566925,4.611543228228887,True,False
44,C_CONTRACT,ID,204,lead_brake,False,False,False,0,0,86.40773220896719,4.0294722480078535,True,False
44,C_CONTRACT,ID,205,lead_brake,False,False,False,0,0,62.6781641038442,4.3654199441274,True,False
44,C_CONTRACT,ID,206,lead_brake,False,False,False,0,0,76.32078578813733,6.8666991107165805,True,False
44,C_CONTRACT,ID,207,lead_brake,False,False,False,0,0,73.45122610941353,2.343245640397072,True,False
44,C_CONTRACT,ID,208,lead_brake,False,False,False,0,0,78.47425849638796,1.1999416400988896,True,False
44,C_CONTRACT,ID,209,lead_brake,False,False,False,0,0,59.740694270084774,5.850281855091453,True,False
44,C_CONTRACT,ID,210,lead_brake,False,False,False,0,0,62.204173268221965,4.44963780666391,True,False
44,C_CONTRACT,ID,211,lead_brake,False,False,False,0,0,77.4076358725582,2.042162206023931,True,False
44,C_CONTRACT,ID,212,lead_brake,False,False,False,0,0,78.2207360374545,8.66852291425069,True,False
44,C_CONTRACT,ID,213,lead_brake,False,False,False,0,0,54.315748414530084,9.660195726901293,True,False
44,C_CONTRACT,ID,214,lead_brake,False,False,False,0,0,92.1187316089916,0.5231610424816608,True,False
44,C_CONTRACT,ID,215,lead_brake,False,False,False,0,0,66.35440229919386,5.860085625201463,True,False
44,C_CONTRACT,ID,216,lead_brake,False,False,False,0,0,60.07850321997313,0.8582098682721456,True,False
44,C_CONTRACT,ID,217,lead_brake,False,False,False,0,0,60.36779423530381,8.911842734242478,True,False
44,C_CONTRACT,ID,218,lead_brake,False,False,False,0,0,62.15723933069209,3.352343496556083,True,False
44,C_CONTRACT,ID,219,lead_brake,False,False,False,0,0,76.41564156897253,2.412473623951276,True,False
44,C_CONTRACT,ID,220,lead_brake,False,False,False,0,0,54.784719721089665,8.748514705027143,True,False
44,C_CONTRACT,ID,221,lead_brake,False,False,False,0,0,52.81177243862981,8.043171361088751,True,False
44,C_CONTRACT,ID,222,lead_brake,False,False,False,0,0,83.33011535955269,1.5170349646359682,True,False
44,C_CONTRACT,ID,223,lead_brake,False,False,False,0,0,66.92449942296435,7.800491422414779,True,False
44,C_CONTRACT,ID,224,lead_brake,False,False,False,0,0,71.08405623582914,9.588663230339685,True,False
44,C_CONTRACT,ID,225,lead_brake,False,False,False,0,0,96.17861185371875,1.1971258620421092,True,False
44,C_CONTRACT,ID,226,lead_brake,False,False,False,0,0,65.25346705197283,10.328326874723036,True,False
44,C_CONTRACT,ID,227,lead_brake,False,False,False,0,0,97.84818006226462,0.08395817379156749,True,False
44,C_CONTRACT,ID,228,lead_brake,False,False,False,0,0,74.48685288812018,9.625756595283747,True,False
44,C_CONTRACT,ID,229,lead_brake,False,False,False,0,0,68.88324515934798,9.667687568813562,True,False
44,C_CONTRACT,ID,230,lead_brake,False,False,False,0,0,84.2754541029037,1.4168532838424046,True,False
44,C_CONTRACT,ID,231,lead_brake,False,False,False,0,0,94.2638003025937,0.4535527291397254,True,False
44,C_CONTRACT,ID,232,lead_brake,False,False,False,0,0,78.45772537447667,8.583418939262627,True,False
44,C_CONTRACT,ID,233,lead_brake,False,False,False,0,0,60.72036884030051,4.095010752479235,True,False
44,C_CONTRACT,ID,234,lead_brake,False,False,False,0,0,64.866094508589,10.041340487698713,True,False
44,C_CONTRACT,ID,235,lead_brake,False,False,False,0,0,95.21327965359824,2.7889785319566727,True,False
44,C_CONTRACT,ID,236,lead_brake,False,False,False,0,0,76.05718240550267,1.7581567354500294,True,False
44,C_CONTRACT,ID,237,lead_brake,False,False,False,0,0,55.9522704708446,9.992489418635765,True,False
44,C_CONTRACT,ID,238,lead_brake,False,False,False,0,0,73.10339650932079,9.458993519345919,True,False
44,C_CONTRACT,ID,239,lead_brake,False,False,False,0,0,75.34190830715946,9.689602314184109,True,False
44,C_CONTRACT,ID,240,lead_brake,False,False,False,0,0,74.00006544151552,8.617353269209463,True,False
44,C_CONTRACT,ID,241,lead_brake,False,False,False,0,0,55.152272849026026,8.42707451681296,True,False
44,C_CONTRACT,ID,242,lead_brake,False,False,False,0,0,92.3528451509659,3.3598100394010544,True,False
44,C_CONTRACT,ID,243,lead_brake,False,False,False,0,0,94.42175460031939,0.23789572219053903,True,False
44,C_CONTRACT,ID,244,lead_brake,False,False,False,0,0,60.81938528596747,2.2170860717693963,True,False
44,C_CONTRACT,ID,245,lead_brake,False,False,False,0,0,68.24639868431879,0.7340897371371586,True,False
44,C_CONTRACT,ID,246,lead_brake,False,False,False,0,0,69.71330631196588,4.497866719961166,True,False
44,C_CONTRACT,ID,247,lead_brake,False,False,False,0,0,67.76183227793727,6.823291746278604,True,False
44,C_CONTRACT,ID,248,lead_brake,False,False,False,0,0,57.01454513655497,0.9560229902466139,True,False
44,C_CONTRACT,ID,249,lead_brake,False,False,False,0,0,60.66373707984384,9.961074801782766,True,False
44,C_CONTRACT,ID,250,lead_brake,False,False,False,0,0,62.73769534421746,6.650400565316279,True,False
44,C_CONTRACT,ID,251,lead_brake,False,False,False,0,0,63.62139145588454,9.496438498298327,True,False
44,C_CONTRACT,ID,252,lead_brake,False,False,False,0,0,82.3514964553498,2.306754040221373,True,False
44,C_CONTRACT,ID,253,lead_brake,False,False,False,0,0,90.58831867478564,0.9498247193793455,True,False
44,C_CONTRACT,ID,254,lead_brake,False,False,False,0,0,57.63175103493689,8.902670834213495,True,False
44,C_CONTRACT,ID,255,lead_brake,False,False,False,0,0,69.49241701788719,10.405688855797052,True,False
44,C_CONTRACT,ID,256,lead_brake,False,False,False,0,0,61.17443797507368,4.7381498614946995,True,False
44,C_CONTRACT,ID,257,lead_brake,False,False,False,0,0,95.67808248359754,0.9231485823790232,True,False
44,C_CONTRACT,ID,258,lead_brake,False,False,False,0,0,71.8630351140209,3.819750608255466,True,False
44,C_CONTRACT,ID,259,lead_brake,False,False,False,0,0,98.66774583026769,0.03250702532629172,True,False
44,C_CONTRACT,ID,260,lead_brake,False,False,False,0,0,57.25930170178703,11.235004939138888,True,False
44,C_CONTRACT,ID,261,lead_brake,False,False,False,0,0,68.85203851434012,8.97909394900004,True,False
44,C_CONTRACT,ID,262,lead_brake,False,False,False,0,0,54.40743491637445,3.661593645811081,True,False
44,C_CONTRACT,ID,263,lead_brake,False,False,False,0,0,60.587957522304755,6.530498338242372,True,False
44,C_CONTRACT,ID,264,lead_brake,False,False,False,0,0,93.50331225647754,1.1889260845879712,True,False
44,C_CONTRACT,ID,265,lead_brake,False,False,False,0,0,86.94912207834932,4.957830098768075,True,False
44,C_CONTRACT,ID,266,lead_brake,False,False,False,0,0,66.6139207482247,2.8195580889781318,True,False
44,C_CONTRACT,ID,267,lead_brake,False,False,False,0,0,79.91224582227758,1.6410069999595482,True,False
44,C_CONTRACT,ID,268,lead_brake,False,False,False,0,0,60.882929908879504,9.017024625092743,True,False
44,C_CONTRACT,ID,269,lead_brake,False,False,False,0,0,70.30360188473195,9.685292889674505,True,False
44,C_CONTRACT,ID,270,lead_brake,False,False,False,0,0,78.73242592139044,9.306579791009426,True,False
44,C_CONTRACT,ID,271,lead_brake,False,False,False,0,0,69.33768230019948,10.849301889538765,True,False
44,C_CONTRACT,ID,272,lead_brake,False,False,False,0,0,87.41806821748442,3.573555980498592,True,False
44,C_CONTRACT,ID,273,lead_brake,False,False,False,0,0,61.34050713250483,10.427055628349384,True,False
44,C_CONTRACT,ID,274,lead_brake,False,False,False,0,0,95.45157363192443,0.27785906692345935,True,False
44,C_CONTRACT,ID,275,lead_brake,False,False,False,0,0,85.6172530466319,1.3986408039927483,True,False
44,C_CONTRACT,ID,276,lead_brake,False,False,False,0,0,59.66351113194578,1.9759318052480617,True,False
44,C_CONTRACT,ID,277,lead_brake,False,False,False,0,0,76.5646185460564,8.672807852427164,True,False
44,C_CONTRACT,ID,278,lead_brake,False,False,False,0,0,81.35022536453853,2.169701142857472,True,False
44,C_CONTRACT,ID,279,lead_brake,False,False,False,0,0,91.24233590616646,2.494148541862766,True,False
44,C_CONTRACT,ID,280,lead_brake,False,False,False,0,0,81.88928645139288,1.0412150360643864,True,False
44,C_CONTRACT,ID,281,lead_brake,False,False,False,0,0,82.530314117481,2.472080079217752,True,False
44,C_CONTRACT,ID,282,lead_brake,False,False,False,0,0,87.79402892754467,5.710126555214325,True,False
44,C_CONTRACT,ID,283,lead_brake,False,False,False,0,0,56.48443099315849,1.6893851632873216,True,False
44,C_CONTRACT,ID,284,lead_brake,False,False,False,0,0,85.5945107775927,5.120494809001684,True,False
44,C_CONTRACT,ID,285,lead_brake,False,False,False,0,0,71.11040042508567,9.496778152883053,True,False
44,C_CONTRACT,ID,286,lead_brake,False,False,False,0,0,92.51617972328646,3.6013262321551642,True,False
44,C_CONTRACT,ID,287,lead_brake,False,False,False,0,0,76.12685626574701,6.1410287854572125,True,False
44,C_CONTRACT,ID,288,lead_brake,False,False,False,0,0,67.9741824454393,9.602626667668423,True,False
44,C_CONTRACT,ID,289,lead_brake,False,False,False,0,0,61.17908750434344,5.556525889163216,True,False
44,C_CONTRACT,ID,290,lead_brake,False,False,False,0,0,95.9503159934332,0.1283289616306623,True,False
44,C_CONTRACT,ID,291,lead_brake,False,False,False,0,0,76.86932752177073,3.016103624055783,True,False
44,C_CONTRACT,ID,292,lead_brake,False,False,False,0,0,73.81898024536616,2.5095053551097712,True,False
44,C_CONTRACT,ID,293,lead_brake,False,False,False,0,0,80.69185771585066,2.3335196127494173,True,False
44,C_CONTRACT,ID,294,lead_brake,False,False,False,0,0,60.41321672950476,2.0092160552740093,True,False
44,C_CONTRACT,ID,295,lead_brake,False,False,False,0,0,82.42494823765043,3.2189623185743885,True,False
44,C_CONTRACT,ID,296,lead_brake,False,False,False,0,0,61.14427567320132,5.123580096910397,True,False
44,C_CONTRACT,ID,297,lead_brake,False,False,False,0,0,74.64851743894631,0.5497469746818144,True,False
44,C_CONTRACT,ID,298,lead_brake,False,False,False,0,0,94.18683046545642,0.35385890925923985,True,False
44,C_CONTRACT,ID,299,lead_brake,False,False,False,0,0,67.42305377272173,3.2109697510798774,True,False
44,C_CONTRACT,OOD,0,crosswalk,False,False,False,0,1,30.273939123580988,2.12151731993701,True,False
44,C_CONTRACT,OOD,1,crosswalk,False,False,False,0,1,31.679051653092124,1.8551304694768544,True,False
44,C_CONTRACT,OOD,2,crosswalk,False,False,False,0,1,23.04227653416268,1.199493585597901,True,False
44,C_CONTRACT,OOD,3,crosswalk,False,False,False,0,1,30.424691770148154,2.046846541620436,True,False
44,C_CONTRACT,OOD,4,crosswalk,False,False,False,0,1,25.540590498009806,1.936518870294094,True,False
44,C_CONTRACT,OOD,5,crosswalk,False,False,False,0,1,25.245514665646994,1.8165371673447743,True,False
44,C_CONTRACT,OOD,6,crosswalk,False,False,False,0,1,20.880551367423244,1.976656090806831,True,False
44,C_CONTRACT,OOD,7,crosswalk,False,False,False,0,1,22.52404825580515,1.6553097649624473,True,False
44,C_CONTRACT,OOD,8,crosswalk,False,False,False,0,1,30.604644443471962,1.5331027772691512,True,False
44,C_CONTRACT,OOD,9,crosswalk,False,False,False,0,1,30.334794193858023,1.8589291290233008,True,False
44,C_CONTRACT,OOD,10,crosswalk,False,False,False,0,1,26.692180110986897,1.8348428819860731,True,False
44,C_CONTRACT,OOD,11,crosswalk,False,False,False,0,1,24.490659434250965,1.6013345631157478,True,False
44,C_CONTRACT,OOD,12,crosswalk,False,False,False,0,1,27.514668715886728,1.494627182300274,True,False
44,C_CONTRACT,OOD,13,crosswalk,False,False,False,0,1,23.568315138139162,1.6372222356174304,True,False
44,C_CONTRACT,OOD,14,crosswalk,False,False,False,0,1,31.66906393097951,1.5782560053325834,True,False
44,C_CONTRACT,OOD,15,crosswalk,False,False,False,0,1,22.685930371100454,1.7948370315927138,True,False
44,C_CONTRACT,OOD,16,crosswalk,False,False,False,0,1,22.860841001976585,1.4530697597397697,True,False
44,C_CONTRACT,OOD,17,crosswalk,False,False,False,0,1,21.17100208983642,1.145928210832856,True,False
44,C_CONTRACT,OOD,18,crosswalk,False,False,False,0,1,22.326967626963246,1.43932268426225,True,False
44,C_CONTRACT,OOD,19,crosswalk,False,False,False,0,1,22.191692273551624,1.7309098442395527,True,False
44,C_CONTRACT,OOD,20,crosswalk,False,False,False,0,1,29.809329343907336,1.3843318142674184,True,False
44,C_CONTRACT,OOD,21,crosswalk,False,False,False,0,1,22.421042325033383,1.5133034761833108,True,False
44,C_CONTRACT,OOD,22,crosswalk,False,False,False,0,1,21.372981594111366,1.7104215398430824,True,False
44,C_CONTRACT,OOD,23,crosswalk,False,False,False,0,1,29.374820648748866,1.5878264016883317,True,False
44,C_CONTRACT,OOD,24,crosswalk,False,False,False,0,1,23.012888178101072,2.051305521366208,True,False
44,C_CONTRACT,OOD,25,crosswalk,False,False,False,0,1,22.46816076542723,1.208179430829154,True,False
44,C_CONTRACT,OOD,26,crosswalk,False,False,False,0,1,22.964552689702636,1.1754534685093423,True,False
44,C_CONTRACT,OOD,27,crosswalk,False,False,False,0,1,29.605143243894936,1.6347576094710308,True,False
44,C_CONTRACT,OOD,28,crosswalk,False,False,False,0,1,31.244477698370915,1.8609307056818252,True,False
44,C_CONTRACT,OOD,29,crosswalk,False,False,False,0,1,29.259007295693095,1.8411820780399235,True,False
44,C_CONTRACT,OOD,30,crosswalk,False,False,False,0,1,29.433249115799818,1.88757426029927,True,False
44,C_CONTRACT,OOD,31,crosswalk,False,False,False,0,1,23.427188292754266,1.706397049938855,True,False
44,C_CONTRACT,OOD,32,crosswalk,False,False,False,0,1,27.803118447206273,1.6119204979875814,True,False
44,C_CONTRACT,OOD,33,crosswalk,False,False,False,0,1,26.819390703412076,1.7048966448481488,True,False
44,C_CONTRACT,OOD,34,crosswalk,False,False,False,0,1,24.70901596206632,1.2048597180325051,True,False
44,C_CONTRACT,OOD,35,crosswalk,False,False,False,0,1,22.550491905653196,1.8617925602336263,True,False
44,C_CONTRACT,OOD,36,crosswalk,False,False,False,0,1,21.541254782845837,1.6763220098283553,True,False
44,C_CONTRACT,OOD,37,crosswalk,False,False,False,0,1,22.977387279605672,1.8531626911881642,True,False
44,C_CONTRACT,OOD,38,crosswalk,False,False,False,0,1,20.896413912855976,1.318708062171936,True,False
44,C_CONTRACT,OOD,39,crosswalk,False,False,False,0,1,30.623942886096568,2.0087451878048124,True,False
44,C_CONTRACT,OOD,40,crosswalk,False,False,False,0,1,21.936572786221284,1.9255633756171824,True,False
44,C_CONTRACT,OOD,41,crosswalk,False,False,False,0,1,24.322711787931155,1.1622181468539767,True,False
44,C_CONTRACT,OOD,42,crosswalk,False,False,False,0,1,25.36333949551886,2.177695226974976,True,False
44,C_CONTRACT,OOD,43,crosswalk,False,False,False,0,1,20.732672124872764,1.3298265827007782,True,False
44,C_CONTRACT,OOD,44,crosswalk,False,False,False,0,1,31.413632689263267,1.2657542051152981,True,False
44,C_CONTRACT,OOD,45,crosswalk,False,False,False,0,1,21.905491145090075,1.5749442545657462,True,False
44,C_CONTRACT,OOD,46,crosswalk,False,False,False,0,1,30.987595911941042,1.2795133211395955,True,False
44,C_CONTRACT,OOD,47,crosswalk,False,False,False,0,1,24.641964516452006,1.5892518040808763,True,False
44,C_CONTRACT,OOD,48,crosswalk,False,False,False,0,1,27.756167740409367,1.6044075061113405,True,False
44,C_CONTRACT,OOD,49,crosswalk,False,False,False,0,1,27.075122294619,2.074631170222634,True,False
44,C_CONTRACT,OOD,50,crosswalk,False,False,False,0,1,27.93154476058437,1.8269363851160616,True,False
44,C_CONTRACT,OOD,51,crosswalk,False,False,False,0,1,27.540784630538923,1.9747348278760908,True,False
44,C_CONTRACT,OOD,52,crosswalk,False,False,False,0,1,22.57314356201389,2.0736843223373094,True,False
44,C_CONTRACT,OOD,53,crosswalk,False,False,False,0,1,22.040792252540893,1.4342298539909155,True,False
44,C_CONTRACT,OOD,54,crosswalk,False,False,False,0,1,25.754659437208957,1.607933174341153,True,False
44,C_CONTRACT,OOD,55,crosswalk,False,False,False,0,1,30.194816735516696,2.177201390266418,True,False
44,C_CONTRACT,OOD,56,crosswalk,False,False,False,0,1,22.9576133365099,1.4851030499436135,True,False
44,C_CONTRACT,OOD,57,crosswalk,False,False,False,0,1,21.697986804304506,1.9967642880004384,True,False
44,C_CONTRACT,OOD,58,crosswalk,False,False,False,0,1,28.73617567465378,1.50410606506023,True,False
44,C_CONTRACT,OOD,59,crosswalk,False,False,False,0,1,23.46477709383243,1.5402551470918857,True,False
44,C_CONTRACT,OOD,60,crosswalk,False,False,False,0,1,27.71559252923317,1.7174953692837764,True,False
44,C_CONTRACT,OOD,61,crosswalk,False,False,False,0,1,23.590346070508218,1.490668195944566,True,False
44,C_CONTRACT,OOD,62,crosswalk,False,False,False,0,1,28.488191572612607,1.2669651663821675,True,False
44,C_CONTRACT,OOD,63,crosswalk,False,False,False,0,1,21.74310071743094,1.50136427181523,True,False
44,C_CONTRACT,OOD,64,crosswalk,False,False,False,0,1,24.658815952391983,1.7321295793666396,True,False
44,C_CONTRACT,OOD,65,crosswalk,False,False,False,0,1,30.38568260728068,1.3161842558119032,True,False
44,C_CONTRACT,OOD,66,crosswalk,False,False,False,0,1,21.53437686721186,2.0277323946356773,True,False
44,C_CONTRACT,OOD,67,crosswalk,False,False,False,0,1,28.200287773194503,1.9413022730085585,True,False
44,C_CONTRACT,OOD,68,crosswalk,False,False,False,0,1,20.760021626965134,1.244084144180471,True,False
44,C_CONTRACT,OOD,69,crosswalk,False,False,False,0,1,25.69720155193366,1.4837398239084192,True,False
44,C_CONTRACT,OOD,70,crosswalk,False,False,False,0,1,23.12026661892027,1.9866356482872596,True,False
44,C_CONTRACT,OOD,71,crosswalk,False,False,False,0,1,28.704155433335302,1.8682156164537778,True,False
44,C_CONTRACT,OOD,72,crosswalk,False,False,False,0,1,23.162276009972288,1.463074974897431,True,False
44,C_CONTRACT,OOD,73,crosswalk,False,False,False,0,1,28.253568885632692,1.3824111620585124,True,False
44,C_CONTRACT,OOD,74,crosswalk,False,False,False,0,1,24.791473425469867,1.4589627369030103,True,False
44,C_CONTRACT,OOD,75,crosswalk,False,False,False,0,1,27.509228406483537,2.048435516655445,True,False
44,C_CONTRACT,OOD,76,crosswalk,False,False,False,0,1,29.346270914803576,1.7088605178163407,True,False
44,C_CONTRACT,OOD,77,crosswalk,False,False,False,0,1,26.062107762520338,1.279370543502626,True,False
44,C_CONTRACT,OOD,78,crosswalk,False,False,False,0,1,29.69913553140879,1.7960139567201787,True,False
44,C_CONTRACT,OOD,79,crosswalk,False,False,False,0,1,21.016521909066483,2.040415647484007,True,False
44,C_CONTRACT,OOD,80,crosswalk,False,False,False,0,1,24.548091900510812,2.0504687055945396,True,False
44,C_CONTRACT,OOD,81,crosswalk,False,False,False,0,1,22.897708385116694,2.1464429031579924,True,False
44,C_CONTRACT,OOD,82,crosswalk,False,False,False,0,1,25.194348590516274,1.476870308751645,True,False
44,C_CONTRACT,OOD,83,crosswalk,False,False,False,0,1,29.18904278691076,1.6627209277256674,True,False
44,C_CONTRACT,OOD,84,crosswalk,False,False,False,0,1,27.797798566255214,1.5239307630893795,True,False
44,C_CONTRACT,OOD,85,crosswalk,False,False,False,0,1,21.909161687086936,1.2015223033016635,True,False
44,C_CONTRACT,OOD,86,crosswalk,False,False,False,0,1,31.607527181712555,1.8042538091540334,True,False
44,C_CONTRACT,OOD,87,crosswalk,False,False,False,0,1,22.832646845616537,1.2755824857287936,True,False
44,C_CONTRACT,OOD,88,crosswalk,False,False,False,0,1,30.2820812090272,1.2710585377433083,True,False
44,C_CONTRACT,OOD,89,crosswalk,False,False,False,0,1,28.872146958256646,1.6483418608820715,True,False
44,C_CONTRACT,OOD,90,crosswalk,False,False,False,0,1,30.785345391871516,1.5340585112571716,True,False
44,C_CONTRACT,OOD,91,crosswalk,False,False,False,0,1,23.57228933258972,1.4719814706493066,True,False
44,C_CONTRACT,OOD,92,crosswalk,False,False,False,0,1,24.764293374174216,1.624595657700584,True,False
44,C_CONTRACT,OOD,93,crosswalk,False,False,False,0,1,21.115220295303835,1.8431365489959717,True,False
44,C_CONTRACT,OOD,94,crosswalk,False,False,False,0,1,26.284676478244315,1.5565132965212283,True,False
44,C_CONTRACT,OOD,95,crosswalk,False,False,False,0,1,21.54311476760862,1.6700715896410818,True,False
44,C_CONTRACT,OOD,96,crosswalk,False,False,False,0,1,28.408976932593546,1.668075503304947,True,False
44,C_CONTRACT,OOD,97,crosswalk,False,False,False,0,1,30.776227496024955,1.5943025729872964,True,False
44,C_CONTRACT,OOD,98,crosswalk,False,False,False,0,1,28.099634846722903,1.9806375429034233,True,False
44,C_CONTRACT,OOD,99,crosswalk,False,False,False,0,1,28.24147196980364,1.5959260515544726,True,False
44,C_CONTRACT,OOD,100,stop_intersection,True,True,False,0,0,23.113119020513192,2.2045296370177656,True,True
44,C_CONTRACT,OOD,101,stop_intersection,False,True,False,0,0,25.586602394399243,1.7541830407248604,True,True
44,C_CONTRACT,OOD,102,stop_intersection,False,False,False,0,1,31.00862134290494,1.7719699834522447,True,False
44,C_CONTRACT,OOD,103,stop_intersection,False,False,False,0,0,26.666978504052025,1.7526985539330375,True,False
44,C_CONTRACT,OOD,104,stop_intersection,True,True,False,0,0,27.065970420504726,2.306037402233562,True,True
44,C_CONTRACT,OOD,105,stop_intersection,False,False,False,0,0,20.64811766285993,1.8282290283710725,True,False
44,C_CONTRACT,OOD,106,stop_intersection,False,False,False,0,1,31.152118329149722,1.7440358588570042,True,False
44,C_CONTRACT,OOD,107,stop_intersection,False,False,False,0,0,27.660692809023416,1.5264357425071098,True,False
44,C_CONTRACT,OOD,108,stop_intersection,False,False,False,0,0,25.441455910861333,1.8271560498646326,True,False
44,C_CONTRACT,OOD,109,stop_intersection,False,False,False,0,0,21.044844196375017,2.2611063718795776,True,False
44,C_CONTRACT,OOD,110,stop_intersection,False,False,False,0,0,24.710088340187276,1.8070994615554807,True,False
44,C_CONTRACT,OOD,111,stop_intersection,True,True,False,0,0,23.633981080834563,2.2672622046760607,True,True
44,C_CONTRACT,OOD,112,stop_intersection,True,True,False,0,0,24.47290943134115,2.0162418543508176,True,True
44,C_CONTRACT,OOD,113,stop_intersection,False,False,False,0,0,30.95145904720159,1.4657535919776328,True,False
44,C_CONTRACT,OOD,114,stop_intersection,False,False,False,0,0,24.740337554706016,1.9796076331819805,True,False
44,C_CONTRACT,OOD,115,stop_intersection,False,False,False,0,0,25.023585163042853,1.612551978656224,True,False
44,C_CONTRACT,OOD,116,stop_intersection,True,True,False,0,0,21.377358950133164,2.12551026897771,True,True
44,C_CONTRACT,OOD,117,stop_intersection,False,False,False,0,0,28.38177548018301,1.9229109585285187,True,False
44,C_CONTRACT,OOD,118,stop_intersection,False,False,False,0,1,28.639567140517983,1.4908270616280406,True,False
44,C_CONTRACT,OOD,119,stop_intersection,False,False,False,0,0,23.49747402913377,2.159655654069149,True,False
44,C_CONTRACT,OOD,120,stop_intersection,False,False,False,0,1,31.320575739258537,1.7665422268402882,True,False
44,C_CONTRACT,OOD,121,stop_intersection,True,True,False,0,0,21.66546245310583,1.9406424375141367,True,True
44,C_CONTRACT,OOD,122,stop_intersection,True,True,False,0,0,24.926387085545684,1.7857864328793116,True,True
44,C_CONTRACT,OOD,123,stop_intersection,False,False,False,0,1,31.66343526615705,1.4468013495206833,True,False
44,C_CONTRACT,OOD,124,stop_intersection,True,True,False,0,0,28.705390194491933,2.0460407959448323,True,True
44,C_CONTRACT,OOD,125,stop_intersection,True,True,False,0,0,23.585353328109292,2.1439846162054987,True,True
44,C_CONTRACT,OOD,126,stop_intersection,True,True,False,0,0,30.960615528988534,2.108172860283118,True,True
44,C_CONTRACT,OOD,127,stop_intersection,True,True,False,0,0,29.057200673109826,2.0227486219925757,True,True
44,C_CONTRACT,OOD,128,stop_intersection,False,False,False,0,1,29.782353487368468,1.6396578989530863,True,False
44,C_CONTRACT,OOD,129,stop_intersection,False,False,False,0,0,27.308068580055505,1.8452106912930806,True,False
44,C_CONTRACT,OOD,130,stop_intersection,True,True,False,0,0,22.25146212338479,2.0354323192603054,True,True
44,C_CONTRACT,OOD,131,stop_intersection,False,False,False,0,1,24.728415088008767,1.9795049088341847,True,False
44,C_CONTRACT,OOD,132,stop_intersection,True,True,False,0,0,21.064285233275523,2.4340037212652317,True,True
44,C_CONTRACT,OOD,133,stop_intersection,True,True,False,0,0,24.953992153520684,2.0282786194649005,True,True
44,C_CONTRACT,OOD,134,stop_intersection,False,False,False,0,1,26.419155450438403,1.48805689167332,True,False
44,C_CONTRACT,OOD,135,stop_intersection,True,True,False,0,0,21.45185902179275,1.6760356769417273,True,True
44,C_CONTRACT,OOD,136,stop_intersection,False,False,False,0,0,25.85917054683808,1.5138394468360477,True,False
44,C_CONTRACT,OOD,137,stop_intersection,False,False,False,0,0,31.42928204339215,1.470445707440376,True,False
44,C_CONTRACT,OOD,138,stop_intersection,False,False,False,0,1,31.074309467690885,1.7416252117407949,True,False
44,C_CONTRACT,OOD,139,stop_intersection,False,False,False,0,0,27.91136707608981,1.3907534040902791,True,False
44,C_CONTRACT,OOD,140,stop_intersection,True,True,False,0,0,24.91960327439765,1.8968145549297333,True,True
44,C_CONTRACT,OOD,141,stop_intersection,False,False,False,0,0,29.576028142259624,1.4566664359508414,True,False
44,C_CONTRACT,OOD,142,stop_intersection,False,False,False,0,0,23.63917506326132,1.9848463815801283,True,False
44,C_CONTRACT,OOD,143,stop_intersection,False,False,False,0,0,28.295445299302727,1.8709018101563324,True,False
44,C_CONTRACT,OOD,144,stop_intersection,False,False,False,0,1,30.536160818513174,1.6770703975970929,True,False
44,C_CONTRACT,OOD,145,stop_intersection,False,False,False,0,0,27.912707821692635,1.9111518561840057,True,False
44,C_CONTRACT,OOD,146,stop_intersection,False,False,False,0,0,27.51570504428792,1.967509306139416,True,False
44,C_CONTRACT,OOD,147,stop_intersection,False,False,False,0,0,21.26669957796704,1.6432142799550835,True,False
44,C_CONTRACT,OOD,148,stop_intersection,True,True,False,0,0,20.994086021502017,1.80982035611357,True,True
44,C_CONTRACT,OOD,149,stop_intersection,False,False,False,0,0,29.689322248734683,1.8292061541531537,True,False
44,C_CONTRACT,OOD,150,stop_intersection,True,True,False,0,0,22.555115290257,2.2134046719686404,True,True
44,C_CONTRACT,OOD,151,stop_intersection,False,False,False,0,0,23.477246929781742,1.5700336026422905,True,False
44,C_CONTRACT,OOD,152,stop_intersection,False,False,False,0,1,30.940860834444038,1.617371424248344,True,False
44,C_CONTRACT,OOD,153,stop_intersection,False,False,False,0,0,30.43943679643086,1.7585815097156323,True,False
44,C_CONTRACT,OOD,154,stop_intersection,False,True,False,0,0,21.378574399668913,2.305461357940327,True,True
44,C_CONTRACT,OOD,155,stop_intersection,False,False,False,0,0,24.481687256434256,1.857632109097072,True,False
44,C_CONTRACT,OOD,156,stop_intersection,True,True,False,0,0,22.69075739779354,1.9355680516787936,True,True
44,C_CONTRACT,OOD,157,stop_intersection,False,False,False,0,0,23.606697730007888,1.95514358141843,True,False
44,C_CONTRACT,OOD,158,stop_intersection,False,True,False,0,0,30.949401259595966,1.6681247479037233,True,True
44,C_CONTRACT,OOD,159,stop_intersection,False,False,False,0,0,29.27892307500919,1.6313974951442918,True,False
44,C_CONTRACT,OOD,160,stop_intersection,True,True,False,0,0,26.13873520874887,1.8809573269552653,True,True
44,C_CONTRACT,OOD,161,stop_intersection,True,True,False,0,0,23.866408415998173,2.065272180265502,True,True
44,C_CONTRACT,OOD,162,stop_intersection,True,True,False,0,0,27.80784205552836,1.753683710420454,True,True
44,C_CONTRACT,OOD,163,stop_intersection,False,False,False,0,0,26.296162768050273,1.4421175299464044,True,False
44,C_CONTRACT,OOD,164,stop_intersection,True,True,False,0,0,24.234573629409724,2.172023805065287,True,True
44,C_CONTRACT,OOD,165,stop_intersection,True,True,False,0,0,29.011897989481128,1.9169661245848002,True,True
44,C_CONTRACT,OOD,166,stop_intersection,False,False,False,0,0,27.21333772009215,2.045808638845171,True,False
44,C_CONTRACT,OOD,167,stop_intersection,True,True,False,0,0,30.27556897776106,1.7389421126781364,True,True
44,C_CONTRACT,OOD,168,stop_intersection,False,False,False,0,0,31.459166711796488,1.4201119160040832,True,False
44,C_CONTRACT,OOD,169,stop_intersection,False,False,False,0,0,28.522166132829046,1.3855882694846704,True,False
44,C_CONTRACT,OOD,170,stop_intersection,True,True,False,0,0,21.055178704479324,1.9509051604704422,True,True
44,C_CONTRACT,OOD,171,stop_intersection,False,False,False,0,0,21.62686610411449,1.441953432513401,True,False
44,C_CONTRACT,OOD,172,stop_intersection,True,True,False,0,0,22.113031313850193,1.9841853416327273,True,True
44,C_CONTRACT,OOD,173,stop_intersection,True,True,False,0,0,28.468676794313115,1.7342643172313004,True,True
44,C_CONTRACT,OOD,174,stop_intersection,False,False,False,0,0,22.477343175785805,1.699523036227082,True,False
44,C_CONTRACT,OOD,175,stop_intersection,False,False,False,0,1,28.044994990792873,1.6769280367427402,True,False
44,C_CONTRACT,OOD,176,stop_intersection,True,True,False,0,0,22.10504409514781,1.9689052800337472,True,True
44,C_CONTRACT,OOD,177,stop_intersection,False,False,False,0,1,30.72056963296429,1.9017889854070302,True,False
44,C_CONTRACT,OOD,178,stop_intersection,False,False,False,0,0,28.713331893222026,1.646021475663056,True,False
44,C_CONTRACT,OOD,179,stop_intersection,True,True,False,0,0,27.84845294715,2.3195983802801683,True,True
44,C_CONTRACT,OOD,180,stop_intersection,True,True,False,0,0,21.907529532665603,1.7933938013655797,True,True
44,C_CONTRACT,OOD,181,stop_intersection,False,False,False,0,0,31.342016015849353,1.5469428820487778,True,False
44,C_CONTRACT,OOD,182,stop_intersection,True,True,False,0,0,22.67157467650307,2.1140932160265304,True,True
44,C_CONTRACT,OOD,183,stop_intersection,False,False,False,0,0,22.293204494357354,1.7127047040883232,True,False
44,C_CONTRACT,OOD,184,stop_intersection,False,False,False,0,1,29.601141866266747,1.9551185015085581,True,False
44,C_CONTRACT,OOD,185,stop_intersection,True,True,False,0,0,25.87075375063102,2.1207590342352263,True,True
44,C_CONTRACT,OOD,186,stop_intersection,False,False,False,0,0,29.811113732044277,1.6306393711190474,True,False
44,C_CONTRACT,OOD,187,stop_intersection,False,False,False,0,0,27.751826364658193,1.967758774757385,True,False
44,C_CONTRACT,OOD,188,stop_intersection,False,False,False,0,0,31.429562938008893,1.8584679929833663,True,False
44,C_CONTRACT,OOD,189,stop_intersection,False,False,False,0,1,29.924166091631115,1.5368541290885522,True,False
44,C_CONTRACT,OOD,190,stop_intersection,False,False,False,0,0,24.96334586215225,1.8685599054609026,True,False
44,C_CONTRACT,OOD,191,stop_intersection,True,True,False,0,0,26.433715511524234,2.0392546136128273,True,True
44,C_CONTRACT,OOD,192,stop_intersection,False,False,False,0,0,30.387202154538542,1.3076162785291672,True,False
44,C_CONTRACT,OOD,193,stop_intersection,True,True,False,0,0,23.756260507074366,2.10132173791125,True,True
44,C_CONTRACT,OOD,194,stop_intersection,True,True,False,0,0,27.088680081671935,1.8291759490966797,True,True
44,C_CONTRACT,OOD,195,stop_intersection,True,True,False,0,0,26.350165272813157,2.210853065763201,True,True
44,C_CONTRACT,OOD,196,stop_intersection,True,True,False,0,0,22.803865315146044,1.891748153737613,True,True
44,C_CONTRACT,OOD,197,stop_intersection,False,True,False,0,0,29.995210880974447,1.7418003565556295,True,True
44,C_CONTRACT,OOD,198,stop_intersection,True,True,False,0,0,29.486184123473116,2.2608259874276624,True,True
44,C_CONTRACT,OOD,199,stop_intersection,True,True,False,0,0,28.739170467215196,1.772123193129515,True,True
44,C_CONTRACT,OOD,200,lead_brake,False,False,False,0,0,33.67989438712602,8.50608865916729,True,False
44,C_CONTRACT,OOD,201,lead_brake,False,False,False,0,0,30.539925170312017,6.327510802075267,True,False
44,C_CONTRACT,OOD,202,lead_brake,False,False,False,0,0,25.676470412152366,9.687858324497936,True,False
44,C_CONTRACT,OOD,203,lead_brake,False,False,False,0,0,30.550502068583587,4.188693813358744,True,False
44,C_CONTRACT,OOD,204,lead_brake,False,False,False,0,0,29.420520197597785,9.958042138566572,True,False
44,C_CONTRACT,OOD,205,lead_brake,False,False,False,0,0,28.194120733254106,7.946771409983436,True,False
44,C_CONTRACT,OOD,206,lead_brake,False,False,False,0,0,29.955864901827493,6.345397037764389,True,False
44,C_CONTRACT,OOD,207,lead_brake,False,False,False,0,0,32.63487947395,9.246939597651362,True,False
44,C_CONTRACT,OOD,208,lead_brake,False,False,False,0,0,37.962254271297176,9.656512775768835,True,False
44,C_CONTRACT,OOD,209,lead_brake,False,False,False,0,0,30.43957401600894,8.107828545694549,True,False
44,C_CONTRACT,OOD,210,lead_brake,False,False,False,0,0,29.490767992781212,10.016859764233232,True,False
44,C_CONTRACT,OOD,211,lead_brake,False,False,False,0,0,36.3456999577582,6.434698498497406,True,False
44,C_CONTRACT,OOD,212,lead_brake,False,False,False,0,0,27.296682178308377,8.991047992060581,True,False
44,C_CONTRACT,OOD,213,lead_brake,False,False,False,0,0,30.6232241379059,5.751566961407661,True,False
44,C_CONTRACT,OOD,214,lead_brake,False,False,False,0,0,34.82999809000359,8.110046363125244,True,False
44,C_CONTRACT,OOD,215,lead_brake,False,False,False,0,0,26.517771506144936,8.33318161095182,True,False
44,C_CONTRACT,OOD,216,lead_brake,False,False,False,0,0,40.096539667587614,7.360964656497041,True,False
44,C_CONTRACT,OOD,217,lead_brake,False,False,False,0,0,34.57224827818572,8.48483677767217,True,False
44,C_CONTRACT,OOD,218,lead_brake,False,False,False,0,0,26.402615798213716,6.273796978717049,True,False
44,C_CONTRACT,OOD,219,lead_brake,False,False,False,0,0,34.23913837787866,7.5970705058425665,True,False
44,C_CONTRACT,OOD,220,lead_brake,False,False,False,0,0,35.06151307545633,4.929448229571183,True,False
44,C_CONTRACT,OOD,221,lead_brake,False,False,False,0,0,23.890815209895376,8.754821167637903,True,False
44,C_CONTRACT,OOD,222,lead_brake,False,False,False,0,0,39.63300960072775,7.145850339904427,True,False
44,C_CONTRACT,OOD,223,lead_brake,False,False,False,0,0,26.10599401633978,7.971717577427626,True,False
44,C_CONTRACT,OOD,224,lead_brake,False,False,False,0,0,31.125571719648665,5.0043149292469025,True,False
44,C_CONTRACT,OOD,225,lead_brake,False,False,False,0,0,31.759972795819372,5.359072394048174,True,False
44,C_CONTRACT,OOD,226,lead_brake,False,False,False,0,0,26.996538515910512,7.629255511487523,True,False
44,C_CONTRACT,OOD,227,lead_brake,False,False,False,0,0,38.554842798746336,8.284330195436874,True,False
44,C_CONTRACT,OOD,228,lead_brake,False,False,False,0,0,39.63264832321462,4.644090856115024,True,False
44,C_CONTRACT,OOD,229,lead_brake,False,False,False,0,0,43.12905354484912,7.799652562166253,True,False
44,C_CONTRACT,OOD,230,lead_brake,False,False,False,0,0,33.94518587355126,7.4141377955675125,True,False
44,C_CONTRACT,OOD,231,lead_brake,False,False,False,0,0,35.133312949705214,8.082564994692802,True,False
44,C_CONTRACT,OOD,232,lead_brake,False,False,False,0,0,32.68255481080175,8.582525598506132,True,False
44,C_CONTRACT,OOD,233,lead_brake,False,False,False,0,0,29.831718630354832,9.347853612775603,True,False
44,C_CONTRACT,OOD,234,lead_brake,False,False,False,0,0,28.98164722959696,8.768847125892837,True,False
44,C_CONTRACT,OOD,235,lead_brake,False,False,False,0,0,32.19870361296105,5.910434763257702,True,False
44,C_CONTRACT,OOD,236,lead_brake,False,False,False,0,0,42.561325831338785,6.750932766124606,True,False
44,C_CONTRACT,OOD,237,lead_brake,False,False,False,0,0,40.41663783552853,6.9577547150353585,True,False
44,C_CONTRACT,OOD,238,lead_brake,False,False,False,0,0,26.046933067291985,6.8454248265673705,True,False
44,C_CONTRACT,OOD,239,lead_brake,False,False,False,0,0,34.309526379392025,2.6371793858706947,True,False
44,C_CONTRACT,OOD,240,lead_brake,False,False,False,0,0,36.75504025995734,8.237088614453873,True,False
44,C_CONTRACT,OOD,241,lead_brake,False,False,False,0,0,25.580230616880655,6.371995992958546,True,False
44,C_CONTRACT,OOD,242,lead_brake,False,False,False,0,0,26.797642303534357,6.678133005897204,True,False
44,C_CONTRACT,OOD,243,lead_brake,False,False,False,0,0,30.907787479749697,7.994215356186031,True,False
44,C_CONTRACT,OOD,244,lead_brake,False,False,False,0,0,41.7178710357845,8.505477234721184,True,False
44,C_CONTRACT,OOD,245,lead_brake,False,False,False,0,0,43.551778193414236,7.296946806833147,True,False
44,C_CONTRACT,OOD,246,lead_brake,False,False,False,0,0,26.653484120293008,8.629528264825542,True,False
44,C_CONTRACT,OOD,247,lead_brake,False,False,False,0,0,31.33134532580793,8.10843973358472,True,False
44,C_CONTRACT,OOD,248,lead_brake,False,False,False,0,0,27.447234447355548,8.775129755958915,True,False
44,C_CONTRACT,OOD,249,lead_brake,False,False,False,0,0,23.84623220438379,8.822891268879175,True,False
44,C_CONTRACT,OOD,250,lead_brake,False,False,False,0,0,33.58277154669648,5.8564236760139465,True,False
44,C_CONTRACT,OOD,251,lead_brake,False,False,False,0,0,30.855787369619968,8.559397348513205,True,False
44,C_CONTRACT,OOD,252,lead_brake,False,False,False,0,0,40.23341638996696,6.80536937713623,True,False
44,C_CONTRACT,OOD,253,lead_brake,False,False,False,0,0,28.722853149622672,8.280989307910204,True,False
44,C_CONTRACT,OOD,254,lead_brake,False,False,False,0,0,28.049488006377462,6.564325079942743,True,False
44,C_CONTRACT,OOD,255,lead_brake,False,False,False,0,0,34.43758398090797,7.679980561137199,True,False
44,C_CONTRACT,OOD,256,lead_brake,False,False,False,0,0,24.872776020914337,7.737545407066742,True,False
44,C_CONTRACT,OOD,257,lead_brake,False,False,False,0,0,30.83802289783217,8.041270978748797,True,False
44,C_CONTRACT,OOD,258,lead_brake,False,False,False,0,0,23.467374746188693,6.037674099206924,True,False
44,C_CONTRACT,OOD,259,lead_brake,False,False,False,0,0,43.22132284671067,6.0449109841138124,True,False
44,C_CONTRACT,OOD,260,lead_brake,False,False,False,0,0,34.679196101744914,7.641370782007773,True,False
44,C_CONTRACT,OOD,261,lead_brake,False,False,False,0,0,28.638599561723144,6.0008161428074045,True,False
44,C_CONTRACT,OOD,262,lead_brake,False,False,False,0,0,38.409984250761205,8.51184421032667,True,False
44,C_CONTRACT,OOD,263,lead_brake,False,False,False,0,0,30.538972524483267,8.127533255765835,True,False
44,C_CONTRACT,OOD,264,lead_brake,False,False,False,0,0,44.69020491763952,7.6189336217939845,True,False
44,C_CONTRACT,OOD,265,lead_brake,False,False,False,0,0,40.209659422217904,4.916074279695748,True,False
44,C_CONTRACT,OOD,266,lead_brake,False,False,False,0,0,32.30059037674196,9.582887922103206,True,False
44,C_CONTRACT,OOD,267,lead_brake,False,False,False,0,0,29.462022031368022,9.379115621869762,True,False
44,C_CONTRACT,OOD,268,lead_brake,False,False,False,0,0,29.11799365942646,8.0533946963648,True,False
44,C_CONTRACT,OOD,269,lead_brake,False,False,False,0,0,31.502490356097713,6.864460693051417,True,False
44,C_CONTRACT,OOD,270,lead_brake,False,False,False,0,0,25.427579699516972,10.804706341276566,True,False
44,C_CONTRACT,OOD,271,lead_brake,False,False,False,0,0,36.26386311062824,8.919259357576568,True,False
44,C_CONTRACT,OOD,272,lead_brake,False,False,False,0,0,34.2311758268362,3.5841204163928824,True,False
44,C_CONTRACT,OOD,273,lead_brake,False,False,False,0,0,34.79440590614063,5.37080185736219,True,False
44,C_CONTRACT,OOD,274,lead_brake,False,False,False,0,0,37.23966357945952,6.912368444725871,True,False
44,C_CONTRACT,OOD,275,lead_brake,False,False,False,0,0,32.99233275603551,7.266564235091209,True,False
44,C_CONTRACT,OOD,276,lead_brake,False,False,False,0,0,28.482676485746072,6.745184899618228,True,False
44,C_CONTRACT,OOD,277,lead_brake,False,False,False,0,0,29.517832276076096,10.550240955005089,True,False
44,C_CONTRACT,OOD,278,lead_brake,False,False,False,0,0,30.053700059618283,7.338651599983375,True,False
44,C_CONTRACT,OOD,279,lead_brake,False,False,False,0,0,38.72605486214161,6.281615118185679,True,False
44,C_CONTRACT,OOD,280,lead_brake,False,False,False,0,0,30.47028234872636,9.720110390335321,True,False
44,C_CONTRACT,OOD,281,lead_brake,False,False,False,0,0,31.34418141916392,8.591933764517307,True,False
44,C_CONTRACT,OOD,282,lead_brake,False,False,False,0,0,32.18548649881588,4.346840248132746,True,False
44,C_CONTRACT,OOD,283,lead_brake,False,False,False,0,0,36.524502555057396,9.949923755601048,True,False
44,C_CONTRACT,OOD,284,lead_brake,False,False,False,0,0,25.783780862714416,11.777061687161524,True,False
44,C_CONTRACT,OOD,285,lead_brake,False,False,False,0,0,35.28116101475119,6.528375518818696,True,False
44,C_CONTRACT,OOD,286,lead_brake,False,False,False,0,0,28.99205831475868,9.371069656064112,True,False
44,C_CONTRACT,OOD,287,lead_brake,False,False,False,0,0,32.49755871709408,4.187729249397913,True,False
44,C_CONTRACT,OOD,288,lead_brake,False,False,False,0,0,26.55779348337212,6.497992711762587,True,False
44,C_CONTRACT,OOD,289,lead_brake,False,False,False,0,0,39.810319591712194,7.8202330234150095,True,False
44,C_CONTRACT,OOD,290,lead_brake,False,False,False,0,0,33.64300036215692,6.392251089215278,True,False
44,C_CONTRACT,OOD,291,lead_brake,False,False,False,0,0,21.542964567095023,7.248066669950882,True,False
44,C_CONTRACT,OOD,292,lead_brake,False,False,False,0,0,36.099227185091266,6.341388717293738,True,False
44,C_CONTRACT,OOD,293,lead_brake,False,False,False,0,0,25.347719373001283,9.326907508075237,True,False
44,C_CONTRACT,OOD,294,lead_brake,False,False,False,0,0,26.60701067629126,9.870679095387459,True,False
44,C_CONTRACT,OOD,295,lead_brake,False,False,False,0,0,28.168380473554134,9.134875688701868,True,False
44,C_CONTRACT,OOD,296,lead_brake,False,False,False,0,0,35.56418005614747,8.614547199259201,True,False
44,C_CONTRACT,OOD,297,lead_brake,False,False,False,0,0,38.94545079898149,7.123207838584979,True,False
44,C_CONTRACT,OOD,298,lead_brake,False,False,False,0,0,21.131649948070624,10.584257500867048,True,False
44,C_CONTRACT,OOD,299,lead_brake,False,False,False,0,0,25.59499970346974,9.580914962415893,True,False
44,D_CONTRACT_SHIELD,ID,0,crosswalk,False,False,False,0,0,29.65355027984449,2.1213305673815985,True,False
44,D_CONTRACT_SHIELD,ID,1,crosswalk,False,False,False,0,0,38.272926606576405,1.1617181388040383,True,False
44,D_CONTRACT_SHIELD,ID,2,crosswalk,False,False,False,0,0,28.501936505970342,2.6168802694270488,True,False
44,D_CONTRACT_SHIELD,ID,3,crosswalk,False,False,False,0,0,32.78608398604137,2.3527662118985537,True,False
44,D_CONTRACT_SHIELD,ID,4,crosswalk,False,False,False,0,0,34.037972433087276,2.3314390196041623,True,False
44,D_CONTRACT_SHIELD,ID,5,crosswalk,False,False,False,0,0,28.853692921663388,1.9903702191684558,True,False
44,D_CONTRACT_SHIELD,ID,6,crosswalk,False,False,False,0,0,35.34711055981212,0.4377416453578255,True,False
44,D_CONTRACT_SHIELD,ID,7,crosswalk,False,False,False,0,0,37.742872626388234,2.1388010013227663,True,False
44,D_CONTRACT_SHIELD,ID,8,crosswalk,False,False,False,0,0,27.63156668171155,1.9111262197079864,True,False
44,D_CONTRACT_SHIELD,ID,9,crosswalk,False,False,False,0,0,34.309282202007864,1.9684828496114772,True,False
44,D_CONTRACT_SHIELD,ID,10,crosswalk,False,False,False,0,0,36.54946312320416,2.067461792865525,True,False
44,D_CONTRACT_SHIELD,ID,11,crosswalk,False,False,False,0,0,34.0207221317318,2.0441576900581517,True,False
44,D_CONTRACT_SHIELD,ID,12,crosswalk,False,False,False,0,0,28.307248807004996,1.214543316317232,True,False
44,D_CONTRACT_SHIELD,ID,13,crosswalk,False,False,False,0,0,32.007449567026136,1.5164093106337213,True,False
44,D_CONTRACT_SHIELD,ID,14,crosswalk,False,False,False,0,0,29.863491574748657,2.1261072836138983,True,False
44,D_CONTRACT_SHIELD,ID,15,crosswalk,False,False,False,0,0,34.8939574208872,0.40482272920401197,True,False
44,D_CONTRACT_SHIELD,ID,16,crosswalk,False,False,False,0,0,27.116844499955366,2.4416432633168164,True,False
44,D_CONTRACT_SHIELD,ID,17,crosswalk,False,False,False,0,0,26.982982042628162,2.1233947787966048,True,False
44,D_CONTRACT_SHIELD,ID,18,crosswalk,False,False,False,0,0,35.83426283494269,1.8840347890826787,True,False
44,D_CONTRACT_SHIELD,ID,19,crosswalk,False,False,False,0,0,38.27361443038289,0.39185625811417896,True,False
44,D_CONTRACT_SHIELD,ID,20,crosswalk,False,False,False,0,0,31.62368530304027,1.9617306849076634,True,False
44,D_CONTRACT_SHIELD,ID,21,crosswalk,False,False,False,0,0,32.02072363923105,1.5247295949269424,True,False
44,D_CONTRACT_SHIELD,ID,22,crosswalk,False,False,False,0,0,28.216472656622347,1.7529919184744358,True,False
44,D_CONTRACT_SHIELD,ID,23,crosswalk,False,False,False,0,0,35.10306952299218,0.43472940948876465,True,False
44,D_CONTRACT_SHIELD,ID,24,crosswalk,False,False,False,0,0,28.09392505623527,1.5989006212667414,True,False
44,D_CONTRACT_SHIELD,ID,25,crosswalk,False,False,False,0,0,27.911083901574752,1.8496271464973686,True,False
44,D_CONTRACT_SHIELD,ID,26,crosswalk,False,False,False,0,0,27.58602241188774,2.5319134718493412,True,False
44,D_CONTRACT_SHIELD,ID,27,crosswalk,False,False,False,0,0,32.06769655544271,1.9782338477671146,True,False
44,D_CONTRACT_SHIELD,ID,28,crosswalk,False,False,False,0,0,33.922690262123595,1.4827848970890045,True,False
44,D_CONTRACT_SHIELD,ID,29,crosswalk,False,False,False,0,0,29.32902580181193,2.4508466348052025,True,False
44,D_CONTRACT_SHIELD,ID,30,crosswalk,False,False,False,0,0,32.36647106824735,0.6551052545281973,True,False
44,D_CONTRACT_SHIELD,ID,31,crosswalk,False,False,False,0,0,28.7764814226731,1.987586060295934,True,False
44,D_CONTRACT_SHIELD,ID,32,crosswalk,False,False,False,0,0,38.93157113683652,1.8911258922889829,True,False
44,D_CONTRACT_SHIELD,ID,33,crosswalk,False,False,False,0,0,31.94076831980758,0.4345864625204177,True,False
44,D_CONTRACT_SHIELD,ID,34,crosswalk,False,False,False,0,0,35.8887125822738,0.8097841404378414,True,False
44,D_CONTRACT_SHIELD,ID,35,crosswalk,False,False,False,0,0,29.494938812987826,2.0062457802503006,True,False
44,D_CONTRACT_SHIELD,ID,36,crosswalk,False,False,False,0,0,38.228970977400216,0.39192672967910763,True,False
44,D_CONTRACT_SHIELD,ID,37,crosswalk,False,False,False,0,0,31.792816432353572,2.239960249174725,True,False
44,D_CONTRACT_SHIELD,ID,38,crosswalk,False,False,False,0,0,34.68701887412756,2.0540923004349074,True,False
44,D_CONTRACT_SHIELD,ID,39,crosswalk,False,False,False,0,0,28.96339564064659,1.5881635565310717,True,False
44,D_CONTRACT_SHIELD,ID,40,crosswalk,False,False,False,0,0,31.941922916806664,0.49715562977574085,True,False
44,D_CONTRACT_SHIELD,ID,41,crosswalk,False,False,False,0,0,35.43181741377245,1.7759440771558068,True,False
44,D_CONTRACT_SHIELD,ID,42,crosswalk,False,False,False,0,0,37.96276775209558,0.3882032074034214,True,False
44,D_CONTRACT_SHIELD,ID,43,crosswalk,False,False,False,0,0,31.070840793132554,1.8793816367785134,True,False
44,D_CONTRACT_SHIELD,ID,44,crosswalk,False,False,False,0,0,31.58962230532484,1.6506549307987801,True,False
44,D_CONTRACT_SHIELD,ID,45,crosswalk,False,False,False,0,0,35.863730010765096,0.8447608662148316,True,False
44,D_CONTRACT_SHIELD,ID,46,crosswalk,False,False,False,0,0,30.91493536567286,2.200347022576765,True,False
44,D_CONTRACT_SHIELD,ID,47,crosswalk,False,False,False,0,0,28.265823853402658,0.5225759465247393,True,False
44,D_CONTRACT_SHIELD,ID,48,crosswalk,False,False,False,0,0,34.47445206975213,0.3636522637680173,True,False
44,D_CONTRACT_SHIELD,ID,49,crosswalk,False,False,False,0,0,38.033765783171944,0.3979902941247691,True,False
44,D_CONTRACT_SHIELD,ID,50,crosswalk,False,False,False,0,0,28.808435859031135,2.2743457340096174,True,False
44,D_CONTRACT_SHIELD,ID,51,crosswalk,False,False,False,0,0,30.049385435392868,0.3858652019074985,True,False
44,D_CONTRACT_SHIELD,ID,52,crosswalk,False,False,False,0,0,36.72258767874197,0.41567991177241004,True,False
44,D_CONTRACT_SHIELD,ID,53,crosswalk,False,False,False,0,0,38.00363649548454,0.9688112676143646,True,False
44,D_CONTRACT_SHIELD,ID,54,crosswalk,False,False,False,0,0,37.353769606392426,0.3797851920127868,True,False
44,D_CONTRACT_SHIELD,ID,55,crosswalk,False,False,False,0,0,34.42318890235437,1.981691543690183,True,False
44,D_CONTRACT_SHIELD,ID,56,crosswalk,False,False,False,0,0,31.068709177090714,2.266279787179969,True,False
44,D_CONTRACT_SHIELD,ID,57,crosswalk,False,False,False,0,0,33.49879401415388,2.3190563307567076,True,False
44,D_CONTRACT_SHIELD,ID,58,crosswalk,False,False,False,0,0,35.77075489501212,1.0249520384747048,True,False
44,D_CONTRACT_SHIELD,ID,59,crosswalk,False,False,False,0,0,35.01100791684031,0.3881549648940563,True,False
44,D_CONTRACT_SHIELD,ID,60,crosswalk,False,False,False,0,0,36.76538696646358,2.1023337558532753,True,False
44,D_CONTRACT_SHIELD,ID,61,crosswalk,False,False,False,0,0,37.33212146948363,0.38182041049003596,True,False
44,D_CONTRACT_SHIELD,ID,62,crosswalk,False,False,False,0,0,32.6188602209122,2.281777039170265,True,False
44,D_CONTRACT_SHIELD,ID,63,crosswalk,False,False,False,0,0,32.06350647187297,0.8955783130867141,True,False
44,D_CONTRACT_SHIELD,ID,64,crosswalk,False,False,False,0,0,27.883428960250527,2.1588607387323124,True,False
44,D_CONTRACT_SHIELD,ID,65,crosswalk,False,False,False,0,0,35.871466621119765,2.061438192815884,True,False
44,D_CONTRACT_SHIELD,ID,66,crosswalk,False,False,False,0,0,33.460040929845235,1.1618350073695183,True,False
44,D_CONTRACT_SHIELD,ID,67,crosswalk,False,False,False,0,0,28.26501296123396,0.5086160470780573,True,False
44,D_CONTRACT_SHIELD,ID,68,crosswalk,False,False,False,0,0,31.97880526003364,0.38535973395813594,True,False
44,D_CONTRACT_SHIELD,ID,69,crosswalk,False,False,False,0,0,31.093674282909927,1.942411089936892,True,False
44,D_CONTRACT_SHIELD,ID,70,crosswalk,False,False,False,0,0,39.26504451327624,0.5718850623816252,True,False
44,D_CONTRACT_SHIELD,ID,71,crosswalk,False,False,False,0,0,35.333200302710125,0.37387392173210776,True,False
44,D_CONTRACT_SHIELD,ID,72,crosswalk,False,False,False,0,0,34.801080051289404,0.4070786419122115,True,False
44,D_CONTRACT_SHIELD,ID,73,crosswalk,False,False,False,0,0,33.23325760361763,1.861669294197451,True,False
44,D_CONTRACT_SHIELD,ID,74,crosswalk,False,False,False,0,0,36.55970007325842,0.391628040621678,True,False
44,D_CONTRACT_SHIELD,ID,75,crosswalk,False,False,False,0,0,34.91830677940196,1.8808045018125663,True,False
44,D_CONTRACT_SHIELD,ID,76,crosswalk,False,False,False,0,0,34.55509346377216,0.4059372842311859,True,False
44,D_CONTRACT_SHIELD,ID,77,crosswalk,False,False,False,0,0,35.77618686636167,2.041736121543429,True,False
44,D_CONTRACT_SHIELD,ID,78,crosswalk,False,False,False,0,0,34.148933869558675,2.0293652887145677,True,False
44,D_CONTRACT_SHIELD,ID,79,crosswalk,False,False,False,0,0,33.46108754250445,2.132137588817965,True,False
44,D_CONTRACT_SHIELD,ID,80,crosswalk,False,False,False,0,0,30.92690342274144,0.4036268077435948,True,False
44,D_CONTRACT_SHIELD,ID,81,crosswalk,False,False,False,0,0,33.0587790646943,2.298675335266373,True,False
44,D_CONTRACT_SHIELD,ID,82,crosswalk,False,False,False,0,0,36.425203087423085,2.1193095731238523,True,False
44,D_CONTRACT_SHIELD,ID,83,crosswalk,False,False,False,0,0,37.64393786753533,0.3717445811400047,True,False
44,D_CONTRACT_SHIELD,ID,84,crosswalk,False,False,False,0,0,32.72395932295538,1.5367629362837127,True,False
44,D_CONTRACT_SHIELD,ID,85,crosswalk,False,False,False,0,0,32.411186311022554,0.5554112650099254,True,False
44,D_CONTRACT_SHIELD,ID,86,crosswalk,False,False,False,0,0,28.57258578554376,1.7795280456542968,True,False
44,D_CONTRACT_SHIELD,ID,87,crosswalk,False,False,False,0,0,35.403299621093446,1.295818289120992,True,False
44,D_CONTRACT_SHIELD,ID,88,crosswalk,False,False,False,0,0,31.12001442510865,2.0422956088314885,True,False
44,D_CONTRACT_SHIELD,ID,89,crosswalk,False,False,False,0,0,33.7229170624793,0.3839866800800613,True,False
44,D_CONTRACT_SHIELD,ID,90,crosswalk,False,False,False,0,0,28.462203714710704,0.4945376608520746,True,False
44,D_CONTRACT_SHIELD,ID,91,crosswalk,False,False,False,0,0,28.574903467025436,2.10483349182389,True,False
44,D_CONTRACT_SHIELD,ID,92,crosswalk,False,False,False,0,0,37.66131965014149,0.8248503878712654,True,False
44,D_CONTRACT_SHIELD,ID,93,crosswalk,False,False,False,0,0,31.37365446738923,1.953490904221932,True,False
44,D_CONTRACT_SHIELD,ID,94,crosswalk,False,False,False,0,0,31.967762700001455,2.041518377761046,True,False
44,D_CONTRACT_SHIELD,ID,95,crosswalk,False,False,False,0,0,31.132732968623746,0.37983535196293483,True,False
44,D_CONTRACT_SHIELD,ID,96,crosswalk,False,False,False,0,0,28.159594140691475,2.3874859064817424,True,False
44,D_CONTRACT_SHIELD,ID,97,crosswalk,False,False,False,0,0,37.045508750061934,0.606930449604988,True,False
44,D_CONTRACT_SHIELD,ID,98,crosswalk,False,False,False,0,0,30.126528462403783,2.5569118265258637,True,False
44,D_CONTRACT_SHIELD,ID,99,crosswalk,False,False,False,0,0,31.455426995157673,0.8429291062057017,True,False
44,D_CONTRACT_SHIELD,ID,100,stop_intersection,False,False,False,3,1,26.358972610148456,1.8336106742973681,True,False
44,D_CONTRACT_SHIELD,ID,101,stop_intersection,False,False,False,4,1,31.512755553104014,1.5877309368877874,True,False
44,D_CONTRACT_SHIELD,ID,102,stop_intersection,False,False,False,3,1,26.37283697812649,1.8720699719020297,True,False
44,D_CONTRACT_SHIELD,ID,103,stop_intersection,False,False,False,3,1,29.07107588715012,1.7490726395657188,True,False
44,D_CONTRACT_SHIELD,ID,104,stop_intersection,False,False,False,3,1,27.271380694568208,1.7412889631170974,True,False
44,D_CONTRACT_SHIELD,ID,105,stop_intersection,False,False,False,4,1,31.41319772515711,1.6277945637702942,True,False
44,D_CONTRACT_SHIELD,ID,106,stop_intersection,False,False,False,3,1,32.45639205873875,1.5824646411872492,True,False
44,D_CONTRACT_SHIELD,ID,107,stop_intersection,False,False,False,3,1,30.17858855163069,1.8307028391339755,True,False
44,D_CONTRACT_SHIELD,ID,108,stop_intersection,False,False,False,3,1,32.10719574510912,1.73154612382253,True,False
44,D_CONTRACT_SHIELD,ID,109,stop_intersection,False,False,False,4,1,33.53376474753046,1.6094635608719614,True,False
44,D_CONTRACT_SHIELD,ID,110,stop_intersection,False,False,False,3,1,28.975985128305005,1.806365745024638,True,False
44,D_CONTRACT_SHIELD,ID,111,stop_intersection,False,False,False,3,1,35.793155674029386,1.601628235408238,True,False
44,D_CONTRACT_SHIELD,ID,112,stop_intersection,False,False,False,4,1,35.87224852724942,1.590955668971652,True,False
44,D_CONTRACT_SHIELD,ID,113,stop_intersection,False,False,False,4,1,35.616101060845594,1.584787368774414,True,False
44,D_CONTRACT_SHIELD,ID,114,stop_intersection,False,False,False,4,1,35.477778820102344,1.5913165609041848,True,False
44,D_CONTRACT_SHIELD,ID,115,stop_intersection,False,False,False,4,1,37.02078202167357,1.6242878493808566,True,False
44,D_CONTRACT_SHIELD,ID,116,stop_intersection,False,False,False,3,1,31.118686583922194,1.767954496960891,True,False
44,D_CONTRACT_SHIELD,ID,117,stop_intersection,False,False,False,3,1,27.734916346702953,1.755568602600613,True,False
44,D_CONTRACT_SHIELD,ID,118,stop_intersection,False,False,False,3,1,31.65433140100403,1.8419625414045233,True,False
44,D_CONTRACT_SHIELD,ID,119,stop_intersection,False,False,False,4,1,34.81128198530319,1.6424323727444903,True,False
44,D_CONTRACT_SHIELD,ID,120,stop_intersection,False,False,False,3,1,37.09214257333997,1.6747608417417943,True,False
44,D_CONTRACT_SHIELD,ID,121,stop_intersection,False,False,False,4,1,36.12015766676292,1.6486792200949132,True,False
44,D_CONTRACT_SHIELD,ID,122,stop_intersection,False,False,False,4,1,32.76975089509902,1.5495530480430237,True,False
44,D_CONTRACT_SHIELD,ID,123,stop_intersection,False,False,False,3,1,26.64672890892627,1.8207523392306435,True,False
44,D_CONTRACT_SHIELD,ID,124,stop_intersection,False,False,False,4,1,33.95126175567425,1.6021865024799253,True,False
44,D_CONTRACT_SHIELD,ID,125,stop_intersection,False,False,False,4,1,35.33413917471064,1.6605407290342378,True,False
44,D_CONTRACT_SHIELD,ID,126,stop_intersection,False,False,False,4,1,38.43205015667547,1.540231795021982,True,False
44,D_CONTRACT_SHIELD,ID,127,stop_intersection,False,False,False,3,1,27.235133097363637,1.886244217554728,True,False
44,D_CONTRACT_SHIELD,ID,128,stop_intersection,False,False,False,3,1,33.347853625571354,1.7059737890958786,True,False
44,D_CONTRACT_SHIELD,ID,129,stop_intersection,False,False,False,3,1,34.87247742086654,1.714538738131523,True,False
44,D_CONTRACT_SHIELD,ID,130,stop_intersection,False,False,False,3,1,26.759346124592422,1.7609464316754726,True,False
44,D_CONTRACT_SHIELD,ID,131,stop_intersection,False,False,False,3,1,27.919186241168347,1.8468530454017495,True,False
44,D_CONTRACT_SHIELD,ID,132,stop_intersection,False,False,False,4,1,32.59691578788853,1.6542546302080154,True,False
44,D_CONTRACT_SHIELD,ID,133,stop_intersection,False,False,False,3,1,30.57048535906184,1.6699268726202157,True,False
44,D_CONTRACT_SHIELD,ID,134,stop_intersection,False,False,False,4,1,38.183342412918485,1.5794199150662087,True,False
44,D_CONTRACT_SHIELD,ID,135,stop_intersection,False,False,False,3,1,31.630464723452533,1.7863266875869348,True,False
44,D_CONTRACT_SHIELD,ID,136,stop_intersection,False,False,False,4,1,35.91541752199583,1.567178313122239,True,False
44,D_CONTRACT_SHIELD,ID,137,stop_intersection,False,False,False,4,1,31.27742904260793,1.675670895821009,True,False
44,D_CONTRACT_SHIELD,ID,138,stop_intersection,False,False,False,4,1,32.81466084494055,1.5900347145592293,True,False
44,D_CONTRACT_SHIELD,ID,139,stop_intersection,False,False,False,3,1,30.683624365915193,1.721083357802823,True,False
44,D_CONTRACT_SHIELD,ID,140,stop_intersection,False,False,False,4,1,37.97707312609209,1.4725137308791831,True,False
44,D_CONTRACT_SHIELD,ID,141,stop_intersection,False,False,False,4,1,37.158072468106525,1.678416031162913,True,False
44,D_CONTRACT_SHIELD,ID,142,stop_intersection,False,False,False,4,1,35.22987571014467,1.530892585599145,True,False
44,D_CONTRACT_SHIELD,ID,143,stop_intersection,False,False,False,3,1,26.505778902854587,1.8705203362873624,True,False
44,D_CONTRACT_SHIELD,ID,144,stop_intersection,False,False,False,3,1,29.163218529882144,1.7098373927568133,True,False
44,D_CONTRACT_SHIELD,ID,145,stop_intersection,False,False,False,4,1,35.990054665238276,1.665615161259969,True,False
44,D_CONTRACT_SHIELD,ID,146,stop_intersection,False,False,False,4,1,36.22776865164167,1.5145554325797341,True,False
44,D_CONTRACT_SHIELD,ID,147,stop_intersection,False,False,False,3,1,31.52663362526561,1.6953066679147573,True,False
44,D_CONTRACT_SHIELD,ID,148,stop_intersection,False,False,False,4,1,33.235427083149176,1.6561495959758759,True,False
44,D_CONTRACT_SHIELD,ID,149,stop_intersection,False,False,False,4,1,35.8308337356125,1.716427430510521,True,False
44,D_CONTRACT_SHIELD,ID,150,stop_intersection,False,False,False,4,1,34.11726759587925,1.6276688110537645,True,False
44,D_CONTRACT_SHIELD,ID,151,stop_intersection,False,False,False,3,1,27.268885703409115,1.8462693194548288,True,False
44,D_CONTRACT_SHIELD,ID,152,stop_intersection,False,False,False,3,1,27.847135782292312,1.7841477168572917,True,False
44,D_CONTRACT_SHIELD,ID,153,stop_intersection,False,False,False,4,1,33.98956192890367,1.7549276657593555,True,False
44,D_CONTRACT_SHIELD,ID,154,stop_intersection,False,False,False,3,1,34.5517395215271,1.566925701640901,True,False
44,D_CONTRACT_SHIELD,ID,155,stop_intersection,False,False,False,3,1,29.561719278634065,1.7523981238666333,True,False
44,D_CONTRACT_SHIELD,ID,156,stop_intersection,False,False,False,3,1,33.39099298691491,1.5518072389421007,True,False
44,D_CONTRACT_SHIELD,ID,157,stop_intersection,False,False,False,4,1,35.77553277153029,1.5847447041481257,True,False
44,D_CONTRACT_SHIELD,ID,158,stop_intersection,False,False,False,4,1,35.22103325540589,1.6549672004653186,True,False
44,D_CONTRACT_SHIELD,ID,159,stop_intersection,False,False,False,3,1,31.11692094643701,1.7531376920248332,True,False
44,D_CONTRACT_SHIELD,ID,160,stop_intersection,False,False,False,4,1,38.14442476063333,1.6441918980507624,True,False
44,D_CONTRACT_SHIELD,ID,161,stop_intersection,False,False,False,4,1,30.33670203819652,1.8373226958352165,True,False
44,D_CONTRACT_SHIELD,ID,162,stop_intersection,False,False,False,4,1,36.88005752329487,1.6783600318722607,True,False
44,D_CONTRACT_SHIELD,ID,163,stop_intersection,False,False,False,4,1,32.25792108424653,1.7172451477784374,True,False
44,D_CONTRACT_SHIELD,ID,164,stop_intersection,False,False,False,4,1,27.598609154632367,1.8872605926460688,True,False
44,D_CONTRACT_SHIELD,ID,165,stop_intersection,False,False,False,3,1,32.82971088427651,1.7520136710924978,True,False
44,D_CONTRACT_SHIELD,ID,166,stop_intersection,False,False,False,4,1,38.30777282136894,1.6394150682858057,True,False
44,D_CONTRACT_SHIELD,ID,167,stop_intersection,False,False,False,3,1,28.291031454361658,1.7565432400316807,True,False
44,D_CONTRACT_SHIELD,ID,168,stop_intersection,False,False,False,4,1,35.14783859200576,1.5932662288347879,True,False
44,D_CONTRACT_SHIELD,ID,169,stop_intersection,False,False,False,4,1,35.039553123130396,1.7120828479528427,True,False
44,D_CONTRACT_SHIELD,ID,170,stop_intersection,False,False,False,4,1,29.88897428427697,1.716811092276322,True,False
44,D_CONTRACT_SHIELD,ID,171,stop_intersection,False,False,False,3,1,29.345061674035207,1.9332140021853976,True,False
44,D_CONTRACT_SHIELD,ID,172,stop_intersection,False,False,False,4,1,28.251916783563303,1.8393800490432315,True,False
44,D_CONTRACT_SHIELD,ID,173,stop_intersection,False,False,False,3,1,28.158474178318002,1.7609469955031936,True,False
44,D_CONTRACT_SHIELD,ID,174,stop_intersection,False,False,False,4,1,34.32522825411242,1.5556869620368592,True,False
44,D_CONTRACT_SHIELD,ID,175,stop_intersection,False,False,False,4,1,27.31872273219081,1.7657249038283889,True,False
44,D_CONTRACT_SHIELD,ID,176,stop_intersection,False,False,False,4,1,36.336588326234164,1.5943285964784166,True,False
44,D_CONTRACT_SHIELD,ID,177,stop_intersection,False,False,False,4,1,30.37260356015178,1.8142675870173686,True,False
44,D_CONTRACT_SHIELD,ID,178,stop_intersection,False,False,False,3,1,28.693644129310627,1.7142371754897268,True,False
44,D_CONTRACT_SHIELD,ID,179,stop_intersection,False,False,False,4,1,29.979127162076725,1.6415515542030334,True,False
44,D_CONTRACT_SHIELD,ID,180,stop_intersection,False,False,False,3,1,31.56029994290878,1.7146179309258094,True,False
44,D_CONTRACT_SHIELD,ID,181,stop_intersection,False,False,False,4,1,35.1914316474948,1.6518775718968088,True,False
44,D_CONTRACT_SHIELD,ID,182,stop_intersection,False,False,False,4,1,30.602995238881896,1.7860783558142812,True,False
44,D_CONTRACT_SHIELD,ID,183,stop_intersection,False,False,False,4,1,35.31756081939607,1.580241478624798,True,False
44,D_CONTRACT_SHIELD,ID,184,stop_intersection,False,False,False,4,1,33.66727514470464,1.6139618255258574,True,False
44,D_CONTRACT_SHIELD,ID,185,stop_intersection,False,False,False,4,1,36.65784671549531,1.60981275543334,True,False
44,D_CONTRACT_SHIELD,ID,186,stop_intersection,False,False,False,4,1,35.1002068155049,1.5173354989798493,True,False
44,D_CONTRACT_SHIELD,ID,187,stop_intersection,False,False,False,4,1,37.165158820898455,1.6800109206176386,True,False
44,D_CONTRACT_SHIELD,ID,188,stop_intersection,False,False,False,3,1,29.600604522687828,1.7820703669598228,True,False
44,D_CONTRACT_SHIELD,ID,189,stop_intersection,False,False,False,4,1,35.27243663662728,1.5995042380832492,True,False
44,D_CONTRACT_SHIELD,ID,190,stop_intersection,False,False,False,3,1,35.84751937532899,1.6006866097450256,True,False
44,D_CONTRACT_SHIELD,ID,191,stop_intersection,False,False,False,3,1,31.645908525734907,1.7002463101321814,True,False
44,D_CONTRACT_SHIELD,ID,192,stop_intersection,False,False,False,3,1,31.29018859977993,1.7888318237505458,True,False
44,D_CONTRACT_SHIELD,ID,193,stop_intersection,False,False,False,3,1,29.110171510028618,1.7709898787575797,True,False
44,D_CONTRACT_SHIELD,ID,194,stop_intersection,False,False,False,3,1,30.07440585292718,1.8012921552400332,True,False
44,D_CONTRACT_SHIELD,ID,195,stop_intersection,False,False,False,4,1,35.269448230959355,1.5376180257908134,True,False
44,D_CONTRACT_SHIELD,ID,196,stop_intersection,False,False,False,3,1,28.325108197167026,1.7609462705818382,True,False
44,D_CONTRACT_SHIELD,ID,197,stop_intersection,False,False,False,3,1,27.874467858228893,1.760946689425288,True,False
44,D_CONTRACT_SHIELD,ID,198,stop_intersection,False,False,False,3,1,28.182221586477095,1.7142915882562337,True,False
44,D_CONTRACT_SHIELD,ID,199,stop_intersection,False,False,False,4,1,37.51685040388459,1.6213486450059071,True,False
44,D_CONTRACT_SHIELD,ID,200,lead_brake,False,False,False,0,0,76.28024297782879,2.268323910733064,True,False
44,D_CONTRACT_SHIELD,ID,201,lead_brake,False,False,False,0,0,84.49953302230573,6.465578784545262,True,False
44,D_CONTRACT_SHIELD,ID,202,lead_brake,False,False,False,0,0,64.04549037432143,4.425428956747055,True,False
44,D_CONTRACT_SHIELD,ID,203,lead_brake,False,False,False,0,0,61.9986672566925,4.611543228228887,True,False
44,D_CONTRACT_SHIELD,ID,204,lead_brake,False,False,False,0,0,86.40773220896719,4.0294722480078535,True,False
44,D_CONTRACT_SHIELD,ID,205,lead_brake,False,False,False,0,0,62.6781641038442,4.3654199441274,True,False
44,D_CONTRACT_SHIELD,ID,206,lead_brake,False,False,False,0,0,76.32078578813733,6.8666991107165805,True,False
44,D_CONTRACT_SHIELD,ID,207,lead_brake,False,False,False,0,0,73.45122610941353,2.343245640397072,True,False
44,D_CONTRACT_SHIELD,ID,208,lead_brake,False,False,False,0,0,78.47425849638796,1.1999416400988896,True,False
44,D_CONTRACT_SHIELD,ID,209,lead_brake,False,False,False,0,0,59.740694270084774,5.850281855091453,True,False
44,D_CONTRACT_SHIELD,ID,210,lead_brake,False,False,False,0,0,62.204173268221965,4.44963780666391,True,False
44,D_CONTRACT_SHIELD,ID,211,lead_brake,False,False,False,0,0,77.4076358725582,2.042162206023931,True,False
44,D_CONTRACT_SHIELD,ID,212,lead_brake,False,False,False,0,0,78.2207360374545,8.66852291425069,True,False
44,D_CONTRACT_SHIELD,ID,213,lead_brake,False,False,False,0,0,54.315748414530084,9.660195726901293,True,False
44,D_CONTRACT_SHIELD,ID,214,lead_brake,False,False,False,0,0,92.1187316089916,0.5231610424816608,True,False
44,D_CONTRACT_SHIELD,ID,215,lead_brake,False,False,False,0,0,66.35440229919386,5.860085625201463,True,False
44,D_CONTRACT_SHIELD,ID,216,lead_brake,False,False,False,0,0,60.07850321997313,0.8582098682721456,True,False
44,D_CONTRACT_SHIELD,ID,217,lead_brake,False,False,False,0,0,60.36779423530381,8.911842734242478,True,False
44,D_CONTRACT_SHIELD,ID,218,lead_brake,False,False,False,0,0,62.15723933069209,3.352343496556083,True,False
44,D_CONTRACT_SHIELD,ID,219,lead_brake,False,False,False,0,0,76.41564156897253,2.412473623951276,True,False
44,D_CONTRACT_SHIELD,ID,220,lead_brake,False,False,False,0,0,54.784719721089665,8.748514705027143,True,False
44,D_CONTRACT_SHIELD,ID,221,lead_brake,False,False,False,0,0,52.81177243862981,8.043171361088751,True,False
44,D_CONTRACT_SHIELD,ID,222,lead_brake,False,False,False,0,0,83.33011535955269,1.5170349646359682,True,False
44,D_CONTRACT_SHIELD,ID,223,lead_brake,False,False,False,0,0,66.92449942296435,7.800491422414779,True,False
44,D_CONTRACT_SHIELD,ID,224,lead_brake,False,False,False,0,0,71.08405623582914,9.588663230339685,True,False
44,D_CONTRACT_SHIELD,ID,225,lead_brake,False,False,False,0,0,96.17861185371875,1.1971258620421092,True,False
44,D_CONTRACT_SHIELD,ID,226,lead_brake,False,False,False,0,0,65.25346705197283,10.328326874723036,True,False
44,D_CONTRACT_SHIELD,ID,227,lead_brake,False,False,False,0,0,97.84818006226462,0.08395817379156749,True,False
44,D_CONTRACT_SHIELD,ID,228,lead_brake,False,False,False,0,0,74.48685288812018,9.625756595283747,True,False
44,D_CONTRACT_SHIELD,ID,229,lead_brake,False,False,False,0,0,68.88324515934798,9.667687568813562,True,False
44,D_CONTRACT_SHIELD,ID,230,lead_brake,False,False,False,0,0,84.2754541029037,1.4168532838424046,True,False
44,D_CONTRACT_SHIELD,ID,231,lead_brake,False,False,False,0,0,94.2638003025937,0.4535527291397254,True,False
44,D_CONTRACT_SHIELD,ID,232,lead_brake,False,False,False,0,0,78.45772537447667,8.583418939262627,True,False
44,D_CONTRACT_SHIELD,ID,233,lead_brake,False,False,False,0,0,60.72036884030051,4.095010752479235,True,False
44,D_CONTRACT_SHIELD,ID,234,lead_brake,False,False,False,0,0,64.866094508589,10.041340487698713,True,False
44,D_CONTRACT_SHIELD,ID,235,lead_brake,False,False,False,0,0,95.21327965359824,2.7889785319566727,True,False
44,D_CONTRACT_SHIELD,ID,236,lead_brake,False,False,False,0,0,76.05718240550267,1.7581567354500294,True,False
44,D_CONTRACT_SHIELD,ID,237,lead_brake,False,False,False,0,0,55.9522704708446,9.992489418635765,True,False
44,D_CONTRACT_SHIELD,ID,238,lead_brake,False,False,False,0,0,73.10339650932079,9.458993519345919,True,False
44,D_CONTRACT_SHIELD,ID,239,lead_brake,False,False,False,0,0,75.34190830715946,9.689602314184109,True,False
44,D_CONTRACT_SHIELD,ID,240,lead_brake,False,False,False,0,0,74.00006544151552,8.617353269209463,True,False
44,D_CONTRACT_SHIELD,ID,241,lead_brake,False,False,False,0,0,55.152272849026026,8.42707451681296,True,False
44,D_CONTRACT_SHIELD,ID,242,lead_brake,False,False,False,0,0,92.3528451509659,3.3598100394010544,True,False
44,D_CONTRACT_SHIELD,ID,243,lead_brake,False,False,False,0,0,94.42175460031939,0.23789572219053903,True,False
44,D_CONTRACT_SHIELD,ID,244,lead_brake,False,False,False,0,0,60.81938528596747,2.2170860717693963,True,False
44,D_CONTRACT_SHIELD,ID,245,lead_brake,False,False,False,0,0,68.24639868431879,0.7340897371371586,True,False
44,D_CONTRACT_SHIELD,ID,246,lead_brake,False,False,False,0,0,69.71330631196588,4.497866719961166,True,False
44,D_CONTRACT_SHIELD,ID,247,lead_brake,False,False,False,0,0,67.76183227793727,6.823291746278604,True,False
44,D_CONTRACT_SHIELD,ID,248,lead_brake,False,False,False,0,0,57.01454513655497,0.9560229902466139,True,False
44,D_CONTRACT_SHIELD,ID,249,lead_brake,False,False,False,0,0,60.66373707984384,9.961074801782766,True,False
44,D_CONTRACT_SHIELD,ID,250,lead_brake,False,False,False,0,0,62.73769534421746,6.650400565316279,True,False
44,D_CONTRACT_SHIELD,ID,251,lead_brake,False,False,False,0,0,63.62139145588454,9.496438498298327,True,False
44,D_CONTRACT_SHIELD,ID,252,lead_brake,False,False,False,0,0,82.3514964553498,2.306754040221373,True,False
44,D_CONTRACT_SHIELD,ID,253,lead_brake,False,False,False,0,0,90.58831867478564,0.9498247193793455,True,False
44,D_CONTRACT_SHIELD,ID,254,lead_brake,False,False,False,0,0,57.63175103493689,8.902670834213495,True,False
44,D_CONTRACT_SHIELD,ID,255,lead_brake,False,False,False,0,0,69.49241701788719,10.405688855797052,True,False
44,D_CONTRACT_SHIELD,ID,256,lead_brake,False,False,False,0,0,61.17443797507368,4.7381498614946995,True,False
44,D_CONTRACT_SHIELD,ID,257,lead_brake,False,False,False,0,0,95.67808248359754,0.9231485823790232,True,False
44,D_CONTRACT_SHIELD,ID,258,lead_brake,False,False,False,0,0,71.8630351140209,3.819750608255466,True,False
44,D_CONTRACT_SHIELD,ID,259,lead_brake,False,False,False,0,0,98.66774583026769,0.03250702532629172,True,False
44,D_CONTRACT_SHIELD,ID,260,lead_brake,False,False,False,0,0,57.25930170178703,11.235004939138888,True,False
44,D_CONTRACT_SHIELD,ID,261,lead_brake,False,False,False,0,0,68.85203851434012,8.97909394900004,True,False
44,D_CONTRACT_SHIELD,ID,262,lead_brake,False,False,False,0,0,54.40743491637445,3.661593645811081,True,False
44,D_CONTRACT_SHIELD,ID,263,lead_brake,False,False,False,0,0,60.587957522304755,6.530498338242372,True,False
44,D_CONTRACT_SHIELD,ID,264,lead_brake,False,False,False,0,0,93.50331225647754,1.1889260845879712,True,False
44,D_CONTRACT_SHIELD,ID,265,lead_brake,False,False,False,0,0,86.94912207834932,4.957830098768075,True,False
44,D_CONTRACT_SHIELD,ID,266,lead_brake,False,False,False,0,0,66.6139207482247,2.8195580889781318,True,False
44,D_CONTRACT_SHIELD,ID,267,lead_brake,False,False,False,0,0,79.91224582227758,1.6410069999595482,True,False
44,D_CONTRACT_SHIELD,ID,268,lead_brake,False,False,False,0,0,60.882929908879504,9.017024625092743,True,False
44,D_CONTRACT_SHIELD,ID,269,lead_brake,False,False,False,0,0,70.30360188473195,9.685292889674505,True,False
44,D_CONTRACT_SHIELD,ID,270,lead_brake,False,False,False,0,0,78.73242592139044,9.306579791009426,True,False
44,D_CONTRACT_SHIELD,ID,271,lead_brake,False,False,False,0,0,69.33768230019948,10.849301889538765,True,False
44,D_CONTRACT_SHIELD,ID,272,lead_brake,False,False,False,0,0,87.41806821748442,3.573555980498592,True,False
44,D_CONTRACT_SHIELD,ID,273,lead_brake,False,False,False,0,0,61.34050713250483,10.427055628349384,True,False
44,D_CONTRACT_SHIELD,ID,274,lead_brake,False,False,False,0,0,95.45157363192443,0.27785906692345935,True,False
44,D_CONTRACT_SHIELD,ID,275,lead_brake,False,False,False,0,0,85.6172530466319,1.3986408039927483,True,False
44,D_CONTRACT_SHIELD,ID,276,lead_brake,False,False,False,0,0,59.66351113194578,1.9759318052480617,True,False
44,D_CONTRACT_SHIELD,ID,277,lead_brake,False,False,False,0,0,76.5646185460564,8.672807852427164,True,False
44,D_CONTRACT_SHIELD,ID,278,lead_brake,False,False,False,0,0,81.35022536453853,2.169701142857472,True,False
44,D_CONTRACT_SHIELD,ID,279,lead_brake,False,False,False,0,0,91.24233590616646,2.494148541862766,True,False
44,D_CONTRACT_SHIELD,ID,280,lead_brake,False,False,False,0,0,81.88928645139288,1.0412150360643864,True,False
44,D_CONTRACT_SHIELD,ID,281,lead_brake,False,False,False,0,0,82.530314117481,2.472080079217752,True,False
44,D_CONTRACT_SHIELD,ID,282,lead_brake,False,False,False,0,0,87.79402892754467,5.710126555214325,True,False
44,D_CONTRACT_SHIELD,ID,283,lead_brake,False,False,False,0,0,56.48443099315849,1.6893851632873216,True,False
44,D_CONTRACT_SHIELD,ID,284,lead_brake,False,False,False,0,0,85.5945107775927,5.120494809001684,True,False
44,D_CONTRACT_SHIELD,ID,285,lead_brake,False,False,False,0,0,71.11040042508567,9.496778152883053,True,False
44,D_CONTRACT_SHIELD,ID,286,lead_brake,False,False,False,0,0,92.51617972328646,3.6013262321551642,True,False
44,D_CONTRACT_SHIELD,ID,287,lead_brake,False,False,False,0,0,76.12685626574701,6.1410287854572125,True,False
44,D_CONTRACT_SHIELD,ID,288,lead_brake,False,False,False,0,0,67.9741824454393,9.602626667668423,True,False
44,D_CONTRACT_SHIELD,ID,289,lead_brake,False,False,False,0,0,61.17908750434344,5.556525889163216,True,False
44,D_CONTRACT_SHIELD,ID,290,lead_brake,False,False,False,0,0,95.9503159934332,0.1283289616306623,True,False
44,D_CONTRACT_SHIELD,ID,291,lead_brake,False,False,False,0,0,76.86932752177073,3.016103624055783,True,False
44,D_CONTRACT_SHIELD,ID,292,lead_brake,False,False,False,0,0,73.81898024536616,2.5095053551097712,True,False
44,D_CONTRACT_SHIELD,ID,293,lead_brake,False,False,False,0,0,80.69185771585066,2.3335196127494173,True,False
44,D_CONTRACT_SHIELD,ID,294,lead_brake,False,False,False,0,0,60.41321672950476,2.0092160552740093,True,False
44,D_CONTRACT_SHIELD,ID,295,lead_brake,False,False,False,0,0,82.42494823765043,3.2189623185743885,True,False
44,D_CONTRACT_SHIELD,ID,296,lead_brake,False,False,False,0,0,61.14427567320132,5.123580096910397,True,False
44,D_CONTRACT_SHIELD,ID,297,lead_brake,False,False,False,0,0,74.64851743894631,0.5497469746818144,True,False
44,D_CONTRACT_SHIELD,ID,298,lead_brake,False,False,False,0,0,94.18683046545642,0.35385890925923985,True,False
44,D_CONTRACT_SHIELD,ID,299,lead_brake,False,False,False,0,0,67.42305377272173,3.2109697510798774,True,False
44,D_CONTRACT_SHIELD,OOD,0,crosswalk,False,False,False,5,1,30.07220921014759,1.9233745336532593,True,False
44,D_CONTRACT_SHIELD,OOD,1,crosswalk,False,False,False,4,1,31.240811665324138,1.8551304694768544,True,False
44,D_CONTRACT_SHIELD,OOD,2,crosswalk,False,False,False,3,1,23.03906488113872,1.4239228587775004,True,False
44,D_CONTRACT_SHIELD,OOD,3,crosswalk,False,False,False,8,1,30.025017448650985,2.063960543419752,True,False
44,D_CONTRACT_SHIELD,OOD,4,crosswalk,False,False,False,8,1,25.128152117647325,1.8996758320989708,True,False
44,D_CONTRACT_SHIELD,OOD,5,crosswalk,False,False,False,5,1,25.062510322033088,1.8126420605750309,True,False
44,D_CONTRACT_SHIELD,OOD,6,crosswalk,False,False,False,11,1,20.660233600078488,2.0012673670426007,True,False
44,D_CONTRACT_SHIELD,OOD,7,crosswalk,False,False,False,6,1,22.216547500909343,2.0175123598034443,True,False
44,D_CONTRACT_SHIELD,OOD,8,crosswalk,False,False,False,5,1,30.324269721918697,1.6803686039315329,True,False
44,D_CONTRACT_SHIELD,OOD,9,crosswalk,False,False,False,8,1,29.92058493811384,1.9196535882196926,True,False
44,D_CONTRACT_SHIELD,OOD,10,crosswalk,False,False,False,6,1,26.363475893001535,1.8464446141428887,True,False
44,D_CONTRACT_SHIELD,OOD,11,crosswalk,False,False,False,5,1,24.321531144759284,1.59727452731714,True,False
44,D_CONTRACT_SHIELD,OOD,12,crosswalk,False,False,False,3,1,27.386600607019464,1.6666666666666665,True,False
44,D_CONTRACT_SHIELD,OOD,13,crosswalk,False,False,False,5,1,23.48183247322822,1.6514371590877788,True,False
44,D_CONTRACT_SHIELD,OOD,14,crosswalk,False,False,False,5,1,31.33501548690043,1.5941887242453439,True,False
44,D_CONTRACT_SHIELD,OOD,15,crosswalk,False,False,False,11,1,22.520955633670493,1.809642366747907,True,False
44,D_CONTRACT_SHIELD,OOD,16,crosswalk,False,False,False,5,1,22.75487132825993,1.6940002620220185,True,False
44,D_CONTRACT_SHIELD,OOD,17,crosswalk,False,False,False,3,1,21.170424308039962,1.403019871901382,True,False
44,D_CONTRACT_SHIELD,OOD,18,crosswalk,False,False,False,3,1,22.231136727809456,1.7506437768807281,True,False
44,D_CONTRACT_SHIELD,OOD,19,crosswalk,False,False,False,5,1,22.03007424801466,1.726043770710627,True,False
44,D_CONTRACT_SHIELD,OOD,20,crosswalk,False,False,False,3,1,29.791295614191576,1.4999351311813702,True,False
44,D_CONTRACT_SHIELD,OOD,21,crosswalk,False,False,False,5,1,22.36309882158511,1.6749251474072968,True,False
44,D_CONTRACT_SHIELD,OOD,22,crosswalk,False,False,False,6,1,21.157267135072146,1.9336095790068308,True,False
44,D_CONTRACT_SHIELD,OOD,23,crosswalk,False,False,False,5,1,29.135933378679788,1.5852324075477067,True,False
44,D_CONTRACT_SHIELD,OOD,24,crosswalk,False,False,False,11,1,22.663663762797817,2.067992514446955,True,False
44,D_CONTRACT_SHIELD,OOD,25,crosswalk,False,False,False,3,1,22.46792806159525,1.2667896714475417,True,False
44,D_CONTRACT_SHIELD,OOD,26,crosswalk,False,False,False,3,1,22.964155744900296,1.3693796666204066,True,False
44,D_CONTRACT_SHIELD,OOD,27,crosswalk,False,False,False,5,1,29.466896137908748,1.6303819353165832,True,False
44,D_CONTRACT_SHIELD,OOD,28,crosswalk,False,False,False,5,1,30.937775077058653,1.8597664282872124,True,False
44,D_CONTRACT_SHIELD,OOD,29,crosswalk,False,False,False,6,1,28.912082718397304,1.856740286732598,True,False
44,D_CONTRACT_SHIELD,OOD,30,crosswalk,False,False,False,5,1,29.006997034292425,1.88757426029927,True,False
44,D_CONTRACT_SHIELD,OOD,31,crosswalk,False,False,False,10,1,23.213792867835366,1.7380759798638201,True,False
44,D_CONTRACT_SHIELD,OOD,32,crosswalk,False,False,False,5,1,27.80069395212517,1.4979380498761714,True,False
44,D_CONTRACT_SHIELD,OOD,33,crosswalk,False,False,False,4,1,26.736763597105117,1.7741260596407138,True,False
44,D_CONTRACT_SHIELD,OOD,34,crosswalk,False,False,False,3,1,24.70788774683284,1.4131017094073088,True,False
44,D_CONTRACT_SHIELD,OOD,35,crosswalk,False,False,False,11,1,22.274621331352243,1.8963726193665764,True,False
44,D_CONTRACT_SHIELD,OOD,36,crosswalk,False,False,False,12,1,21.3258887113681,1.7483834412362838,True,False
44,D_CONTRACT_SHIELD,OOD,37,crosswalk,False,False,False,5,1,22.728094437393963,1.8496514274141724,True,False
44,D_CONTRACT_SHIELD,OOD,38,crosswalk,False,False,False,3,1,20.88958870253304,1.6014865636825562,True,False
44,D_CONTRACT_SHIELD,OOD,39,crosswalk,False,False,False,3,1,30.54736118683936,1.9915613957813807,True,False
44,D_CONTRACT_SHIELD,OOD,40,crosswalk,False,False,False,10,1,21.683663136943636,1.9303370752595652,True,False
44,D_CONTRACT_SHIELD,OOD,41,crosswalk,False,False,False,3,1,24.321495136091666,1.4192662636439004,True,False
44,D_CONTRACT_SHIELD,OOD,42,crosswalk,False,False,False,7,1,25.010661525453678,2.240156693495491,True,False
44,D_CONTRACT_SHIELD,OOD,43,crosswalk,False,False,False,3,1,20.72837764053203,1.3931114210022821,True,False
44,D_CONTRACT_SHIELD,OOD,44,crosswalk,False,False,False,3,1,31.408577810922164,1.4075148486076516,True,False
44,D_CONTRACT_SHIELD,OOD,45,crosswalk,False,False,False,12,1,21.680362563668645,1.7141293024261155,True,False
44,D_CONTRACT_SHIELD,OOD,46,crosswalk,False,False,False,3,1,30.911188664905204,1.4772727272727273,True,False
44,D_CONTRACT_SHIELD,OOD,47,crosswalk,False,False,False,5,1,24.49854211994048,1.5842163596640935,True,False
44,D_CONTRACT_SHIELD,OOD,48,crosswalk,False,False,False,3,1,27.635288911293276,1.6619032310624406,True,False
44,D_CONTRACT_SHIELD,OOD,49,crosswalk,False,False,False,7,1,26.690412564319267,2.1344296306437043,True,False
44,D_CONTRACT_SHIELD,OOD,50,crosswalk,False,False,False,8,1,27.489237482019796,1.8493330705206137,True,False
44,D_CONTRACT_SHIELD,OOD,51,crosswalk,False,False,False,6,1,27.16001931081241,2.0402220751158895,True,False
44,D_CONTRACT_SHIELD,OOD,52,crosswalk,False,False,False,8,1,22.25322979935413,2.0604928527186566,True,False
44,D_CONTRACT_SHIELD,OOD,53,crosswalk,False,False,False,3,1,21.97173956370581,1.5961235117267918,True,False
44,D_CONTRACT_SHIELD,OOD,54,crosswalk,False,False,False,10,1,25.799569651473362,1.6972809892458223,True,False
44,D_CONTRACT_SHIELD,OOD,55,crosswalk,False,False,False,6,1,29.790367709362393,2.209171436773613,True,False
44,D_CONTRACT_SHIELD,OOD,56,crosswalk,False,False,False,4,1,22.792212295093268,1.796630761304567,True,False
44,D_CONTRACT_SHIELD,OOD,57,crosswalk,False,False,False,10,1,21.461196997741347,2.0002980452246857,True,False
44,D_CONTRACT_SHIELD,OOD,58,crosswalk,False,False,False,5,1,28.73338035483959,1.49943397400227,True,False
44,D_CONTRACT_SHIELD,OOD,59,crosswalk,False,False,False,7,1,23.390420194076146,1.6344021966694093,True,False
44,D_CONTRACT_SHIELD,OOD,60,crosswalk,False,False,False,3,1,27.60384013566981,1.7161253408381811,True,False
44,D_CONTRACT_SHIELD,OOD,61,crosswalk,False,False,False,3,1,23.53219835774978,1.6620269341346543,True,False
44,D_CONTRACT_SHIELD,OOD,62,crosswalk,False,False,False,3,1,28.485774810226317,1.4201388119355491,True,False
44,D_CONTRACT_SHIELD,OOD,63,crosswalk,False,False,False,3,1,21.73921896687275,1.5811633055772236,True,False
44,D_CONTRACT_SHIELD,OOD,64,crosswalk,False,False,False,7,1,24.44271072220793,1.8828774098046988,True,False
44,D_CONTRACT_SHIELD,OOD,65,crosswalk,False,False,False,3,1,30.366070162705928,1.4522258440653482,True,False
44,D_CONTRACT_SHIELD,OOD,66,crosswalk,False,False,False,8,1,21.243521396432385,2.134909640625119,True,False
44,D_CONTRACT_SHIELD,OOD,67,crosswalk,False,False,False,8,1,27.94609828631817,1.9467130611064258,True,False
44,D_CONTRACT_SHIELD,OOD,68,crosswalk,False,False,False,3,1,20.759646366488163,1.432251107286323,True,False
44,D_CONTRACT_SHIELD,OOD,69,crosswalk,False,False,False,3,1,25.549181049197493,1.7453535344149613,True,False
44,D_CONTRACT_SHIELD,OOD,70,crosswalk,False,False,False,9,1,22.770774933557995,1.9672687059411633,True,False
44,D_CONTRACT_SHIELD,OOD,71,crosswalk,False,False,False,8,1,28.384770237671887,1.904696356039494,True,False
44,D_CONTRACT_SHIELD,OOD,72,crosswalk,False,False,False,3,1,23.155788320512876,1.5599005978281903,True,False
44,D_CONTRACT_SHIELD,OOD,73,crosswalk,False,False,False,3,1,28.249756494198458,1.4548515876134234,True,False
44,D_CONTRACT_SHIELD,OOD,74,crosswalk,False,False,False,3,1,24.665267283051804,1.716343067787789,True,False
44,D_CONTRACT_SHIELD,OOD,75,crosswalk,False,False,False,6,1,27.138928479119095,2.0409177370679874,True,False
44,D_CONTRACT_SHIELD,OOD,76,crosswalk,False,False,False,8,1,29.144451221946078,1.797779877610663,True,False
44,D_CONTRACT_SHIELD,OOD,77,crosswalk,False,False,False,3,1,26.046815730636144,1.5322122829301015,True,False
44,D_CONTRACT_SHIELD,OOD,78,crosswalk,False,False,False,6,1,29.379128660019468,1.8443587775709052,True,False
44,D_CONTRACT_SHIELD,OOD,79,crosswalk,False,False,False,12,1,20.69264531678465,2.0280676644354587,True,False
44,D_CONTRACT_SHIELD,OOD,80,crosswalk,False,False,False,9,1,24.151042329593754,2.102600267607098,True,False
44,D_CONTRACT_SHIELD,OOD,81,crosswalk,False,False,False,9,1,22.54806321345864,2.185672806973895,True,False
44,D_CONTRACT_SHIELD,OOD,82,crosswalk,False,False,False,5,1,25.123996211290454,1.4714135359162868,True,False
44,D_CONTRACT_SHIELD,OOD,83,crosswalk,False,False,False,6,1,28.927103451533352,1.734121912739415,True,False
44,D_CONTRACT_SHIELD,OOD,84,crosswalk,False,False,False,3,1,27.795496076495844,1.5161090243694393,True,False
44,D_CONTRACT_SHIELD,OOD,85,crosswalk,False,False,False,3,1,21.907025533942573,1.3851754997102987,True,False
44,D_CONTRACT_SHIELD,OOD,86,crosswalk,False,False,False,5,1,31.238128739618503,2.0882138604453457,True,False
44,D_CONTRACT_SHIELD,OOD,87,crosswalk,False,False,False,3,1,22.83196269382254,1.4256608649536413,True,False
44,D_CONTRACT_SHIELD,OOD,88,crosswalk,False,False,False,4,1,30.265260644300042,1.51939874345606,True,False
44,D_CONTRACT_SHIELD,OOD,89,crosswalk,False,False,False,5,1,28.61532558866854,1.645285501036533,True,False
44,D_CONTRACT_SHIELD,OOD,90,crosswalk,False,False,False,3,1,30.648210193355766,1.653568595647812,True,False
44,D_CONTRACT_SHIELD,OOD,91,crosswalk,False,False,False,3,1,23.474362137197716,1.6646656635645274,True,False
44,D_CONTRACT_SHIELD,OOD,92,crosswalk,False,False,False,6,1,24.54907884646518,1.8392990556737732,True,False
44,D_CONTRACT_SHIELD,OOD,93,crosswalk,False,False,False,10,1,20.915486858953887,1.8411439710832902,True,False
44,D_CONTRACT_SHIELD,OOD,94,crosswalk,False,False,False,4,1,26.236941610688625,1.5509596985319387,True,False
44,D_CONTRACT_SHIELD,OOD,95,crosswalk,False,False,False,3,1,21.535620315483946,1.6666666666666665,True,False
44,D_CONTRACT_SHIELD,OOD,96,crosswalk,False,False,False,5,1,28.36056566128765,1.5894169724264808,True,False
44,D_CONTRACT_SHIELD,OOD,97,crosswalk,False,False,False,5,1,30.55644335422891,1.6417356783693486,True,False
44,D_CONTRACT_SHIELD,OOD,98,crosswalk,False,False,False,7,1,27.70211360914869,1.9980747440208992,True,False
44,D_CONTRACT_SHIELD,OOD,99,crosswalk,False,False,False,4,1,28.1162898420006,1.5913385314785915,True,False
44,D_CONTRACT_SHIELD,OOD,100,stop_intersection,False,False,False,17,1,23.146422702543887,1.6557292448149787,True,False
44,D_CONTRACT_SHIELD,OOD,101,stop_intersection,False,False,False,11,1,25.054607926667334,1.6582893356075135,True,False
44,D_CONTRACT_SHIELD,OOD,102,stop_intersection,False,False,False,3,1,30.75006439133604,1.8271516464851996,True,False
44,D_CONTRACT_SHIELD,OOD,103,stop_intersection,False,False,False,10,1,27.03853399029078,1.619268448372197,True,False
44,D_CONTRACT_SHIELD,OOD,104,stop_intersection,False,False,False,13,1,26.910815932934867,1.8510454468654864,True,False
44,D_CONTRACT_SHIELD,OOD,105,stop_intersection,False,False,False,10,1,21.003460784670853,1.8079816911507536,True,False
44,D_CONTRACT_SHIELD,OOD,106,stop_intersection,False,False,False,3,1,30.87804826195574,1.8380803288640202,True,False
44,D_CONTRACT_SHIELD,OOD,107,stop_intersection,False,False,False,10,1,28.060643471254885,1.6045655201351832,True,False
44,D_CONTRACT_SHIELD,OOD,108,stop_intersection,False,False,False,9,1,24.77674054868926,1.9433450493634792,True,False
44,D_CONTRACT_SHIELD,OOD,109,stop_intersection,False,False,False,9,1,21.391659375275665,1.9856697273952466,True,False
44,D_CONTRACT_SHIELD,OOD,110,stop_intersection,False,False,False,7,1,24.04975097775866,1.9654265833949605,True,False
44,D_CONTRACT_SHIELD,OOD,111,stop_intersection,False,False,False,15,1,23.373598821781492,1.6634465763063144,True,False
44,D_CONTRACT_SHIELD,OOD,112,stop_intersection,False,False,False,18,1,24.274094646310274,1.615095076461633,True,False
44,D_CONTRACT_SHIELD,OOD,113,stop_intersection,False,False,False,9,1,30.666116982762993,1.6118610808343599,True,False
44,D_CONTRACT_SHIELD,OOD,114,stop_intersection,False,False,False,10,1,24.136537316107805,1.8707230875634742,True,False
44,D_CONTRACT_SHIELD,OOD,115,stop_intersection,False,False,False,6,1,24.774471590502856,1.915652873279812,True,False
44,D_CONTRACT_SHIELD,OOD,116,stop_intersection,False,False,False,16,1,21.763466135360872,1.7491302187590632,True,False
44,D_CONTRACT_SHIELD,OOD,117,stop_intersection,False,False,False,8,1,28.752552844445766,1.8113254954417548,True,False
44,D_CONTRACT_SHIELD,OOD,118,stop_intersection,False,False,False,3,1,28.33646770025237,1.7666463110897992,True,False
44,D_CONTRACT_SHIELD,OOD,119,stop_intersection,False,False,False,8,1,23.88786802276124,1.9452364584347148,True,False
44,D_CONTRACT_SHIELD,OOD,120,stop_intersection,False,False,False,4,1,30.923336640502477,1.8131702667788454,True,False
44,D_CONTRACT_SHIELD,OOD,121,stop_intersection,False,False,False,12,1,21.281080883785027,1.7632840822140377,True,False
44,D_CONTRACT_SHIELD,OOD,122,stop_intersection,False,False,False,10,1,24.579517318066316,1.750515746876476,True,False
44,D_CONTRACT_SHIELD,OOD,123,stop_intersection,False,False,False,4,1,31.51661058542409,1.6495458036661148,True,False
44,D_CONTRACT_SHIELD,OOD,124,stop_intersection,False,False,False,10,1,28.771583560022467,1.7864205097967336,True,False
44,D_CONTRACT_SHIELD,OOD,125,stop_intersection,False,False,False,15,1,23.851372294265712,1.6069495196695682,True,False
44,D_CONTRACT_SHIELD,OOD,126,stop_intersection,False,False,False,14,1,30.9415521200035,1.7257513700835947,True,False
44,D_CONTRACT_SHIELD,OOD,127,stop_intersection,False,False,False,15,1,28.70785543020461,1.6061646010780677,True,False
44,D_CONTRACT_SHIELD,OOD,128,stop_intersection,False,False,False,4,1,29.698266124957367,1.745894708131489,True,False
44,D_CONTRACT_SHIELD,OOD,129,stop_intersection,False,False,False,9,1,26.68695149111614,1.9063479931563392,True,False
44,D_CONTRACT_SHIELD,OOD,130,stop_intersection,False,False,False,14,1,21.886736435692843,1.6098636601322383,True,False
44,D_CONTRACT_SHIELD,OOD,131,stop_intersection,False,False,False,6,1,24.34474920095806,2.0491678033556258,True,False
44,D_CONTRACT_SHIELD,OOD,132,stop_intersection,False,False,False,13,1,21.27811072533764,1.8775605789529597,True,False
44,D_CONTRACT_SHIELD,OOD,133,stop_intersection,False,False,False,14,1,25.010850786932952,1.660131789339605,True,False
44,D_CONTRACT_SHIELD,OOD,134,stop_intersection,False,False,False,4,1,26.27984964459972,1.7578046219842927,True,False
44,D_CONTRACT_SHIELD,OOD,135,stop_intersection,False,False,False,10,1,21.642350142368947,1.6540935278957727,True,False
44,D_CONTRACT_SHIELD,OOD,136,stop_intersection,False,False,False,6,1,25.566209718986396,1.7640819581779272,True,False
44,D_CONTRACT_SHIELD,OOD,137,stop_intersection,False,False,False,7,1,31.019246974280065,1.794268135986631,True,False
44,D_CONTRACT_SHIELD,OOD,138,stop_intersection,False,False,False,4,1,30.78175901717132,1.9049794126201318,True,False
44,D_CONTRACT_SHIELD,OOD,139,stop_intersection,False,False,False,5,1,27.623672016609007,1.855138192828904,True,False
44,D_CONTRACT_SHIELD,OOD,140,stop_intersection,False,False,False,10,1,25.05039358700283,1.6810347163487995,True,False
44,D_CONTRACT_SHIELD,OOD,141,stop_intersection,False,False,False,8,1,29.323273635953292,1.6440180244371871,True,False
44,D_CONTRACT_SHIELD,OOD,142,stop_intersection,False,False,False,7,1,22.947849609004855,2.0063863797556785,True,False
44,D_CONTRACT_SHIELD,OOD,143,stop_intersection,False,False,False,10,1,27.93202827655032,1.8030088519662375,True,False
44,D_CONTRACT_SHIELD,OOD,144,stop_intersection,False,False,False,4,1,30.43060896231364,1.671897881051414,True,False
44,D_CONTRACT_SHIELD,OOD,145,stop_intersection,False,False,False,10,1,27.40461439911462,1.9048350545267263,True,False
44,D_CONTRACT_SHIELD,OOD,146,stop_intersection,False,False,False,6,1,27.235381716825025,2.122356352505383,True,False
44,D_CONTRACT_SHIELD,OOD,147,stop_intersection,False,False,False,8,1,20.978256091051364,1.9026140079304978,True,False
44,D_CONTRACT_SHIELD,OOD,148,stop_intersection,False,False,False,14,1,20.659537831637806,1.4873534062552074,True,False
44,D_CONTRACT_SHIELD,OOD,149,stop_intersection,False,False,False,8,1,29.06819073257838,1.8398815811189833,True,False
44,D_CONTRACT_SHIELD,OOD,150,stop_intersection,False,False,False,17,1,22.991659892392484,1.6466523724189703,True,False
44,D_CONTRACT_SHIELD,OOD,151,stop_intersection,False,False,False,8,1,23.289891789452273,1.8874373911765585,True,False
44,D_CONTRACT_SHIELD,OOD,152,stop_intersection,False,False,False,3,1,30.648162900734196,1.8566589742093471,True,False
44,D_CONTRACT_SHIELD,OOD,153,stop_intersection,False,False,False,7,1,30.221062188796495,1.7728642705010202,True,False
44,D_CONTRACT_SHIELD,OOD,154,stop_intersection,False,False,False,11,1,21.363312039182034,1.891102974874931,True,False
44,D_CONTRACT_SHIELD,OOD,155,stop_intersection,False,False,False,5,1,24.246102931818427,1.978437594793461,True,False
44,D_CONTRACT_SHIELD,OOD,156,stop_intersection,False,False,False,13,1,22.13718831842592,1.6423166874584143,True,False
44,D_CONTRACT_SHIELD,OOD,157,stop_intersection,False,False,False,10,1,22.97723687378982,1.8099304521292972,True,False
44,D_CONTRACT_SHIELD,OOD,158,stop_intersection,False,False,False,10,1,30.603167314793737,1.7286959923515024,True,False
44,D_CONTRACT_SHIELD,OOD,159,stop_intersection,False,False,False,9,1,29.01715473249825,1.680444174034651,True,False
44,D_CONTRACT_SHIELD,OOD,160,stop_intersection,False,False,False,13,1,25.548798028568037,1.6652089269861343,True,False
44,D_CONTRACT_SHIELD,OOD,161,stop_intersection,False,False,False,16,1,23.79417484500579,1.575175420097683,True,False
44,D_CONTRACT_SHIELD,OOD,162,stop_intersection,False,False,False,12,1,27.432110766004158,1.595103745312654,True,False
44,D_CONTRACT_SHIELD,OOD,163,stop_intersection,False,False,False,7,1,26.008724729861413,1.800127597898245,True,False
44,D_CONTRACT_SHIELD,OOD,164,stop_intersection,False,False,False,13,1,24.23382890587518,1.6439846989720366,True,False
44,D_CONTRACT_SHIELD,OOD,165,stop_intersection,False,False,False,12,1,28.53323220258054,1.5326990015578992,True,False
44,D_CONTRACT_SHIELD,OOD,166,stop_intersection,False,False,False,9,1,26.852546365267273,1.8582292051396816,True,False
44,D_CONTRACT_SHIELD,OOD,167,stop_intersection,False,False,False,13,1,30.45379175439315,1.5232348191565361,True,False
44,D_CONTRACT_SHIELD,OOD,168,stop_intersection,False,False,False,9,1,31.20198162760731,1.6964279763174783,True,False
44,D_CONTRACT_SHIELD,OOD,169,stop_intersection,False,False,False,5,1,28.23426144716778,1.8145344145277627,True,False
44,D_CONTRACT_SHIELD,OOD,170,stop_intersection,False,False,False,10,1,20.767706216429062,1.8036601515407236,True,False
44,D_CONTRACT_SHIELD,OOD,171,stop_intersection,False,False,False,9,1,21.430899127663388,1.649995297529139,True,False
44,D_CONTRACT_SHIELD,OOD,172,stop_intersection,False,False,False,12,1,22.103973336439566,1.793340006445208,True,False
44,D_CONTRACT_SHIELD,OOD,173,stop_intersection,False,False,False,13,1,28.648087627726152,1.465442873429561,True,False
44,D_CONTRACT_SHIELD,OOD,174,stop_intersection,False,False,False,9,1,21.82017249696743,1.875815491847418,True,False
44,D_CONTRACT_SHIELD,OOD,175,stop_intersection,False,False,False,4,1,27.9523161888373,1.869316514995363,True,False
44,D_CONTRACT_SHIELD,OOD,176,stop_intersection,False,False,False,12,1,22.04474063199323,1.6962485850876212,True,False
44,D_CONTRACT_SHIELD,OOD,177,stop_intersection,False,False,False,5,1,30.3137228898955,2.035912722349167,True,False
44,D_CONTRACT_SHIELD,OOD,178,stop_intersection,False,False,False,5,1,28.44508521044537,1.891690579422733,True,False
44,D_CONTRACT_SHIELD,OOD,179,stop_intersection,False,False,False,15,1,28.30021951320746,1.6413615121357683,True,False
44,D_CONTRACT_SHIELD,OOD,180,stop_intersection,False,False,False,13,1,21.540949053020235,1.627299941248364,True,False
44,D_CONTRACT_SHIELD,OOD,181,stop_intersection,False,False,False,5,1,31.064605075534693,1.8623658736546833,True,False
44,D_CONTRACT_SHIELD,OOD,182,stop_intersection,False,False,False,10,1,22.873284376844467,1.8055377642313641,True,False
44,D_CONTRACT_SHIELD,OOD,183,stop_intersection,False,False,False,8,1,22.041698967253396,1.9085844598318398,True,False
44,D_CONTRACT_SHIELD,OOD,184,stop_intersection,False,False,False,6,1,29.968049690753233,1.9326840043067932,True,False
44,D_CONTRACT_SHIELD,OOD,185,stop_intersection,False,False,False,15,1,26.134198092753188,1.5721569488877836,True,False
44,D_CONTRACT_SHIELD,OOD,186,stop_intersection,False,False,False,10,1,30.25204710570612,1.6720641884923906,True,False
44,D_CONTRACT_SHIELD,OOD,187,stop_intersection,False,False,False,8,1,27.39636826456656,1.8355482304305362,True,False
44,D_CONTRACT_SHIELD,OOD,188,stop_intersection,False,False,False,7,1,30.851351034344507,1.8356499763635488,True,False
44,D_CONTRACT_SHIELD,OOD,189,stop_intersection,False,False,False,3,1,29.628133189243826,1.8069356196635478,True,False
44,D_CONTRACT_SHIELD,OOD,190,stop_intersection,False,False,False,7,1,24.68764460311847,1.8241113795523058,True,False
44,D_CONTRACT_SHIELD,OOD,191,stop_intersection,False,False,False,14,1,26.550344216583014,1.5986870324170148,True,False
44,D_CONTRACT_SHIELD,OOD,192,stop_intersection,False,False,False,8,1,30.126701950677045,1.6566925483156543,True,False
44,D_CONTRACT_SHIELD,OOD,193,stop_intersection,False,False,False,15,1,24.01775459805894,1.5597926696141562,True,False
44,D_CONTRACT_SHIELD,OOD,194,stop_intersection,False,False,False,11,1,26.702123893270333,1.6855252676231915,True,False
44,D_CONTRACT_SHIELD,OOD,195,stop_intersection,False,False,False,12,1,26.370059547324857,1.827880020064067,True,False
44,D_CONTRACT_SHIELD,OOD,196,stop_intersection,False,False,False,13,1,22.790653939666548,1.6132998965562335,True,False
44,D_CONTRACT_SHIELD,OOD,197,stop_intersection,False,False,False,11,1,29.413943666998,1.8103782667054071,True,False
44,D_CONTRACT_SHIELD,OOD,198,stop_intersection,False,False,False,14,1,29.03604100529482,1.7140499275663625,True,False
44,D_CONTRACT_SHIELD,OOD,199,stop_intersection,False,False,False,12,1,28.213798555294222,1.6700987798196298,True,False
44,D_CONTRACT_SHIELD,OOD,200,lead_brake,False,False,False,0,0,33.67989438712602,8.50608865916729,True,False
44,D_CONTRACT_SHIELD,OOD,201,lead_brake,False,False,False,0,0,30.539925170312017,6.327510802075267,True,False
44,D_CONTRACT_SHIELD,OOD,202,lead_brake,False,False,False,0,0,25.676470412152366,9.687858324497936,True,False
44,D_CONTRACT_SHIELD,OOD,203,lead_brake,False,False,False,0,0,30.550502068583587,4.188693813358744,True,False
44,D_CONTRACT_SHIELD,OOD,204,lead_brake,False,False,False,0,0,29.420520197597785,9.958042138566572,True,False
44,D_CONTRACT_SHIELD,OOD,205,lead_brake,False,False,False,0,0,28.194120733254106,7.946771409983436,True,False
44,D_CONTRACT_SHIELD,OOD,206,lead_brake,False,False,False,0,0,29.955864901827493,6.345397037764389,True,False
44,D_CONTRACT_SHIELD,OOD,207,lead_brake,False,False,False,0,0,32.63487947395,9.246939597651362,True,False
44,D_CONTRACT_SHIELD,OOD,208,lead_brake,False,False,False,0,0,37.962254271297176,9.656512775768835,True,False
44,D_CONTRACT_SHIELD,OOD,209,lead_brake,False,False,False,0,0,30.43957401600894,8.107828545694549,True,False
44,D_CONTRACT_SHIELD,OOD,210,lead_brake,False,False,False,0,0,29.490767992781212,10.016859764233232,True,False
44,D_CONTRACT_SHIELD,OOD,211,lead_brake,False,False,False,0,0,36.3456999577582,6.434698498497406,True,False
44,D_CONTRACT_SHIELD,OOD,212,lead_brake,False,False,False,0,0,27.296682178308377,8.991047992060581,True,False
44,D_CONTRACT_SHIELD,OOD,213,lead_brake,False,False,False,0,0,30.6232241379059,5.751566961407661,True,False
44,D_CONTRACT_SHIELD,OOD,214,lead_brake,False,False,False,0,0,34.82999809000359,8.110046363125244,True,False
44,D_CONTRACT_SHIELD,OOD,215,lead_brake,False,False,False,0,0,26.517771506144936,8.33318161095182,True,False
44,D_CONTRACT_SHIELD,OOD,216,lead_brake,False,False,False,0,0,40.096539667587614,7.360964656497041,True,False
44,D_CONTRACT_SHIELD,OOD,217,lead_brake,False,False,False,0,0,34.57224827818572,8.48483677767217,True,False
44,D_CONTRACT_SHIELD,OOD,218,lead_brake,False,False,False,0,0,26.402615798213716,6.273796978717049,True,False
44,D_CONTRACT_SHIELD,OOD,219,lead_brake,False,False,False,0,0,34.23913837787866,7.5970705058425665,True,False
44,D_CONTRACT_SHIELD,OOD,220,lead_brake,False,False,False,0,0,35.06151307545633,4.929448229571183,True,False
44,D_CONTRACT_SHIELD,OOD,221,lead_brake,False,False,False,0,0,23.890815209895376,8.754821167637903,True,False
44,D_CONTRACT_SHIELD,OOD,222,lead_brake,False,False,False,0,0,39.63300960072775,7.145850339904427,True,False
44,D_CONTRACT_SHIELD,OOD,223,lead_brake,False,False,False,0,0,26.10599401633978,7.971717577427626,True,False
44,D_CONTRACT_SHIELD,OOD,224,lead_brake,False,False,False,0,0,31.125571719648665,5.0043149292469025,True,False
44,D_CONTRACT_SHIELD,OOD,225,lead_brake,False,False,False,0,0,31.759972795819372,5.359072394048174,True,False
44,D_CONTRACT_SHIELD,OOD,226,lead_brake,False,False,False,0,0,26.996538515910512,7.629255511487523,True,False
44,D_CONTRACT_SHIELD,OOD,227,lead_brake,False,False,False,0,0,38.554842798746336,8.284330195436874,True,False
44,D_CONTRACT_SHIELD,OOD,228,lead_brake,False,False,False,0,0,39.63264832321462,4.644090856115024,True,False
44,D_CONTRACT_SHIELD,OOD,229,lead_brake,False,False,False,0,0,43.12905354484912,7.799652562166253,True,False
44,D_CONTRACT_SHIELD,OOD,230,lead_brake,False,False,False,0,0,33.94518587355126,7.4141377955675125,True,False
44,D_CONTRACT_SHIELD,OOD,231,lead_brake,False,False,False,0,0,35.133312949705214,8.082564994692802,True,False
44,D_CONTRACT_SHIELD,OOD,232,lead_brake,False,False,False,0,0,32.68255481080175,8.582525598506132,True,False
44,D_CONTRACT_SHIELD,OOD,233,lead_brake,False,False,False,0,0,29.831718630354832,9.347853612775603,True,False
44,D_CONTRACT_SHIELD,OOD,234,lead_brake,False,False,False,0,0,28.98164722959696,8.768847125892837,True,False
44,D_CONTRACT_SHIELD,OOD,235,lead_brake,False,False,False,0,0,32.19870361296105,5.910434763257702,True,False
44,D_CONTRACT_SHIELD,OOD,236,lead_brake,False,False,False,0,0,42.561325831338785,6.750932766124606,True,False
44,D_CONTRACT_SHIELD,OOD,237,lead_brake,False,False,False,0,0,40.41663783552853,6.9577547150353585,True,False
44,D_CONTRACT_SHIELD,OOD,238,lead_brake,False,False,False,0,0,26.046933067291985,6.8454248265673705,True,False
44,D_CONTRACT_SHIELD,OOD,239,lead_brake,False,False,False,0,0,34.309526379392025,2.6371793858706947,True,False
44,D_CONTRACT_SHIELD,OOD,240,lead_brake,False,False,False,0,0,36.75504025995734,8.237088614453873,True,False
44,D_CONTRACT_SHIELD,OOD,241,lead_brake,False,False,False,0,0,25.580230616880655,6.371995992958546,True,False
44,D_CONTRACT_SHIELD,OOD,242,lead_brake,False,False,False,0,0,26.797642303534357,6.678133005897204,True,False
44,D_CONTRACT_SHIELD,OOD,243,lead_brake,False,False,False,0,0,30.907787479749697,7.994215356186031,True,False
44,D_CONTRACT_SHIELD,OOD,244,lead_brake,False,False,False,0,0,41.7178710357845,8.505477234721184,True,False
44,D_CONTRACT_SHIELD,OOD,245,lead_brake,False,False,False,0,0,43.551778193414236,7.296946806833147,True,False
44,D_CONTRACT_SHIELD,OOD,246,lead_brake,False,False,False,0,0,26.653484120293008,8.629528264825542,True,False
44,D_CONTRACT_SHIELD,OOD,247,lead_brake,False,False,False,0,0,31.33134532580793,8.10843973358472,True,False
44,D_CONTRACT_SHIELD,OOD,248,lead_brake,False,False,False,0,0,27.447234447355548,8.775129755958915,True,False
44,D_CONTRACT_SHIELD,OOD,249,lead_brake,False,False,False,0,0,23.84623220438379,8.822891268879175,True,False
44,D_CONTRACT_SHIELD,OOD,250,lead_brake,False,False,False,0,0,33.58277154669648,5.8564236760139465,True,False
44,D_CONTRACT_SHIELD,OOD,251,lead_brake,False,False,False,0,0,30.855787369619968,8.559397348513205,True,False
44,D_CONTRACT_SHIELD,OOD,252,lead_brake,False,False,False,0,0,40.23341638996696,6.80536937713623,True,False
44,D_CONTRACT_SHIELD,OOD,253,lead_brake,False,False,False,0,0,28.722853149622672,8.280989307910204,True,False
44,D_CONTRACT_SHIELD,OOD,254,lead_brake,False,False,False,0,0,28.049488006377462,6.564325079942743,True,False
44,D_CONTRACT_SHIELD,OOD,255,lead_brake,False,False,False,0,0,34.43758398090797,7.679980561137199,True,False
44,D_CONTRACT_SHIELD,OOD,256,lead_brake,False,False,False,0,0,24.872776020914337,7.737545407066742,True,False
44,D_CONTRACT_SHIELD,OOD,257,lead_brake,False,False,False,0,0,30.83802289783217,8.041270978748797,True,False
44,D_CONTRACT_SHIELD,OOD,258,lead_brake,False,False,False,0,0,23.467374746188693,6.037674099206924,True,False
44,D_CONTRACT_SHIELD,OOD,259,lead_brake,False,False,False,0,0,43.22132284671067,6.0449109841138124,True,False
44,D_CONTRACT_SHIELD,OOD,260,lead_brake,False,False,False,0,0,34.679196101744914,7.641370782007773,True,False
44,D_CONTRACT_SHIELD,OOD,261,lead_brake,False,False,False,0,0,28.638599561723144,6.0008161428074045,True,False
44,D_CONTRACT_SHIELD,OOD,262,lead_brake,False,False,False,0,0,38.409984250761205,8.51184421032667,True,False
44,D_CONTRACT_SHIELD,OOD,263,lead_brake,False,False,False,0,0,30.538972524483267,8.127533255765835,True,False
44,D_CONTRACT_SHIELD,OOD,264,lead_brake,False,False,False,0,0,44.69020491763952,7.6189336217939845,True,False
44,D_CONTRACT_SHIELD,OOD,265,lead_brake,False,False,False,0,0,40.209659422217904,4.916074279695748,True,False
44,D_CONTRACT_SHIELD,OOD,266,lead_brake,False,False,False,0,0,32.30059037674196,9.582887922103206,True,False
44,D_CONTRACT_SHIELD,OOD,267,lead_brake,False,False,False,0,0,29.462022031368022,9.379115621869762,True,False
44,D_CONTRACT_SHIELD,OOD,268,lead_brake,False,False,False,0,0,29.11799365942646,8.0533946963648,True,False
44,D_CONTRACT_SHIELD,OOD,269,lead_brake,False,False,False,0,0,31.502490356097713,6.864460693051417,True,False
44,D_CONTRACT_SHIELD,OOD,270,lead_brake,False,False,False,0,0,25.427579699516972,10.804706341276566,True,False
44,D_CONTRACT_SHIELD,OOD,271,lead_brake,False,False,False,0,0,36.26386311062824,8.919259357576568,True,False
44,D_CONTRACT_SHIELD,OOD,272,lead_brake,False,False,False,0,0,34.2311758268362,3.5841204163928824,True,False
44,D_CONTRACT_SHIELD,OOD,273,lead_brake,False,False,False,0,0,34.79440590614063,5.37080185736219,True,False
44,D_CONTRACT_SHIELD,OOD,274,lead_brake,False,False,False,0,0,37.23966357945952,6.912368444725871,True,False
44,D_CONTRACT_SHIELD,OOD,275,lead_brake,False,False,False,0,0,32.99233275603551,7.266564235091209,True,False
44,D_CONTRACT_SHIELD,OOD,276,lead_brake,False,False,False,0,0,28.482676485746072,6.745184899618228,True,False
44,D_CONTRACT_SHIELD,OOD,277,lead_brake,False,False,False,0,0,29.517832276076096,10.550240955005089,True,False
44,D_CONTRACT_SHIELD,OOD,278,lead_brake,False,False,False,0,0,30.053700059618283,7.338651599983375,True,False
44,D_CONTRACT_SHIELD,OOD,279,lead_brake,False,False,False,0,0,38.72605486214161,6.281615118185679,True,False
44,D_CONTRACT_SHIELD,OOD,280,lead_brake,False,False,False,0,0,30.47028234872636,9.720110390335321,True,False
44,D_CONTRACT_SHIELD,OOD,281,lead_brake,False,False,False,0,0,31.34418141916392,8.591933764517307,True,False
44,D_CONTRACT_SHIELD,OOD,282,lead_brake,False,False,False,0,0,32.18548649881588,4.346840248132746,True,False
44,D_CONTRACT_SHIELD,OOD,283,lead_brake,False,False,False,0,0,36.524502555057396,9.949923755601048,True,False
44,D_CONTRACT_SHIELD,OOD,284,lead_brake,False,False,False,0,0,25.783780862714416,11.777061687161524,True,False
44,D_CONTRACT_SHIELD,OOD,285,lead_brake,False,False,False,0,0,35.28116101475119,6.528375518818696,True,False
44,D_CONTRACT_SHIELD,OOD,286,lead_brake,False,False,False,0,0,28.99205831475868,9.371069656064112,True,False
44,D_CONTRACT_SHIELD,OOD,287,lead_brake,False,False,False,0,0,32.49755871709408,4.187729249397913,True,False
44,D_CONTRACT_SHIELD,OOD,288,lead_brake,False,False,False,0,0,26.55779348337212,6.497992711762587,True,False
44,D_CONTRACT_SHIELD,OOD,289,lead_brake,False,False,False,0,0,39.810319591712194,7.8202330234150095,True,False
44,D_CONTRACT_SHIELD,OOD,290,lead_brake,False,False,False,0,0,33.64300036215692,6.392251089215278,True,False
44,D_CONTRACT_SHIELD,OOD,291,lead_brake,False,False,False,0,0,21.542964567095023,7.248066669950882,True,False
44,D_CONTRACT_SHIELD,OOD,292,lead_brake,False,False,False,0,0,36.099227185091266,6.341388717293738,True,False
44,D_CONTRACT_SHIELD,OOD,293,lead_brake,False,False,False,0,0,25.347719373001283,9.326907508075237,True,False
44,D_CONTRACT_SHIELD,OOD,294,lead_brake,False,False,False,0,0,26.60701067629126,9.870679095387459,True,False
44,D_CONTRACT_SHIELD,OOD,295,lead_brake,False,False,False,0,0,28.168380473554134,9.134875688701868,True,False
44,D_CONTRACT_SHIELD,OOD,296,lead_brake,False,False,False,0,0,35.56418005614747,8.614547199259201,True,False
44,D_CONTRACT_SHIELD,OOD,297,lead_brake,False,False,False,0,0,38.94545079898149,7.123207838584979,True,False
44,D_CONTRACT_SHIELD,OOD,298,lead_brake,False,False,False,0,0,21.131649948070624,10.584257500867048,True,False
44,D_CONTRACT_SHIELD,OOD,299,lead_brake,False,False,False,0,0,25.59499970346974,9.580914962415893,True,False
