seed,variant,split,episode,kind,forbidden_entry,collision,safe_gap_violation,interventions,released_stop_steps,progress,mean_abs_jerk,completed,unsafe
42,A_STATE,ID,0,crosswalk,False,False,False,0,0,30.055494972170365,2.1889952637932515,True,False
42,A_STATE,ID,1,crosswalk,False,False,False,0,0,35.01058743745653,0.40327747973302996,True,False
42,A_STATE,ID,2,crosswalk,False,False,False,0,0,32.68566442387097,2.25244347683408,True,False
42,A_STATE,ID,3,crosswalk,False,False,False,0,0,36.94537185842248,1.279762481217799,True,False
42,A_STATE,ID,4,crosswalk,False,False,False,0,0,32.26652010044886,2.2369658269665456,True,False
42,A_STATE,ID,5,crosswalk,False,False,False,0,0,32.73897714613406,2.1145078410273013,True,False
42,A_STATE,ID,6,crosswalk,False,False,False,0,0,28.39980419299227,0.6731385659230382,True,False
42,A_STATE,ID,7,crosswalk,False,False,False,0,0,36.07931146563495,0.40180488489568233,True,False
42,A_STATE,ID,8,crosswalk,False,False,False,0,0,26.568433570750038,1.974407278973123,True,False
42,A_STATE,ID,9,crosswalk,False,False,False,0,0,38.455230460401715,0.6179615824172894,True,False
42,A_STATE,ID,10,crosswalk,False,False,False,0,0,35.384964290087815,2.116579889603283,True,False
42,A_STATE,ID,11,crosswalk,False,False,False,0,0,28.882205619825744,1.9958458976312117,True,False
42,A_STATE,ID,12,crosswalk,False,False,False,0,0,28.053985370659788,2.515558714145108,True,False
42,A_STATE,ID,13,crosswalk,False,False,False,0,0,36.62555723545688,0.7312208583409135,True,False
42,A_STATE,ID,14,crosswalk,False,False,False,0,0,32.02758080230443,1.9942112391193707,True,False
42,A_STATE,ID,15,crosswalk,False,False,False,0,0,30.791886751347516,1.569478688271422,True,False
42,A_STATE,ID,16,crosswalk,False,False,False,0,0,34.61004707147048,0.4483911022543907,True,False
42,A_STATE,ID,17,crosswalk,False,False,False,0,0,29.92085581868295,2.184628451412374,True,False
42,A_STATE,ID,18,crosswalk,False,False,False,0,0,37.41229649743589,0.554450892589309,True,False
42,A_STATE,ID,19,crosswalk,False,False,False,0,0,33.97770962214807,0.436762236058712,True,False
42,A_STATE,ID,20,crosswalk,False,False,False,0,0,36.70220988662838,1.7460140927384296,True,False
42,A_STATE,ID,21,crosswalk,False,False,False,0,0,33.465616978760764,0.36127938200598175,True,False
42,A_STATE,ID,22,crosswalk,False,False,False,0,0,35.90266898932251,0.643217722358911,True,False
42,A_STATE,ID,23,crosswalk,False,False,False,0,0,34.38512214603031,0.4835403781561624,True,False
42,A_STATE,ID,24,crosswalk,False,False,False,0,0,36.54532280703667,2.1044857831050954,True,False
42,A_STATE,ID,25,crosswalk,False,False,False,0,0,38.48271906208749,1.8975662916898728,True,False
42,A_STATE,ID,26,crosswalk,False,False,False,0,0,33.68514488074872,0.9000338918783447,True,False
42,A_STATE,ID,27,crosswalk,False,False,False,0,0,32.229494933816696,0.8436651863157748,True,False
42,A_STATE,ID,28,crosswalk,False,False,False,0,0,30.279043233806647,2.469090289975467,True,False
42,A_STATE,ID,29,crosswalk,False,False,False,0,0,37.16735217260198,0.4024121195077896,True,False
42,A_STATE,ID,30,crosswalk,False,False,False,0,0,27.70922968819163,2.017815139144659,True,False
42,A_STATE,ID,31,crosswalk,False,False,False,0,0,37.825567650774516,0.4290582022319237,True,False
42,A_STATE,ID,32,crosswalk,False,False,False,0,0,30.53617015832824,2.4013210646808147,True,False
42,A_STATE,ID,33,crosswalk,False,False,False,0,0,26.72923438164281,1.859286551674207,True,False
42,A_STATE,ID,34,crosswalk,False,False,False,0,0,27.83827155058843,2.2189898576055254,True,False
42,A_STATE,ID,35,crosswalk,False,False,False,0,0,36.24949456770628,0.3891922254115343,True,False
42,A_STATE,ID,36,crosswalk,False,False,False,0,0,32.714829960151626,2.1198000596917193,True,False
42,A_STATE,ID,37,crosswalk,False,False,False,0,0,39.34454378915724,0.43106313645839694,True,False
42,A_STATE,ID,38,crosswalk,False,False,False,0,0,34.580793205229355,0.4078136546456296,True,False
42,A_STATE,ID,39,crosswalk,False,False,False,0,0,30.549999993196213,1.9554479916890461,True,False
42,A_STATE,ID,40,crosswalk,False,False,False,0,0,35.03968375324262,0.4884512625310732,True,False
42,A_STATE,ID,41,crosswalk,False,False,False,0,0,38.3596179838451,0.8647701237350702,True,False
42,A_STATE,ID,42,crosswalk,False,False,False,0,0,37.961350680586605,1.203052070736885,True,False
42,A_STATE,ID,43,crosswalk,False,False,False,0,0,31.290485610121657,2.215441156178713,True,False
42,A_STATE,ID,44,crosswalk,False,False,False,0,0,28.52808711502972,1.4948851325445704,True,False
42,A_STATE,ID,45,crosswalk,False,False,False,0,0,29.40495846814429,1.779570781758853,True,False
42,A_STATE,ID,46,crosswalk,False,False,False,0,0,34.58063203589901,0.4863862586872918,True,False
42,A_STATE,ID,47,crosswalk,False,False,False,0,0,32.27954940747354,0.5553944761815823,True,False
42,A_STATE,ID,48,crosswalk,False,False,False,0,0,34.800286303057014,0.40408313598321827,True,False
42,A_STATE,ID,49,crosswalk,False,False,False,0,0,29.371695095492562,0.8557955567774019,True,False
42,A_STATE,ID,50,crosswalk,False,False,False,0,0,30.86731111677259,1.9339652856190999,True,False
42,A_STATE,ID,51,crosswalk,False,False,False,0,0,34.68757939089011,2.0393142849206924,True,False
42,A_STATE,ID,52,crosswalk,False,False,False,0,0,38.18915035110828,1.8331720161697136,True,False
42,A_STATE,ID,53,crosswalk,False,False,False,0,0,35.479231198859495,2.2551408579403702,True,False
42,A_STATE,ID,54,crosswalk,False,False,False,0,0,37.52165989445166,1.933200592175126,True,False
42,A_STATE,ID,55,crosswalk,False,False,False,0,0,29.23229587668002,1.941016007746969,True,False
42,A_STATE,ID,56,crosswalk,False,False,False,0,0,37.51602261697481,0.5615029009905728,True,False
42,A_STATE,ID,57,crosswalk,False,False,False,0,0,33.90661780756881,0.5608052127063274,True,False
42,A_STATE,ID,58,crosswalk,False,False,False,0,0,32.92870499594887,2.116857430209284,True,False
42,A_STATE,ID,59,crosswalk,False,False,False,0,0,33.75837834310093,0.3784699835207151,True,False
42,A_STATE,ID,60,crosswalk,False,False,False,0,0,32.72579199200096,0.8316662497818469,True,False
42,A_STATE,ID,61,crosswalk,False,False,False,0,0,33.472457654732175,2.272883616387844,True,False
42,A_STATE,ID,62,crosswalk,False,False,False,0,0,29.016480667816626,2.173168767582286,True,False
42,A_STATE,ID,63,crosswalk,False,False,False,0,0,37.169661890828465,2.1047966089099646,True,False
42,A_STATE,ID,64,crosswalk,False,False,False,0,0,32.1957779247685,0.37397103214805777,True,False
42,A_STATE,ID,65,crosswalk,False,False,False,0,0,28.75296041543781,1.8988559891780217,True,False
42,A_STATE,ID,66,crosswalk,False,False,False,0,0,32.862418454517766,2.11936029403106,True,False
42,A_STATE,ID,67,crosswalk,False,False,False,0,0,33.1229193132229,2.1282116971586063,True,False
42,A_STATE,ID,68,crosswalk,False,False,False,0,0,31.917626214164205,0.45852838084101677,True,False
42,A_STATE,ID,69,crosswalk,False,False,False,0,0,29.74788991905801,2.0904775099320845,True,False
42,A_STATE,ID,70,crosswalk,False,False,False,0,0,29.87157354444123,0.39863704517483706,True,False
42,A_STATE,ID,71,crosswalk,False,False,False,0,0,29.44983406030527,1.7016060685827619,True,False
42,A_STATE,ID,72,crosswalk,False,False,False,0,0,32.56727293812654,2.2019993344491176,True,False
42,A_STATE,ID,73,crosswalk,False,False,False,0,0,35.910882551125034,2.079439383621017,True,False
42,A_STATE,ID,74,crosswalk,False,False,False,0,0,28.348402903722484,2.5826958449263318,True,False
42,A_STATE,ID,75,crosswalk,False,False,False,0,0,26.779421670841437,2.0441711490804497,True,False
42,A_STATE,ID,76,crosswalk,False,False,False,0,0,35.49430104886177,2.0692211762070656,True,False
42,A_STATE,ID,77,crosswalk,False,False,False,0,0,37.98726638506288,1.9816328740368285,True,False
42,A_STATE,ID,78,crosswalk,False,False,False,0,0,38.823534728903326,0.5231680445696996,True,False
42,A_STATE,ID,79,crosswalk,False,False,False,0,0,27.674802150438516,2.5251873541209435,True,False
42,A_STATE,ID,80,crosswalk,False,False,False,0,0,37.19446631245912,0.40914715826511383,True,False
42,A_STATE,ID,81,crosswalk,False,False,False,0,0,32.98638357652558,2.0906856623680694,True,False
42,A_STATE,ID,82,crosswalk,False,False,False,0,0,38.4995155338796,1.194374227653379,True,False
42,A_STATE,ID,83,crosswalk,False,False,False,0,0,31.185286047915127,0.39212825397650397,True,False
42,A_STATE,ID,84,crosswalk,False,False,False,0,0,29.633737687555275,2.0899412984197787,True,False
42,A_STATE,ID,85,crosswalk,False,False,False,0,0,37.63564952898896,0.489199112938798,True,False
42,A_STATE,ID,86,crosswalk,False,False,False,0,0,33.36340382593616,2.1343041891637053,True,False
42,A_STATE,ID,87,crosswalk,False,False,False,0,0,34.33291871660248,1.928666311908852,True,False
42,A_STATE,ID,88,crosswalk,False,False,False,0,0,35.23459394992441,2.196460615681565,True,False
42,A_STATE,ID,89,crosswalk,False,False,False,0,0,30.502576639692442,2.467240516096353,True,False
42,A_STATE,ID,90,crosswalk,False,False,False,0,0,32.59420166975116,2.106009281199911,True,False
42,A_STATE,ID,91,crosswalk,False,False,False,0,0,36.669514278730624,0.355343946814537,True,False
42,A_STATE,ID,92,crosswalk,False,False,False,0,0,30.453150101403846,2.449073579162359,True,False
42,A_STATE,ID,93,crosswalk,False,False,False,0,0,33.2767868493357,0.4681714553208578,True,False
42,A_STATE,ID,94,crosswalk,False,False,False,0,0,35.13646877455754,1.8256453424692154,True,False
42,A_STATE,ID,95,crosswalk,False,False,False,0,0,36.51140293048931,2.1036492319156728,True,False
42,A_STATE,ID,96,crosswalk,False,False,False,0,0,38.180560498594254,1.432194687102152,True,False
42,A_STATE,ID,97,crosswalk,False,False,False,0,0,28.566871649118962,1.917448913057645,True,False
42,A_STATE,ID,98,crosswalk,False,False,False,0,0,33.52343445943488,2.131979617735614,True,False
42,A_STATE,ID,99,crosswalk,False,False,False,0,0,28.3126626267236,2.210341848078228,True,False
42,A_STATE,ID,100,stop_intersection,False,False,False,0,1,32.57592480131349,1.3039591981143486,True,False
42,A_STATE,ID,101,stop_intersection,False,False,False,0,1,38.05344900857966,1.220866401087154,True,False
42,A_STATE,ID,102,stop_intersection,False,False,False,0,1,27.589301837575242,1.2131306678056715,True,False
42,A_STATE,ID,103,stop_intersection,False,False,False,0,1,34.55152823829064,1.171917359937321,True,False
42,A_STATE,ID,104,stop_intersection,False,False,False,0,1,30.599604795925057,1.321081832051277,True,False
42,A_STATE,ID,105,stop_intersection,False,False,False,0,1,31.776309482910122,1.2707806069676468,True,False
42,A_STATE,ID,106,stop_intersection,False,False,False,0,1,29.66716105190823,1.4009635542568406,True,False
42,A_STATE,ID,107,stop_intersection,False,False,False,0,1,26.67708843353926,1.2623792886734009,True,False
42,A_STATE,ID,108,stop_intersection,False,False,False,0,1,27.637376693813994,1.2732350214933736,True,False
42,A_STATE,ID,109,stop_intersection,False,False,False,0,1,30.38154450687889,1.2594832926988602,True,False
42,A_STATE,ID,110,stop_intersection,False,False,False,0,1,34.52129948853628,1.3047401572382726,True,False
42,A_STATE,ID,111,stop_intersection,False,False,False,0,1,28.662471730968413,1.213467538356781,True,False
42,A_STATE,ID,112,stop_intersection,False,False,False,0,1,28.849732117440254,1.3397136559853187,True,False
42,A_STATE,ID,113,stop_intersection,False,False,False,0,1,31.771170682242875,1.307479828596115,True,False
42,A_STATE,ID,114,stop_intersection,False,False,False,0,1,30.563475516740432,1.30590058863163,True,False
42,A_STATE,ID,115,stop_intersection,False,False,False,0,1,36.79958317304095,1.2224061516198244,True,False
42,A_STATE,ID,116,stop_intersection,False,False,False,0,1,34.44915632145373,1.2546939083508082,True,False
42,A_STATE,ID,117,stop_intersection,False,False,False,0,1,35.50983795530367,1.2295204401016235,True,False
42,A_STATE,ID,118,stop_intersection,False,False,False,0,1,36.5021156806165,1.1606229013866847,True,False
42,A_STATE,ID,119,stop_intersection,False,False,False,0,1,27.584210424038417,1.4445411514591526,True,False
42,A_STATE,ID,120,stop_intersection,False,False,False,0,1,26.561735807402297,1.479430298010508,True,False
42,A_STATE,ID,121,stop_intersection,False,False,False,0,1,37.44520711939641,1.1326226980789849,True,False
42,A_STATE,ID,122,stop_intersection,False,False,False,0,1,36.849001314306314,1.1230762626813806,True,False
42,A_STATE,ID,123,stop_intersection,False,False,False,0,1,28.269565812706155,1.2705432910185592,True,False
42,A_STATE,ID,124,stop_intersection,False,False,False,0,1,29.227848544553414,1.420945556540238,True,False
42,A_STATE,ID,125,stop_intersection,False,False,False,0,1,32.38565811442254,1.4288002699613571,True,False
42,A_STATE,ID,126,stop_intersection,False,False,False,0,1,28.48649417675994,1.398089637881831,True,False
42,A_STATE,ID,127,stop_intersection,False,False,False,0,1,31.60610073307368,1.310306191444397,True,False
42,A_STATE,ID,128,stop_intersection,False,False,False,0,1,31.87640819082707,1.2888930338185007,True,False
42,A_STATE,ID,129,stop_intersection,False,False,False,0,1,31.19135791103402,1.374711737036705,True,False
42,A_STATE,ID,130,stop_intersection,False,False,False,0,1,27.617886963750514,1.4295919038153984,True,False
42,A_STATE,ID,131,stop_intersection,False,False,False,0,1,27.11520058317381,1.3825344717180406,True,False
42,A_STATE,ID,132,stop_intersection,False,False,False,0,1,31.819146398536216,1.2702686612198992,True,False
42,A_STATE,ID,133,stop_intersection,False,False,False,0,1,33.63493641637577,1.1953705955635416,True,False
42,A_STATE,ID,134,stop_intersection,False,False,False,0,1,29.59011328058883,1.1975639622385907,True,False
42,A_STATE,ID,135,stop_intersection,False,False,False,0,1,32.948894954486875,1.367670079556907,True,False
42,A_STATE,ID,136,stop_intersection,False,False,False,0,1,29.579574112042927,1.377363644148174,True,False
42,A_STATE,ID,137,stop_intersection,False,False,False,0,1,33.349969322139884,1.3767871333331596,True,False
42,A_STATE,ID,138,stop_intersection,False,False,False,0,1,38.88644431633543,1.2026548385620117,True,False
42,A_STATE,ID,139,stop_intersection,False,False,False,0,1,26.68394246579184,1.4242776503434051,True,False
42,A_STATE,ID,140,stop_intersection,False,False,False,0,1,27.37402924422232,1.3564149329536839,True,False
42,A_STATE,ID,141,stop_intersection,False,False,False,0,1,28.476870931931227,1.4113762190467432,True,False
42,A_STATE,ID,142,stop_intersection,False,False,False,0,1,36.6698901009153,1.3073202898336012,True,False
42,A_STATE,ID,143,stop_intersection,False,False,False,0,1,38.001741207067,1.1680952751118203,True,False
42,A_STATE,ID,144,stop_intersection,False,False,False,0,1,30.159176732230968,1.3413897233131604,True,False
42,A_STATE,ID,145,stop_intersection,False,False,False,0,1,26.548737317374986,1.4047227840165835,True,False
42,A_STATE,ID,146,stop_intersection,False,False,False,0,1,29.31994165794504,1.3309561163187027,True,False
42,A_STATE,ID,147,stop_intersection,False,False,False,0,1,32.38679457111742,1.1556720040565311,True,False
42,A_STATE,ID,148,stop_intersection,False,False,False,0,1,31.52978276701102,1.3899127691984174,True,False
42,A_STATE,ID,149,stop_intersection,False,False,False,0,1,27.798980643471783,1.4330333149110948,True,False
42,A_STATE,ID,150,stop_intersection,False,False,False,0,1,28.531335240339146,1.1977270046869912,True,False
42,A_STATE,ID,151,stop_intersection,False,False,False,0,1,27.955735544250246,1.0174995431533225,True,False
42,A_STATE,ID,152,stop_intersection,False,False,False,0,1,21.133309930454438,1.0553031033939786,True,False
42,A_STATE,ID,153,stop_intersection,False,False,False,0,1,20.148613091524318,1.1201860552484337,True,False
42,A_STATE,ID,154,stop_intersection,False,False,False,0,1,28.449630998927773,1.0220908183677524,True,False
42,A_STATE,ID,155,stop_intersection,False,False,False,0,1,22.526266021592754,1.0010816069210275,True,False
42,A_STATE,ID,156,stop_intersection,False,False,False,0,1,28.487337150397888,1.027209904958617,True,False
42,A_STATE,ID,157,stop_intersection,False,False,False,0,1,24.75781584793647,1.0583752150438268,True,False
42,A_STATE,ID,158,stop_intersection,False,False,False,0,1,26.51967908960267,1.0026754935582478,True,False
42,A_STATE,ID,159,stop_intersection,False,False,False,0,1,20.557697341159223,0.9984508752822876,True,False
42,A_STATE,ID,160,stop_intersection,False,False,False,0,1,28.511274204972096,1.0060586837621834,True,False
42,A_STATE,ID,161,stop_intersection,False,False,False,0,1,22.32754831716981,1.073937859941036,True,False
42,A_STATE,ID,162,stop_intersection,False,False,False,0,1,26.090031123781856,1.1364275851148238,True,False
42,A_STATE,ID,163,stop_intersection,False,False,False,0,1,21.4451526352446,0.984885388729619,True,False
42,A_STATE,ID,164,stop_intersection,False,False,False,0,1,20.504039856417215,1.0628401326096575,True,False
42,A_STATE,ID,165,stop_intersection,False,False,False,0,1,21.458660899644812,1.0537591317425603,True,False
42,A_STATE,ID,166,stop_intersection,False,False,False,0,1,22.183563196718623,1.0537818322579067,True,False
42,A_STATE,ID,167,stop_intersection,False,False,False,0,1,23.372805756241462,1.0314144442478816,True,False
42,A_STATE,ID,168,stop_intersection,False,False,False,0,1,26.75694469645829,0.9712501328725082,True,False
42,A_STATE,ID,169,stop_intersection,False,False,False,0,1,22.516443306079154,1.0695986255355503,True,False
42,A_STATE,ID,170,stop_intersection,False,False,False,0,1,22.317694843657883,1.001394507931728,True,False
42,A_STATE,ID,171,stop_intersection,False,False,False,0,1,21.526621085064072,0.9994277767106599,True,False
42,A_STATE,ID,172,stop_intersection,False,False,False,0,1,22.15904409195819,1.0282686829566956,True,False
42,A_STATE,ID,173,stop_intersection,False,False,False,0,1,22.758433603486047,1.0683706775307655,True,False
42,A_STATE,ID,174,stop_intersection,False,False,False,0,1,28.252173090971098,1.0910417318344117,True,False
42,A_STATE,ID,175,stop_intersection,False,False,False,0,1,23.393946928927612,0.9861814625122968,True,False
42,A_STATE,ID,176,stop_intersection,False,False,False,0,1,22.96184949553828,1.025828695297241,True,False
42,A_STATE,ID,177,stop_intersection,False,False,False,0,1,28.0979015336195,1.1793745756149292,True,False
42,A_STATE,ID,178,stop_intersection,False,False,False,0,1,25.680867559210974,1.181693911552429,True,False
42,A_STATE,ID,179,stop_intersection,False,False,False,0,1,21.54995464224324,1.0207040699160828,True,False
42,A_STATE,ID,180,stop_intersection,False,False,False,0,1,22.665189680733867,1.0272517919540405,True,False
42,A_STATE,ID,181,stop_intersection,False,False,False,0,1,28.548756567040364,1.0477282106876373,True,False
42,A_STATE,ID,182,stop_intersection,False,False,False,0,1,21.369743501037004,1.048127070386359,True,False
42,A_STATE,ID,183,stop_intersection,False,False,False,0,1,20.86500617756517,0.9515746052448566,True,False
42,A_STATE,ID,184,stop_intersection,False,False,False,0,1,21.27960714895426,1.0563744255836973,True,False
42,A_STATE,ID,185,stop_intersection,False,False,False,0,1,23.171738188738416,1.071699819666274,True,False
42,A_STATE,ID,186,stop_intersection,False,False,False,0,1,28.583344859579896,1.0268132008758246,True,False
42,A_STATE,ID,187,stop_intersection,False,False,False,0,1,20.882451562153754,1.0889379448360865,True,False
42,A_STATE,ID,188,stop_intersection,False,False,False,0,1,27.62401296669659,1.1958634191089206,True,False
42,A_STATE,ID,189,stop_intersection,False,False,False,0,1,28.74706418786493,1.0380657101577182,True,False
42,A_STATE,ID,190,stop_intersection,False,False,False,0,1,21.781736370774674,1.0507203162984644,True,False
42,A_STATE,ID,191,stop_intersection,False,False,False,0,1,27.844817619660372,1.1297629838404448,True,False
42,A_STATE,ID,192,stop_intersection,False,False,False,0,1,26.971606275192777,1.0176036287756527,True,False
42,A_STATE,ID,193,stop_intersection,False,False,False,0,1,27.953978539262927,1.0159979147069593,True,False
42,A_STATE,ID,194,stop_intersection,False,False,False,0,1,25.70374739385126,0.9952980509171119,True,False
42,A_STATE,ID,195,stop_intersection,False,False,False,0,1,20.030069061790634,1.049947954238729,True,False
42,A_STATE,ID,196,stop_intersection,False,False,False,0,1,27.294404491422533,0.998797288127974,True,False
42,A_STATE,ID,197,stop_intersection,False,False,False,0,1,21.043878892802994,1.0832808680004542,True,False
42,A_STATE,ID,198,stop_intersection,False,False,False,0,1,23.900459775501368,1.114664143986172,True,False
42,A_STATE,ID,199,stop_intersection,False,False,False,0,1,28.324561546621855,1.1779228759848552,True,False
42,A_STATE,ID,200,lead_brake,False,False,False,0,0,70.98511994798277,1.4741662641366322,True,False
42,A_STATE,ID,201,lead_brake,False,False,False,0,0,93.42190121680495,0.18753244727849958,True,False
42,A_STATE,ID,202,lead_brake,False,False,False,0,0,55.10094788101554,0.8912264270087084,True,False
42,A_STATE,ID,203,lead_brake,False,False,False,0,0,75.17915666234344,0.29553910344839096,True,False
42,A_STATE,ID,204,lead_brake,False,False,False,0,0,94.4691575635032,0.11233943328261375,True,False
42,A_STATE,ID,205,lead_brake,False,False,False,0,0,74.40076882117174,0.32779109726349515,True,False
42,A_STATE,ID,206,lead_brake,False,False,False,0,0,88.45708171619009,0.29317315171162284,True,False
42,A_STATE,ID,207,lead_brake,False,False,False,0,0,77.00773821625359,0.58166849364837,True,False
42,A_STATE,ID,208,lead_brake,False,False,False,0,0,58.44626116759917,2.32748203103741,True,False
42,A_STATE,ID,209,lead_brake,False,False,False,0,0,87.49671683655103,0.3714223528901736,True,False
42,A_STATE,ID,210,lead_brake,False,False,False,0,0,75.02077269633693,0.6553736875454583,True,False
42,A_STATE,ID,211,lead_brake,False,False,False,0,0,84.84927100594659,0.46000715593496955,True,False
42,A_STATE,ID,212,lead_brake,False,False,False,0,0,77.27397917759761,0.252161202331384,True,False
42,A_STATE,ID,213,lead_brake,False,False,False,0,0,73.93166119663067,1.0877136265238125,True,False
42,A_STATE,ID,214,lead_brake,False,False,False,0,0,86.3921779704504,0.2782612567146619,True,False
42,A_STATE,ID,215,lead_brake,False,False,False,0,0,95.62547040596573,0.2598313167691231,True,False
42,A_STATE,ID,216,lead_brake,False,False,False,0,0,96.14727946817875,0.10218862940867741,True,False
42,A_STATE,ID,217,lead_brake,False,False,False,0,0,70.78378279114196,0.8003802349170048,True,False
42,A_STATE,ID,218,lead_brake,False,False,False,0,0,68.75067334778026,4.06500374401609,True,False
42,A_STATE,ID,219,lead_brake,False,False,False,0,0,70.79819363068373,0.2385611633459727,True,False
42,A_STATE,ID,220,lead_brake,False,False,False,0,0,70.45408486871435,1.745566854874293,True,False
42,A_STATE,ID,221,lead_brake,False,False,False,0,0,78.58659890184634,0.6257819533348082,True,False
42,A_STATE,ID,222,lead_brake,False,False,False,0,0,79.74821585262032,0.44729144871234894,True,False
42,A_STATE,ID,223,lead_brake,False,False,False,0,0,66.32907792644818,0.49436062574386597,True,False
42,A_STATE,ID,224,lead_brake,False,False,False,0,0,75.04351139219743,0.16246914863586426,True,False
42,A_STATE,ID,225,lead_brake,False,False,False,0,0,65.39944818302105,1.6535943076014519,True,False
42,A_STATE,ID,226,lead_brake,False,False,False,0,0,65.89092926490767,0.5816459978620211,True,False
42,A_STATE,ID,227,lead_brake,False,False,False,0,0,71.61285721046156,0.30219458043575287,True,False
42,A_STATE,ID,228,lead_brake,False,False,False,0,0,80.23376432957126,1.4262569720546405,True,False
42,A_STATE,ID,229,lead_brake,False,False,False,0,0,67.17509315046811,1.3610198199748993,True,False
42,A_STATE,ID,230,lead_brake,False,False,False,0,0,84.4304665551808,0.23815015951792398,True,False
42,A_STATE,ID,231,lead_brake,False,False,False,0,0,79.60063473381767,0.2559378147125244,True,False
42,A_STATE,ID,232,lead_brake,False,False,False,0,0,76.45611157781109,0.30441644042730326,True,False
42,A_STATE,ID,233,lead_brake,False,False,False,0,0,94.5128700179836,0.2560537333289782,True,False
42,A_STATE,ID,234,lead_brake,False,False,False,0,0,81.05966167100665,0.1995024854938189,True,False
42,A_STATE,ID,235,lead_brake,False,False,False,0,0,83.56163401763129,0.241702434917291,True,False
42,A_STATE,ID,236,lead_brake,False,False,False,0,0,65.04459559653607,0.9280517101287841,True,False
42,A_STATE,ID,237,lead_brake,False,False,False,0,0,80.53559073186304,0.19467671712239581,True,False
42,A_STATE,ID,238,lead_brake,False,False,False,0,0,83.29487901614728,0.20110997060934702,True,False
42,A_STATE,ID,239,lead_brake,False,False,False,0,0,52.75720285069816,0.5100799389183521,True,False
42,A_STATE,ID,240,lead_brake,False,False,False,0,0,73.81622701448404,1.1311618809898694,True,False
42,A_STATE,ID,241,lead_brake,False,False,False,0,0,59.009384667085584,0.4069002829492092,True,False
42,A_STATE,ID,242,lead_brake,False,False,False,0,0,67.15432534864166,1.162535126010577,True,False
42,A_STATE,ID,243,lead_brake,False,False,False,0,0,53.83166118453902,0.777411467085282,True,False
42,A_STATE,ID,244,lead_brake,False,False,False,0,0,54.82575652250218,1.198104747881492,True,False
42,A_STATE,ID,245,lead_brake,False,False,False,0,0,75.90275260025822,0.23943063616752625,True,False
42,A_STATE,ID,246,lead_brake,False,False,False,0,0,97.66086023479697,0.2432202622294426,True,False
42,A_STATE,ID,247,lead_brake,False,False,False,0,0,80.33611386848169,0.20439170052607855,True,False
42,A_STATE,ID,248,lead_brake,False,False,False,0,0,66.96296165917404,0.4393347601095835,True,False
42,A_STATE,ID,249,lead_brake,False,False,False,0,0,95.30688368338315,0.1106474424401919,True,False
42,A_STATE,ID,250,lead_brake,False,False,False,0,0,70.45017222701405,0.5044137438138326,True,False
42,A_STATE,ID,251,lead_brake,False,False,False,0,0,73.50436774006792,0.23614177480340004,True,False
42,A_STATE,ID,252,lead_brake,False,False,False,0,0,86.76146386074524,0.2771517758568128,True,False
42,A_STATE,ID,253,lead_brake,False,False,False,0,0,87.48749614913686,0.2335977032780647,True,False
42,A_STATE,ID,254,lead_brake,False,False,False,0,0,95.26082422400965,0.2616581742962201,True,False
42,A_STATE,ID,255,lead_brake,False,False,False,0,0,62.03330311094598,4.2515174734095735,True,False
42,A_STATE,ID,256,lead_brake,False,False,False,0,0,71.88566606932757,0.2983558252453804,True,False
42,A_STATE,ID,257,lead_brake,False,False,False,0,0,78.74961420705858,0.6141352479656537,True,False
42,A_STATE,ID,258,lead_brake,False,False,False,0,0,79.0856456661888,0.6466799999276797,True,False
42,A_STATE,ID,259,lead_brake,False,False,False,0,0,96.90533301407403,0.15395253151655194,True,False
42,A_STATE,ID,260,lead_brake,False,False,False,0,0,71.66049967151491,0.5054726501305897,True,False
42,A_STATE,ID,261,lead_brake,False,False,False,0,0,78.17405177354819,0.6681526750326157,True,False
42,A_STATE,ID,262,lead_brake,False,False,False,0,0,89.83290337423878,0.26557476570208866,True,False
42,A_STATE,ID,263,lead_brake,False,False,False,0,0,77.70379178965405,0.7379553988575934,True,False
42,A_STATE,ID,264,lead_brake,False,False,False,0,0,94.12249565894916,0.15138153235117593,True,False
42,A_STATE,ID,265,lead_brake,False,False,False,0,0,84.32188154220584,0.238877904911836,True,False
42,A_STATE,ID,266,lead_brake,False,False,False,0,0,86.54209047808243,0.2887367581327756,True,False
42,A_STATE,ID,267,lead_brake,False,False,False,0,0,85.23584081831513,0.2639437218507131,True,False
42,A_STATE,ID,268,lead_brake,False,False,False,0,0,84.42400198462572,0.270359123746554,True,False
42,A_STATE,ID,269,lead_brake,False,False,False,0,0,58.35050238701649,1.0566829728583493,True,False
42,A_STATE,ID,270,lead_brake,False,False,False,0,0,73.61881586688155,0.5598495205243428,True,False
42,A_STATE,ID,271,lead_brake,False,False,False,0,0,57.662398813036255,0.37795048579573626,True,False
42,A_STATE,ID,272,lead_brake,False,False,False,0,0,76.42028449281312,0.6648711760838827,True,False
42,A_STATE,ID,273,lead_brake,False,False,False,0,0,60.19097804124734,1.0763760469853878,True,False
42,A_STATE,ID,274,lead_brake,False,False,False,0,0,58.83658620639925,0.999418252458175,True,False
42,A_STATE,ID,275,lead_brake,False,False,False,0,0,86.4457507012011,0.33057901014884306,True,False
42,A_STATE,ID,276,lead_brake,False,False,False,0,0,53.548204170205445,1.2688021225233872,True,False
42,A_STATE,ID,277,lead_brake,False,False,False,0,0,60.46458431080175,0.8981599149604638,True,False
42,A_STATE,ID,278,lead_brake,False,False,False,0,0,81.55802137445829,0.2915189464886983,True,False
42,A_STATE,ID,279,lead_brake,False,False,False,0,0,64.42957374879033,0.64087717110912,True,False
42,A_STATE,ID,280,lead_brake,False,False,False,0,0,85.4933392484135,0.23013706753651297,True,False
42,A_STATE,ID,281,lead_brake,False,False,False,0,0,89.31797514181,0.13877788931131363,True,False
42,A_STATE,ID,282,lead_brake,False,False,False,0,0,72.87238481525226,0.5030388981103897,True,False
42,A_STATE,ID,283,lead_brake,False,False,False,0,0,69.03318469418677,0.2887908965349197,True,False
42,A_STATE,ID,284,lead_brake,False,False,False,0,0,60.608708326773005,0.6841436227162679,True,False
42,A_STATE,ID,285,lead_brake,False,False,False,0,0,83.21186693507823,0.1884515124062697,True,False
42,A_STATE,ID,286,lead_brake,False,False,False,0,0,60.68576414426265,7.270671720306079,True,False
42,A_STATE,ID,287,lead_brake,False,False,False,0,0,88.10138469879769,0.2659223179022471,True,False
42,A_STATE,ID,288,lead_brake,False,False,False,0,0,80.64790730024968,0.5437858030200005,True,False
42,A_STATE,ID,289,lead_brake,False,False,False,0,0,78.60478118956841,0.36893760909636814,True,False
42,A_STATE,ID,290,lead_brake,False,False,False,0,0,77.47696661734498,0.3379000450174014,True,False
42,A_STATE,ID,291,lead_brake,False,False,False,0,0,85.23962860652301,0.2793058082461357,True,False
42,A_STATE,ID,292,lead_brake,False,False,False,0,0,82.60842142741487,0.2516522631049156,True,False
42,A_STATE,ID,293,lead_brake,False,False,False,0,0,45.15213825828591,7.997489006568988,True,False
42,A_STATE,ID,294,lead_brake,False,False,False,0,0,88.16313388837206,0.3143591955304146,True,False
42,A_STATE,ID,295,lead_brake,False,False,False,0,0,73.66796640902405,0.24386843542257944,True,False
42,A_STATE,ID,296,lead_brake,False,False,False,0,0,83.2159036524402,0.33552355070908857,True,False
42,A_STATE,ID,297,lead_brake,False,False,False,0,0,67.71213738122228,2.0373701552549996,True,False
42,A_STATE,ID,298,lead_brake,False,False,False,0,0,67.70363859527737,0.25476045409838355,True,False
42,A_STATE,ID,299,lead_brake,False,False,False,0,0,76.5186635479331,1.1618864387273788,True,False
42,A_STATE,OOD,0,crosswalk,False,False,False,0,0,29.777079106737872,2.666513797114877,True,False
42,A_STATE,OOD,1,crosswalk,False,False,False,0,0,32.04104570104779,1.1268111978258404,True,False
42,A_STATE,OOD,2,crosswalk,False,False,False,0,1,23.45435327230318,1.0616378012028607,True,False
42,A_STATE,OOD,3,crosswalk,False,False,False,0,0,30.081812815909117,1.7495821345420108,True,False
42,A_STATE,OOD,4,crosswalk,False,False,False,0,0,25.756174073787648,1.6445379431654765,True,False
42,A_STATE,OOD,5,crosswalk,False,False,False,0,1,25.040843542870356,1.8930377378020173,True,False
42,A_STATE,OOD,6,crosswalk,False,False,False,0,1,20.667792343038784,1.6554983688725367,True,False
42,A_STATE,OOD,7,crosswalk,False,False,False,0,0,22.816340100990907,2.258305016316865,True,False
42,A_STATE,OOD,8,crosswalk,False,False,False,0,0,30.210303218357396,1.3552981344136323,True,False
42,A_STATE,OOD,9,crosswalk,False,False,False,0,0,29.97629674981856,1.6950155985661042,True,False
42,A_STATE,OOD,10,crosswalk,False,False,False,0,0,25.934171599002596,2.0621475940797387,True,False
42,A_STATE,OOD,11,crosswalk,False,False,False,0,1,24.41452323387282,2.158977673167274,True,False
42,A_STATE,OOD,12,crosswalk,False,False,False,0,1,27.736112576338762,1.2049536879469709,True,False
42,A_STATE,OOD,13,crosswalk,False,False,False,0,1,24.048114818261542,1.7526307826240857,True,False
42,A_STATE,OOD,14,crosswalk,False,False,False,0,0,31.814889266993163,1.4992831051349638,True,False
42,A_STATE,OOD,15,crosswalk,False,False,False,0,0,22.624449584598096,1.731184795498848,True,False
42,A_STATE,OOD,16,crosswalk,False,False,False,0,1,23.37562801155167,1.857478656667344,True,False
42,A_STATE,OOD,17,crosswalk,False,False,False,0,1,21.62899519147428,1.0690650084744329,True,False
42,A_STATE,OOD,18,crosswalk,False,False,False,0,1,22.704848316400074,1.2516437127039983,True,False
42,A_STATE,OOD,19,crosswalk,False,False,False,0,1,21.920869047669143,1.9743542338526525,True,False
42,A_STATE,OOD,20,crosswalk,False,False,False,0,1,30.108391047612734,1.0819609916728474,True,False
42,A_STATE,OOD,21,crosswalk,False,False,False,0,1,22.821131703174654,1.6988658532500267,True,False
42,A_STATE,OOD,22,crosswalk,False,False,False,0,0,21.690957137740007,2.0924482403731925,True,False
42,A_STATE,OOD,23,crosswalk,False,False,False,0,0,29.323963418883295,1.8257991934931554,True,False
42,A_STATE,OOD,24,crosswalk,False,False,False,0,0,22.513301693606273,1.8090342505033625,True,False
42,A_STATE,OOD,25,crosswalk,False,False,False,0,1,22.88117171273139,0.9436964021718248,True,False
42,A_STATE,OOD,26,crosswalk,False,False,False,0,1,23.380304860276638,1.0490528494119644,True,False
42,A_STATE,OOD,27,crosswalk,False,False,False,0,1,29.103587410405346,1.7962781672782084,True,False
42,A_STATE,OOD,28,crosswalk,False,False,False,0,0,30.70751109126231,2.3543637185483366,True,False
42,A_STATE,OOD,29,crosswalk,False,False,False,0,0,29.036754108795556,1.404770030861809,True,False
42,A_STATE,OOD,30,crosswalk,False,False,False,0,0,29.466938980482034,1.511255281312125,True,False
42,A_STATE,OOD,31,crosswalk,False,False,False,0,0,22.863000657790707,1.7909581117008044,True,False
42,A_STATE,OOD,32,crosswalk,False,False,False,0,1,28.269175224326887,1.9409081091483433,True,False
42,A_STATE,OOD,33,crosswalk,False,False,False,0,1,26.862878513618718,2.165089434101468,True,False
42,A_STATE,OOD,34,crosswalk,False,False,False,0,1,25.119384343815632,1.0358053942521412,True,False
42,A_STATE,OOD,35,crosswalk,False,False,False,0,0,22.421565846262098,2.0032432328823,True,False
42,A_STATE,OOD,36,crosswalk,False,False,False,0,0,20.982235730312404,1.9238144821590846,True,False
42,A_STATE,OOD,37,crosswalk,False,False,False,0,0,22.846085864557242,1.8429556526243687,True,False
42,A_STATE,OOD,38,crosswalk,False,False,False,0,1,21.39207675977365,1.16815189520518,True,False
42,A_STATE,OOD,39,crosswalk,False,False,False,0,0,30.215994588802268,1.9837876586686998,True,False
42,A_STATE,OOD,40,crosswalk,False,False,False,0,0,21.56712427714049,2.0195478200912476,True,False
42,A_STATE,OOD,41,crosswalk,False,False,False,0,1,24.735074962190815,1.0733364617570917,True,False
42,A_STATE,OOD,42,crosswalk,False,False,False,0,0,25.24241470825683,2.090626049500245,True,False
42,A_STATE,OOD,43,crosswalk,False,False,False,0,1,21.178885308855513,1.0025121307954554,True,False
42,A_STATE,OOD,44,crosswalk,False,False,False,0,1,31.70170957222858,1.0285982185480547,True,False
42,A_STATE,OOD,45,crosswalk,False,False,False,0,0,21.56649358840245,1.7885104138800438,True,False
42,A_STATE,OOD,46,crosswalk,False,False,False,0,1,31.21012240597631,1.0791098294050796,True,False
42,A_STATE,OOD,47,crosswalk,False,False,False,0,1,24.200696915220988,1.8361306256718104,True,False
42,A_STATE,OOD,48,crosswalk,False,False,False,0,1,27.978786899734793,1.2034015829970197,True,False
42,A_STATE,OOD,49,crosswalk,False,False,False,0,0,27.191984222276552,2.0397149469401383,True,False
42,A_STATE,OOD,50,crosswalk,False,False,False,0,0,27.922158925761348,1.748660834212052,True,False
42,A_STATE,OOD,51,crosswalk,False,False,False,0,0,27.710069423529035,1.971867337822914,True,False
42,A_STATE,OOD,52,crosswalk,False,False,False,0,0,22.45793900704629,2.021866719692181,True,False
42,A_STATE,OOD,53,crosswalk,False,False,False,0,1,22.394756008514094,1.1820187859046154,True,False
42,A_STATE,OOD,54,crosswalk,False,False,False,0,0,25.660670817541472,1.6394501626491547,True,False
42,A_STATE,OOD,55,crosswalk,False,False,False,0,0,29.834051582535565,1.8165934681892395,True,False
42,A_STATE,OOD,56,crosswalk,False,False,False,0,1,22.735480435005663,1.974653208797628,True,False
42,A_STATE,OOD,57,crosswalk,False,False,False,0,0,21.71804121529135,1.6829991562569395,True,False
42,A_STATE,OOD,58,crosswalk,False,False,False,0,1,29.181006627465393,1.8190594595305771,True,False
42,A_STATE,OOD,59,crosswalk,False,False,False,0,1,23.886167343459825,1.730143458259349,True,False
42,A_STATE,OOD,60,crosswalk,False,False,False,0,1,27.92881293329163,1.2063879668712614,True,False
42,A_STATE,OOD,61,crosswalk,False,False,False,0,1,23.966489381880862,1.2046938989220595,True,False
42,A_STATE,OOD,62,crosswalk,False,False,False,0,1,28.829447433641167,1.0492014760772388,True,False
42,A_STATE,OOD,63,crosswalk,False,False,False,0,1,22.22778477920096,1.140514251797698,True,False
42,A_STATE,OOD,64,crosswalk,False,False,False,0,0,24.95527730606468,1.972361369566484,True,False
42,A_STATE,OOD,65,crosswalk,False,False,False,0,1,30.67634967721758,1.0656847598704884,True,False
42,A_STATE,OOD,66,crosswalk,False,False,False,0,1,20.811825210853485,1.5407609703337273,True,False
42,A_STATE,OOD,67,crosswalk,False,False,False,0,0,27.807609031419958,1.9027298159069486,True,False
42,A_STATE,OOD,68,crosswalk,False,False,False,0,1,21.230790180634095,1.0718838546587073,True,False
42,A_STATE,OOD,69,crosswalk,False,False,False,0,1,25.919097339552536,1.2635332804459791,True,False
42,A_STATE,OOD,70,crosswalk,False,False,False,0,0,23.345822036447387,2.042850565451842,True,False
42,A_STATE,OOD,71,crosswalk,False,False,False,0,0,28.83405694728732,1.9226723740046674,True,False
42,A_STATE,OOD,72,crosswalk,False,False,False,0,1,23.597986775983856,1.1609183633050253,True,False
42,A_STATE,OOD,73,crosswalk,False,False,False,0,1,28.59336594301707,1.0635074782878795,True,False
42,A_STATE,OOD,74,crosswalk,False,False,False,0,1,25.048088256164938,1.2526190128081884,True,False
42,A_STATE,OOD,75,crosswalk,False,False,False,0,0,27.866364257253917,1.9364567659795284,True,False
42,A_STATE,OOD,76,crosswalk,False,False,False,0,0,29.67619995767091,1.7648792763551076,True,False
42,A_STATE,OOD,77,crosswalk,False,False,False,0,1,26.425450220467233,1.1237163028933783,True,False
42,A_STATE,OOD,78,crosswalk,False,False,False,0,0,29.357748721891028,1.4686062308244925,True,False
42,A_STATE,OOD,79,crosswalk,False,False,False,0,0,20.538867163002372,1.8551483289116903,True,False
42,A_STATE,OOD,80,crosswalk,False,False,False,0,0,24.02689986239386,1.8414638042449951,True,False
42,A_STATE,OOD,81,crosswalk,False,False,False,0,0,22.5542704119597,1.9724397514110954,True,False
42,A_STATE,OOD,82,crosswalk,False,False,False,0,1,25.579669233137896,1.6336259990930557,True,False
42,A_STATE,OOD,83,crosswalk,False,False,False,0,0,29.19168624432159,1.8855864198311514,True,False
42,A_STATE,OOD,84,crosswalk,False,False,False,0,1,28.13464869880189,1.089015828238593,True,False
42,A_STATE,OOD,85,crosswalk,False,False,False,0,1,22.352116236094282,1.0448088429190894,True,False
42,A_STATE,OOD,86,crosswalk,False,False,False,0,0,31.169985230252266,2.023237284861113,True,False
42,A_STATE,OOD,87,crosswalk,False,False,False,0,1,23.26546924694688,1.0622915815799794,True,False
42,A_STATE,OOD,88,crosswalk,False,False,False,0,1,30.5735097455019,1.0817050545111946,True,False
42,A_STATE,OOD,89,crosswalk,False,False,False,0,0,29.005737350571263,1.660832041917845,True,False
42,A_STATE,OOD,90,crosswalk,False,False,False,0,1,30.9431117979726,1.1700457618350073,True,False
42,A_STATE,OOD,91,crosswalk,False,False,False,0,1,23.869134778333866,1.220525121077513,True,False
42,A_STATE,OOD,92,crosswalk,False,False,False,0,0,24.168846376567213,2.0742678926104587,True,False
42,A_STATE,OOD,93,crosswalk,False,False,False,0,1,20.657978729723503,1.4249516096380022,True,False
42,A_STATE,OOD,94,crosswalk,False,False,False,0,1,26.684205302534643,1.7743649582068124,True,False
42,A_STATE,OOD,95,crosswalk,False,False,False,0,1,22.040898406717588,1.1921192378532595,True,False
42,A_STATE,OOD,96,crosswalk,False,False,False,0,1,28.13974420392597,1.9758904522115532,True,False
42,A_STATE,OOD,97,crosswalk,False,False,False,0,0,30.25497163894223,1.9573131068186325,True,False
42,A_STATE,OOD,98,crosswalk,False,False,False,0,0,27.456280987902314,1.903630433938442,True,False
42,A_STATE,OOD,99,crosswalk,False,False,False,0,1,27.785638015423785,1.8177076603503934,True,False
42,A_STATE,OOD,100,stop_intersection,False,False,False,0,1,22.935930051540097,1.8980685066669545,True,False
42,A_STATE,OOD,101,stop_intersection,False,False,False,0,1,25.00440169499963,1.4233198701118936,True,False
42,A_STATE,OOD,102,stop_intersection,False,False,False,0,1,30.39051734240251,1.4432147772688613,True,False
42,A_STATE,OOD,103,stop_intersection,False,False,False,0,1,26.81541251645094,1.744593708020336,True,False
42,A_STATE,OOD,104,stop_intersection,False,False,False,0,1,26.90865051272264,2.002573940489027,True,False
42,A_STATE,OOD,105,stop_intersection,False,False,False,0,1,20.975654345176764,1.8244736107147257,True,False
42,A_STATE,OOD,106,stop_intersection,False,False,False,0,1,30.51569632117176,1.4521515526269613,True,False
42,A_STATE,OOD,107,stop_intersection,False,False,False,0,1,27.934570451841374,1.3309712854086182,True,False
42,A_STATE,OOD,108,stop_intersection,False,False,False,0,1,24.6531818794076,1.9978559075617321,True,False
42,A_STATE,OOD,109,stop_intersection,False,False,False,0,1,21.84561552624556,1.7167881444880835,True,False
42,A_STATE,OOD,110,stop_intersection,False,False,False,0,1,24.112477832235484,1.8656564876437187,True,False
42,A_STATE,OOD,111,stop_intersection,False,False,False,0,1,23.18806358056507,1.8531603107647021,True,False
42,A_STATE,OOD,112,stop_intersection,False,False,False,0,1,24.128840709234744,1.8742866338567532,True,False
42,A_STATE,OOD,113,stop_intersection,False,False,False,0,1,31.223303859237156,1.1957418786154852,True,False
42,A_STATE,OOD,114,stop_intersection,False,False,False,0,1,24.393975187035075,1.668742552399635,True,False
42,A_STATE,OOD,115,stop_intersection,False,False,False,0,1,24.41621214363776,1.42104003880475,True,False
42,A_STATE,OOD,116,stop_intersection,False,False,False,0,1,21.70239755820802,1.8442446479991992,True,False
42,A_STATE,OOD,117,stop_intersection,False,False,False,0,1,28.53832645861003,1.8153447146509207,True,False
42,A_STATE,OOD,118,stop_intersection,False,False,False,0,1,27.99051598001249,1.3799746726688584,True,False
42,A_STATE,OOD,119,stop_intersection,False,False,False,0,1,24.00052073223862,1.8820572644472122,True,False
42,A_STATE,OOD,120,stop_intersection,False,False,False,0,1,30.6928876033561,1.4863483638179544,True,False
42,A_STATE,OOD,121,stop_intersection,False,False,False,0,1,21.103705191089713,2.043161352475484,True,False
42,A_STATE,OOD,122,stop_intersection,False,False,False,0,1,25.21646273889008,1.253660378001985,True,False
42,A_STATE,OOD,123,stop_intersection,False,False,False,0,1,31.99698505077495,1.310726375114627,True,False
42,A_STATE,OOD,124,stop_intersection,False,False,False,0,1,28.531392748778572,1.868759380734485,True,False
42,A_STATE,OOD,125,stop_intersection,False,False,False,0,1,24.409730904371056,1.1417547645776167,True,False
42,A_STATE,OOD,126,stop_intersection,False,False,False,0,1,30.90321713443894,1.7894231922486248,True,False
42,A_STATE,OOD,127,stop_intersection,False,False,False,0,1,28.558322271200524,1.3944517046797507,True,False
42,A_STATE,OOD,128,stop_intersection,False,False,False,0,1,29.1441138001343,1.4240920700524984,True,False
42,A_STATE,OOD,129,stop_intersection,False,False,False,0,1,26.610617235188457,1.7384749994828148,True,False
42,A_STATE,OOD,130,stop_intersection,False,False,False,0,1,22.494829087883332,1.1505377969958563,True,False
42,A_STATE,OOD,131,stop_intersection,False,False,False,0,1,24.473348970173898,1.9168405203109091,True,False
42,A_STATE,OOD,132,stop_intersection,False,False,False,0,0,21.565843952579648,1.8283130936324594,True,False
42,A_STATE,OOD,133,stop_intersection,False,False,False,0,1,24.84638394147052,1.7639111555539644,True,False
42,A_STATE,OOD,134,stop_intersection,False,False,False,0,1,25.803670552503583,1.3661637982806643,True,False
42,A_STATE,OOD,135,stop_intersection,False,False,False,0,1,21.281824793825486,1.2554344687706382,True,False
42,A_STATE,OOD,136,stop_intersection,False,False,False,0,1,25.240610618748704,1.351248493065705,True,False
42,A_STATE,OOD,137,stop_intersection,False,False,False,0,1,30.748750184850564,1.3560508629854986,True,False
42,A_STATE,OOD,138,stop_intersection,False,False,False,0,1,30.52081026556536,1.720971853836723,True,False
42,A_STATE,OOD,139,stop_intersection,False,False,False,0,1,27.246554232292745,1.3159389832080939,True,False
42,A_STATE,OOD,140,stop_intersection,False,False,False,0,1,25.668150107955455,1.1558440119721167,True,False
42,A_STATE,OOD,141,stop_intersection,False,False,False,0,1,29.87230918520946,1.1883416636423632,True,False
42,A_STATE,OOD,142,stop_intersection,False,False,False,0,1,23.093411787105005,1.87724981456995,True,False
42,A_STATE,OOD,143,stop_intersection,False,False,False,0,1,27.947397195929742,1.911319134136041,True,False
42,A_STATE,OOD,144,stop_intersection,False,False,False,0,1,30.92995322811199,1.336323872208595,True,False
42,A_STATE,OOD,145,stop_intersection,False,False,False,0,1,27.24401225851846,1.8778646695164014,True,False
42,A_STATE,OOD,146,stop_intersection,False,False,False,0,1,27.32512749547179,2.1806904389744712,True,False
42,A_STATE,OOD,147,stop_intersection,False,False,False,0,1,20.672040304170405,1.333409692790057,True,False
42,A_STATE,OOD,148,stop_intersection,False,False,False,0,1,21.285359771634,1.0413514250932736,True,False
42,A_STATE,OOD,149,stop_intersection,False,False,False,0,1,29.068865493995013,1.6296127146365595,True,False
42,A_STATE,OOD,150,stop_intersection,False,False,False,0,1,23.3093107054255,1.905836275090342,True,False
42,A_STATE,OOD,151,stop_intersection,False,False,False,0,1,22.914308068828884,1.3520998860660352,True,False
42,A_STATE,OOD,152,stop_intersection,False,False,False,0,1,30.29206939197649,1.455294929052654,True,False
42,A_STATE,OOD,153,stop_intersection,False,False,False,0,1,30.797527048860104,1.2961438582057043,True,False
42,A_STATE,OOD,154,stop_intersection,False,False,False,0,1,21.30350513422102,1.7612586886275046,True,False
42,A_STATE,OOD,155,stop_intersection,False,False,False,0,1,23.935246810951526,1.3840806980927784,True,False
42,A_STATE,OOD,156,stop_intersection,False,False,False,0,1,21.97664096531691,1.7355449694507525,True,False
42,A_STATE,OOD,157,stop_intersection,False,False,False,0,1,22.881014263407756,1.9153266151746113,True,False
42,A_STATE,OOD,158,stop_intersection,False,False,False,0,1,30.368081167348507,1.6551044831673303,True,False
42,A_STATE,OOD,159,stop_intersection,False,False,False,0,1,29.590344092059926,1.2199519032781774,True,False
42,A_STATE,OOD,160,stop_intersection,False,False,False,0,1,25.34119488692155,1.7537110929305737,True,False
42,A_STATE,OOD,161,stop_intersection,False,False,False,0,1,24.337299298609445,1.117129440003253,True,False
42,A_STATE,OOD,162,stop_intersection,False,False,False,0,1,27.993436364202708,1.2268955734643068,True,False
42,A_STATE,OOD,163,stop_intersection,False,False,False,0,1,25.620940343611316,1.2630381137132645,True,False
42,A_STATE,OOD,164,stop_intersection,False,False,False,0,1,24.7951974869377,1.1817156184803355,True,False
42,A_STATE,OOD,165,stop_intersection,False,False,False,0,1,28.36821346609306,1.9705937926967938,True,False
42,A_STATE,OOD,166,stop_intersection,False,False,False,0,1,26.859729207038466,1.982639457868493,True,False
42,A_STATE,OOD,167,stop_intersection,False,False,False,0,1,30.977752947377947,1.168582908650662,True,False
42,A_STATE,OOD,168,stop_intersection,False,False,False,0,1,31.729237201963223,1.2351987229453192,True,False
42,A_STATE,OOD,169,stop_intersection,False,False,False,0,1,27.854751556532115,1.3499544675533586,True,False
42,A_STATE,OOD,170,stop_intersection,False,False,False,0,1,20.429036475036128,1.2603900065788856,True,False
42,A_STATE,OOD,171,stop_intersection,False,False,False,0,1,21.109512726325235,1.309870183467865,True,False
42,A_STATE,OOD,172,stop_intersection,False,False,False,0,1,22.079382826377316,1.6933957315408266,True,False
42,A_STATE,OOD,173,stop_intersection,False,False,False,0,1,29.18242651089303,1.1026351756237922,True,False
42,A_STATE,OOD,174,stop_intersection,False,False,False,0,1,21.79905224111448,1.7858960893419054,True,False
42,A_STATE,OOD,175,stop_intersection,False,False,False,0,1,27.4395509656936,1.4837659481498928,True,False
42,A_STATE,OOD,176,stop_intersection,False,False,False,0,1,21.98704529651094,1.8023047984267273,True,False
42,A_STATE,OOD,177,stop_intersection,False,False,False,0,1,30.30690950621404,1.8435526563196765,True,False
42,A_STATE,OOD,178,stop_intersection,False,False,False,0,1,28.07296908630579,1.421185182897668,True,False
42,A_STATE,OOD,179,stop_intersection,False,False,False,0,1,28.086116488303844,1.939463234962301,True,False
42,A_STATE,OOD,180,stop_intersection,False,False,False,0,1,21.127524670416708,1.1676266434646787,True,False
42,A_STATE,OOD,181,stop_intersection,False,False,False,0,1,31.6888520362945,1.3454152898090639,True,False
42,A_STATE,OOD,182,stop_intersection,False,False,False,0,1,22.492918481398945,1.236598178744316,True,False
42,A_STATE,OOD,183,stop_intersection,False,False,False,0,1,21.685962514981888,1.289316713809967,True,False
42,A_STATE,OOD,184,stop_intersection,False,False,False,0,1,29.81728441582075,1.7671008522693925,True,False
42,A_STATE,OOD,185,stop_intersection,False,False,False,0,1,26.635718047001763,1.138969875396566,True,False
42,A_STATE,OOD,186,stop_intersection,False,False,False,0,1,29.976308387863245,1.7426881137883887,True,False
42,A_STATE,OOD,187,stop_intersection,False,False,False,0,1,27.29971388005813,2.0547060039308334,True,False
42,A_STATE,OOD,188,stop_intersection,False,False,False,0,1,30.792569785016017,1.5058961625282579,True,False
42,A_STATE,OOD,189,stop_intersection,False,False,False,0,1,29.276815146036704,1.4460522720688267,True,False
42,A_STATE,OOD,190,stop_intersection,False,False,False,0,1,24.565187257905983,2.18862234191461,True,False
42,A_STATE,OOD,191,stop_intersection,False,False,False,0,1,26.291946925456983,1.865956637324119,True,False
42,A_STATE,OOD,192,stop_intersection,False,False,False,0,1,30.674921027596014,1.1767976798794486,True,False
42,A_STATE,OOD,193,stop_intersection,False,False,False,0,1,24.57416038495041,1.1329163481359896,True,False
42,A_STATE,OOD,194,stop_intersection,False,False,False,0,1,27.29079808682846,1.2283300269733775,True,False
42,A_STATE,OOD,195,stop_intersection,False,False,False,0,1,26.252484660655142,1.8140727778275807,True,False
42,A_STATE,OOD,196,stop_intersection,False,False,False,0,1,23.373835342503384,1.172064515047295,True,False
42,A_STATE,OOD,197,stop_intersection,False,False,False,0,1,29.20013660554125,1.6903417234150868,True,False
42,A_STATE,OOD,198,stop_intersection,False,False,False,0,1,29.08309749133687,2.013338123974593,True,False
42,A_STATE,OOD,199,stop_intersection,False,False,False,0,1,27.98489481051333,1.572653092443943,True,False
42,A_STATE,OOD,200,lead_brake,False,False,False,0,0,33.9630949088931,3.560157901297013,True,False
42,A_STATE,OOD,201,lead_brake,False,False,False,0,0,30.875427591348398,4.380303848534822,True,False
42,A_STATE,OOD,202,lead_brake,False,False,True,0,0,26.034461256054183,4.354634203016758,True,False
42,A_STATE,OOD,203,lead_brake,False,False,False,0,0,30.800894096006356,1.0947033477326233,True,False
42,A_STATE,OOD,204,lead_brake,False,False,False,0,0,29.758154208806793,3.221366317321857,True,False
42,A_STATE,OOD,205,lead_brake,False,False,False,0,0,28.53935998279644,4.2204852389792595,True,False
42,A_STATE,OOD,206,lead_brake,False,False,False,0,0,30.255978231565866,3.5924564910431704,True,False
42,A_STATE,OOD,207,lead_brake,False,False,False,0,0,32.88579209608891,2.2756587974727154,True,False
42,A_STATE,OOD,208,lead_brake,False,False,False,0,0,38.21092867264006,3.5637519918382163,True,False
42,A_STATE,OOD,209,lead_brake,False,False,False,0,0,30.748954836924028,3.136499329159657,True,False
42,A_STATE,OOD,210,lead_brake,False,False,True,0,0,29.83514191073336,5.609392599513133,True,False
42,A_STATE,OOD,211,lead_brake,False,False,False,0,0,36.530219555497155,3.1718270170191922,True,False
42,A_STATE,OOD,212,lead_brake,False,False,True,0,0,27.65948173744094,5.5722819678485385,True,False
42,A_STATE,OOD,213,lead_brake,False,False,False,0,0,30.930087055597344,2.9424568551282086,True,False
42,A_STATE,OOD,214,lead_brake,False,False,False,0,0,35.063200875257124,2.486151954780022,True,False
42,A_STATE,OOD,215,lead_brake,False,False,True,0,0,26.87974055555122,5.006640902409951,True,False
42,A_STATE,OOD,216,lead_brake,False,False,False,0,0,40.30993150603392,1.9710244871675968,True,False
42,A_STATE,OOD,217,lead_brake,False,False,False,0,0,34.81260484784841,0.9042726519207159,True,False
42,A_STATE,OOD,218,lead_brake,False,False,False,0,0,26.71879000055159,1.9423122964799404,True,False
42,A_STATE,OOD,219,lead_brake,False,False,False,0,0,34.50764761735853,3.606128820528587,True,False
42,A_STATE,OOD,220,lead_brake,False,False,False,0,0,35.368182364926064,2.7543143816292286,True,False
42,A_STATE,OOD,221,lead_brake,False,False,True,0,0,24.27886750310659,5.164503729591767,True,False
42,A_STATE,OOD,222,lead_brake,False,False,False,0,0,39.834912793948305,4.433738444000482,True,False
42,A_STATE,OOD,223,lead_brake,False,False,True,0,0,26.470854857933748,5.370846729725598,True,False
42,A_STATE,OOD,224,lead_brake,False,False,False,0,0,31.368420579078013,1.5159056248764196,True,False
42,A_STATE,OOD,225,lead_brake,False,False,False,0,0,32.038969332029524,4.111986727764209,True,False
42,A_STATE,OOD,226,lead_brake,False,False,False,0,0,27.290643191933622,1.236991848796606,True,False
42,A_STATE,OOD,227,lead_brake,False,False,False,0,0,38.80179819364023,4.076248858124017,True,False
42,A_STATE,OOD,228,lead_brake,False,False,False,0,0,39.81888784769829,2.1265490762889385,True,False
42,A_STATE,OOD,229,lead_brake,False,False,False,0,0,43.282405575215805,0.9090032863120238,True,False
42,A_STATE,OOD,230,lead_brake,False,False,False,0,0,34.21720336039177,3.4542504586279392,True,False
42,A_STATE,OOD,231,lead_brake,False,False,False,0,0,35.43207660527829,4.501352480302254,True,False
42,A_STATE,OOD,232,lead_brake,False,False,False,0,0,32.9283790908849,2.014488037675619,True,False
42,A_STATE,OOD,233,lead_brake,False,False,True,0,0,30.18961591848358,4.954110621164242,True,False
42,A_STATE,OOD,234,lead_brake,False,False,False,0,0,29.27492814901471,3.063273115704457,True,False
42,A_STATE,OOD,235,lead_brake,False,False,False,0,0,32.45268606250754,1.3536488376557825,True,False
42,A_STATE,OOD,236,lead_brake,False,False,False,0,0,42.72886474728587,4.004545453935862,True,False
42,A_STATE,OOD,237,lead_brake,False,False,False,0,0,40.608294209267775,2.2314812876284122,True,False
42,A_STATE,OOD,238,lead_brake,False,False,True,0,0,26.412592265009884,3.3193312150736647,True,False
42,A_STATE,OOD,239,lead_brake,False,False,False,0,0,34.555908855483395,1.5704330950975416,True,False
42,A_STATE,OOD,240,lead_brake,False,False,False,0,0,36.95867203161122,2.701217065254847,True,False
42,A_STATE,OOD,241,lead_brake,False,False,True,0,0,25.923915786398613,3.925171217570702,True,False
42,A_STATE,OOD,242,lead_brake,False,False,True,0,0,27.17395055659003,3.0203819908201694,True,False
42,A_STATE,OOD,243,lead_brake,False,False,False,0,0,31.253606862789752,4.750173905243476,True,False
42,A_STATE,OOD,244,lead_brake,False,False,False,0,0,41.88783235788347,1.978721734136343,True,False
42,A_STATE,OOD,245,lead_brake,False,False,False,0,0,43.69748784065249,1.5016440091033774,True,False
42,A_STATE,OOD,246,lead_brake,False,False,True,0,0,27.02017356752455,2.850310160468022,True,False
42,A_STATE,OOD,247,lead_brake,False,False,False,0,0,31.59242503578484,2.949824175486962,True,False
42,A_STATE,OOD,248,lead_brake,False,False,True,0,0,27.8349868052757,3.383276438961426,True,False
42,A_STATE,OOD,249,lead_brake,False,False,True,0,0,24.229918519394985,5.351878639310598,True,False
42,A_STATE,OOD,250,lead_brake,False,False,False,0,0,33.82821017742639,3.3603482631345587,True,False
42,A_STATE,OOD,251,lead_brake,False,False,False,0,0,31.1291320426873,1.3734378976126511,True,False
42,A_STATE,OOD,252,lead_brake,False,False,False,0,0,40.37974789469937,2.5701836583515005,True,False
42,A_STATE,OOD,253,lead_brake,False,False,False,0,0,29.00734225720169,3.5338645117978253,True,False
42,A_STATE,OOD,254,lead_brake,False,False,False,0,0,28.39860463119468,3.4945599002142744,True,False
42,A_STATE,OOD,255,lead_brake,False,False,False,0,0,34.65992859443025,2.56622564420104,True,False
42,A_STATE,OOD,256,lead_brake,False,False,True,0,0,25.27600624829532,3.1624624791244664,True,False
42,A_STATE,OOD,257,lead_brake,False,False,False,0,0,31.104193188391726,2.453201829145352,True,False
42,A_STATE,OOD,258,lead_brake,False,False,True,0,0,23.842601393769442,2.42363702878356,True,False
42,A_STATE,OOD,259,lead_brake,False,False,False,0,0,43.369873294532304,2.4600198827683926,True,False
42,A_STATE,OOD,260,lead_brake,False,False,False,0,0,34.93714732544617,2.4265441137055554,True,False
42,A_STATE,OOD,261,lead_brake,False,False,False,0,0,28.95642553252184,1.8872794620692728,True,False
42,A_STATE,OOD,262,lead_brake,False,False,False,0,0,38.598920532412485,3.0840687987705073,True,False
42,A_STATE,OOD,263,lead_brake,False,False,True,0,0,30.89716529332523,4.4705584061642485,True,False
42,A_STATE,OOD,264,lead_brake,False,False,False,0,0,44.83546565741303,1.4716376525660353,True,False
42,A_STATE,OOD,265,lead_brake,False,False,False,0,0,40.39398808467299,1.9229570763806503,True,False
42,A_STATE,OOD,266,lead_brake,False,False,False,0,0,32.58364096429174,5.452642198652029,True,False
42,A_STATE,OOD,267,lead_brake,False,False,False,0,0,29.779642821298232,4.233435485512018,True,False
42,A_STATE,OOD,268,lead_brake,False,False,True,0,0,29.470997099329725,5.0580989855031175,True,False
42,A_STATE,OOD,269,lead_brake,False,False,False,0,0,31.761941016296642,1.6459301598370073,True,False
42,A_STATE,OOD,270,lead_brake,False,False,True,0,0,25.791862680044435,2.5918578716615834,True,False
42,A_STATE,OOD,271,lead_brake,False,False,False,0,0,36.463453336071495,4.6068548274536925,True,False
42,A_STATE,OOD,272,lead_brake,False,False,False,0,0,34.4793675351625,2.6323086880147453,True,False
42,A_STATE,OOD,273,lead_brake,False,False,False,0,0,35.02217293971759,2.2753323080639043,True,False
42,A_STATE,OOD,274,lead_brake,False,False,False,0,0,37.42980348728159,1.0210489692787328,True,False
42,A_STATE,OOD,275,lead_brake,False,False,False,0,0,33.34125655766624,2.7011430573960142,True,False
42,A_STATE,OOD,276,lead_brake,False,False,False,0,0,28.81046271440287,3.9605088867247105,True,False
42,A_STATE,OOD,277,lead_brake,False,False,False,0,0,29.856124233305476,3.4454196679095426,True,False
42,A_STATE,OOD,278,lead_brake,False,False,False,0,0,30.371570658053653,3.4986833942433195,True,False
42,A_STATE,OOD,279,lead_brake,False,False,False,0,0,38.97837566457683,5.396624148512879,True,False
42,A_STATE,OOD,280,lead_brake,False,False,False,0,0,30.755651067529296,2.348090329517921,True,False
42,A_STATE,OOD,281,lead_brake,False,False,False,0,0,31.66960950046777,1.9358767109612622,True,False
42,A_STATE,OOD,282,lead_brake,False,False,False,0,0,32.438659247128186,1.9245156509180863,True,False
42,A_STATE,OOD,283,lead_brake,False,False,False,0,0,36.76787454456089,1.0541003892819085,True,False
42,A_STATE,OOD,284,lead_brake,False,False,True,0,0,26.171712777654154,5.519004592051108,True,False
42,A_STATE,OOD,285,lead_brake,False,False,False,0,0,35.53280905486703,3.900907773524523,True,False
42,A_STATE,OOD,286,lead_brake,False,False,False,0,0,29.265310197997223,2.2261763575176396,True,False
42,A_STATE,OOD,287,lead_brake,False,False,False,0,0,32.81260833945097,3.9895509295165534,True,False
42,A_STATE,OOD,288,lead_brake,False,False,True,0,0,26.929439404480092,3.036296093215545,True,False
42,A_STATE,OOD,289,lead_brake,False,False,False,0,0,39.96211675490069,2.840295700977246,True,False
42,A_STATE,OOD,290,lead_brake,False,False,False,0,0,33.95530592241791,3.744338657706976,True,False
42,A_STATE,OOD,291,lead_brake,False,False,True,0,0,21.942923795282834,2.4494661179681616,True,False
42,A_STATE,OOD,292,lead_brake,False,False,False,0,0,36.33680837794237,4.301445058236519,True,False
42,A_STATE,OOD,293,lead_brake,False,False,True,0,0,25.714613029605992,5.27043608824412,True,False
42,A_STATE,OOD,294,lead_brake,False,False,True,0,0,26.967665800657958,3.7304395996034145,True,False
42,A_STATE,OOD,295,lead_brake,False,False,False,0,0,28.463786040246497,2.639189959814151,True,False
42,A_STATE,OOD,296,lead_brake,False,False,False,0,0,35.79770930364004,2.5388818643987174,True,False
42,A_STATE,OOD,297,lead_brake,False,False,False,0,0,39.24200925957469,5.46399267638723,True,False
42,A_STATE,OOD,298,lead_brake,False,False,True,0,0,21.518336421868234,3.21298648789525,True,False
42,A_STATE,OOD,299,lead_brake,False,False,False,0,0,25.93539173511083,1.353589680045843,True,False
42,B_COC,ID,0,crosswalk,False,False,False,0,0,29.99077459067203,2.1803076158870347,True,False
42,B_COC,ID,1,crosswalk,False,False,False,0,0,34.833874618118685,0.420939982868731,True,False
42,B_COC,ID,2,crosswalk,False,False,False,0,0,32.53841859118933,2.263584875247695,True,False
42,B_COC,ID,3,crosswalk,False,False,False,0,0,38.29738729062647,1.076296231088539,True,False
42,B_COC,ID,4,crosswalk,False,False,False,0,0,32.14978555939031,2.2526335648515006,True,False
42,B_COC,ID,5,crosswalk,False,False,False,0,0,32.614321414217635,2.1324248935865318,True,False
42,B_COC,ID,6,crosswalk,False,False,False,0,0,28.18491764745337,0.7085762584680005,True,False
42,B_COC,ID,7,crosswalk,False,False,False,0,0,35.94163011716212,0.4738421474273006,True,False
42,B_COC,ID,8,crosswalk,False,False,False,0,0,26.681158275492468,1.862134726151176,True,False
42,B_COC,ID,9,crosswalk,False,False,False,0,0,38.189965847220364,0.6134628830477595,True,False
42,B_COC,ID,10,crosswalk,False,False,False,0,0,36.80330255076849,2.016974810200433,True,False
42,B_COC,ID,11,crosswalk,False,False,False,0,0,28.658975726975818,1.9870572943579068,True,False
42,B_COC,ID,12,crosswalk,False,False,False,0,0,27.879160008096648,2.509341200715617,True,False
42,B_COC,ID,13,crosswalk,False,False,False,0,0,36.31156010729808,0.6095890209756114,True,False
42,B_COC,ID,14,crosswalk,False,False,False,0,0,31.915341658456015,1.9742054492235184,True,False
42,B_COC,ID,15,crosswalk,False,False,False,0,0,30.674897853427854,1.5098690653317852,True,False
42,B_COC,ID,16,crosswalk,False,False,False,0,0,34.43922036175296,0.4764375886456533,True,False
42,B_COC,ID,17,crosswalk,False,False,False,0,0,29.84882556884888,2.169484320012006,True,False
42,B_COC,ID,18,crosswalk,False,False,False,0,0,37.06887408441456,0.529837796295231,True,False
42,B_COC,ID,19,crosswalk,False,False,False,0,0,33.84013979217746,0.5542631430382078,True,False
42,B_COC,ID,20,crosswalk,False,False,False,0,0,36.50623433994054,1.6975382979338367,True,False
42,B_COC,ID,21,crosswalk,False,False,False,0,0,33.28713800242167,0.3820414565827535,True,False
42,B_COC,ID,22,crosswalk,False,False,False,0,0,35.65854902642164,0.5840202242783878,True,False
42,B_COC,ID,23,crosswalk,False,False,False,0,0,34.159484599699624,0.47977088640133536,True,False
42,B_COC,ID,24,crosswalk,False,False,False,0,0,36.35958578815345,2.1012319003542266,True,False
42,B_COC,ID,25,crosswalk,False,False,False,0,0,38.269413089868976,1.8652043029665946,True,False
42,B_COC,ID,26,crosswalk,False,False,False,0,0,33.53285638216826,0.9007833068343726,True,False
42,B_COC,ID,27,crosswalk,False,False,False,0,0,32.08907830137301,0.8278171028941869,True,False
42,B_COC,ID,28,crosswalk,False,False,False,0,0,31.76960370080222,2.3183597531169653,True,False
42,B_COC,ID,29,crosswalk,False,False,False,0,0,36.96981185318903,0.4673536881804466,True,False
42,B_COC,ID,30,crosswalk,False,False,False,0,0,27.450393432522034,1.9963807016611097,True,False
42,B_COC,ID,31,crosswalk,False,False,False,0,0,37.481496309766555,0.42300916742533445,True,False
42,B_COC,ID,32,crosswalk,False,False,False,0,0,30.407142631353555,2.3820155560970306,True,False
42,B_COC,ID,33,crosswalk,False,False,False,0,0,26.64172836902427,1.7130113641420999,True,False
42,B_COC,ID,34,crosswalk,False,False,False,0,0,27.686728909067924,2.201415016537621,True,False
42,B_COC,ID,35,crosswalk,False,False,False,0,0,37.58414478139069,0.3836889073252678,True,False
42,B_COC,ID,36,crosswalk,False,False,False,0,0,32.65631163744542,2.112080532571544,True,False
42,B_COC,ID,37,crosswalk,False,False,False,0,0,38.98658727003037,0.4101130440831184,True,False
42,B_COC,ID,38,crosswalk,False,False,False,0,0,34.46959315928609,0.48354197293519974,True,False
42,B_COC,ID,39,crosswalk,False,False,False,0,0,30.392042357078275,1.9140929356217384,True,False
42,B_COC,ID,40,crosswalk,False,False,False,0,0,34.87969440295352,0.49736856604399887,True,False
42,B_COC,ID,41,crosswalk,False,False,False,0,0,38.03318795695626,0.7288781724249322,True,False
42,B_COC,ID,42,crosswalk,False,False,False,0,0,39.28463713454195,1.0218093472604568,True,False
42,B_COC,ID,43,crosswalk,False,False,False,0,0,31.172290953302543,2.195851294323802,True,False
42,B_COC,ID,44,crosswalk,False,False,False,0,0,28.38738487217847,1.4594775003691514,True,False
42,B_COC,ID,45,crosswalk,False,False,False,0,0,29.16876995912706,1.7434428135553994,True,False
42,B_COC,ID,46,crosswalk,False,False,False,0,0,34.373749868142454,0.4837248669493766,True,False
42,B_COC,ID,47,crosswalk,False,False,False,0,0,33.70317553548208,0.5129480194300413,True,False
42,B_COC,ID,48,crosswalk,False,False,False,0,0,34.632791513397045,0.4185993758880574,True,False
42,B_COC,ID,49,crosswalk,False,False,False,0,0,29.1742752112877,0.8380380057190593,True,False
42,B_COC,ID,50,crosswalk,False,False,False,0,0,30.688268713968696,1.924932524561882,True,False
42,B_COC,ID,51,crosswalk,False,False,False,0,0,34.55743364546369,2.0542803903420768,True,False
42,B_COC,ID,52,crosswalk,False,False,False,0,0,37.93287324082968,1.6543184269381606,True,False
42,B_COC,ID,53,crosswalk,False,False,False,0,0,35.30283965183523,2.222085791555318,True,False
42,B_COC,ID,54,crosswalk,False,False,False,0,0,37.32450092272475,1.8923844691986837,True,False
42,B_COC,ID,55,crosswalk,False,False,False,0,0,29.00074261539996,1.923705914190837,True,False
42,B_COC,ID,56,crosswalk,False,False,False,0,0,38.7457002485794,0.5117299585886623,True,False
42,B_COC,ID,57,crosswalk,False,False,False,0,0,33.65630536747148,0.5361992064863443,True,False
42,B_COC,ID,58,crosswalk,False,False,False,0,0,32.86073064326126,2.1265310049057007,True,False
42,B_COC,ID,59,crosswalk,False,False,False,0,0,33.614817675168894,0.39785732231710264,True,False
42,B_COC,ID,60,crosswalk,False,False,False,0,0,32.567382338247924,0.7785174157470465,True,False
42,B_COC,ID,61,crosswalk,False,False,False,0,0,33.32356480370732,2.2865425795316696,True,False
42,B_COC,ID,62,crosswalk,False,False,False,0,0,28.96406193413042,2.1288948980244724,True,False
42,B_COC,ID,63,crosswalk,False,False,False,0,0,36.96262057032571,2.091428190469742,True,False
42,B_COC,ID,64,crosswalk,False,False,False,0,0,32.02699492510395,0.3966794213788076,True,False
42,B_COC,ID,65,crosswalk,False,False,False,0,0,28.886388214483844,1.8301439036925633,True,False
42,B_COC,ID,66,crosswalk,False,False,False,0,0,32.732312203277985,2.1350326551043466,True,False
42,B_COC,ID,67,crosswalk,False,False,False,0,0,32.96430576345398,2.147332851005637,True,False
42,B_COC,ID,68,crosswalk,False,False,False,0,0,31.778479934024514,0.4725933205336332,True,False
42,B_COC,ID,69,crosswalk,False,False,False,0,0,29.545070305243655,2.088232785463333,True,False
42,B_COC,ID,70,crosswalk,False,False,False,0,0,29.67015114381767,0.40564524568617344,True,False
42,B_COC,ID,71,crosswalk,False,False,False,0,0,29.224014014387045,1.6759546313967024,True,False
42,B_COC,ID,72,crosswalk,False,False,False,0,0,32.42075847112559,2.199094688350504,True,False
42,B_COC,ID,73,crosswalk,False,False,False,0,0,35.72990128328536,2.0909923501312733,True,False
42,B_COC,ID,74,crosswalk,False,False,False,0,0,28.232472295807565,2.6135109757122237,True,False
42,B_COC,ID,75,crosswalk,False,False,False,0,0,26.565519073414066,1.9878775829618627,True,False
42,B_COC,ID,76,crosswalk,False,False,False,0,0,35.37810821657066,2.0744060973326364,True,False
42,B_COC,ID,77,crosswalk,False,False,False,0,0,37.78443930517072,1.9370423179740706,True,False
42,B_COC,ID,78,crosswalk,False,False,False,0,0,38.411201551202694,0.4918195485420849,True,False
42,B_COC,ID,79,crosswalk,False,False,False,0,0,29.124062996533134,2.3546167325816656,True,False
42,B_COC,ID,80,crosswalk,False,False,False,0,0,38.60597394034027,0.42759328077618886,True,False
42,B_COC,ID,81,crosswalk,False,False,False,0,0,32.8254246629609,2.0917634665966034,True,False
42,B_COC,ID,82,crosswalk,False,False,False,0,0,38.182567808613385,0.9903021982830503,True,False
42,B_COC,ID,83,crosswalk,False,False,False,0,0,31.01160306365242,0.40466440398068654,True,False
42,B_COC,ID,84,crosswalk,False,False,False,0,0,29.432748201129158,2.0883039926940743,True,False
42,B_COC,ID,85,crosswalk,False,False,False,0,0,37.32433410663282,0.4524300036870915,True,False
42,B_COC,ID,86,crosswalk,False,False,False,0,0,33.23591516095147,2.1490874303423837,True,False
42,B_COC,ID,87,crosswalk,False,False,False,0,0,34.18494549699918,1.8946125273677434,True,False
42,B_COC,ID,88,crosswalk,False,False,False,0,0,35.06220251889081,2.19511857499247,True,False
42,B_COC,ID,89,crosswalk,False,False,False,0,0,30.365572733025218,2.443499982357025,True,False
42,B_COC,ID,90,crosswalk,False,False,False,0,0,32.43197925692652,2.1233568308146102,True,False
42,B_COC,ID,91,crosswalk,False,False,False,0,0,36.53346889268446,0.3829290315508842,True,False
42,B_COC,ID,92,crosswalk,False,False,False,0,0,30.3176519627377,2.4269438683986664,True,False
42,B_COC,ID,93,crosswalk,False,False,False,0,0,33.102146971807755,0.47053350401776173,True,False
42,B_COC,ID,94,crosswalk,False,False,False,0,0,34.96705999630733,1.833393406867981,True,False
42,B_COC,ID,95,crosswalk,False,False,False,0,0,36.32615254299954,2.1010620767871537,True,False
42,B_COC,ID,96,crosswalk,False,False,False,0,0,39.49042966887254,1.152489196198682,True,False
42,B_COC,ID,97,crosswalk,False,False,False,0,0,28.605421004983484,1.7885088920593262,True,False
42,B_COC,ID,98,crosswalk,False,False,False,0,0,33.36616148965253,2.141070501959842,True,False
42,B_COC,ID,99,crosswalk,False,False,False,0,0,28.136498670796712,2.2071250563576106,True,False
42,B_COC,ID,100,stop_intersection,False,False,False,0,1,33.18660161863281,1.2564989640599205,True,False
42,B_COC,ID,101,stop_intersection,False,False,False,0,1,37.675798431057586,1.1290696669708598,True,False
42,B_COC,ID,102,stop_intersection,False,False,False,0,1,28.139712535780475,1.192098006606102,True,False
42,B_COC,ID,103,stop_intersection,False,False,False,0,1,34.16561159849749,1.1551221256906334,True,False
42,B_COC,ID,104,stop_intersection,False,False,False,0,1,31.192644750732832,1.271703054265278,True,False
42,B_COC,ID,105,stop_intersection,False,False,False,0,1,32.38753323283177,1.191689670085907,True,False
42,B_COC,ID,106,stop_intersection,False,False,False,0,1,30.218190108814923,1.296273745023287,True,False
42,B_COC,ID,107,stop_intersection,False,False,False,0,1,27.229338881379874,1.1884110867977142,True,False
42,B_COC,ID,108,stop_intersection,False,False,False,0,1,28.178922732054186,1.2099924981594086,True,False
42,B_COC,ID,109,stop_intersection,False,False,False,0,1,30.96626867446426,1.1850766583186823,True,False
42,B_COC,ID,110,stop_intersection,False,False,False,0,1,34.112262353739894,1.2158088905866755,True,False
42,B_COC,ID,111,stop_intersection,False,False,False,0,1,29.23658916380113,1.1597324726058216,True,False
42,B_COC,ID,112,stop_intersection,False,False,False,0,1,29.412642844983345,1.2448298931121826,True,False
42,B_COC,ID,113,stop_intersection,False,False,False,0,1,32.360363307348635,1.2160518983515296,True,False
42,B_COC,ID,114,stop_intersection,False,False,False,0,1,31.13799541786706,1.2180871062162446,True,False
42,B_COC,ID,115,stop_intersection,False,False,False,0,1,36.39824554348429,1.1960796699967495,True,False
42,B_COC,ID,116,stop_intersection,False,False,False,0,1,34.02536835299698,1.2091545831589472,True,False
42,B_COC,ID,117,stop_intersection,False,False,False,0,1,35.10120722910657,1.1549981666165727,True,False
42,B_COC,ID,118,stop_intersection,False,False,False,0,1,36.13239835147202,1.0943105220794676,True,False
42,B_COC,ID,119,stop_intersection,False,False,False,0,1,28.121334677583988,1.3806408643722534,True,False
42,B_COC,ID,120,stop_intersection,False,False,False,0,1,27.08163595993655,1.415494470982938,True,False
42,B_COC,ID,121,stop_intersection,False,False,False,0,1,37.09352435212443,1.0890844927893744,True,False
42,B_COC,ID,122,stop_intersection,False,False,False,0,1,36.49530051317221,1.084528472688463,True,False
42,B_COC,ID,123,stop_intersection,False,False,False,0,1,28.81517655401263,1.2016339004039762,True,False
42,B_COC,ID,124,stop_intersection,False,False,False,0,1,29.792724285424228,1.3493041350291326,True,False
42,B_COC,ID,125,stop_intersection,False,False,False,0,1,32.97836086162285,1.29021794330783,True,False
42,B_COC,ID,126,stop_intersection,False,False,False,0,1,29.047690131887414,1.3210689257352781,True,False
42,B_COC,ID,127,stop_intersection,False,False,False,0,1,32.21095438698146,1.2927701269708027,True,False
42,B_COC,ID,128,stop_intersection,False,False,False,0,1,32.48959631929844,1.2455124514443534,True,False
42,B_COC,ID,129,stop_intersection,False,False,False,0,1,31.769124250514892,1.2955973893404007,True,False
42,B_COC,ID,130,stop_intersection,False,False,False,0,1,28.15970975842634,1.3573007991439416,True,False
42,B_COC,ID,131,stop_intersection,False,False,False,0,1,27.64528876288134,1.3489394595748498,True,False
42,B_COC,ID,132,stop_intersection,False,False,False,0,1,32.408339385620586,1.2034997271328436,True,False
42,B_COC,ID,133,stop_intersection,False,False,False,0,1,33.23161018155827,1.1570492040279299,True,False
42,B_COC,ID,134,stop_intersection,False,False,False,0,1,30.176359133712637,1.1360290220805576,True,False
42,B_COC,ID,135,stop_intersection,False,False,False,0,1,33.55163429813006,1.2728027308859475,True,False
42,B_COC,ID,136,stop_intersection,False,False,False,0,1,30.142055565461654,1.360266422614073,True,False
42,B_COC,ID,137,stop_intersection,False,False,False,0,1,33.956827015484244,1.2869983039251187,True,False
42,B_COC,ID,138,stop_intersection,False,False,False,0,1,38.53062286078471,1.1398950285381741,True,False
42,B_COC,ID,139,stop_intersection,False,False,False,0,1,27.20393823386207,1.3030953940592311,True,False
42,B_COC,ID,140,stop_intersection,False,False,False,0,1,27.899762982763924,1.271427640548119,True,False
42,B_COC,ID,141,stop_intersection,False,False,False,0,1,29.025852608628966,1.3479827459041887,True,False
42,B_COC,ID,142,stop_intersection,False,False,False,0,1,36.2722210346964,1.207369191702022,True,False
42,B_COC,ID,143,stop_intersection,False,False,False,0,1,37.66919160006456,1.1304197104080864,True,False
42,B_COC,ID,144,stop_intersection,False,False,False,0,1,30.739153699655127,1.3062210381031036,True,False
42,B_COC,ID,145,stop_intersection,False,False,False,0,1,27.07639604537592,1.3212416203398452,True,False
42,B_COC,ID,146,stop_intersection,False,False,False,0,1,29.89048098103655,1.2441952228546143,True,False
42,B_COC,ID,147,stop_intersection,False,False,False,0,1,31.96720781510912,1.114924771841182,True,False
42,B_COC,ID,148,stop_intersection,False,False,False,0,1,32.12704577506852,1.2589757326172617,True,False
42,B_COC,ID,149,stop_intersection,False,False,False,0,1,28.33074408713447,1.3864124605530186,True,False
42,B_COC,ID,150,stop_intersection,False,False,False,0,1,28.19062304306344,1.1843334039052327,True,False
42,B_COC,ID,151,stop_intersection,False,False,False,0,1,27.759081323728786,0.9922329737589909,True,False
42,B_COC,ID,152,stop_intersection,False,False,False,0,1,20.763987466584393,1.0295944876141017,True,False
42,B_COC,ID,153,stop_intersection,False,False,False,0,1,20.791488643552736,1.0687124994066026,True,False
42,B_COC,ID,154,stop_intersection,False,False,False,0,1,28.234364476162618,1.0010945563222846,True,False
42,B_COC,ID,155,stop_intersection,False,False,False,0,1,22.260484499152142,0.9852875681484446,True,False
42,B_COC,ID,156,stop_intersection,False,False,False,0,1,28.300828900012363,1.011335995962035,True,False
42,B_COC,ID,157,stop_intersection,False,False,False,0,1,24.475843466069648,1.0403203234380605,True,False
42,B_COC,ID,158,stop_intersection,False,False,False,0,1,26.267381520387367,0.9873306400635663,True,False
42,B_COC,ID,159,stop_intersection,False,False,False,0,1,21.2641117901497,0.9577864992852304,True,False
42,B_COC,ID,160,stop_intersection,False,False,False,0,1,28.308984684917046,0.9854727983474731,True,False
42,B_COC,ID,161,stop_intersection,False,False,False,0,1,22.001387482738167,1.0554555502343683,True,False
42,B_COC,ID,162,stop_intersection,False,False,False,0,1,25.792861369425715,1.120441568658707,True,False
42,B_COC,ID,163,stop_intersection,False,False,False,0,1,22.208594008652444,0.9520857150738056,True,False
42,B_COC,ID,164,stop_intersection,False,False,False,0,1,21.184584224892898,1.0083999151879168,True,False
42,B_COC,ID,165,stop_intersection,False,False,False,0,1,21.11791464725705,1.0352483262186465,True,False
42,B_COC,ID,166,stop_intersection,False,False,False,0,1,21.873161408994278,1.0366483901937802,True,False
42,B_COC,ID,167,stop_intersection,False,False,False,0,1,23.031068727285046,1.0041466976205509,True,False
42,B_COC,ID,168,stop_intersection,False,False,False,0,1,26.528386160584397,0.9523783738796527,True,False
42,B_COC,ID,169,stop_intersection,False,False,False,0,1,22.145625043531894,1.0400892470193945,True,False
42,B_COC,ID,170,stop_intersection,False,False,False,0,1,22.03826039577332,0.982917032989801,True,False
42,B_COC,ID,171,stop_intersection,False,False,False,0,1,22.29714365582313,0.9643235688026134,True,False
42,B_COC,ID,172,stop_intersection,False,False,False,0,1,22.908485968369632,0.9867414539935541,True,False
42,B_COC,ID,173,stop_intersection,False,False,False,0,1,22.46574362604879,1.0491008808215458,True,False
42,B_COC,ID,174,stop_intersection,False,False,False,0,1,28.015866364525518,1.0575772762298583,True,False
42,B_COC,ID,175,stop_intersection,False,False,False,0,1,23.118589164564323,0.9689308498419966,True,False
42,B_COC,ID,176,stop_intersection,False,False,False,0,1,22.671732848801412,1.0106868982315063,True,False
42,B_COC,ID,177,stop_intersection,False,False,False,0,1,27.756295654700136,1.1559690237045288,True,False
42,B_COC,ID,178,stop_intersection,False,False,False,0,1,25.332865175651033,1.1652914020750256,True,False
42,B_COC,ID,179,stop_intersection,False,False,False,0,1,22.27085397515402,0.9793702006340027,True,False
42,B_COC,ID,180,stop_intersection,False,False,False,0,1,22.399827725866025,1.007790958881378,True,False
42,B_COC,ID,181,stop_intersection,False,False,False,0,1,28.35896114761558,1.027388354906669,True,False
42,B_COC,ID,182,stop_intersection,False,False,False,0,1,22.06338647240365,0.996995468934377,True,False
42,B_COC,ID,183,stop_intersection,False,False,False,0,1,21.58898087888034,0.9099162974447574,True,False
42,B_COC,ID,184,stop_intersection,False,False,False,0,1,20.924242343941316,1.0352886864479551,True,False
42,B_COC,ID,185,stop_intersection,False,False,False,0,1,22.83951903450703,1.0443764925003052,True,False
42,B_COC,ID,186,stop_intersection,False,False,False,0,1,28.359186386900944,1.0132418076197307,True,False
42,B_COC,ID,187,stop_intersection,False,False,False,0,1,21.53287611471361,1.034427285194397,True,False
42,B_COC,ID,188,stop_intersection,False,False,False,0,1,27.28696683192667,1.180205225944519,True,False
42,B_COC,ID,189,stop_intersection,False,False,False,0,1,28.557629012175838,1.0089424196279273,True,False
42,B_COC,ID,190,stop_intersection,False,False,False,0,1,21.435192851724793,1.0260400239457474,True,False
42,B_COC,ID,191,stop_intersection,False,False,False,0,1,27.524978150465962,1.1006455188212187,True,False
42,B_COC,ID,192,stop_intersection,False,False,False,0,1,26.726624615094934,0.9977047116148705,True,False
42,B_COC,ID,193,stop_intersection,False,False,False,0,1,27.716431742166193,0.9958410379933376,True,False
42,B_COC,ID,194,stop_intersection,False,False,False,0,1,25.449624760662303,0.9778726330170264,True,False
42,B_COC,ID,195,stop_intersection,False,False,False,0,1,20.702231352304146,1.0020800431569417,True,False
42,B_COC,ID,196,stop_intersection,False,False,False,0,1,27.07525458314812,0.9828254989549225,True,False
42,B_COC,ID,197,stop_intersection,False,False,False,0,1,20.66743360936026,1.0621529950035942,True,False
42,B_COC,ID,198,stop_intersection,False,False,False,0,1,23.52124025883662,1.0948056379954019,True,False
42,B_COC,ID,199,stop_intersection,False,False,False,0,1,28.001060235281017,1.1514396641565405,True,False
42,B_COC,ID,200,lead_brake,False,False,False,0,0,70.9241179445813,0.4463330693542957,True,False
42,B_COC,ID,201,lead_brake,False,False,False,0,0,93.45315723374485,0.16539770737290382,True,False
42,B_COC,ID,202,lead_brake,False,False,False,0,0,55.061426078798775,0.4327057786285877,True,False
42,B_COC,ID,203,lead_brake,False,False,False,0,0,75.10288935240955,0.3665293840070565,True,False
42,B_COC,ID,204,lead_brake,False,False,False,0,0,95.6220100574748,0.1084704864770174,True,False
42,B_COC,ID,205,lead_brake,False,False,False,0,0,74.37995728336952,0.2841353851060073,True,False
42,B_COC,ID,206,lead_brake,False,False,False,0,0,88.5025128984255,0.27999457096060115,True,False
42,B_COC,ID,207,lead_brake,False,False,False,0,0,76.87851390230908,0.6988831783334413,True,False
42,B_COC,ID,208,lead_brake,False,False,False,0,0,58.39837489716554,1.1030226573348045,True,False
42,B_COC,ID,209,lead_brake,False,False,False,0,0,87.45167456091362,0.34402503942449886,True,False
42,B_COC,ID,210,lead_brake,False,False,False,0,0,74.90740670179416,1.3323493177692094,True,False
42,B_COC,ID,211,lead_brake,False,False,False,0,0,84.72349851112372,0.32071271538734436,True,False
42,B_COC,ID,212,lead_brake,False,False,False,0,0,77.23614800867789,0.27563948805133504,True,False
42,B_COC,ID,213,lead_brake,False,False,False,0,0,73.81179964227626,1.2098939282198746,True,False
42,B_COC,ID,214,lead_brake,False,False,False,0,0,86.32376715544986,0.28523901725808776,True,False
42,B_COC,ID,215,lead_brake,False,False,False,0,0,95.59362557589986,0.24312467376391092,True,False
42,B_COC,ID,216,lead_brake,False,False,False,0,0,97.29657556265595,0.10071236950655778,True,False
42,B_COC,ID,217,lead_brake,False,False,False,0,0,70.67509916568231,1.4503391111890476,True,False
42,B_COC,ID,218,lead_brake,False,False,False,0,0,68.75843528992847,6.836567343523104,True,False
42,B_COC,ID,219,lead_brake,False,False,False,0,0,70.79945068101917,0.24872589111328122,True,False
42,B_COC,ID,220,lead_brake,False,False,False,0,0,70.38582162900283,0.8134304285049438,True,False
42,B_COC,ID,221,lead_brake,False,False,False,0,0,78.45972420478685,0.5309170335531235,True,False
42,B_COC,ID,222,lead_brake,False,False,False,0,0,79.61312212953176,0.7050763020912806,True,False
42,B_COC,ID,223,lead_brake,False,False,False,0,0,66.2581256002399,1.1658214467267196,True,False
42,B_COC,ID,224,lead_brake,False,False,False,0,0,75.01631746100536,0.16832288106282553,True,False
42,B_COC,ID,225,lead_brake,False,False,False,0,0,65.35003970905254,1.5970553221801915,True,False
42,B_COC,ID,226,lead_brake,False,False,False,0,0,65.8116157208728,1.1210131136079629,True,False
42,B_COC,ID,227,lead_brake,False,False,False,0,0,71.54849037957612,0.4868051297962665,True,False
42,B_COC,ID,228,lead_brake,False,False,False,0,0,80.21529968352979,0.9146820195019245,True,False
42,B_COC,ID,229,lead_brake,False,False,False,0,0,67.17484367612145,1.7519071425000825,True,False
42,B_COC,ID,230,lead_brake,False,False,False,0,0,84.33341609311368,0.2480531943341096,True,False
42,B_COC,ID,231,lead_brake,False,False,False,0,0,79.59287982859378,0.25748607392112416,True,False
42,B_COC,ID,232,lead_brake,False,False,False,0,0,76.38181825912228,0.2539845791955789,True,False
42,B_COC,ID,233,lead_brake,False,False,False,0,0,94.45752968201843,0.24663853148619333,True,False
42,B_COC,ID,234,lead_brake,False,False,False,0,0,81.0748790366292,0.20984023312727607,True,False
42,B_COC,ID,235,lead_brake,False,False,False,0,0,83.51104045878336,0.2493371951083342,True,False
42,B_COC,ID,236,lead_brake,False,False,False,0,0,64.99943857197368,0.5913843711217245,True,False
42,B_COC,ID,237,lead_brake,False,False,False,0,0,80.52405453151843,0.1976719299952189,True,False
42,B_COC,ID,238,lead_brake,False,False,False,0,0,83.29745003329336,0.20201239859064418,True,False
42,B_COC,ID,239,lead_brake,False,False,False,0,0,52.72671209317314,0.8949968044956526,True,False
42,B_COC,ID,240,lead_brake,False,False,False,0,0,73.73754680496663,0.6218664410213629,True,False
42,B_COC,ID,241,lead_brake,False,False,False,0,0,58.97342249523299,0.895519429196914,True,False
42,B_COC,ID,242,lead_brake,False,False,False,0,0,67.12444468444214,0.8222455357511839,True,False
42,B_COC,ID,243,lead_brake,False,False,False,0,0,53.79168945502201,0.8615154872337977,True,False
42,B_COC,ID,244,lead_brake,False,False,False,0,0,54.79521463506984,2.019700060288111,True,False
42,B_COC,ID,245,lead_brake,False,False,False,0,0,75.8814698253033,0.26703887929519016,True,False
42,B_COC,ID,246,lead_brake,False,False,False,0,0,97.94694481536746,0.21688075363636017,True,False
42,B_COC,ID,247,lead_brake,False,False,False,0,0,80.29057983634557,0.1945131110648314,True,False
42,B_COC,ID,248,lead_brake,False,False,False,0,0,66.87524747778068,0.4665515795350074,True,False
42,B_COC,ID,249,lead_brake,False,False,False,0,0,96.70797212514252,0.10312331840395927,True,False
42,B_COC,ID,250,lead_brake,False,False,False,0,0,70.34441941960556,0.6906707050899664,True,False
42,B_COC,ID,251,lead_brake,False,False,False,0,0,73.5175336021812,0.24459769080082575,True,False
42,B_COC,ID,252,lead_brake,False,False,False,0,0,86.63848643052074,0.26959434648354846,True,False
42,B_COC,ID,253,lead_brake,False,False,False,0,0,87.36608681414948,0.2376386908193429,True,False
42,B_COC,ID,254,lead_brake,False,False,False,0,0,95.1752728282954,0.24437177181243894,True,False
42,B_COC,ID,255,lead_brake,False,False,False,0,0,62.00893601854513,4.233350653201342,True,False
42,B_COC,ID,256,lead_brake,False,False,False,0,0,71.84822958046078,0.3798646815121174,True,False
42,B_COC,ID,257,lead_brake,False,False,False,0,0,78.65392851731131,1.0236244065066178,True,False
42,B_COC,ID,258,lead_brake,False,False,False,0,0,78.9694235648878,0.4499922208487987,True,False
42,B_COC,ID,259,lead_brake,False,False,False,0,0,97.65601285451956,0.1325953093667825,True,False
42,B_COC,ID,260,lead_brake,False,False,False,0,0,71.57192786451778,0.9214254754285017,True,False
42,B_COC,ID,261,lead_brake,False,False,False,0,0,78.06504592239857,0.7897761762142181,True,False
42,B_COC,ID,262,lead_brake,False,False,False,0,0,89.7192376823266,0.2669502682983875,True,False
42,B_COC,ID,263,lead_brake,False,False,False,0,0,77.62256666550364,0.5347916868825753,True,False
42,B_COC,ID,264,lead_brake,False,False,False,0,0,95.50385955046131,0.14578744396567345,True,False
42,B_COC,ID,265,lead_brake,False,False,False,0,0,84.2464492127299,0.24861410881082216,True,False
42,B_COC,ID,266,lead_brake,False,False,False,0,0,86.45071870668718,0.2932043708860874,True,False
42,B_COC,ID,267,lead_brake,False,False,False,0,0,85.14823851036962,0.26982443903883296,True,False
42,B_COC,ID,268,lead_brake,False,False,False,0,0,84.35918386924237,0.27311602359016734,True,False
42,B_COC,ID,269,lead_brake,False,False,False,0,0,58.28572540748063,1.2603295892477033,True,False
42,B_COC,ID,270,lead_brake,False,False,False,0,0,73.51827287408105,1.1016430345674355,True,False
42,B_COC,ID,271,lead_brake,False,False,False,0,0,57.61049906563474,0.45683941741784406,True,False
42,B_COC,ID,272,lead_brake,False,False,False,0,0,76.30940870850544,0.8820539340376854,True,False
42,B_COC,ID,273,lead_brake,False,False,False,0,0,60.1560629540243,1.07118504991134,True,False
42,B_COC,ID,274,lead_brake,False,False,False,0,0,58.80222790091518,1.1155790425837038,True,False
42,B_COC,ID,275,lead_brake,False,False,False,0,0,86.46905248142485,0.2870389806727568,True,False
42,B_COC,ID,276,lead_brake,False,False,False,0,0,53.51995881427151,1.335109879573186,True,False
42,B_COC,ID,277,lead_brake,False,False,False,0,0,60.40153097123092,0.8149681737025578,True,False
42,B_COC,ID,278,lead_brake,False,False,False,0,0,81.44849595721978,0.3430142986277739,True,False
42,B_COC,ID,279,lead_brake,False,False,False,0,0,64.38534857326063,1.3032339252531526,True,False
42,B_COC,ID,280,lead_brake,False,False,False,0,0,85.45931514453363,0.21307148908575374,True,False
42,B_COC,ID,281,lead_brake,False,False,False,0,0,89.2676234685943,0.13803970689574876,True,False
42,B_COC,ID,282,lead_brake,False,False,False,0,0,72.85199700567766,0.3905607759952545,True,False
42,B_COC,ID,283,lead_brake,False,False,False,0,0,69.0135174509743,0.32233393564820284,True,False
42,B_COC,ID,284,lead_brake,False,False,False,0,0,60.55758459518969,1.279463885972897,True,False
42,B_COC,ID,285,lead_brake,False,False,False,0,0,83.191054525111,0.19834737479686734,True,False
42,B_COC,ID,286,lead_brake,False,False,False,0,0,60.652047641775,5.9652200005948535,True,False
42,B_COC,ID,287,lead_brake,False,False,False,0,0,88.01152619858529,0.26823389654358226,True,False
42,B_COC,ID,288,lead_brake,False,False,False,0,0,80.61027014817395,0.35511699691414833,True,False
42,B_COC,ID,289,lead_brake,False,False,False,0,0,78.56347247884422,0.38743897651632625,True,False
42,B_COC,ID,290,lead_brake,False,False,False,0,0,77.36666649693178,0.3444494642317295,True,False
42,B_COC,ID,291,lead_brake,False,False,False,0,0,85.23843601399162,0.2778344340622425,True,False
42,B_COC,ID,292,lead_brake,False,False,False,0,0,82.51929515417028,0.277686125288407,True,False
42,B_COC,ID,293,lead_brake,False,False,False,0,0,45.14823246768869,7.002929703642924,True,False
42,B_COC,ID,294,lead_brake,False,False,False,0,0,88.05063087401614,0.32615044216314953,True,False
42,B_COC,ID,295,lead_brake,False,False,False,0,0,73.65530827015289,0.26517157877484954,True,False
42,B_COC,ID,296,lead_brake,False,False,False,0,0,83.09934229372024,0.3091307866076628,True,False
42,B_COC,ID,297,lead_brake,False,False,False,0,0,67.66812520259262,1.0327641243735948,True,False
42,B_COC,ID,298,lead_brake,False,False,False,0,0,67.70891965576442,0.30138090749581653,True,False
42,B_COC,ID,299,lead_brake,False,False,False,0,0,76.40229899495834,0.8466161862015723,True,False
42,B_COC,OOD,0,crosswalk,False,False,False,0,0,30.523613739809228,1.3169577717781067,True,False
42,B_COC,OOD,1,crosswalk,False,False,False,0,0,30.959313238676913,1.401608477939259,True,False
42,B_COC,OOD,2,crosswalk,False,False,False,0,1,23.495587821846946,0.972201142992292,True,False
42,B_COC,OOD,3,crosswalk,False,False,False,0,1,30.59645625876651,1.267771834418887,True,False
42,B_COC,OOD,4,crosswalk,False,False,False,0,1,25.69063214866923,1.3095314055681229,True,False
42,B_COC,OOD,5,crosswalk,False,False,False,0,1,25.419139673991484,1.086403415316627,True,False
42,B_COC,OOD,6,crosswalk,False,False,False,0,1,21.03981052985206,1.1000746353106066,True,False
42,B_COC,OOD,7,crosswalk,False,False,False,0,1,22.661046834875613,1.1769373793351023,True,False
42,B_COC,OOD,8,crosswalk,False,False,False,0,1,30.719489587591163,1.032657437854343,True,False
42,B_COC,OOD,9,crosswalk,False,False,False,0,0,30.400001918686247,1.283764726406819,True,False
42,B_COC,OOD,10,crosswalk,False,False,False,0,1,26.83263791079422,1.1265923295702251,True,False
42,B_COC,OOD,11,crosswalk,False,False,False,0,1,24.681811860634355,1.1276407939631765,True,False
42,B_COC,OOD,12,crosswalk,False,False,False,0,1,27.954355368151035,1.1087978191864796,True,False
42,B_COC,OOD,13,crosswalk,False,False,False,0,1,23.737215826773458,0.9994050212528395,True,False
42,B_COC,OOD,14,crosswalk,False,False,False,0,1,31.78670892445376,1.0990214915502639,True,False
42,B_COC,OOD,15,crosswalk,False,False,False,0,1,22.867218069748677,1.0858054300572009,True,False
42,B_COC,OOD,16,crosswalk,False,False,False,0,1,23.021870972934057,1.0058161417643228,True,False
42,B_COC,OOD,17,crosswalk,False,False,False,0,1,21.40146117824398,0.9294151311570947,True,False
42,B_COC,OOD,18,crosswalk,False,False,False,0,1,22.60938483121341,1.1213733698870683,True,False
42,B_COC,OOD,19,crosswalk,False,False,False,0,1,22.318854596029993,1.0441707429431732,True,False
42,B_COC,OOD,20,crosswalk,False,False,False,0,1,30.293567989537642,1.0009334981441498,True,False
42,B_COC,OOD,21,crosswalk,False,False,False,0,1,22.62140232760852,0.9425548366878342,True,False
42,B_COC,OOD,22,crosswalk,False,False,False,0,1,21.5465369280212,1.1100074350833893,True,False
42,B_COC,OOD,23,crosswalk,False,False,False,0,1,29.503424874819395,1.0652094663575638,True,False
42,B_COC,OOD,24,crosswalk,False,False,False,0,1,23.103224426567426,1.1660415072773778,True,False
42,B_COC,OOD,25,crosswalk,False,False,False,0,1,22.850869930140437,0.8508294158511692,True,False
42,B_COC,OOD,26,crosswalk,False,False,False,0,1,23.222660718107207,0.9303975623586903,True,False
42,B_COC,OOD,27,crosswalk,False,False,False,0,1,29.770342875884875,1.0114418423694111,True,False
42,B_COC,OOD,28,crosswalk,False,False,False,0,1,31.453748115051837,1.2324610276099963,True,False
42,B_COC,OOD,29,crosswalk,False,False,False,0,1,29.42385118450116,1.1561301142670386,True,False
42,B_COC,OOD,30,crosswalk,False,False,False,0,0,28.92422825779718,1.3499202387673515,True,False
42,B_COC,OOD,31,crosswalk,False,False,False,0,1,23.62376930452426,1.1247120732846467,True,False
42,B_COC,OOD,32,crosswalk,False,False,False,0,1,28.08353790958939,1.0327486499496128,True,False
42,B_COC,OOD,33,crosswalk,False,False,False,0,1,27.11797297154685,1.0838410912490473,True,False
42,B_COC,OOD,34,crosswalk,False,False,False,0,1,24.935367167943213,0.9096681035083273,True,False
42,B_COC,OOD,35,crosswalk,False,False,False,0,1,22.703484608914742,1.215682722801386,True,False
42,B_COC,OOD,36,crosswalk,False,False,False,0,1,21.703383895063716,1.1407678657107883,True,False
42,B_COC,OOD,37,crosswalk,False,False,False,0,1,23.201964488377747,1.1234132601664615,True,False
42,B_COC,OOD,38,crosswalk,False,False,False,0,1,21.138198556617446,1.0331628322601318,True,False
42,B_COC,OOD,39,crosswalk,False,False,False,0,1,30.988914092598037,1.110866509732746,True,False
42,B_COC,OOD,40,crosswalk,False,False,False,0,1,22.059318914186093,1.15068748939869,True,False
42,B_COC,OOD,41,crosswalk,False,False,False,0,1,24.654798114522798,0.9584458669026692,True,False
42,B_COC,OOD,42,crosswalk,False,False,False,0,1,25.52367984107142,1.1974089573591182,True,False
42,B_COC,OOD,43,crosswalk,False,False,False,0,1,21.185666715241794,0.8750117016144288,True,False
42,B_COC,OOD,44,crosswalk,False,False,False,0,1,31.854842817345997,0.9402245283126831,True,False
42,B_COC,OOD,45,crosswalk,False,False,False,0,1,22.06342230324246,1.0826872637931335,True,False
42,B_COC,OOD,46,crosswalk,False,False,False,0,1,31.395238547185464,0.9801624038002708,True,False
42,B_COC,OOD,47,crosswalk,False,False,False,0,1,24.848067908001376,1.0434076393192464,True,False
42,B_COC,OOD,48,crosswalk,False,False,False,0,1,28.210736719761016,1.1089891042464817,True,False
42,B_COC,OOD,49,crosswalk,False,False,False,0,1,27.291204534321263,1.3054617455131128,True,False
42,B_COC,OOD,50,crosswalk,False,False,False,0,1,27.713144165822435,1.3262344896793365,True,False
42,B_COC,OOD,51,crosswalk,False,False,False,0,1,27.71394321860974,1.233282923698425,True,False
42,B_COC,OOD,52,crosswalk,False,False,False,0,1,22.785278134999782,1.1796784553772364,True,False
42,B_COC,OOD,53,crosswalk,False,False,False,0,1,22.509431203143144,1.0747621349386267,True,False
42,B_COC,OOD,54,crosswalk,False,False,False,0,0,25.344057945822193,1.2076061650326377,True,False
42,B_COC,OOD,55,crosswalk,False,False,False,0,1,30.387551676133064,1.2538133412599564,True,False
42,B_COC,OOD,56,crosswalk,False,False,False,0,1,23.120840305015186,1.0643215512120445,True,False
42,B_COC,OOD,57,crosswalk,False,False,False,0,1,21.80246918267531,1.0992409353670867,True,False
42,B_COC,OOD,58,crosswalk,False,False,False,0,1,28.997860337826463,1.0076262215350535,True,False
42,B_COC,OOD,59,crosswalk,False,False,False,0,1,23.686568618608344,1.0117171419427748,True,False
42,B_COC,OOD,60,crosswalk,False,False,False,0,1,27.235267938966967,1.1778743685902775,True,False
42,B_COC,OOD,61,crosswalk,False,False,False,0,1,23.953439832530975,1.0833614300458858,True,False
42,B_COC,OOD,62,crosswalk,False,False,False,0,1,28.889547023569687,0.9525951613550601,True,False
42,B_COC,OOD,63,crosswalk,False,False,False,0,1,21.98186402325271,1.0064480944377618,True,False
42,B_COC,OOD,64,crosswalk,False,False,False,0,1,24.837916691629303,1.1088814569074052,True,False
42,B_COC,OOD,65,crosswalk,False,False,False,0,1,30.826853784330382,0.9736291037665473,True,False
42,B_COC,OOD,66,crosswalk,False,False,False,0,1,21.77156200715893,1.1203383058309553,True,False
42,B_COC,OOD,67,crosswalk,False,False,False,0,1,28.38911600574508,1.1452164782418144,True,False
42,B_COC,OOD,68,crosswalk,False,False,False,0,1,20.93303114992911,0.9375372122634541,True,False
42,B_COC,OOD,69,crosswalk,False,False,False,0,1,26.1405250352067,1.1666922311525085,True,False
42,B_COC,OOD,70,crosswalk,False,False,False,0,1,23.3266834580074,1.2949763505886762,True,False
42,B_COC,OOD,71,crosswalk,False,False,False,0,1,28.872385554248332,1.196025474504991,True,False
42,B_COC,OOD,72,crosswalk,False,False,False,0,1,23.537361420436277,1.0379570286448407,True,False
42,B_COC,OOD,73,crosswalk,False,False,False,0,1,28.692735746410076,0.9764617813958062,True,False
42,B_COC,OOD,74,crosswalk,False,False,False,0,1,25.25702902202264,1.1734139919281006,True,False
42,B_COC,OOD,75,crosswalk,False,False,False,0,1,27.723947726660676,1.2966001629829407,True,False
42,B_COC,OOD,76,crosswalk,False,False,False,0,1,29.55428386863249,1.1157360102267975,True,False
42,B_COC,OOD,77,crosswalk,False,False,False,0,1,26.532896154223224,1.0393284048352922,True,False
42,B_COC,OOD,78,crosswalk,False,False,False,0,1,29.85248322693525,1.1183200099251487,True,False
42,B_COC,OOD,79,crosswalk,False,False,False,0,1,21.145586933101782,1.167440102213905,True,False
42,B_COC,OOD,80,crosswalk,False,False,False,0,1,24.685399599387942,1.292310297489166,True,False
42,B_COC,OOD,81,crosswalk,False,False,False,0,1,23.095509687580357,1.2612868425173636,True,False
42,B_COC,OOD,82,crosswalk,False,False,False,0,1,25.36254630514929,0.9903655363165814,True,False
42,B_COC,OOD,83,crosswalk,False,False,False,0,1,29.34694167100988,1.0731675313866655,True,False
42,B_COC,OOD,84,crosswalk,False,False,False,0,1,28.326634994136228,1.0140861605488976,True,False
42,B_COC,OOD,85,crosswalk,False,False,False,0,1,22.306359309073656,0.9284194168590363,True,False
42,B_COC,OOD,86,crosswalk,False,False,False,0,1,31.770120117533743,1.2032073587179184,True,False
42,B_COC,OOD,87,crosswalk,False,False,False,0,1,23.07428892160315,0.9380381372239854,True,False
42,B_COC,OOD,88,crosswalk,False,False,False,0,1,30.800965395424363,1.004054383798079,True,False
42,B_COC,OOD,89,crosswalk,False,False,False,0,1,29.018003934317893,1.1019860311996104,True,False
42,B_COC,OOD,90,crosswalk,False,False,False,0,1,30.24328073617436,1.1340621343025794,True,False
42,B_COC,OOD,91,crosswalk,False,False,False,0,1,24.06115353575857,1.1397826188319438,True,False
42,B_COC,OOD,92,crosswalk,False,False,False,0,1,24.961967986162627,1.1539019289470853,True,False
42,B_COC,OOD,93,crosswalk,False,False,False,0,1,21.338648831058496,0.9963960945606232,True,False
42,B_COC,OOD,94,crosswalk,False,False,False,0,1,26.48483091618202,1.0046466537143872,True,False
42,B_COC,OOD,95,crosswalk,False,False,False,0,1,21.812655049601446,1.053792880131648,True,False
42,B_COC,OOD,96,crosswalk,False,False,False,0,1,28.715617230785284,1.0812181650206099,True,False
42,B_COC,OOD,97,crosswalk,False,False,False,0,1,30.960160989481835,1.1055543747815217,True,False
42,B_COC,OOD,98,crosswalk,False,False,False,0,1,28.29444589000355,1.2878372371196747,True,False
42,B_COC,OOD,99,crosswalk,False,False,False,0,1,28.425765536923087,1.0272921297861182,True,False
42,B_COC,OOD,100,stop_intersection,False,False,False,0,1,23.54139380359406,1.367208128390105,True,False
42,B_COC,OOD,101,stop_intersection,False,False,False,0,1,25.407590841225705,1.0729118117264338,True,False
42,B_COC,OOD,102,stop_intersection,False,False,False,0,1,30.96478526340323,1.3735116139436379,True,False
42,B_COC,OOD,103,stop_intersection,False,False,False,0,1,27.278521253102163,1.2294942424410864,True,False
42,B_COC,OOD,104,stop_intersection,False,False,False,0,1,26.478319627537903,1.4812735383483495,True,False
42,B_COC,OOD,105,stop_intersection,False,False,False,0,1,21.268206318439315,1.5929392181538244,True,False
42,B_COC,OOD,106,stop_intersection,False,False,False,0,1,31.095254641515247,1.3679037797145355,True,False
42,B_COC,OOD,107,stop_intersection,False,False,False,0,1,28.322510300308757,1.0508129069971484,True,False
42,B_COC,OOD,108,stop_intersection,False,False,False,0,0,24.77688933698493,1.6876034203328585,True,False
42,B_COC,OOD,109,stop_intersection,False,False,False,0,1,21.565257766706132,1.476266313540308,True,False
42,B_COC,OOD,110,stop_intersection,False,False,False,0,1,24.163729640027,1.6390356264616313,True,False
42,B_COC,OOD,111,stop_intersection,False,False,False,0,1,23.9178922184728,1.352207362651825,True,False
42,B_COC,OOD,112,stop_intersection,False,False,False,0,1,24.758439278102472,1.3671022907216497,True,False
42,B_COC,OOD,113,stop_intersection,False,False,False,0,1,30.882962137016968,1.1654968659083047,True,False
42,B_COC,OOD,114,stop_intersection,False,False,False,0,1,24.278166421151596,1.57502406835556,True,False
42,B_COC,OOD,115,stop_intersection,False,False,False,0,1,24.954876116351198,1.3658242790322555,True,False
42,B_COC,OOD,116,stop_intersection,False,False,False,0,1,22.149933035925184,1.4279412071813236,True,False
42,B_COC,OOD,117,stop_intersection,False,False,False,0,1,28.87923893955068,1.3650403080916986,True,False
42,B_COC,OOD,118,stop_intersection,False,False,False,0,1,28.551194238839898,1.332240975820101,True,False
42,B_COC,OOD,119,stop_intersection,False,False,False,0,1,24.064784841143968,1.6948832493079335,True,False
42,B_COC,OOD,120,stop_intersection,False,False,False,0,1,31.0706967550584,1.0780043934666832,True,False
42,B_COC,OOD,121,stop_intersection,False,False,False,0,1,21.77854000382734,1.2161825106638233,True,False
42,B_COC,OOD,122,stop_intersection,False,False,False,0,1,24.79414779119553,1.225739192394983,True,False
42,B_COC,OOD,123,stop_intersection,False,False,False,0,1,31.57362055852022,1.2893539085620787,True,False
42,B_COC,OOD,124,stop_intersection,False,False,False,0,1,29.238090622923615,1.1405324326320128,True,False
42,B_COC,OOD,125,stop_intersection,False,False,False,0,1,24.082058249682696,1.1276571517405303,True,False
42,B_COC,OOD,126,stop_intersection,False,False,False,0,1,30.53359560131546,1.3086233692972555,True,False
42,B_COC,OOD,127,stop_intersection,False,False,False,0,1,28.314907720977835,1.0648382147369178,True,False
42,B_COC,OOD,128,stop_intersection,False,False,False,0,1,29.718431158866522,1.370569253579164,True,False
42,B_COC,OOD,129,stop_intersection,False,False,False,0,0,26.666093314750768,1.468178324210338,True,False
42,B_COC,OOD,130,stop_intersection,False,False,False,0,1,22.107634924640973,1.1345814710313622,True,False
42,B_COC,OOD,131,stop_intersection,False,False,False,0,1,24.45752341863003,1.7495849164756567,True,False
42,B_COC,OOD,132,stop_intersection,False,False,False,0,1,21.463100331829416,1.333758078870319,True,False
42,B_COC,OOD,133,stop_intersection,False,False,False,0,1,25.498570210617913,1.2791857394305142,True,False
42,B_COC,OOD,134,stop_intersection,False,False,False,0,1,26.335115572785284,1.306526880515249,True,False
42,B_COC,OOD,135,stop_intersection,False,False,False,0,1,21.85645534695182,1.1950644552707672,True,False
42,B_COC,OOD,136,stop_intersection,False,False,False,0,1,25.764358268537563,1.2948952066270927,True,False
42,B_COC,OOD,137,stop_intersection,False,False,False,0,1,31.143296425231632,1.0335690189491618,True,False
42,B_COC,OOD,138,stop_intersection,False,False,False,0,1,30.94765572728736,1.2503159755752198,True,False
42,B_COC,OOD,139,stop_intersection,False,False,False,0,1,27.824073296835852,1.2659282237291336,True,False
42,B_COC,OOD,140,stop_intersection,False,False,False,0,1,25.261655083989623,1.1402628310891083,True,False
42,B_COC,OOD,141,stop_intersection,False,False,False,0,1,29.505824590460563,1.1733590472828257,True,False
42,B_COC,OOD,142,stop_intersection,False,False,False,0,1,23.091899551212496,1.7442178565102653,True,False
42,B_COC,OOD,143,stop_intersection,False,False,False,0,1,28.260803754727526,1.392663206372942,True,False
42,B_COC,OOD,144,stop_intersection,False,False,False,0,1,30.489189923729434,1.3123891800642011,True,False
42,B_COC,OOD,145,stop_intersection,False,False,False,0,0,27.145706925007193,1.7072712433965582,True,False
42,B_COC,OOD,146,stop_intersection,False,False,False,0,1,27.369575025260982,1.7602766344421787,True,False
42,B_COC,OOD,147,stop_intersection,False,False,False,0,1,21.181798163453454,1.27654808132272,True,False
42,B_COC,OOD,148,stop_intersection,False,False,False,0,1,20.881589330751893,1.0358207101045651,True,False
42,B_COC,OOD,149,stop_intersection,False,False,False,0,1,29.2074031267022,1.2699026014746688,True,False
42,B_COC,OOD,150,stop_intersection,False,False,False,0,1,23.462964974734014,1.3727861959883507,True,False
42,B_COC,OOD,151,stop_intersection,False,False,False,0,1,23.479256053941555,1.2859132351019444,True,False
42,B_COC,OOD,152,stop_intersection,False,False,False,0,1,30.86077291625189,1.3675693365243764,True,False
42,B_COC,OOD,153,stop_intersection,False,False,False,0,1,30.403301023070128,1.2778731754847934,True,False
42,B_COC,OOD,154,stop_intersection,False,False,False,0,0,21.381922531733387,1.6147961036155096,True,False
42,B_COC,OOD,155,stop_intersection,False,False,False,0,1,24.449986837991766,1.3367183949496293,True,False
42,B_COC,OOD,156,stop_intersection,False,False,False,0,1,22.52602472737035,1.0675587753454845,True,False
42,B_COC,OOD,157,stop_intersection,False,False,False,0,1,23.274134794968347,1.4284355269792752,True,False
42,B_COC,OOD,158,stop_intersection,False,False,False,0,1,30.973742715975682,1.1013839800249445,True,False
42,B_COC,OOD,159,stop_intersection,False,False,False,0,1,29.230032591182784,1.2018714303320104,True,False
42,B_COC,OOD,160,stop_intersection,False,False,False,0,1,26.054577326654304,1.2275589621344278,True,False
42,B_COC,OOD,161,stop_intersection,False,False,False,0,1,24.030259001518438,1.1042002794590402,True,False
42,B_COC,OOD,162,stop_intersection,False,False,False,0,1,27.62521996197005,1.2007558752189982,True,False
42,B_COC,OOD,163,stop_intersection,False,False,False,0,1,26.212012565030886,1.206157847148616,True,False
42,B_COC,OOD,164,stop_intersection,False,False,False,0,1,24.429671266735255,1.1659865081310272,True,False
42,B_COC,OOD,165,stop_intersection,False,False,False,0,1,29.085651282454386,1.1660018480486338,True,False
42,B_COC,OOD,166,stop_intersection,False,False,False,0,1,27.185320033376982,1.3831000253558159,True,False
42,B_COC,OOD,167,stop_intersection,False,False,False,0,1,30.68052869753816,1.1424288851149538,True,False
42,B_COC,OOD,168,stop_intersection,False,False,False,0,1,31.39211132981297,1.1953020758099024,True,False
42,B_COC,OOD,169,stop_intersection,False,False,False,0,1,28.436144645265202,1.292188212275505,True,False
42,B_COC,OOD,170,stop_intersection,False,False,False,0,1,20.972686165192712,1.2028309404850006,True,False
42,B_COC,OOD,171,stop_intersection,False,False,False,0,1,21.646545570153435,1.2373810692837364,True,False
42,B_COC,OOD,172,stop_intersection,False,False,False,0,1,22.248460650808468,1.5754287987947462,True,False
42,B_COC,OOD,173,stop_intersection,False,False,False,0,1,28.87324033021204,1.0789760503363102,True,False
42,B_COC,OOD,174,stop_intersection,False,False,False,0,1,21.98936887247694,1.5191315799146083,True,False
42,B_COC,OOD,175,stop_intersection,False,False,False,0,1,27.979401871976258,1.420552923872664,True,False
42,B_COC,OOD,176,stop_intersection,False,False,False,0,1,22.3157477476841,1.546384274959564,True,False
42,B_COC,OOD,177,stop_intersection,False,False,False,0,1,30.436174693960595,1.4054253846406934,True,False
42,B_COC,OOD,178,stop_intersection,False,False,False,0,1,28.650747852610053,1.366442717038668,True,False
42,B_COC,OOD,179,stop_intersection,False,False,False,0,1,27.94202604131045,1.419983238953611,True,False
42,B_COC,OOD,180,stop_intersection,False,False,False,0,1,21.759922466928355,1.1208857006804887,True,False
42,B_COC,OOD,181,stop_intersection,False,False,False,0,1,31.267552954904076,1.3046471520168026,True,False
42,B_COC,OOD,182,stop_intersection,False,False,False,0,1,23.08283410610688,1.1926039980679022,True,False
42,B_COC,OOD,183,stop_intersection,False,False,False,0,1,22.216366202339792,1.228648943778796,True,False
42,B_COC,OOD,184,stop_intersection,False,False,False,0,1,30.11263695277824,1.556008196458584,True,False
42,B_COC,OOD,185,stop_intersection,False,False,False,0,1,26.343391141043746,1.0982459403098896,True,False
42,B_COC,OOD,186,stop_intersection,False,False,False,0,1,30.585305808952604,1.3211516019972886,True,False
42,B_COC,OOD,187,stop_intersection,False,False,False,0,1,27.514499017204415,1.336220166622064,True,False
42,B_COC,OOD,188,stop_intersection,False,False,False,0,1,30.972858815042038,1.2634509943780443,True,False
42,B_COC,OOD,189,stop_intersection,False,False,False,0,1,29.839495972494532,1.3606134744790883,True,False
42,B_COC,OOD,190,stop_intersection,False,False,False,0,1,24.77972325580216,1.2382446802579439,True,False
42,B_COC,OOD,191,stop_intersection,False,False,False,0,1,26.17108194710312,1.3202336811357074,True,False
42,B_COC,OOD,192,stop_intersection,False,False,False,0,1,30.307093402734907,1.1631128733808342,True,False
42,B_COC,OOD,193,stop_intersection,False,False,False,0,1,24.24883787554242,1.1222051148829253,True,False
42,B_COC,OOD,194,stop_intersection,False,False,False,0,1,26.921426236933932,1.1911900206045671,True,False
42,B_COC,OOD,195,stop_intersection,False,False,False,0,1,26.822310986356662,1.5131566691256704,True,False
42,B_COC,OOD,196,stop_intersection,False,False,False,0,1,22.985745268143017,1.1573390766631724,True,False
42,B_COC,OOD,197,stop_intersection,False,False,False,0,1,29.892634330170672,1.2942295088324434,True,False
42,B_COC,OOD,198,stop_intersection,False,False,False,0,1,28.62864099998493,1.1748314535488253,True,False
42,B_COC,OOD,199,stop_intersection,False,False,False,0,1,27.78927700171971,1.0274157242642508,True,False
42,B_COC,OOD,200,lead_brake,False,False,False,0,0,33.950193893909415,2.915098837887247,True,False
42,B_COC,OOD,201,lead_brake,False,False,False,0,0,30.86619178682036,4.399750335142016,True,False
42,B_COC,OOD,202,lead_brake,False,False,True,0,0,26.028045756456393,3.6557931235680976,True,False
42,B_COC,OOD,203,lead_brake,False,False,False,0,0,30.790275748927776,1.306922893350323,True,False
42,B_COC,OOD,204,lead_brake,False,False,False,0,0,29.74957132115728,1.7288519994666178,True,False
42,B_COC,OOD,205,lead_brake,False,False,True,0,0,28.53411298815206,4.826401845241586,True,False
42,B_COC,OOD,206,lead_brake,False,False,False,0,0,30.248035404221962,3.2732937640200057,True,False
42,B_COC,OOD,207,lead_brake,False,False,False,0,0,32.8759315961406,3.3431854428102574,True,False
42,B_COC,OOD,208,lead_brake,False,False,False,0,0,38.19705400714134,3.9506091630707183,True,False
42,B_COC,OOD,209,lead_brake,False,False,False,0,0,30.742258739669275,2.329318757479389,True,False
42,B_COC,OOD,210,lead_brake,False,False,True,0,0,29.827567136110485,4.062930931026736,True,False
42,B_COC,OOD,211,lead_brake,False,False,False,0,0,36.517431384027,2.9019194313635426,True,False
42,B_COC,OOD,212,lead_brake,False,False,True,0,0,27.654064850932468,5.541456106429298,True,False
42,B_COC,OOD,213,lead_brake,False,False,False,0,0,30.921327208015978,2.441123262668649,True,False
42,B_COC,OOD,214,lead_brake,False,False,False,0,0,35.052069306110035,2.2909720968455076,True,False
42,B_COC,OOD,215,lead_brake,False,False,True,0,0,26.874147376384897,5.032006544992328,True,False
42,B_COC,OOD,216,lead_brake,False,False,False,0,0,40.29573514294244,2.4029674213379617,True,False
42,B_COC,OOD,217,lead_brake,False,False,False,0,0,34.79743860259653,2.425826566293835,True,False
42,B_COC,OOD,218,lead_brake,False,False,False,0,0,26.711642636233226,2.0561459145198264,True,False
42,B_COC,OOD,219,lead_brake,False,False,False,0,0,34.49471705560741,2.8298633315910897,True,False
42,B_COC,OOD,220,lead_brake,False,False,False,0,0,35.35273928396431,3.071001171444853,True,False
42,B_COC,OOD,221,lead_brake,False,False,True,0,0,24.274458552598947,1.5808636229485273,True,False
42,B_COC,OOD,222,lead_brake,False,False,False,0,0,39.812328885509636,3.731239197775721,True,False
42,B_COC,OOD,223,lead_brake,False,False,True,0,0,26.465358785164614,4.65529022552073,True,False
42,B_COC,OOD,224,lead_brake,False,False,False,0,0,31.360654137971217,1.7844838555902243,True,False
42,B_COC,OOD,225,lead_brake,False,False,False,0,0,32.031732316513946,3.951486221825083,True,False
42,B_COC,OOD,226,lead_brake,False,False,False,0,0,27.281315869837975,1.227347185835242,True,False
42,B_COC,OOD,227,lead_brake,False,False,False,0,0,38.78574440617036,1.8083116989582775,True,False
42,B_COC,OOD,228,lead_brake,False,False,False,0,0,39.80495903272087,0.6152584459632635,True,False
42,B_COC,OOD,229,lead_brake,False,False,False,0,0,43.25401594191788,2.61730509561797,True,False
42,B_COC,OOD,230,lead_brake,False,False,False,0,0,34.20995254818906,3.439792684589823,True,False
42,B_COC,OOD,231,lead_brake,False,False,False,0,0,35.41649227606062,3.319903428976734,True,False
42,B_COC,OOD,232,lead_brake,False,False,False,0,0,32.92021892280337,2.772637813662489,True,False
42,B_COC,OOD,233,lead_brake,False,False,True,0,0,30.180884168233693,3.769529972846309,True,False
42,B_COC,OOD,234,lead_brake,False,False,False,0,0,29.268217201709735,3.040577531481782,True,False
42,B_COC,OOD,235,lead_brake,False,False,False,0,0,32.442765935264724,2.5157809338221946,True,False
42,B_COC,OOD,236,lead_brake,False,False,False,0,0,42.701300738900926,4.283301125591,True,False
42,B_COC,OOD,237,lead_brake,False,False,False,0,0,40.59030390011879,2.5955362326155105,True,False
42,B_COC,OOD,238,lead_brake,False,False,True,0,0,26.404631205946178,2.3946679389725127,True,False
42,B_COC,OOD,239,lead_brake,False,False,False,0,0,34.54268866582261,1.854792410507798,True,False
42,B_COC,OOD,240,lead_brake,False,False,False,0,0,36.940659601837396,2.9422456777344146,True,False
42,B_COC,OOD,241,lead_brake,False,False,True,0,0,25.91772586639045,2.839228597159187,True,False
42,B_COC,OOD,242,lead_brake,False,False,True,0,0,27.168191647304994,2.4014023511360088,True,False
42,B_COC,OOD,243,lead_brake,False,False,True,0,0,31.245818155771854,4.982926605269313,True,False
42,B_COC,OOD,244,lead_brake,False,False,False,0,0,41.86387029126284,3.2782934227337437,True,False
42,B_COC,OOD,245,lead_brake,False,False,False,0,0,43.66760565787555,2.0391039680689573,True,False
42,B_COC,OOD,246,lead_brake,False,False,True,0,0,27.01195890708863,2.4917931389063597,True,False
42,B_COC,OOD,247,lead_brake,False,False,False,0,0,31.583374333034165,3.109410028283795,True,False
42,B_COC,OOD,248,lead_brake,False,False,True,0,0,27.825051438168344,2.0057228611161313,True,False
42,B_COC,OOD,249,lead_brake,False,False,True,0,0,24.226132875817367,5.405202073976397,True,False
42,B_COC,OOD,250,lead_brake,False,False,False,0,0,33.81938432395944,4.127415164684256,True,False
42,B_COC,OOD,251,lead_brake,False,False,False,0,0,31.12186767981564,2.4700015950948,True,False
42,B_COC,OOD,252,lead_brake,False,False,False,0,0,40.36760412200785,2.4295917470008135,True,False
42,B_COC,OOD,253,lead_brake,False,False,False,0,0,28.998052739501006,3.593579169983665,True,False
42,B_COC,OOD,254,lead_brake,False,False,True,0,0,28.388977718720078,3.016315290704369,True,False
42,B_COC,OOD,255,lead_brake,False,False,False,0,0,34.649264348198926,2.8531269400070105,True,False
42,B_COC,OOD,256,lead_brake,False,False,True,0,0,25.27000441879033,3.228351835782329,True,False
42,B_COC,OOD,257,lead_brake,False,False,False,0,0,31.09588426887255,3.552006979162494,True,False
42,B_COC,OOD,258,lead_brake,False,False,True,0,0,23.837370377938203,1.9882249254733324,True,False
42,B_COC,OOD,259,lead_brake,False,False,False,0,0,43.33970116108657,1.377994094664852,True,False
42,B_COC,OOD,260,lead_brake,False,False,False,0,0,34.92636558579401,1.9181602293004592,True,False
42,B_COC,OOD,261,lead_brake,False,False,False,0,0,28.949291003020637,2.087005851790309,True,False
42,B_COC,OOD,262,lead_brake,False,False,False,0,0,38.58856149370189,2.379437413687507,True,False
42,B_COC,OOD,263,lead_brake,False,False,True,0,0,30.8892961031986,4.981795460606614,True,False
42,B_COC,OOD,264,lead_brake,False,False,False,0,0,44.80402405276895,2.318369985868533,True,False
42,B_COC,OOD,265,lead_brake,False,False,False,0,0,40.376710405229595,0.6514043093969425,True,False
42,B_COC,OOD,266,lead_brake,False,False,False,0,0,32.57516611006088,5.222435083861152,True,False
42,B_COC,OOD,267,lead_brake,False,False,False,0,0,29.77221388448896,3.216700365766883,True,False
42,B_COC,OOD,268,lead_brake,False,False,True,0,0,29.463877301563507,4.784016023700436,True,False
42,B_COC,OOD,269,lead_brake,False,False,False,0,0,31.753053041974816,1.7940318963179984,True,False
42,B_COC,OOD,270,lead_brake,False,False,True,0,0,25.785301277663994,0.9681823309510946,True,False
42,B_COC,OOD,271,lead_brake,False,False,False,0,0,36.45321815611076,4.851169672484199,True,False
42,B_COC,OOD,272,lead_brake,False,False,False,0,0,34.46905164276418,2.2298405710607763,True,False
42,B_COC,OOD,273,lead_brake,False,False,False,0,0,35.01263876655683,2.2433653033028045,True,False
42,B_COC,OOD,274,lead_brake,False,False,False,0,0,37.4198057603047,1.0244338295112052,True,False
42,B_COC,OOD,275,lead_brake,False,False,False,0,0,33.328027673922925,2.798594764744242,True,False
42,B_COC,OOD,276,lead_brake,False,False,False,0,0,28.80302457761663,2.863846000904838,True,False
42,B_COC,OOD,277,lead_brake,False,False,True,0,0,29.847756768912074,3.8812208181867995,True,False
42,B_COC,OOD,278,lead_brake,False,False,False,0,0,30.362447974945816,3.729486934219797,True,False
42,B_COC,OOD,279,lead_brake,False,False,False,0,0,38.958132558763026,1.9060797101507583,True,False
42,B_COC,OOD,280,lead_brake,False,False,False,0,0,30.747734187428314,3.2623899076133966,True,False
42,B_COC,OOD,281,lead_brake,False,False,False,0,0,31.658483359366684,2.2155434843152757,True,False
42,B_COC,OOD,282,lead_brake,False,False,False,0,0,32.430555523602195,1.8094264014313617,True,False
42,B_COC,OOD,283,lead_brake,False,False,False,0,0,36.75122584477066,1.8459952032814422,True,False
42,B_COC,OOD,284,lead_brake,False,False,True,0,0,26.165947030375207,4.513408945873379,True,False
42,B_COC,OOD,285,lead_brake,False,False,False,0,0,35.52274547980785,3.3862477311243615,True,False
42,B_COC,OOD,286,lead_brake,False,False,False,0,0,29.256467830765338,2.2364797176172333,True,False
42,B_COC,OOD,287,lead_brake,False,False,False,0,0,32.801754402182745,3.1910372270892062,True,False
42,B_COC,OOD,288,lead_brake,False,False,True,0,0,26.92365780579292,2.779539949571093,True,False
42,B_COC,OOD,289,lead_brake,False,False,False,0,0,39.95082270498202,2.794687911247214,True,False
42,B_COC,OOD,290,lead_brake,False,False,False,0,0,33.942014551400256,3.662264593566457,True,False
42,B_COC,OOD,291,lead_brake,False,False,True,0,0,21.93865310981869,2.047820129121343,True,False
42,B_COC,OOD,292,lead_brake,False,False,False,0,0,36.32675644054102,2.088911699131131,True,False
42,B_COC,OOD,293,lead_brake,False,False,True,0,0,25.708600448466182,3.561254550392429,True,False
42,B_COC,OOD,294,lead_brake,False,False,True,0,0,26.960284399893954,2.7912173227717476,True,False
42,B_COC,OOD,295,lead_brake,False,False,False,0,0,28.45437160283323,2.373165969426433,True,False
42,B_COC,OOD,296,lead_brake,False,False,False,0,0,35.79059947668781,2.5643050416062274,True,False
42,B_COC,OOD,297,lead_brake,False,False,False,0,0,39.225975477807815,3.2550279280791674,True,False
42,B_COC,OOD,298,lead_brake,False,False,True,0,0,21.513673270961682,2.2172283362597227,True,False
42,B_COC,OOD,299,lead_brake,False,False,True,0,0,25.927826785568552,1.3009984251111744,True,False
42,C_LEGACY_CONTRACT,ID,0,crosswalk,False,False,False,0,0,30.399377879799385,2.202475680546327,True,False
42,C_LEGACY_CONTRACT,ID,1,crosswalk,False,False,False,0,0,35.15471340895264,0.4040400652835766,True,False
42,C_LEGACY_CONTRACT,ID,2,crosswalk,False,False,False,0,0,32.801611814963756,2.171159288422628,True,False
42,C_LEGACY_CONTRACT,ID,3,crosswalk,False,False,False,0,0,37.14265698695632,1.3708513230085373,True,False
42,C_LEGACY_CONTRACT,ID,4,crosswalk,False,False,False,0,0,32.435946662042866,2.241935919631611,True,False
42,C_LEGACY_CONTRACT,ID,5,crosswalk,False,False,False,0,0,33.00948727725475,2.133573112280472,True,False
42,C_LEGACY_CONTRACT,ID,6,crosswalk,False,False,False,0,0,28.35051403781992,0.4334685324054015,True,False
42,C_LEGACY_CONTRACT,ID,7,crosswalk,False,False,False,0,0,35.93565667422021,0.4073148127645254,True,False
42,C_LEGACY_CONTRACT,ID,8,crosswalk,False,False,False,0,0,27.133361740000524,1.923937590225883,True,False
42,C_LEGACY_CONTRACT,ID,9,crosswalk,False,False,False,0,0,38.23329143413538,0.4063235130161047,True,False
42,C_LEGACY_CONTRACT,ID,10,crosswalk,False,False,False,0,0,35.497696950262196,2.051940272035806,True,False
42,C_LEGACY_CONTRACT,ID,11,crosswalk,False,False,False,0,0,29.323539422764203,1.9493732432072812,True,False
42,C_LEGACY_CONTRACT,ID,12,crosswalk,False,False,False,0,0,28.158060845994903,2.410051144267383,True,False
42,C_LEGACY_CONTRACT,ID,13,crosswalk,False,False,False,0,0,36.875044655330356,0.908966867083853,True,False
42,C_LEGACY_CONTRACT,ID,14,crosswalk,False,False,False,0,0,32.45972350702971,1.9987226277589798,True,False
42,C_LEGACY_CONTRACT,ID,15,crosswalk,False,False,False,0,0,30.912737244659397,1.5523590735699,True,False
42,C_LEGACY_CONTRACT,ID,16,crosswalk,False,False,False,0,0,34.71874702800677,0.4629469425840811,True,False
42,C_LEGACY_CONTRACT,ID,17,crosswalk,False,False,False,0,0,30.28522228448991,2.1973045034842054,True,False
42,C_LEGACY_CONTRACT,ID,18,crosswalk,False,False,False,0,0,36.164998622867216,0.4754056675093514,True,False
42,C_LEGACY_CONTRACT,ID,19,crosswalk,False,False,False,0,0,33.94036616659501,0.4584518853913654,True,False
42,C_LEGACY_CONTRACT,ID,20,crosswalk,False,False,False,0,0,36.882781548815956,1.7046164131412902,True,False
42,C_LEGACY_CONTRACT,ID,21,crosswalk,False,False,False,0,0,33.435325983222526,0.3988926404196283,True,False
42,C_LEGACY_CONTRACT,ID,22,crosswalk,False,False,False,0,0,36.112824182532144,0.7268648335467213,True,False
42,C_LEGACY_CONTRACT,ID,23,crosswalk,False,False,False,0,0,34.669123148044,0.48508605431942714,True,False
42,C_LEGACY_CONTRACT,ID,24,crosswalk,False,False,False,0,0,36.65089575847271,2.046671879167358,True,False
42,C_LEGACY_CONTRACT,ID,25,crosswalk,False,False,False,0,0,37.02281003695035,1.9238836721827586,True,False
42,C_LEGACY_CONTRACT,ID,26,crosswalk,False,False,False,0,0,32.18035472497614,0.8643170162325814,True,False
42,C_LEGACY_CONTRACT,ID,27,crosswalk,False,False,False,0,0,32.358934226962816,0.9313851557672023,True,False
42,C_LEGACY_CONTRACT,ID,28,crosswalk,False,False,False,0,0,30.322771666760005,2.410376020952275,True,False
42,C_LEGACY_CONTRACT,ID,29,crosswalk,False,False,False,0,0,37.017708115149304,0.38825269043445587,True,False
42,C_LEGACY_CONTRACT,ID,30,crosswalk,False,False,False,0,0,26.463562904746965,1.8023110024238886,True,False
42,C_LEGACY_CONTRACT,ID,31,crosswalk,False,False,False,0,0,38.121211653927354,0.4178105822453896,True,False
42,C_LEGACY_CONTRACT,ID,32,crosswalk,False,False,False,0,0,30.61440508121413,2.287799317389726,True,False
42,C_LEGACY_CONTRACT,ID,33,crosswalk,False,False,False,0,0,27.466448630717274,1.7924893895785012,True,False
42,C_LEGACY_CONTRACT,ID,34,crosswalk,False,False,False,0,0,28.343218040220556,2.246896227200826,True,False
42,C_LEGACY_CONTRACT,ID,35,crosswalk,False,False,False,0,0,36.482641695930646,0.44813827611505985,True,False
42,C_LEGACY_CONTRACT,ID,36,crosswalk,False,False,False,0,0,32.986051773115136,2.1639215298320935,True,False
42,C_LEGACY_CONTRACT,ID,37,crosswalk,False,False,False,0,0,37.98877445472832,0.4361526543895403,True,False
42,C_LEGACY_CONTRACT,ID,38,crosswalk,False,False,False,0,0,34.52365248563679,0.4279352562583011,True,False
42,C_LEGACY_CONTRACT,ID,39,crosswalk,False,False,False,0,0,31.093234470835412,1.9384643559654553,True,False
42,C_LEGACY_CONTRACT,ID,40,crosswalk,False,False,False,0,0,34.78495597570195,0.4369332641363144,True,False
42,C_LEGACY_CONTRACT,ID,41,crosswalk,False,False,False,0,0,38.57408482834421,0.9828681778162718,True,False
42,C_LEGACY_CONTRACT,ID,42,crosswalk,False,False,False,0,0,38.179801248606964,1.2143942087888717,True,False
42,C_LEGACY_CONTRACT,ID,43,crosswalk,False,False,False,0,0,31.376632593327926,2.0975291691720486,True,False
42,C_LEGACY_CONTRACT,ID,44,crosswalk,False,False,False,0,0,28.576455162207516,1.2741458622945678,True,False
42,C_LEGACY_CONTRACT,ID,45,crosswalk,False,False,False,0,0,29.627039443617218,1.3064299417393548,True,False
42,C_LEGACY_CONTRACT,ID,46,crosswalk,False,False,False,0,0,34.81351681696163,0.4852056538774853,True,False
42,C_LEGACY_CONTRACT,ID,47,crosswalk,False,False,False,0,0,32.55975046377513,0.7501615191760815,True,False
42,C_LEGACY_CONTRACT,ID,48,crosswalk,False,False,False,0,0,34.93603353191787,0.42539773751860077,True,False
42,C_LEGACY_CONTRACT,ID,49,crosswalk,False,False,False,0,0,29.35635834385272,0.6744591930979177,True,False
42,C_LEGACY_CONTRACT,ID,50,crosswalk,False,False,False,0,0,31.439432119148677,1.9684888049960136,True,False
42,C_LEGACY_CONTRACT,ID,51,crosswalk,False,False,False,0,0,34.96156304288576,2.0755082989732423,True,False
42,C_LEGACY_CONTRACT,ID,52,crosswalk,False,False,False,0,0,38.309625810207095,1.8622458855742992,True,False
42,C_LEGACY_CONTRACT,ID,53,crosswalk,False,False,False,0,0,35.51366296513107,2.1851174973628735,True,False
42,C_LEGACY_CONTRACT,ID,54,crosswalk,False,False,False,0,0,37.65425768660024,1.8982976643989482,True,False
42,C_LEGACY_CONTRACT,ID,55,crosswalk,False,False,False,0,0,27.91600536026297,1.6858778484165666,True,False
42,C_LEGACY_CONTRACT,ID,56,crosswalk,False,False,False,0,0,37.92942827617357,0.4343933002515272,True,False
42,C_LEGACY_CONTRACT,ID,57,crosswalk,False,False,False,0,0,34.26077766832879,0.4803953804075718,True,False
42,C_LEGACY_CONTRACT,ID,58,crosswalk,False,False,False,0,0,33.22486648483953,2.168877954068391,True,False
42,C_LEGACY_CONTRACT,ID,59,crosswalk,False,False,False,0,0,33.36692015867986,0.4054539456315662,True,False
42,C_LEGACY_CONTRACT,ID,60,crosswalk,False,False,False,0,0,32.88456350629749,0.9688447900116444,True,False
42,C_LEGACY_CONTRACT,ID,61,crosswalk,False,False,False,0,0,33.53804333474012,2.225807969543067,True,False
42,C_LEGACY_CONTRACT,ID,62,crosswalk,False,False,False,0,0,29.38023852549695,2.1192559870806607,True,False
42,C_LEGACY_CONTRACT,ID,63,crosswalk,False,False,False,0,0,37.25343978401409,1.9997943099588156,True,False
42,C_LEGACY_CONTRACT,ID,64,crosswalk,False,False,False,0,0,31.746572250537444,0.4058599573644725,True,False
42,C_LEGACY_CONTRACT,ID,65,crosswalk,False,False,False,0,0,29.229630058959117,1.9051318367322285,True,False
42,C_LEGACY_CONTRACT,ID,66,crosswalk,False,False,False,0,0,33.107737069954325,2.1238359031469924,True,False
42,C_LEGACY_CONTRACT,ID,67,crosswalk,False,False,False,0,0,33.29986841014101,2.067601845964141,True,False
42,C_LEGACY_CONTRACT,ID,68,crosswalk,False,False,False,0,0,32.02337781711192,0.49043294414877886,True,False
42,C_LEGACY_CONTRACT,ID,69,crosswalk,False,False,False,0,0,30.097774541453045,2.067187912762165,True,False
42,C_LEGACY_CONTRACT,ID,70,crosswalk,False,False,False,0,0,29.713426720796583,0.4336629621684551,True,False
42,C_LEGACY_CONTRACT,ID,71,crosswalk,False,False,False,0,0,29.660907383793507,1.2122993987231028,True,False
42,C_LEGACY_CONTRACT,ID,72,crosswalk,False,False,False,0,0,32.69751756691359,2.092040448703549,True,False
42,C_LEGACY_CONTRACT,ID,73,crosswalk,False,False,False,0,0,36.04501079027985,2.035478654627999,True,False
42,C_LEGACY_CONTRACT,ID,74,crosswalk,False,False,False,0,0,28.406308969603746,2.5442565114874585,True,False
42,C_LEGACY_CONTRACT,ID,75,crosswalk,False,False,False,0,0,27.521784639763094,2.0802137526598843,True,False
42,C_LEGACY_CONTRACT,ID,76,crosswalk,False,False,False,0,0,35.74780809556131,2.092482360700766,True,False
42,C_LEGACY_CONTRACT,ID,77,crosswalk,False,False,False,0,0,36.48812414160189,2.0163015081830644,True,False
42,C_LEGACY_CONTRACT,ID,78,crosswalk,False,False,False,0,0,37.518032763546806,0.6986357068473642,True,False
42,C_LEGACY_CONTRACT,ID,79,crosswalk,False,False,False,0,0,27.73947135807106,2.3207614612248206,True,False
42,C_LEGACY_CONTRACT,ID,80,crosswalk,False,False,False,0,0,37.81932109087466,0.37856976859844643,True,False
42,C_LEGACY_CONTRACT,ID,81,crosswalk,False,False,False,0,0,33.160776392949955,1.9685038114371505,True,False
42,C_LEGACY_CONTRACT,ID,82,crosswalk,False,False,False,0,0,37.060523615558516,1.4138107679106973,True,False
42,C_LEGACY_CONTRACT,ID,83,crosswalk,False,False,False,0,0,30.873132490078113,0.4241480820235752,True,False
42,C_LEGACY_CONTRACT,ID,84,crosswalk,False,False,False,0,0,30.002320645538298,2.077983604236082,True,False
42,C_LEGACY_CONTRACT,ID,85,crosswalk,False,False,False,0,0,37.93195314217484,0.4553469076104786,True,False
42,C_LEGACY_CONTRACT,ID,86,crosswalk,False,False,False,0,0,33.57832960027203,2.142438370248546,True,False
42,C_LEGACY_CONTRACT,ID,87,crosswalk,False,False,False,0,0,34.47425065540567,1.8803470344706015,True,False
42,C_LEGACY_CONTRACT,ID,88,crosswalk,False,False,False,0,0,35.310728777657445,2.1016061079242956,True,False
42,C_LEGACY_CONTRACT,ID,89,crosswalk,False,False,False,0,0,30.5591768604919,2.360297780483961,True,False
42,C_LEGACY_CONTRACT,ID,90,crosswalk,False,False,False,0,0,32.80874218141888,2.0599371680746907,True,False
42,C_LEGACY_CONTRACT,ID,91,crosswalk,False,False,False,0,0,36.019568889102224,0.38122085034847253,True,False
42,C_LEGACY_CONTRACT,ID,92,crosswalk,False,False,False,0,0,30.517661422590862,2.3370725028216834,True,False
42,C_LEGACY_CONTRACT,ID,93,crosswalk,False,False,False,0,0,33.4667170719662,0.4834757922660736,True,False
42,C_LEGACY_CONTRACT,ID,94,crosswalk,False,False,False,0,0,33.76720622171617,1.7450823790083327,True,False
42,C_LEGACY_CONTRACT,ID,95,crosswalk,False,False,False,0,0,36.618869521489884,2.047560435409347,True,False
42,C_LEGACY_CONTRACT,ID,96,crosswalk,False,False,False,0,0,38.3583227646937,1.550748733722645,True,False
42,C_LEGACY_CONTRACT,ID,97,crosswalk,False,False,False,0,0,29.088557264598904,1.8370603521664937,True,False
42,C_LEGACY_CONTRACT,ID,98,crosswalk,False,False,False,0,0,33.676441755162614,2.0319780869328454,True,False
42,C_LEGACY_CONTRACT,ID,99,crosswalk,False,False,False,0,0,28.72988011024411,2.2319952788807096,True,False
42,C_LEGACY_CONTRACT,ID,100,stop_intersection,False,False,False,0,1,33.32499467732296,1.4319254010915754,True,False
42,C_LEGACY_CONTRACT,ID,101,stop_intersection,False,False,False,0,1,37.770472206285014,1.4239600726536341,True,False
42,C_LEGACY_CONTRACT,ID,102,stop_intersection,False,False,False,0,1,28.311705941028677,1.6696019235410189,True,False
42,C_LEGACY_CONTRACT,ID,103,stop_intersection,False,False,False,0,1,34.276294598941085,1.3196851384072077,True,False
42,C_LEGACY_CONTRACT,ID,104,stop_intersection,False,False,False,0,1,31.31243188991447,1.5895089430686753,True,False
42,C_LEGACY_CONTRACT,ID,105,stop_intersection,False,False,False,0,1,32.522041093863265,1.3913497924804688,True,False
42,C_LEGACY_CONTRACT,ID,106,stop_intersection,False,False,False,0,1,30.391216132617444,1.7725470259382918,True,False
42,C_LEGACY_CONTRACT,ID,107,stop_intersection,False,False,False,0,1,27.36887119345503,1.5881085866375972,True,False
42,C_LEGACY_CONTRACT,ID,108,stop_intersection,False,False,False,0,1,28.275558247236535,1.7287239902897884,True,False
42,C_LEGACY_CONTRACT,ID,109,stop_intersection,False,False,False,0,1,31.12167852116881,1.5314241250356038,True,False
42,C_LEGACY_CONTRACT,ID,110,stop_intersection,False,False,False,0,1,34.17304432442843,1.7100078594393846,True,False
42,C_LEGACY_CONTRACT,ID,111,stop_intersection,False,False,False,0,1,29.39055490658085,1.4190619725447433,True,False
42,C_LEGACY_CONTRACT,ID,112,stop_intersection,False,False,False,0,1,29.571728967511838,1.4962026633714376,True,False
42,C_LEGACY_CONTRACT,ID,113,stop_intersection,False,False,False,0,1,32.50710878936946,1.4605730772018433,True,False
42,C_LEGACY_CONTRACT,ID,114,stop_intersection,False,False,False,0,1,31.219733454023245,1.7254368922649284,True,False
42,C_LEGACY_CONTRACT,ID,115,stop_intersection,False,False,False,0,1,36.53072517875691,1.5842149751942332,True,False
42,C_LEGACY_CONTRACT,ID,116,stop_intersection,False,False,False,0,1,34.16960087085657,1.6079593598842619,True,False
42,C_LEGACY_CONTRACT,ID,117,stop_intersection,False,False,False,0,1,35.20824323541488,1.4581081198482977,True,False
42,C_LEGACY_CONTRACT,ID,118,stop_intersection,False,False,False,0,1,36.16090914338909,1.5803582169288812,True,False
42,C_LEGACY_CONTRACT,ID,119,stop_intersection,False,False,False,0,1,28.29893080138006,1.6759581698311699,True,False
42,C_LEGACY_CONTRACT,ID,120,stop_intersection,False,False,False,0,1,27.180344280653074,1.9093997445371416,True,False
42,C_LEGACY_CONTRACT,ID,121,stop_intersection,False,False,False,0,1,37.115896386886774,1.5435780720277266,True,False
42,C_LEGACY_CONTRACT,ID,122,stop_intersection,False,False,False,0,1,36.60727493452506,1.5420569375503894,True,False
42,C_LEGACY_CONTRACT,ID,123,stop_intersection,False,False,False,0,1,28.95547798908158,1.5197495096608211,True,False
42,C_LEGACY_CONTRACT,ID,124,stop_intersection,False,False,False,0,1,29.959397568137334,1.5374095214379802,True,False
42,C_LEGACY_CONTRACT,ID,125,stop_intersection,False,False,False,0,1,33.09426357222067,1.60365118430211,True,False
42,C_LEGACY_CONTRACT,ID,126,stop_intersection,False,False,False,0,1,29.219095408213306,1.6029664793530025,True,False
42,C_LEGACY_CONTRACT,ID,127,stop_intersection,False,False,False,0,1,32.35977992555737,1.581560465005728,True,False
42,C_LEGACY_CONTRACT,ID,128,stop_intersection,False,False,False,0,1,32.58114308070533,1.6657828390598297,True,False
42,C_LEGACY_CONTRACT,ID,129,stop_intersection,False,False,False,0,1,31.853076807854002,1.7558894096276696,True,False
42,C_LEGACY_CONTRACT,ID,130,stop_intersection,False,False,False,0,1,28.25613756516041,1.8569402114765061,True,False
42,C_LEGACY_CONTRACT,ID,131,stop_intersection,False,False,False,0,1,27.827902960740374,1.8026411533355713,True,False
42,C_LEGACY_CONTRACT,ID,132,stop_intersection,False,False,False,0,1,32.565092149868114,1.7042848085745788,True,False
42,C_LEGACY_CONTRACT,ID,133,stop_intersection,False,False,False,0,1,33.36663272918389,1.616126604196502,True,False
42,C_LEGACY_CONTRACT,ID,134,stop_intersection,False,False,False,0,1,30.27009650704563,1.573011189699173,True,False
42,C_LEGACY_CONTRACT,ID,135,stop_intersection,False,False,False,0,1,33.62308130340004,1.7175832241773605,True,False
42,C_LEGACY_CONTRACT,ID,136,stop_intersection,False,False,False,0,1,30.31370101098102,1.78324907212644,True,False
42,C_LEGACY_CONTRACT,ID,137,stop_intersection,False,False,False,0,1,34.025226503811446,1.7513737976551054,True,False
42,C_LEGACY_CONTRACT,ID,138,stop_intersection,False,False,False,0,1,38.6020623437868,1.434558629989624,True,False
42,C_LEGACY_CONTRACT,ID,139,stop_intersection,False,False,False,0,1,27.387482981103688,1.7549372216065724,True,False
42,C_LEGACY_CONTRACT,ID,140,stop_intersection,False,False,False,0,1,28.025468299579963,1.6878847657023248,True,False
42,C_LEGACY_CONTRACT,ID,141,stop_intersection,False,False,False,0,1,29.15934972383679,1.699719815640836,True,False
42,C_LEGACY_CONTRACT,ID,142,stop_intersection,False,False,False,0,1,36.38153689443195,1.440614927105787,True,False
42,C_LEGACY_CONTRACT,ID,143,stop_intersection,False,False,False,0,1,37.75021052794344,1.2988806990059938,True,False
42,C_LEGACY_CONTRACT,ID,144,stop_intersection,False,False,False,0,1,30.90323143281369,1.7900842271353068,True,False
42,C_LEGACY_CONTRACT,ID,145,stop_intersection,False,False,False,0,1,27.249161249315264,1.5238164861996968,True,False
42,C_LEGACY_CONTRACT,ID,146,stop_intersection,False,False,False,0,1,29.97566152881407,1.731325632486588,True,False
42,C_LEGACY_CONTRACT,ID,147,stop_intersection,False,False,False,0,1,32.087271276962994,1.3576634046508045,True,False
42,C_LEGACY_CONTRACT,ID,148,stop_intersection,False,False,False,0,1,32.277125360988705,1.5895436207453408,True,False
42,C_LEGACY_CONTRACT,ID,149,stop_intersection,False,False,False,0,1,28.4959545309179,1.6211455894841087,True,False
42,C_LEGACY_CONTRACT,ID,150,stop_intersection,False,False,False,0,1,28.33616841979675,1.221488971601833,True,False
42,C_LEGACY_CONTRACT,ID,151,stop_intersection,False,False,False,0,1,28.024202344403495,1.1721509110693837,True,False
42,C_LEGACY_CONTRACT,ID,152,stop_intersection,False,False,False,0,1,20.88638324756498,1.1362581225958737,True,False
42,C_LEGACY_CONTRACT,ID,153,stop_intersection,False,False,False,0,1,20.890244170542438,1.4895593578165227,True,False
42,C_LEGACY_CONTRACT,ID,154,stop_intersection,False,False,False,0,1,28.49525805914589,1.0570197343826293,True,False
42,C_LEGACY_CONTRACT,ID,155,stop_intersection,False,False,False,0,1,22.501454742117076,1.033020031452179,True,False
42,C_LEGACY_CONTRACT,ID,156,stop_intersection,False,False,False,0,1,27.548925185580828,1.0708702545540005,True,False
42,C_LEGACY_CONTRACT,ID,157,stop_intersection,False,False,False,0,1,24.677433203902197,1.1725299681226413,True,False
42,C_LEGACY_CONTRACT,ID,158,stop_intersection,False,False,False,0,1,26.494901086506083,1.2662816286087035,True,False
42,C_LEGACY_CONTRACT,ID,159,stop_intersection,False,False,False,0,1,21.4979440113299,1.1847064971923826,True,False
42,C_LEGACY_CONTRACT,ID,160,stop_intersection,False,False,False,0,1,28.59415589560028,1.0362897667230344,True,False
42,C_LEGACY_CONTRACT,ID,161,stop_intersection,False,False,False,0,1,22.15947488323417,1.1912701959195344,True,False
42,C_LEGACY_CONTRACT,ID,162,stop_intersection,False,False,False,0,1,25.93980081292456,1.3221144805783809,True,False
42,C_LEGACY_CONTRACT,ID,163,stop_intersection,False,False,False,0,1,22.463670715657944,1.169629786528793,True,False
42,C_LEGACY_CONTRACT,ID,164,stop_intersection,False,False,False,0,1,21.34786218158726,1.1935269962186397,True,False
42,C_LEGACY_CONTRACT,ID,165,stop_intersection,False,False,False,0,1,21.23811435545059,1.2942244476742215,True,False
42,C_LEGACY_CONTRACT,ID,166,stop_intersection,False,False,False,0,1,22.052142528984625,1.1360628554161558,True,False
42,C_LEGACY_CONTRACT,ID,167,stop_intersection,False,False,False,0,1,23.188624116093294,1.3814254390432479,True,False
42,C_LEGACY_CONTRACT,ID,168,stop_intersection,False,False,False,0,1,26.811097438191865,1.0379368768018833,True,False
42,C_LEGACY_CONTRACT,ID,169,stop_intersection,False,False,False,0,1,22.299032773675304,1.2082194752163355,True,False
42,C_LEGACY_CONTRACT,ID,170,stop_intersection,False,False,False,0,1,22.280902536757857,1.0527750492095946,True,False
42,C_LEGACY_CONTRACT,ID,171,stop_intersection,False,False,False,0,1,22.55453698124137,1.144251075445437,True,False
42,C_LEGACY_CONTRACT,ID,172,stop_intersection,False,False,False,0,1,23.141093850094464,1.1965215444564818,True,False
42,C_LEGACY_CONTRACT,ID,173,stop_intersection,False,False,False,0,1,22.631995661398392,1.2198914746020701,True,False
42,C_LEGACY_CONTRACT,ID,174,stop_intersection,False,False,False,0,1,28.243749810444072,1.147102445972209,True,False
42,C_LEGACY_CONTRACT,ID,175,stop_intersection,False,False,False,0,1,23.365291479477595,1.054306983947754,True,False
42,C_LEGACY_CONTRACT,ID,176,stop_intersection,False,False,False,0,1,22.863608336516428,1.3055095502308436,True,False
42,C_LEGACY_CONTRACT,ID,177,stop_intersection,False,False,False,0,1,27.889524194673626,1.3028163530609822,True,False
42,C_LEGACY_CONTRACT,ID,178,stop_intersection,False,False,False,0,1,25.458607705430705,1.3063983754678206,True,False
42,C_LEGACY_CONTRACT,ID,179,stop_intersection,False,False,False,0,1,22.469318334050033,1.2972520687142197,True,False
42,C_LEGACY_CONTRACT,ID,180,stop_intersection,False,False,False,0,1,22.60965313164253,1.1626272542136056,True,False
42,C_LEGACY_CONTRACT,ID,181,stop_intersection,False,False,False,0,1,28.628241682151227,1.130054604773428,True,False
42,C_LEGACY_CONTRACT,ID,182,stop_intersection,False,False,False,0,1,22.24974835393676,1.178528311404776,True,False
42,C_LEGACY_CONTRACT,ID,183,stop_intersection,False,False,False,0,1,20.823190238019542,1.1015758327409333,True,False
42,C_LEGACY_CONTRACT,ID,184,stop_intersection,False,False,False,0,1,21.062070215532174,1.3685921741568523,True,False
42,C_LEGACY_CONTRACT,ID,185,stop_intersection,False,False,False,0,1,23.004472009124513,1.1975834551064863,True,False
42,C_LEGACY_CONTRACT,ID,186,stop_intersection,False,False,False,0,1,28.61128166242222,1.14763286113739,True,False
42,C_LEGACY_CONTRACT,ID,187,stop_intersection,False,False,False,0,1,21.660706957745013,1.409820450676812,True,False
42,C_LEGACY_CONTRACT,ID,188,stop_intersection,False,False,False,0,1,27.41047235840973,1.3485110889781604,True,False
42,C_LEGACY_CONTRACT,ID,189,stop_intersection,False,False,False,0,1,27.80460294203482,1.0386124311708937,True,False
42,C_LEGACY_CONTRACT,ID,190,stop_intersection,False,False,False,0,1,21.59815429166214,1.1496972519418467,True,False
42,C_LEGACY_CONTRACT,ID,191,stop_intersection,False,False,False,0,1,27.664292866626262,1.3515596124860976,True,False
42,C_LEGACY_CONTRACT,ID,192,stop_intersection,False,False,False,0,1,26.94723391359237,1.3113372921943662,True,False
42,C_LEGACY_CONTRACT,ID,193,stop_intersection,False,False,False,0,1,27.944163560722977,1.2927557229995728,True,False
42,C_LEGACY_CONTRACT,ID,194,stop_intersection,False,False,False,0,1,25.692337234382613,1.2857268721449606,True,False
42,C_LEGACY_CONTRACT,ID,195,stop_intersection,False,False,False,0,1,20.858640198086423,1.3520138948521714,True,False
42,C_LEGACY_CONTRACT,ID,196,stop_intersection,False,False,False,0,1,27.317261614439843,1.1911529302597046,True,False
42,C_LEGACY_CONTRACT,ID,197,stop_intersection,False,False,False,0,1,20.788047343933385,1.2837602198123932,True,False
42,C_LEGACY_CONTRACT,ID,198,stop_intersection,False,False,False,0,1,23.632702831500644,1.4409167116338555,True,False
42,C_LEGACY_CONTRACT,ID,199,stop_intersection,False,False,False,0,1,28.157004608888652,1.215069055557251,True,False
42,C_LEGACY_CONTRACT,ID,200,lead_brake,False,False,False,0,0,71.14032682825426,8.226356472820044,True,False
42,C_LEGACY_CONTRACT,ID,201,lead_brake,False,False,False,0,0,94.10898288190366,3.4593946250776444,True,False
42,C_LEGACY_CONTRACT,ID,202,lead_brake,False,False,False,0,0,55.107561392756686,9.468648905555407,True,False
42,C_LEGACY_CONTRACT,ID,203,lead_brake,False,False,False,0,0,75.32879163724031,4.03198845932881,True,False
42,C_LEGACY_CONTRACT,ID,204,lead_brake,False,False,False,0,0,97.09521662866634,0.08976267899076144,True,False
42,C_LEGACY_CONTRACT,ID,205,lead_brake,False,False,False,0,0,74.55226765149018,0.7093050926923752,True,False
42,C_LEGACY_CONTRACT,ID,206,lead_brake,False,False,False,0,0,88.90940948231051,2.230438781281312,True,False
42,C_LEGACY_CONTRACT,ID,207,lead_brake,False,False,False,0,0,77.13159463528052,7.108794592320919,True,False
42,C_LEGACY_CONTRACT,ID,208,lead_brake,False,False,False,0,0,58.47359803415681,9.258129462599754,True,False
42,C_LEGACY_CONTRACT,ID,209,lead_brake,False,False,False,0,0,87.83645163700896,5.313642571369806,True,False
42,C_LEGACY_CONTRACT,ID,210,lead_brake,False,False,False,0,0,74.9709227668254,9.006433377663294,True,False
42,C_LEGACY_CONTRACT,ID,211,lead_brake,False,False,False,0,0,84.90717893179071,5.988696090877055,True,False
42,C_LEGACY_CONTRACT,ID,212,lead_brake,False,False,False,0,0,77.3694489146506,4.297181619952122,True,False
42,C_LEGACY_CONTRACT,ID,213,lead_brake,False,False,False,0,0,73.88741110650842,9.390250951051712,True,False
42,C_LEGACY_CONTRACT,ID,214,lead_brake,False,False,False,0,0,86.61815092925363,2.586522683501243,True,False
42,C_LEGACY_CONTRACT,ID,215,lead_brake,False,False,False,0,0,96.18902788802953,0.18172796567281088,True,False
42,C_LEGACY_CONTRACT,ID,216,lead_brake,False,False,False,0,0,99.13941720783706,0.03636829430858294,True,False
42,C_LEGACY_CONTRACT,ID,217,lead_brake,False,False,False,0,0,70.78568740630581,7.76577831308047,True,False
42,C_LEGACY_CONTRACT,ID,218,lead_brake,False,False,False,0,0,68.63543129942731,4.4616721483568345,True,False
42,C_LEGACY_CONTRACT,ID,219,lead_brake,False,False,False,0,0,70.80368028651507,4.57052643597126,True,False
42,C_LEGACY_CONTRACT,ID,220,lead_brake,False,False,False,0,0,70.58400116948792,8.813497371971607,True,False
42,C_LEGACY_CONTRACT,ID,221,lead_brake,False,False,False,0,0,78.34101795712937,9.016894054909546,True,False
42,C_LEGACY_CONTRACT,ID,222,lead_brake,False,False,False,0,0,79.65912896478372,8.499769034485022,True,False
42,C_LEGACY_CONTRACT,ID,223,lead_brake,False,False,False,0,0,66.43537940258405,6.373388841127355,True,False
42,C_LEGACY_CONTRACT,ID,224,lead_brake,False,False,False,0,0,75.03362345250596,9.929748088121414,True,False
42,C_LEGACY_CONTRACT,ID,225,lead_brake,False,False,False,0,0,65.47365522860605,10.150533726438878,True,False
42,C_LEGACY_CONTRACT,ID,226,lead_brake,False,False,False,0,0,65.93326841551533,8.137018450846275,True,False
42,C_LEGACY_CONTRACT,ID,227,lead_brake,False,False,False,0,0,71.72616738808571,6.412481409808,True,False
42,C_LEGACY_CONTRACT,ID,228,lead_brake,False,False,False,0,0,80.48169941933823,6.029042574266593,True,False
42,C_LEGACY_CONTRACT,ID,229,lead_brake,False,False,False,0,0,67.14416845563196,10.89484059313933,True,False
42,C_LEGACY_CONTRACT,ID,230,lead_brake,False,False,False,0,0,84.57585526508353,2.3154648865262666,True,False
42,C_LEGACY_CONTRACT,ID,231,lead_brake,False,False,False,0,0,79.65402851276757,3.828635472804308,True,False
42,C_LEGACY_CONTRACT,ID,232,lead_brake,False,False,False,0,0,76.6364633724713,8.24456929663817,True,False
42,C_LEGACY_CONTRACT,ID,233,lead_brake,False,False,False,0,0,95.01560433755127,1.0562199304501214,True,False
42,C_LEGACY_CONTRACT,ID,234,lead_brake,False,False,False,0,0,80.92663852305118,5.306606218839685,True,False
42,C_LEGACY_CONTRACT,ID,235,lead_brake,False,False,False,0,0,83.60976904015227,3.272628951817751,True,False
42,C_LEGACY_CONTRACT,ID,236,lead_brake,False,False,False,0,0,65.11100665856793,1.0271997712552545,True,False
42,C_LEGACY_CONTRACT,ID,237,lead_brake,False,False,False,0,0,80.44950327320768,5.146946345145503,True,False
42,C_LEGACY_CONTRACT,ID,238,lead_brake,False,False,False,0,0,83.2130948116046,2.7735281785329184,True,False
42,C_LEGACY_CONTRACT,ID,239,lead_brake,False,False,False,0,0,52.74504981678594,10.259251962105433,True,False
42,C_LEGACY_CONTRACT,ID,240,lead_brake,False,False,False,0,0,73.97962407988516,9.301381987830002,True,False
42,C_LEGACY_CONTRACT,ID,241,lead_brake,False,False,False,0,0,59.05665672521487,6.9012433762351675,True,False
42,C_LEGACY_CONTRACT,ID,242,lead_brake,False,False,False,0,0,67.22444115510211,3.5383598357439037,True,False
42,C_LEGACY_CONTRACT,ID,243,lead_brake,False,False,False,0,0,53.8163566101686,10.35196694980065,True,False
42,C_LEGACY_CONTRACT,ID,244,lead_brake,False,False,False,0,0,54.835764557804346,9.526384872694809,True,False
42,C_LEGACY_CONTRACT,ID,245,lead_brake,False,False,False,0,0,75.92589971596563,1.7584218059976893,True,False
42,C_LEGACY_CONTRACT,ID,246,lead_brake,False,False,False,0,0,98.67078562676909,0.06608212490876515,True,False
42,C_LEGACY_CONTRACT,ID,247,lead_brake,False,False,False,0,0,80.47273931366882,8.74523003399372,True,False
42,C_LEGACY_CONTRACT,ID,248,lead_brake,False,False,False,0,0,66.99946507100353,9.5863380394876,True,False
42,C_LEGACY_CONTRACT,ID,249,lead_brake,False,False,False,0,0,98.77215233463018,0.05744271849592527,True,False
42,C_LEGACY_CONTRACT,ID,250,lead_brake,False,False,False,0,0,70.348504318286,10.15958582361539,True,False
42,C_LEGACY_CONTRACT,ID,251,lead_brake,False,False,False,0,0,73.44478160640905,1.6392191884418328,True,False
42,C_LEGACY_CONTRACT,ID,252,lead_brake,False,False,False,0,0,87.05128124105426,3.4334025469919043,True,False
42,C_LEGACY_CONTRACT,ID,253,lead_brake,False,False,False,0,0,87.74261673499569,3.2257108675936856,True,False
42,C_LEGACY_CONTRACT,ID,254,lead_brake,False,False,False,0,0,95.75010265047796,1.936851238210996,True,False
42,C_LEGACY_CONTRACT,ID,255,lead_brake,False,False,False,0,0,62.03362708692625,8.184122952322165,True,False
42,C_LEGACY_CONTRACT,ID,256,lead_brake,False,False,False,0,0,72.01014434450737,0.46236954132715863,True,False
42,C_LEGACY_CONTRACT,ID,257,lead_brake,False,False,False,0,0,78.7795334976012,5.11747216929992,True,False
42,C_LEGACY_CONTRACT,ID,258,lead_brake,False,False,False,0,0,79.19547772831402,6.969104779263337,True,False
42,C_LEGACY_CONTRACT,ID,259,lead_brake,False,False,False,0,0,98.39481444710796,0.1391179822385311,True,False
42,C_LEGACY_CONTRACT,ID,260,lead_brake,False,False,False,0,0,71.74939145665971,9.437429236869017,True,False
42,C_LEGACY_CONTRACT,ID,261,lead_brake,False,False,False,0,0,78.16339674323797,8.486703390876452,True,False
42,C_LEGACY_CONTRACT,ID,262,lead_brake,False,False,False,0,0,90.04924500982364,3.0094311460852623,True,False
42,C_LEGACY_CONTRACT,ID,263,lead_brake,False,False,False,0,0,77.85379108691532,8.626647365589935,True,False
42,C_LEGACY_CONTRACT,ID,264,lead_brake,False,False,False,0,0,97.26825664128377,0.10463931784033774,True,False
42,C_LEGACY_CONTRACT,ID,265,lead_brake,False,False,False,0,0,84.70752993136641,2.122455485165119,True,False
42,C_LEGACY_CONTRACT,ID,266,lead_brake,False,False,False,0,0,86.80692313506201,2.0560467864076295,True,False
42,C_LEGACY_CONTRACT,ID,267,lead_brake,False,False,False,0,0,85.45779755386656,2.555086058874925,True,False
42,C_LEGACY_CONTRACT,ID,268,lead_brake,False,False,False,0,0,84.56873854222867,2.404965430498123,True,False
42,C_LEGACY_CONTRACT,ID,269,lead_brake,False,False,False,0,0,58.319014369278634,11.28213764975468,True,False
42,C_LEGACY_CONTRACT,ID,270,lead_brake,False,False,False,0,0,73.47284553664312,9.124585603674252,True,False
42,C_LEGACY_CONTRACT,ID,271,lead_brake,False,False,False,0,0,57.64593316067472,10.0835295971483,True,False
42,C_LEGACY_CONTRACT,ID,272,lead_brake,False,False,False,0,0,76.39598981126419,8.862955103317896,True,False
42,C_LEGACY_CONTRACT,ID,273,lead_brake,False,False,False,0,0,60.22617184008735,5.30354464550813,True,False
42,C_LEGACY_CONTRACT,ID,274,lead_brake,False,False,False,0,0,58.86660837142952,9.983078903208176,True,False
42,C_LEGACY_CONTRACT,ID,275,lead_brake,False,False,False,0,0,86.98002936280977,1.7853378256162007,True,False
42,C_LEGACY_CONTRACT,ID,276,lead_brake,False,False,False,0,0,53.55892519194707,4.811036225408316,True,False
42,C_LEGACY_CONTRACT,ID,277,lead_brake,False,False,False,0,0,60.50089168168793,10.465357499197125,True,False
42,C_LEGACY_CONTRACT,ID,278,lead_brake,False,False,False,0,0,81.70980813067577,2.1639338582754135,True,False
42,C_LEGACY_CONTRACT,ID,279,lead_brake,False,False,False,0,0,64.51278483138296,3.0039201968659954,True,False
42,C_LEGACY_CONTRACT,ID,280,lead_brake,False,False,False,0,0,85.84321964483928,2.544773486753305,True,False
42,C_LEGACY_CONTRACT,ID,281,lead_brake,False,False,False,0,0,89.3245860226021,1.4170994336406388,True,False
42,C_LEGACY_CONTRACT,ID,282,lead_brake,False,False,False,0,0,72.9238192749386,3.2939370274543758,True,False
42,C_LEGACY_CONTRACT,ID,283,lead_brake,False,False,False,0,0,69.12123653574386,0.35805293917655945,True,False
42,C_LEGACY_CONTRACT,ID,284,lead_brake,False,False,False,0,0,60.63668652410925,9.704177498817442,True,False
42,C_LEGACY_CONTRACT,ID,285,lead_brake,False,False,False,0,0,83.15302998002258,4.617004809901118,True,False
42,C_LEGACY_CONTRACT,ID,286,lead_brake,False,False,False,0,0,60.720756314149504,8.886303444703419,True,False
42,C_LEGACY_CONTRACT,ID,287,lead_brake,False,False,False,0,0,88.28039037262347,3.1048524168630443,True,False
42,C_LEGACY_CONTRACT,ID,288,lead_brake,False,False,False,0,0,80.79516284044178,6.781585636238257,True,False
42,C_LEGACY_CONTRACT,ID,289,lead_brake,False,False,False,0,0,78.86924630016841,1.1225347568591435,True,False
42,C_LEGACY_CONTRACT,ID,290,lead_brake,False,False,False,0,0,77.60137850725572,7.820977831880251,True,False
42,C_LEGACY_CONTRACT,ID,291,lead_brake,False,False,False,0,0,85.57640564867361,2.7984490965803466,True,False
42,C_LEGACY_CONTRACT,ID,292,lead_brake,False,False,False,0,0,82.69371046196035,2.1691546899576983,True,False
42,C_LEGACY_CONTRACT,ID,293,lead_brake,False,False,False,0,0,45.101168865405114,10.863847615197301,True,False
42,C_LEGACY_CONTRACT,ID,294,lead_brake,False,False,False,0,0,88.35367238444914,3.027509609858195,True,False
42,C_LEGACY_CONTRACT,ID,295,lead_brake,False,False,False,0,0,73.71891780972125,2.889778868605693,True,False
42,C_LEGACY_CONTRACT,ID,296,lead_brake,False,False,False,0,0,83.42522423578379,5.215607824424902,True,False
42,C_LEGACY_CONTRACT,ID,297,lead_brake,False,False,False,0,0,67.83490265594068,7.255439014794925,True,False
42,C_LEGACY_CONTRACT,ID,298,lead_brake,False,False,False,0,0,67.73522729241284,4.725664213299751,True,False
42,C_LEGACY_CONTRACT,ID,299,lead_brake,False,False,False,0,0,76.66379175990825,8.371159916122753,True,False
42,C_LEGACY_CONTRACT,OOD,0,crosswalk,False,False,False,0,0,29.86435627426731,3.1184446471078053,True,False
42,C_LEGACY_CONTRACT,OOD,1,crosswalk,False,False,False,0,0,31.250060587107413,1.3527402468025684,True,False
42,C_LEGACY_CONTRACT,OOD,2,crosswalk,False,False,False,0,1,23.09176093298555,1.398786996922842,True,False
42,C_LEGACY_CONTRACT,OOD,3,crosswalk,False,False,False,0,0,29.932625254564137,1.6190840899944305,True,False
42,C_LEGACY_CONTRACT,OOD,4,crosswalk,False,False,False,0,0,25.017724816189272,1.6109555806869116,True,False
42,C_LEGACY_CONTRACT,OOD,5,crosswalk,False,False,False,0,1,24.97648453655504,2.9596521796249764,True,False
42,C_LEGACY_CONTRACT,OOD,6,crosswalk,False,False,False,0,1,20.47971348945074,2.1132290363311768,True,False
42,C_LEGACY_CONTRACT,OOD,7,crosswalk,False,False,False,0,1,22.068681509936287,2.8908924798707702,True,False
42,C_LEGACY_CONTRACT,OOD,8,crosswalk,False,False,False,0,1,30.19822941719753,2.0260145989331333,True,False
42,C_LEGACY_CONTRACT,OOD,9,crosswalk,False,False,False,0,0,29.60399075092159,1.743045239835172,True,False
42,C_LEGACY_CONTRACT,OOD,10,crosswalk,False,False,False,0,1,26.17900640502762,2.3224735260009766,True,False
42,C_LEGACY_CONTRACT,OOD,11,crosswalk,False,False,False,0,1,24.289055415561467,2.459903061389923,True,False
42,C_LEGACY_CONTRACT,OOD,12,crosswalk,False,False,False,0,1,27.32688051095164,1.7440077505613627,True,False
42,C_LEGACY_CONTRACT,OOD,13,crosswalk,False,False,False,0,1,23.464690408490604,2.4294567373063827,True,False
42,C_LEGACY_CONTRACT,OOD,14,crosswalk,False,False,False,0,0,31.399225569707433,2.1740805521243955,True,False
42,C_LEGACY_CONTRACT,OOD,15,crosswalk,False,False,False,0,1,22.378374619351423,1.9360254381013953,True,False
42,C_LEGACY_CONTRACT,OOD,16,crosswalk,False,False,False,0,1,22.724402532211656,2.5161652131514116,True,False
42,C_LEGACY_CONTRACT,OOD,17,crosswalk,False,False,False,0,1,21.26142711822914,1.3949252561081287,True,False
42,C_LEGACY_CONTRACT,OOD,18,crosswalk,False,False,False,0,1,22.19344013413444,1.7211850484212239,True,False
42,C_LEGACY_CONTRACT,OOD,19,crosswalk,False,False,False,0,1,21.963664326768427,2.78162642223079,True,False
42,C_LEGACY_CONTRACT,OOD,20,crosswalk,False,False,False,0,1,29.796624953735915,1.569622283758119,True,False
42,C_LEGACY_CONTRACT,OOD,21,crosswalk,False,False,False,0,1,22.363999530951,2.3961632715331183,True,False
42,C_LEGACY_CONTRACT,OOD,22,crosswalk,False,False,False,0,1,21.0472976891934,2.740509937971066,True,False
42,C_LEGACY_CONTRACT,OOD,23,crosswalk,False,False,False,0,1,29.074894771870234,2.2968235469999767,True,False
42,C_LEGACY_CONTRACT,OOD,24,crosswalk,False,False,False,0,0,22.57158145719159,1.9829760346470808,True,False
42,C_LEGACY_CONTRACT,OOD,25,crosswalk,False,False,False,0,1,22.572089671888584,1.2072870389304378,True,False
42,C_LEGACY_CONTRACT,OOD,26,crosswalk,False,False,False,0,1,23.059651088368195,1.4515883392757838,True,False
42,C_LEGACY_CONTRACT,OOD,27,crosswalk,False,False,False,0,1,29.45895315117582,2.5049992667304144,True,False
42,C_LEGACY_CONTRACT,OOD,28,crosswalk,False,False,False,0,0,31.093582032612474,2.9605311155319214,True,False
42,C_LEGACY_CONTRACT,OOD,29,crosswalk,False,False,False,0,0,28.770244900116356,1.7427601984569003,True,False
42,C_LEGACY_CONTRACT,OOD,30,crosswalk,False,False,False,0,0,29.305002870474393,2.133981675812692,True,False
42,C_LEGACY_CONTRACT,OOD,31,crosswalk,False,False,False,0,1,23.03421793661554,1.9406472974353366,True,False
42,C_LEGACY_CONTRACT,OOD,32,crosswalk,False,False,False,0,1,27.849852849468583,2.129804425769382,True,False
42,C_LEGACY_CONTRACT,OOD,33,crosswalk,False,False,False,0,1,26.697330959497283,2.888471812009811,True,False
42,C_LEGACY_CONTRACT,OOD,34,crosswalk,False,False,False,0,1,24.792517905128662,1.3153982162475586,True,False
42,C_LEGACY_CONTRACT,OOD,35,crosswalk,False,False,False,0,1,22.072001567140646,2.1870856341861544,True,False
42,C_LEGACY_CONTRACT,OOD,36,crosswalk,False,False,False,0,1,21.14574931235906,2.0806948976083235,True,False
42,C_LEGACY_CONTRACT,OOD,37,crosswalk,False,False,False,0,1,22.602169406849242,2.7708614578372552,True,False
42,C_LEGACY_CONTRACT,OOD,38,crosswalk,False,False,False,0,1,20.919895495221418,1.5640080280793018,True,False
42,C_LEGACY_CONTRACT,OOD,39,crosswalk,False,False,False,0,1,30.510723091428375,2.2421183237215367,True,False
42,C_LEGACY_CONTRACT,OOD,40,crosswalk,False,False,False,0,1,21.481725034247386,2.1563195898419334,True,False
42,C_LEGACY_CONTRACT,OOD,41,crosswalk,False,False,False,0,1,24.398700467756633,1.4301358027891677,True,False
42,C_LEGACY_CONTRACT,OOD,42,crosswalk,False,False,False,0,0,24.888940016125243,2.581122611698351,True,False
42,C_LEGACY_CONTRACT,OOD,43,crosswalk,False,False,False,0,1,20.755859878544715,1.3356363714525572,True,False
42,C_LEGACY_CONTRACT,OOD,44,crosswalk,False,False,False,0,1,31.44831386904061,1.4724379518757695,True,False
42,C_LEGACY_CONTRACT,OOD,45,crosswalk,False,False,False,0,1,21.489540064606985,1.9964277096416638,True,False
42,C_LEGACY_CONTRACT,OOD,46,crosswalk,False,False,False,0,1,30.891241086241827,1.5336688174757844,True,False
42,C_LEGACY_CONTRACT,OOD,47,crosswalk,False,False,False,0,1,24.45150727466283,2.627107833707055,True,False
42,C_LEGACY_CONTRACT,OOD,48,crosswalk,False,False,False,0,1,27.588407023125946,1.5974876127744975,True,False
42,C_LEGACY_CONTRACT,OOD,49,crosswalk,False,False,False,0,0,27.08661802743231,2.3180465118305102,True,False
42,C_LEGACY_CONTRACT,OOD,50,crosswalk,False,False,False,0,0,27.121999280401624,1.7212173177136314,True,False
42,C_LEGACY_CONTRACT,OOD,51,crosswalk,False,False,False,0,0,27.298778565310382,2.484212869252914,True,False
42,C_LEGACY_CONTRACT,OOD,52,crosswalk,False,False,False,0,1,22.01135240815671,2.3633333805360293,True,False
42,C_LEGACY_CONTRACT,OOD,53,crosswalk,False,False,False,0,1,21.933944523778308,1.7354615032672882,True,False
42,C_LEGACY_CONTRACT,OOD,54,crosswalk,False,False,False,0,1,25.84492589822861,1.0464887022972107,True,False
42,C_LEGACY_CONTRACT,OOD,55,crosswalk,False,False,False,0,0,29.833587705396003,1.8713420629501343,True,False
42,C_LEGACY_CONTRACT,OOD,56,crosswalk,False,False,False,0,1,22.725575244380572,2.6583403065091087,True,False
42,C_LEGACY_CONTRACT,OOD,57,crosswalk,False,False,False,0,1,21.269538160176676,2.111895640691121,True,False
42,C_LEGACY_CONTRACT,OOD,58,crosswalk,False,False,False,0,1,28.763555118152738,2.3417259169661477,True,False
42,C_LEGACY_CONTRACT,OOD,59,crosswalk,False,False,False,0,1,23.35996319993849,2.174025825832201,True,False
42,C_LEGACY_CONTRACT,OOD,60,crosswalk,False,False,False,0,1,27.561051039672172,1.5563942612828434,True,False
42,C_LEGACY_CONTRACT,OOD,61,crosswalk,False,False,False,0,1,23.52846194258717,1.4630208517375745,True,False
42,C_LEGACY_CONTRACT,OOD,62,crosswalk,False,False,False,0,1,28.54818643466473,1.2998300658331976,True,False
42,C_LEGACY_CONTRACT,OOD,63,crosswalk,False,False,False,0,1,21.784352951064108,1.3377510905265806,True,False
42,C_LEGACY_CONTRACT,OOD,64,crosswalk,False,False,False,0,1,24.320107988315872,2.4263501167297363,True,False
42,C_LEGACY_CONTRACT,OOD,65,crosswalk,False,False,False,0,1,30.374964465429645,1.5110017494721846,True,False
42,C_LEGACY_CONTRACT,OOD,66,crosswalk,False,False,False,0,1,21.032604114357106,2.1967999694439078,True,False
42,C_LEGACY_CONTRACT,OOD,67,crosswalk,False,False,False,0,1,27.724352637376924,2.149102362719449,True,False
42,C_LEGACY_CONTRACT,OOD,68,crosswalk,False,False,False,0,1,20.859101746014947,1.3165446214897687,True,False
42,C_LEGACY_CONTRACT,OOD,69,crosswalk,False,False,False,0,1,25.4946114408087,1.6658712757958305,True,False
42,C_LEGACY_CONTRACT,OOD,70,crosswalk,False,False,False,0,0,22.580994411922518,2.422207625288712,True,False
42,C_LEGACY_CONTRACT,OOD,71,crosswalk,False,False,False,0,1,28.148168729180334,2.217891271724257,True,False
42,C_LEGACY_CONTRACT,OOD,72,crosswalk,False,False,False,0,1,23.177972308379985,1.5654568076133728,True,False
42,C_LEGACY_CONTRACT,OOD,73,crosswalk,False,False,False,0,1,28.29595582570687,1.4189569652080536,True,False
42,C_LEGACY_CONTRACT,OOD,74,crosswalk,False,False,False,0,1,24.604079732812025,1.821567482418484,True,False
42,C_LEGACY_CONTRACT,OOD,75,crosswalk,False,False,False,0,0,27.250990569678955,2.4461826605674544,True,False
42,C_LEGACY_CONTRACT,OOD,76,crosswalk,False,False,False,0,1,28.981852523440843,2.063891019510186,True,False
42,C_LEGACY_CONTRACT,OOD,77,crosswalk,False,False,False,0,1,26.06699355576802,1.5243239664449926,True,False
42,C_LEGACY_CONTRACT,OOD,78,crosswalk,False,False,False,0,1,29.194639944189166,1.7211286134498063,True,False
42,C_LEGACY_CONTRACT,OOD,79,crosswalk,False,False,False,0,0,20.792747340070214,2.26441444420233,True,False
42,C_LEGACY_CONTRACT,OOD,80,crosswalk,False,False,False,0,0,24.043791775718027,1.7105263157894737,True,False
42,C_LEGACY_CONTRACT,OOD,81,crosswalk,False,False,False,0,0,22.489572410501733,2.230520867987683,True,False
42,C_LEGACY_CONTRACT,OOD,82,crosswalk,False,False,False,0,1,25.13871323634091,2.278696007198757,True,False
42,C_LEGACY_CONTRACT,OOD,83,crosswalk,False,False,False,0,1,28.74962402211829,1.6658444934421115,True,False
42,C_LEGACY_CONTRACT,OOD,84,crosswalk,False,False,False,0,1,27.830027992630427,1.3408823949950082,True,False
42,C_LEGACY_CONTRACT,OOD,85,crosswalk,False,False,False,0,1,21.954622612381545,1.5048956216835392,True,False
42,C_LEGACY_CONTRACT,OOD,86,crosswalk,False,False,False,0,0,31.43457500499041,2.590351914748167,True,False
42,C_LEGACY_CONTRACT,OOD,87,crosswalk,False,False,False,0,1,22.911182349941594,1.482917937365445,True,False
42,C_LEGACY_CONTRACT,OOD,88,crosswalk,False,False,False,0,1,30.282070995998914,1.5359622933143793,True,False
42,C_LEGACY_CONTRACT,OOD,89,crosswalk,False,False,False,0,1,28.524286167908123,2.2077045554206483,True,False
42,C_LEGACY_CONTRACT,OOD,90,crosswalk,False,False,False,0,1,30.606158308420543,1.4922954485966606,True,False
42,C_LEGACY_CONTRACT,OOD,91,crosswalk,False,False,False,0,1,23.42355238156238,1.791896124680837,True,False
42,C_LEGACY_CONTRACT,OOD,92,crosswalk,False,False,False,0,1,24.44882479169741,2.4118380430268074,True,False
42,C_LEGACY_CONTRACT,OOD,93,crosswalk,False,False,False,0,1,20.751679633370408,1.9641474790351334,True,False
42,C_LEGACY_CONTRACT,OOD,94,crosswalk,False,False,False,0,1,26.249526495832587,2.8285248014662,True,False
42,C_LEGACY_CONTRACT,OOD,95,crosswalk,False,False,False,0,1,21.550209513786132,1.4551115036010742,True,False
42,C_LEGACY_CONTRACT,OOD,96,crosswalk,False,False,False,0,1,28.347824209597526,2.180627357392084,True,False
42,C_LEGACY_CONTRACT,OOD,97,crosswalk,False,False,False,0,1,30.491215537376462,2.5978104596914244,True,False
42,C_LEGACY_CONTRACT,OOD,98,crosswalk,False,False,False,0,0,27.733968694803856,1.312502936313027,True,False
42,C_LEGACY_CONTRACT,OOD,99,crosswalk,False,False,False,0,1,28.08424469993573,2.5959054496553207,True,False
42,C_LEGACY_CONTRACT,OOD,100,stop_intersection,False,False,False,0,1,23.420249920047386,2.4259404738744097,True,False
42,C_LEGACY_CONTRACT,OOD,101,stop_intersection,False,False,False,0,1,25.259869162185836,2.044623915742083,True,False
42,C_LEGACY_CONTRACT,OOD,102,stop_intersection,False,False,False,0,1,31.08300465590635,1.5191103125873364,True,False
42,C_LEGACY_CONTRACT,OOD,103,stop_intersection,False,False,False,0,1,27.292440149317237,2.4251405217430806,True,False
42,C_LEGACY_CONTRACT,OOD,104,stop_intersection,False,False,False,0,1,27.21790845700533,2.787134227427569,True,False
42,C_LEGACY_CONTRACT,OOD,105,stop_intersection,False,False,False,0,1,21.33062703971232,2.7189648131261,True,False
42,C_LEGACY_CONTRACT,OOD,106,stop_intersection,False,False,False,0,1,31.195589735522013,1.4742608917386908,True,False
42,C_LEGACY_CONTRACT,OOD,107,stop_intersection,False,False,False,0,1,28.351051253334205,1.9682711778685105,True,False
42,C_LEGACY_CONTRACT,OOD,108,stop_intersection,False,False,False,0,1,24.67860682583335,1.7249350328194468,True,False
42,C_LEGACY_CONTRACT,OOD,109,stop_intersection,False,False,False,0,1,21.40456742503308,1.8233037719855438,True,False
42,C_LEGACY_CONTRACT,OOD,110,stop_intersection,False,False,False,0,1,24.33575827938988,2.751297578215599,True,False
42,C_LEGACY_CONTRACT,OOD,111,stop_intersection,False,False,False,0,1,23.62496892213565,2.474852990020405,True,False
42,C_LEGACY_CONTRACT,OOD,112,stop_intersection,False,False,False,0,1,24.585257139050768,2.3304367259792658,True,False
42,C_LEGACY_CONTRACT,OOD,113,stop_intersection,False,False,False,0,1,30.999489050212816,1.4273738319223577,True,False
42,C_LEGACY_CONTRACT,OOD,114,stop_intersection,False,False,False,0,1,24.144590719389555,1.7415242011730485,True,False
42,C_LEGACY_CONTRACT,OOD,115,stop_intersection,False,False,False,0,1,25.05658444224389,1.4697909032976304,True,False
42,C_LEGACY_CONTRACT,OOD,116,stop_intersection,False,False,False,0,1,21.61720714364109,1.9828880117053076,True,False
42,C_LEGACY_CONTRACT,OOD,117,stop_intersection,False,False,False,0,1,29.048220212463526,2.6450733059928533,True,False
42,C_LEGACY_CONTRACT,OOD,118,stop_intersection,False,False,False,0,1,28.65641764300898,1.4857565067909857,True,False
42,C_LEGACY_CONTRACT,OOD,119,stop_intersection,False,False,False,0,0,24.383339278039447,1.7752194726789319,True,False
42,C_LEGACY_CONTRACT,OOD,120,stop_intersection,False,False,False,0,1,31.28111767362926,2.210880134786878,True,False
42,C_LEGACY_CONTRACT,OOD,121,stop_intersection,False,False,False,0,1,21.522386318860576,2.9199588298797607,True,False
42,C_LEGACY_CONTRACT,OOD,122,stop_intersection,False,False,False,0,1,24.881828488487628,1.4391345657953403,True,False
42,C_LEGACY_CONTRACT,OOD,123,stop_intersection,False,False,False,0,1,31.67743637143402,1.3719449788331985,True,False
42,C_LEGACY_CONTRACT,OOD,124,stop_intersection,False,False,False,0,1,29.066491067908053,2.4127891590428905,True,False
42,C_LEGACY_CONTRACT,OOD,125,stop_intersection,False,False,False,0,1,24.215366441280153,1.2933359808391993,True,False
42,C_LEGACY_CONTRACT,OOD,126,stop_intersection,False,False,False,0,1,31.23104115266183,2.34986482107121,True,False
42,C_LEGACY_CONTRACT,OOD,127,stop_intersection,False,False,False,0,1,28.991724732326162,1.8294671955315962,True,False
42,C_LEGACY_CONTRACT,OOD,128,stop_intersection,False,False,False,0,1,29.844292155373452,1.3969038348448903,True,False
42,C_LEGACY_CONTRACT,OOD,129,stop_intersection,False,False,False,0,1,26.35528887869362,1.6702391398258698,True,False
42,C_LEGACY_CONTRACT,OOD,130,stop_intersection,False,False,False,0,1,22.222792924076412,1.187257170677185,True,False
42,C_LEGACY_CONTRACT,OOD,131,stop_intersection,False,False,False,0,1,24.65330096061788,2.8268362314273148,True,False
42,C_LEGACY_CONTRACT,OOD,132,stop_intersection,False,False,False,0,1,21.476571655197073,2.6720143672896595,True,False
42,C_LEGACY_CONTRACT,OOD,133,stop_intersection,False,False,False,0,0,25.376159871422168,2.0118941153798784,True,False
42,C_LEGACY_CONTRACT,OOD,134,stop_intersection,False,False,False,0,1,26.44726460960998,1.5160496975924516,True,False
42,C_LEGACY_CONTRACT,OOD,135,stop_intersection,False,False,False,0,1,21.937680663774344,1.3146248765480824,True,False
42,C_LEGACY_CONTRACT,OOD,136,stop_intersection,False,False,False,0,1,25.845095401861705,1.732872257361541,True,False
42,C_LEGACY_CONTRACT,OOD,137,stop_intersection,False,False,False,0,1,31.27161838566743,2.2127739136869256,True,False
42,C_LEGACY_CONTRACT,OOD,138,stop_intersection,False,False,False,0,1,31.168537969325538,2.502349123358726,True,False
42,C_LEGACY_CONTRACT,OOD,139,stop_intersection,False,False,False,0,1,27.922754830470517,1.499409400499784,True,False
42,C_LEGACY_CONTRACT,OOD,140,stop_intersection,False,False,False,0,1,25.38266248653894,1.2609291502407618,True,False
42,C_LEGACY_CONTRACT,OOD,141,stop_intersection,False,False,False,0,1,29.641580966399218,1.2789999468382014,True,False
42,C_LEGACY_CONTRACT,OOD,142,stop_intersection,False,False,False,0,1,23.257861485530817,2.7728982567787166,True,False
42,C_LEGACY_CONTRACT,OOD,143,stop_intersection,False,False,False,0,1,28.174258157214467,2.824971574108775,True,False
42,C_LEGACY_CONTRACT,OOD,144,stop_intersection,False,False,False,0,1,30.565601833935514,1.512258801704798,True,False
42,C_LEGACY_CONTRACT,OOD,145,stop_intersection,False,False,False,0,1,27.340039484926166,1.61364409327507,True,False
42,C_LEGACY_CONTRACT,OOD,146,stop_intersection,False,False,False,0,1,27.56088394506675,3.1752558656640955,True,False
42,C_LEGACY_CONTRACT,OOD,147,stop_intersection,False,False,False,0,1,21.277255162397736,1.5336993417224367,True,False
42,C_LEGACY_CONTRACT,OOD,148,stop_intersection,False,False,False,0,1,20.97893178709831,1.007811121997379,True,False
42,C_LEGACY_CONTRACT,OOD,149,stop_intersection,False,False,False,0,1,29.356339643687974,2.2363204595654507,True,False
42,C_LEGACY_CONTRACT,OOD,150,stop_intersection,False,False,False,0,1,23.344537702448967,2.411933398765066,True,False
42,C_LEGACY_CONTRACT,OOD,151,stop_intersection,False,False,False,0,1,23.556922011750046,1.421252324392921,True,False
42,C_LEGACY_CONTRACT,OOD,152,stop_intersection,False,False,False,0,1,31.04955603714436,1.4544978657284298,True,False
42,C_LEGACY_CONTRACT,OOD,153,stop_intersection,False,False,False,0,1,30.501473255727795,1.4081440611583431,True,False
42,C_LEGACY_CONTRACT,OOD,154,stop_intersection,False,False,False,0,1,21.316614032628458,1.81118169897481,True,False
42,C_LEGACY_CONTRACT,OOD,155,stop_intersection,False,False,False,0,1,24.553534115889367,1.6155285471015506,True,False
42,C_LEGACY_CONTRACT,OOD,156,stop_intersection,False,False,False,0,0,22.37919341874054,1.324832286685705,True,False
42,C_LEGACY_CONTRACT,OOD,157,stop_intersection,False,False,False,0,1,23.287383350469526,2.7853617607018886,True,False
42,C_LEGACY_CONTRACT,OOD,158,stop_intersection,False,False,False,0,1,30.868575245529186,2.1919090733971704,True,False
42,C_LEGACY_CONTRACT,OOD,159,stop_intersection,False,False,False,0,1,29.369514826649095,1.254771213198817,True,False
42,C_LEGACY_CONTRACT,OOD,160,stop_intersection,False,False,False,0,0,25.32234908205171,1.837636437267065,True,False
42,C_LEGACY_CONTRACT,OOD,161,stop_intersection,False,False,False,0,1,24.182802910472105,1.238412442414657,True,False
42,C_LEGACY_CONTRACT,OOD,162,stop_intersection,False,False,False,0,1,27.71338081863424,1.521903733874476,True,False
42,C_LEGACY_CONTRACT,OOD,163,stop_intersection,False,False,False,0,1,26.3143570787154,1.4451858699321745,True,False
42,C_LEGACY_CONTRACT,OOD,164,stop_intersection,False,False,False,0,1,24.534148815036474,1.3063326616619908,True,False
42,C_LEGACY_CONTRACT,OOD,165,stop_intersection,False,False,False,0,1,28.77153496789269,2.8692594238302926,True,False
42,C_LEGACY_CONTRACT,OOD,166,stop_intersection,False,False,False,0,1,27.065949360564474,3.1869668074143234,True,False
42,C_LEGACY_CONTRACT,OOD,167,stop_intersection,False,False,False,0,1,30.821079239415916,1.4216179951377534,True,False
42,C_LEGACY_CONTRACT,OOD,168,stop_intersection,False,False,False,0,1,31.52907922022458,1.3165065917101773,True,False
42,C_LEGACY_CONTRACT,OOD,169,stop_intersection,False,False,False,0,1,28.532246747515064,1.5067739058763552,True,False
42,C_LEGACY_CONTRACT,OOD,170,stop_intersection,False,False,False,0,1,21.06090331859289,1.4802809709157698,True,False
42,C_LEGACY_CONTRACT,OOD,171,stop_intersection,False,False,False,0,1,21.706678530234534,1.5147278175966157,True,False
42,C_LEGACY_CONTRACT,OOD,172,stop_intersection,False,False,False,0,1,22.12452125238871,1.6328315169383316,True,False
42,C_LEGACY_CONTRACT,OOD,173,stop_intersection,False,False,False,0,1,29.019088772081055,1.411221454972806,True,False
42,C_LEGACY_CONTRACT,OOD,174,stop_intersection,False,False,False,0,0,22.406963158327464,1.7073357643352616,True,False
42,C_LEGACY_CONTRACT,OOD,175,stop_intersection,False,False,False,0,1,28.071723979678758,1.6789419617917802,True,False
42,C_LEGACY_CONTRACT,OOD,176,stop_intersection,False,False,False,0,0,21.77912828053645,1.770403340861604,True,False
42,C_LEGACY_CONTRACT,OOD,177,stop_intersection,False,False,False,0,1,30.649372090226,2.8483595208423895,True,False
42,C_LEGACY_CONTRACT,OOD,178,stop_intersection,False,False,False,0,1,28.734615357355764,1.588088775935926,True,False
42,C_LEGACY_CONTRACT,OOD,179,stop_intersection,False,False,False,0,1,28.668957730245555,2.5818862344907676,True,False
42,C_LEGACY_CONTRACT,OOD,180,stop_intersection,False,False,False,0,1,21.856626802439088,1.2765477242923917,True,False
42,C_LEGACY_CONTRACT,OOD,181,stop_intersection,False,False,False,0,1,31.380808200546454,1.3443172723054886,True,False
42,C_LEGACY_CONTRACT,OOD,182,stop_intersection,False,False,False,0,1,23.171323724557283,1.4331983029842377,True,False
42,C_LEGACY_CONTRACT,OOD,183,stop_intersection,False,False,False,0,1,22.31789814645076,1.4145276264140478,True,False
42,C_LEGACY_CONTRACT,OOD,184,stop_intersection,False,False,False,0,1,30.278042290584047,2.5649538012438042,True,False
42,C_LEGACY_CONTRACT,OOD,185,stop_intersection,False,False,False,0,1,26.49540485588591,1.2363256319709446,True,False
42,C_LEGACY_CONTRACT,OOD,186,stop_intersection,False,False,False,0,1,30.496018633732866,2.4547612396153538,True,False
42,C_LEGACY_CONTRACT,OOD,187,stop_intersection,False,False,False,0,1,27.706967778968313,3.01435649394989,True,False
42,C_LEGACY_CONTRACT,OOD,188,stop_intersection,False,False,False,0,1,31.114094184859667,1.9943714412775906,True,False
42,C_LEGACY_CONTRACT,OOD,189,stop_intersection,False,False,False,0,1,30.02124342992453,1.475004634341678,True,False
42,C_LEGACY_CONTRACT,OOD,190,stop_intersection,False,False,False,0,1,24.93582776856166,2.946030591663561,True,False
42,C_LEGACY_CONTRACT,OOD,191,stop_intersection,False,False,False,0,1,26.874783263636438,2.5429775317509966,True,False
42,C_LEGACY_CONTRACT,OOD,192,stop_intersection,False,False,False,0,1,30.428314105412873,1.3806348068769587,True,False
42,C_LEGACY_CONTRACT,OOD,193,stop_intersection,False,False,False,0,1,24.384113634643327,1.2382020155588784,True,False
42,C_LEGACY_CONTRACT,OOD,194,stop_intersection,False,False,False,0,1,27.043984344310033,1.271532288817472,True,False
42,C_LEGACY_CONTRACT,OOD,195,stop_intersection,False,False,False,0,1,26.62362272816492,2.6635517725130406,True,False
42,C_LEGACY_CONTRACT,OOD,196,stop_intersection,False,False,False,0,1,23.066855823672608,1.3434232913312456,True,False
42,C_LEGACY_CONTRACT,OOD,197,stop_intersection,False,False,False,0,1,29.650535016639665,2.481870569966056,True,False
42,C_LEGACY_CONTRACT,OOD,198,stop_intersection,False,False,False,0,1,29.441888024283458,2.4789813290471616,True,False
42,C_LEGACY_CONTRACT,OOD,199,stop_intersection,False,False,False,0,1,28.544960837909485,2.09793037838406,True,False
42,C_LEGACY_CONTRACT,OOD,200,lead_brake,False,False,False,0,0,33.78115959316491,11.033414843181767,True,False
42,C_LEGACY_CONTRACT,OOD,201,lead_brake,False,False,False,0,0,30.637648355359513,6.491253963361184,True,False
42,C_LEGACY_CONTRACT,OOD,202,lead_brake,False,False,False,0,0,25.77500810676531,9.01803986976544,True,False
42,C_LEGACY_CONTRACT,OOD,203,lead_brake,False,False,False,0,0,30.626575568278064,10.614197930941978,True,False
42,C_LEGACY_CONTRACT,OOD,204,lead_brake,False,False,False,0,0,29.52045792668827,11.385216331730286,True,False
42,C_LEGACY_CONTRACT,OOD,205,lead_brake,False,False,False,0,0,28.302403503843106,7.865283004939556,True,False
42,C_LEGACY_CONTRACT,OOD,206,lead_brake,False,False,False,0,0,30.05075323461169,11.654234095166126,True,False
42,C_LEGACY_CONTRACT,OOD,207,lead_brake,False,False,False,0,0,32.72384678317162,11.327777172128359,True,False
42,C_LEGACY_CONTRACT,OOD,208,lead_brake,False,False,False,0,0,38.04414988601059,9.716234461714825,True,False
42,C_LEGACY_CONTRACT,OOD,209,lead_brake,False,False,False,0,0,30.531888420630647,8.10994743183255,True,False
42,C_LEGACY_CONTRACT,OOD,210,lead_brake,False,False,False,0,0,29.59278105211416,9.756014165778954,True,False
42,C_LEGACY_CONTRACT,OOD,211,lead_brake,False,False,False,0,0,36.412652188241445,8.96080007404089,True,False
42,C_LEGACY_CONTRACT,OOD,212,lead_brake,False,False,False,0,0,27.397225080853858,10.041693709790707,True,False
42,C_LEGACY_CONTRACT,OOD,213,lead_brake,False,False,False,0,0,30.716577862683618,8.432534474879501,True,False
42,C_LEGACY_CONTRACT,OOD,214,lead_brake,False,False,False,0,0,34.90078500229582,10.144553029288847,True,False
42,C_LEGACY_CONTRACT,OOD,215,lead_brake,False,False,False,0,0,26.616059520956455,10.01693070307374,True,False
42,C_LEGACY_CONTRACT,OOD,216,lead_brake,False,False,False,0,0,40.17581313904738,8.070918660610914,True,False
42,C_LEGACY_CONTRACT,OOD,217,lead_brake,False,False,False,0,0,34.648656985461734,10.599325391153492,True,False
42,C_LEGACY_CONTRACT,OOD,218,lead_brake,False,False,False,0,0,26.497741563492664,10.007077385981876,True,False
42,C_LEGACY_CONTRACT,OOD,219,lead_brake,False,False,False,0,0,34.33450525452551,6.1694140036900835,True,False
42,C_LEGACY_CONTRACT,OOD,220,lead_brake,False,False,False,0,0,35.15833506144613,6.389740011344354,True,False
42,C_LEGACY_CONTRACT,OOD,221,lead_brake,False,False,False,0,0,23.973001686781643,11.616402224948008,True,False
42,C_LEGACY_CONTRACT,OOD,222,lead_brake,False,False,False,0,0,39.719269551797744,7.046739316234985,True,False
42,C_LEGACY_CONTRACT,OOD,223,lead_brake,False,False,False,0,0,26.200519327891133,11.211300666133562,True,False
42,C_LEGACY_CONTRACT,OOD,224,lead_brake,False,False,False,0,0,31.200591942908584,10.788423890868822,True,False
42,C_LEGACY_CONTRACT,OOD,225,lead_brake,False,False,False,0,0,31.847306020011597,9.338397853076458,True,False
42,C_LEGACY_CONTRACT,OOD,226,lead_brake,False,False,False,0,0,27.0759802468121,11.002063864221176,True,False
42,C_LEGACY_CONTRACT,OOD,227,lead_brake,False,False,False,0,0,38.64129262138082,5.813123318056266,True,False
42,C_LEGACY_CONTRACT,OOD,228,lead_brake,False,False,False,0,0,39.71046161282713,9.750406462699175,True,False
42,C_LEGACY_CONTRACT,OOD,229,lead_brake,False,False,False,0,0,43.20950317636135,8.94429306810101,True,False
42,C_LEGACY_CONTRACT,OOD,230,lead_brake,False,False,False,0,0,34.03513744075408,6.267619766294956,True,False
42,C_LEGACY_CONTRACT,OOD,231,lead_brake,False,False,False,0,0,35.227393863964096,8.589386648188034,True,False
42,C_LEGACY_CONTRACT,OOD,232,lead_brake,False,False,False,0,0,32.75363104731799,10.864890551815428,True,False
42,C_LEGACY_CONTRACT,OOD,233,lead_brake,False,False,False,0,0,29.931524943199015,8.982087671756744,True,False
42,C_LEGACY_CONTRACT,OOD,234,lead_brake,False,False,False,0,0,29.06163157972693,10.920779133836428,True,False
42,C_LEGACY_CONTRACT,OOD,235,lead_brake,False,False,False,0,0,32.27184819480052,11.350563055525221,True,False
42,C_LEGACY_CONTRACT,OOD,236,lead_brake,False,False,False,0,0,42.642389389947,8.685993006452918,True,False
42,C_LEGACY_CONTRACT,OOD,237,lead_brake,False,False,False,0,0,40.500659372534365,8.701578810811043,True,False
42,C_LEGACY_CONTRACT,OOD,238,lead_brake,False,False,False,0,0,26.144046954959627,9.96962583810091,True,False
42,C_LEGACY_CONTRACT,OOD,239,lead_brake,False,False,False,0,0,34.39292192785485,10.474731980512539,True,False
42,C_LEGACY_CONTRACT,OOD,240,lead_brake,False,False,False,0,0,36.82429741442207,3.064862002929052,True,False
42,C_LEGACY_CONTRACT,OOD,241,lead_brake,False,False,False,0,0,25.67511451612232,8.808528983344633,True,False
42,C_LEGACY_CONTRACT,OOD,242,lead_brake,False,False,False,0,0,26.892679101999548,8.661960686246553,True,False
42,C_LEGACY_CONTRACT,OOD,243,lead_brake,False,False,False,0,0,31.011859863317397,8.695216331630945,True,False
42,C_LEGACY_CONTRACT,OOD,244,lead_brake,False,False,False,0,0,41.80679055020213,8.934311473121245,True,False
42,C_LEGACY_CONTRACT,OOD,245,lead_brake,False,False,False,0,0,43.62769707337027,9.43275719260176,True,False
42,C_LEGACY_CONTRACT,OOD,246,lead_brake,False,False,False,0,0,26.747367877802272,10.448996199915804,True,False
42,C_LEGACY_CONTRACT,OOD,247,lead_brake,False,False,False,0,0,31.404617892454276,10.154027628401915,True,False
42,C_LEGACY_CONTRACT,OOD,248,lead_brake,False,False,False,0,0,27.548137639468464,7.562159929424524,True,False
42,C_LEGACY_CONTRACT,OOD,249,lead_brake,False,False,False,0,0,23.9447126138309,10.09832039475441,True,False
42,C_LEGACY_CONTRACT,OOD,250,lead_brake,False,False,False,0,0,33.663138419990574,9.948325316111246,True,False
42,C_LEGACY_CONTRACT,OOD,251,lead_brake,False,False,False,0,0,30.940128287237084,10.434704986711342,True,False
42,C_LEGACY_CONTRACT,OOD,252,lead_brake,False,False,False,0,0,40.28671637810269,8.620989165579278,True,False
42,C_LEGACY_CONTRACT,OOD,253,lead_brake,False,False,False,0,0,28.81128372192381,4.972966517011324,True,False
42,C_LEGACY_CONTRACT,OOD,254,lead_brake,False,False,False,0,0,28.151069663533793,9.81141398102045,True,False
42,C_LEGACY_CONTRACT,OOD,255,lead_brake,False,False,False,0,0,34.50395566624897,10.177219169214368,True,False
42,C_LEGACY_CONTRACT,OOD,256,lead_brake,False,False,False,0,0,24.93532669737936,8.838271970550219,True,False
42,C_LEGACY_CONTRACT,OOD,257,lead_brake,False,False,False,0,0,30.925150171809005,7.349606569856404,True,False
42,C_LEGACY_CONTRACT,OOD,258,lead_brake,False,False,False,0,0,23.560592698696798,8.616299667706091,True,False
42,C_LEGACY_CONTRACT,OOD,259,lead_brake,False,False,False,0,0,43.29607893034819,8.764578872670729,True,False
42,C_LEGACY_CONTRACT,OOD,260,lead_brake,False,False,False,0,0,34.75662695216133,8.896309283872444,True,False
42,C_LEGACY_CONTRACT,OOD,261,lead_brake,False,False,False,0,0,28.734098523678455,11.14475176980098,True,False
42,C_LEGACY_CONTRACT,OOD,262,lead_brake,False,False,False,0,0,38.485363950080824,9.278876195351282,True,False
42,C_LEGACY_CONTRACT,OOD,263,lead_brake,False,False,False,0,0,30.64169096731073,8.555457127590973,True,False
42,C_LEGACY_CONTRACT,OOD,264,lead_brake,False,False,False,0,0,44.78161561742423,8.814425035069386,True,False
42,C_LEGACY_CONTRACT,OOD,265,lead_brake,False,False,False,0,0,40.28888552430183,9.693188675989706,True,False
42,C_LEGACY_CONTRACT,OOD,266,lead_brake,False,False,False,0,0,32.39041085716314,11.0331051175793,True,False
42,C_LEGACY_CONTRACT,OOD,267,lead_brake,False,False,False,0,0,29.56131835077824,11.102236698071161,True,False
42,C_LEGACY_CONTRACT,OOD,268,lead_brake,False,False,False,0,0,29.212504747261292,11.032360290487608,True,False
42,C_LEGACY_CONTRACT,OOD,269,lead_brake,False,False,False,0,0,31.57482412366082,10.934122247000534,True,False
42,C_LEGACY_CONTRACT,OOD,270,lead_brake,False,False,False,0,0,25.522918074604572,11.602318946272133,True,False
42,C_LEGACY_CONTRACT,OOD,271,lead_brake,False,False,False,0,0,36.342589451980125,4.4391202206412945,True,False
42,C_LEGACY_CONTRACT,OOD,272,lead_brake,False,False,False,0,0,34.31223538120448,9.715889596690733,True,False
42,C_LEGACY_CONTRACT,OOD,273,lead_brake,False,False,False,0,0,34.868957456588575,9.824761152267456,True,False
42,C_LEGACY_CONTRACT,OOD,274,lead_brake,False,False,False,0,0,37.304471509973766,3.3126570110519724,True,False
42,C_LEGACY_CONTRACT,OOD,275,lead_brake,False,False,False,0,0,33.08554788526192,5.422016044457753,True,False
42,C_LEGACY_CONTRACT,OOD,276,lead_brake,False,False,False,0,0,28.579875881343064,7.816695600748062,True,False
42,C_LEGACY_CONTRACT,OOD,277,lead_brake,False,False,False,0,0,29.616420470774198,11.491826310753822,True,False
42,C_LEGACY_CONTRACT,OOD,278,lead_brake,False,False,False,0,0,30.153190784867313,9.015376715610424,True,False
42,C_LEGACY_CONTRACT,OOD,279,lead_brake,False,False,False,0,0,38.82656948819756,11.179676255832115,True,False
42,C_LEGACY_CONTRACT,OOD,280,lead_brake,False,False,False,0,0,30.56456525835812,11.355394341051579,True,False
42,C_LEGACY_CONTRACT,OOD,281,lead_brake,False,False,False,0,0,31.440313915610297,10.482415638864039,True,False
42,C_LEGACY_CONTRACT,OOD,282,lead_brake,False,False,False,0,0,32.25729832601353,10.545445960015059,True,False
42,C_LEGACY_CONTRACT,OOD,283,lead_brake,False,False,False,0,0,36.62014531642198,11.056727163493633,True,False
42,C_LEGACY_CONTRACT,OOD,284,lead_brake,False,False,False,0,0,25.862630813703024,12.452446239689984,True,False
42,C_LEGACY_CONTRACT,OOD,285,lead_brake,False,False,False,0,0,35.36607435734633,9.182856758435566,True,False
42,C_LEGACY_CONTRACT,OOD,286,lead_brake,False,False,False,0,0,29.077872756648187,10.893611056109268,True,False
42,C_LEGACY_CONTRACT,OOD,287,lead_brake,False,False,False,0,0,32.59411963682592,7.672646225740512,True,False
42,C_LEGACY_CONTRACT,OOD,288,lead_brake,False,False,False,0,0,26.656772978775155,9.69343649347623,True,False
42,C_LEGACY_CONTRACT,OOD,289,lead_brake,False,False,False,0,0,39.86734165648747,9.49052987123529,True,False
42,C_LEGACY_CONTRACT,OOD,290,lead_brake,False,False,False,0,0,33.73483053275851,6.5560615956783295,True,False
42,C_LEGACY_CONTRACT,OOD,291,lead_brake,False,False,False,0,0,21.606430995315314,9.641798527290423,True,False
42,C_LEGACY_CONTRACT,OOD,292,lead_brake,False,False,False,0,0,36.18054253085544,6.828522543112437,True,False
42,C_LEGACY_CONTRACT,OOD,293,lead_brake,False,False,False,0,0,25.44656346166816,11.52305336172382,True,False
42,C_LEGACY_CONTRACT,OOD,294,lead_brake,False,False,False,0,0,26.708401177731258,10.397650023301443,True,False
42,C_LEGACY_CONTRACT,OOD,295,lead_brake,False,False,False,0,0,28.260989930033645,9.443089120090008,True,False
42,C_LEGACY_CONTRACT,OOD,296,lead_brake,False,False,False,0,0,35.64162622644771,9.976482972502708,True,False
42,C_LEGACY_CONTRACT,OOD,297,lead_brake,False,False,False,0,0,39.03159639786988,6.775909793873628,True,False
42,C_LEGACY_CONTRACT,OOD,298,lead_brake,False,False,False,0,0,21.206413153923965,11.16193508853515,True,False
42,C_LEGACY_CONTRACT,OOD,299,lead_brake,False,False,False,0,0,25.689064287517645,5.428780297438303,True,False
42,C2_PHASE_CONTRACT,ID,0,crosswalk,False,False,False,0,0,30.357926476896772,2.1756663783030072,True,False
42,C2_PHASE_CONTRACT,ID,1,crosswalk,False,False,False,0,0,35.20791452207235,0.373785945897301,True,False
42,C2_PHASE_CONTRACT,ID,2,crosswalk,False,False,False,0,0,32.77003735320561,2.1441584994847123,True,False
42,C2_PHASE_CONTRACT,ID,3,crosswalk,False,False,False,0,0,37.28588131563814,1.1990425120229304,True,False
42,C2_PHASE_CONTRACT,ID,4,crosswalk,False,False,False,0,0,32.418205940340286,2.2286515208807858,True,False
42,C2_PHASE_CONTRACT,ID,5,crosswalk,False,False,False,0,0,32.975631222114245,2.1227958604045534,True,False
42,C2_PHASE_CONTRACT,ID,6,crosswalk,False,False,False,0,0,28.34139408870262,0.40324917847388664,True,False
42,C2_PHASE_CONTRACT,ID,7,crosswalk,False,False,False,0,0,36.01042757683898,0.3699351195245981,True,False
42,C2_PHASE_CONTRACT,ID,8,crosswalk,False,False,False,0,0,27.02370865989475,1.93838938422825,True,False
42,C2_PHASE_CONTRACT,ID,9,crosswalk,False,False,False,0,0,38.40988412299388,0.38294598149756587,True,False
42,C2_PHASE_CONTRACT,ID,10,crosswalk,False,False,False,0,0,35.53444789273084,2.055148223172063,True,False
42,C2_PHASE_CONTRACT,ID,11,crosswalk,False,False,False,0,0,29.1017543396491,1.8935011869127099,True,False
42,C2_PHASE_CONTRACT,ID,12,crosswalk,False,False,False,0,0,28.059477954769093,2.3676320047754986,True,False
42,C2_PHASE_CONTRACT,ID,13,crosswalk,False,False,False,0,0,36.997410080559426,0.6889513541351664,True,False
42,C2_PHASE_CONTRACT,ID,14,crosswalk,False,False,False,0,0,32.411796090466666,1.9786236435174942,True,False
42,C2_PHASE_CONTRACT,ID,15,crosswalk,False,False,False,0,0,30.956290591725445,1.3754409708474813,True,False
42,C2_PHASE_CONTRACT,ID,16,crosswalk,False,False,False,0,0,34.76640284252033,0.42254796420985996,True,False
42,C2_PHASE_CONTRACT,ID,17,crosswalk,False,False,False,0,0,30.232902832919397,2.165425338528373,True,False
42,C2_PHASE_CONTRACT,ID,18,crosswalk,False,False,False,0,0,36.2118626518128,0.441085227898189,True,False
42,C2_PHASE_CONTRACT,ID,19,crosswalk,False,False,False,0,0,33.9924345154945,0.4168732396580956,True,False
42,C2_PHASE_CONTRACT,ID,20,crosswalk,False,False,False,0,0,36.94959655964673,1.6950958563635745,True,False
42,C2_PHASE_CONTRACT,ID,21,crosswalk,False,False,False,0,0,33.480188714396164,0.3706815158543379,True,False
42,C2_PHASE_CONTRACT,ID,22,crosswalk,False,False,False,0,0,36.21875440756173,0.5975514828510906,True,False
42,C2_PHASE_CONTRACT,ID,23,crosswalk,False,False,False,0,0,34.68946500005329,0.4319480132488977,True,False
42,C2_PHASE_CONTRACT,ID,24,crosswalk,False,False,False,0,0,36.69028693398121,2.074627373367548,True,False
42,C2_PHASE_CONTRACT,ID,25,crosswalk,False,False,False,0,0,37.09148438017868,1.9398255157284439,True,False
42,C2_PHASE_CONTRACT,ID,26,crosswalk,False,False,False,0,0,32.221267981680946,0.7731269406420844,True,False
42,C2_PHASE_CONTRACT,ID,27,crosswalk,False,False,False,0,0,32.40168579104831,0.7528098095208405,True,False
42,C2_PHASE_CONTRACT,ID,28,crosswalk,False,False,False,0,0,30.335996689612422,2.394475490835152,True,False
42,C2_PHASE_CONTRACT,ID,29,crosswalk,False,False,False,0,0,37.14492366502063,0.3573448836803436,True,False
42,C2_PHASE_CONTRACT,ID,30,crosswalk,False,False,False,0,0,26.210846552701426,1.899108902404183,True,False
42,C2_PHASE_CONTRACT,ID,31,crosswalk,False,False,False,0,0,38.23288037178853,0.3921906525890032,True,False
42,C2_PHASE_CONTRACT,ID,32,crosswalk,False,False,False,0,0,30.57466424161356,2.2742644734680653,True,False
42,C2_PHASE_CONTRACT,ID,33,crosswalk,False,False,False,0,0,27.369055445220937,1.802389919757843,True,False
42,C2_PHASE_CONTRACT,ID,34,crosswalk,False,False,False,0,0,28.196869562097014,2.1971002363023304,True,False
42,C2_PHASE_CONTRACT,ID,35,crosswalk,False,False,False,0,0,36.619376380561874,0.3978716302663088,True,False
42,C2_PHASE_CONTRACT,ID,36,crosswalk,False,False,False,0,0,32.990290242119755,2.1730564729027124,True,False
42,C2_PHASE_CONTRACT,ID,37,crosswalk,False,False,False,0,0,38.11446505321618,0.4077318434913953,True,False
42,C2_PHASE_CONTRACT,ID,38,crosswalk,False,False,False,0,0,34.57014020781012,0.3923968679231146,True,False
42,C2_PHASE_CONTRACT,ID,39,crosswalk,False,False,False,0,0,31.005396305075372,1.9313991069793701,True,False
42,C2_PHASE_CONTRACT,ID,40,crosswalk,False,False,False,0,0,34.894056937163604,0.3990942466518153,True,False
42,C2_PHASE_CONTRACT,ID,41,crosswalk,False,False,False,0,0,38.72859869584166,0.8071506209671497,True,False
42,C2_PHASE_CONTRACT,ID,42,crosswalk,False,False,False,0,0,38.35291815414719,1.154477313160896,True,False
42,C2_PHASE_CONTRACT,ID,43,crosswalk,False,False,False,0,0,31.354388377347753,2.0941019067540765,True,False
42,C2_PHASE_CONTRACT,ID,44,crosswalk,False,False,False,0,0,28.591602184737944,1.2175424728128643,True,False
42,C2_PHASE_CONTRACT,ID,45,crosswalk,False,False,False,0,0,29.442505859797354,1.4767103287435712,True,False
42,C2_PHASE_CONTRACT,ID,46,crosswalk,False,False,False,0,0,34.83058888750062,0.4312273930935632,True,False
42,C2_PHASE_CONTRACT,ID,47,crosswalk,False,False,False,0,0,32.620980594864825,0.5708792962526019,True,False
42,C2_PHASE_CONTRACT,ID,48,crosswalk,False,False,False,0,0,34.96738712829226,0.3945872025645297,True,False
42,C2_PHASE_CONTRACT,ID,49,crosswalk,False,False,False,0,0,29.386448796955904,0.637218014974343,True,False
42,C2_PHASE_CONTRACT,ID,50,crosswalk,False,False,False,0,0,31.304687376039922,1.930503323674202,True,False
42,C2_PHASE_CONTRACT,ID,51,crosswalk,False,False,False,0,0,34.957664849645596,2.0875400180617967,True,False
42,C2_PHASE_CONTRACT,ID,52,crosswalk,False,False,False,0,0,38.483287816764104,1.798278352488642,True,False
42,C2_PHASE_CONTRACT,ID,53,crosswalk,False,False,False,0,0,35.60472797280279,2.215116580270908,True,False
42,C2_PHASE_CONTRACT,ID,54,crosswalk,False,False,False,0,0,36.113438123693626,1.982624113721692,True,False
42,C2_PHASE_CONTRACT,ID,55,crosswalk,False,False,False,0,0,29.30472006046594,1.723400130867958,True,False
42,C2_PHASE_CONTRACT,ID,56,crosswalk,False,False,False,0,0,38.00408350927362,0.41261196813800116,True,False
42,C2_PHASE_CONTRACT,ID,57,crosswalk,False,False,False,0,0,34.2953378020691,0.447374477982521,True,False
42,C2_PHASE_CONTRACT,ID,58,crosswalk,False,False,False,0,0,33.21144867314776,2.172442467316337,True,False
42,C2_PHASE_CONTRACT,ID,59,crosswalk,False,False,False,0,0,33.45394955162265,0.371182936689128,True,False
42,C2_PHASE_CONTRACT,ID,60,crosswalk,False,False,False,0,0,32.94192357455913,0.7560633644461631,True,False
42,C2_PHASE_CONTRACT,ID,61,crosswalk,False,False,False,0,0,33.549764597075885,2.225538729266687,True,False
42,C2_PHASE_CONTRACT,ID,62,crosswalk,False,False,False,0,0,29.347844473051055,2.1233859793706373,True,False
42,C2_PHASE_CONTRACT,ID,63,crosswalk,False,False,False,0,0,37.31356160368907,2.0251968751351037,True,False
42,C2_PHASE_CONTRACT,ID,64,crosswalk,False,False,False,0,0,31.826493027545382,0.37161774594675406,True,False
42,C2_PHASE_CONTRACT,ID,65,crosswalk,False,False,False,0,0,29.133994799211628,1.9033949822187424,True,False
42,C2_PHASE_CONTRACT,ID,66,crosswalk,False,False,False,0,0,33.07103647254888,2.10863990628201,True,False
42,C2_PHASE_CONTRACT,ID,67,crosswalk,False,False,False,0,0,33.25031644484474,2.0408795158500257,True,False
42,C2_PHASE_CONTRACT,ID,68,crosswalk,False,False,False,0,0,32.035667021336856,0.449694499373436,True,False
42,C2_PHASE_CONTRACT,ID,69,crosswalk,False,False,False,0,0,29.93717715241067,2.0038532668893985,True,False
42,C2_PHASE_CONTRACT,ID,70,crosswalk,False,False,False,0,0,29.73018050417161,0.40062565263360733,True,False
42,C2_PHASE_CONTRACT,ID,71,crosswalk,False,False,False,0,0,29.490607801610146,1.3900559821299143,True,False
42,C2_PHASE_CONTRACT,ID,72,crosswalk,False,False,False,0,0,32.65493268840931,2.076484638858925,True,False
42,C2_PHASE_CONTRACT,ID,73,crosswalk,False,False,False,0,0,36.0638677162442,2.0446570528050265,True,False
42,C2_PHASE_CONTRACT,ID,74,crosswalk,False,False,False,0,0,28.36308134500858,2.4977135893545652,True,False
42,C2_PHASE_CONTRACT,ID,75,crosswalk,False,False,False,0,0,27.332139448406554,2.012207779017362,True,False
42,C2_PHASE_CONTRACT,ID,76,crosswalk,False,False,False,0,0,35.76951804344539,2.1306862495839596,True,False
42,C2_PHASE_CONTRACT,ID,77,crosswalk,False,False,False,0,0,36.56907438298878,2.039460948789897,True,False
42,C2_PHASE_CONTRACT,ID,78,crosswalk,False,False,False,0,0,37.62785560073565,0.5265654217113147,True,False
42,C2_PHASE_CONTRACT,ID,79,crosswalk,False,False,False,0,0,27.670541782091348,2.343680527475145,True,False
42,C2_PHASE_CONTRACT,ID,80,crosswalk,False,False,False,0,0,38.23925374924897,0.3407643506160149,True,False
42,C2_PHASE_CONTRACT,ID,81,crosswalk,False,False,False,0,0,33.100271204842464,1.9541162284819975,True,False
42,C2_PHASE_CONTRACT,ID,82,crosswalk,False,False,False,0,0,37.2375445083574,1.162956641478972,True,False
42,C2_PHASE_CONTRACT,ID,83,crosswalk,False,False,False,0,0,30.927538327658677,0.39116601149241126,True,False
42,C2_PHASE_CONTRACT,ID,84,crosswalk,False,False,False,0,0,29.841752449956857,2.01308091933077,True,False
42,C2_PHASE_CONTRACT,ID,85,crosswalk,False,False,False,0,0,37.99059727650261,0.4196271851010944,True,False
42,C2_PHASE_CONTRACT,ID,86,crosswalk,False,False,False,0,0,33.55798258083806,2.1294458469618918,True,False
42,C2_PHASE_CONTRACT,ID,87,crosswalk,False,False,False,0,0,34.502656862818164,1.8483740319921211,True,False
42,C2_PHASE_CONTRACT,ID,88,crosswalk,False,False,False,0,0,35.339335480342804,2.1025271713733673,True,False
42,C2_PHASE_CONTRACT,ID,89,crosswalk,False,False,False,0,0,30.520879840294977,2.3344245105981822,True,False
42,C2_PHASE_CONTRACT,ID,90,crosswalk,False,False,False,0,0,32.74413911318634,2.028369113155033,True,False
42,C2_PHASE_CONTRACT,ID,91,crosswalk,False,False,False,0,0,36.20120875660169,0.34874266088008876,True,False
42,C2_PHASE_CONTRACT,ID,92,crosswalk,False,False,False,0,0,30.475983216564316,2.3143979869782925,True,False
42,C2_PHASE_CONTRACT,ID,93,crosswalk,False,False,False,0,0,33.48283112770406,0.44412064410391305,True,False
42,C2_PHASE_CONTRACT,ID,94,crosswalk,False,False,False,0,0,33.6998719476626,1.762544342006246,True,False
42,C2_PHASE_CONTRACT,ID,95,crosswalk,False,False,False,0,0,36.657291672399786,2.074955894301335,True,False
42,C2_PHASE_CONTRACT,ID,96,crosswalk,False,False,False,0,0,38.548461685239275,1.355506667624349,True,False
42,C2_PHASE_CONTRACT,ID,97,crosswalk,False,False,False,0,0,29.008549260216657,1.8480589985847473,True,False
42,C2_PHASE_CONTRACT,ID,98,crosswalk,False,False,False,0,0,33.635973320173164,2.010265190316283,True,False
42,C2_PHASE_CONTRACT,ID,99,crosswalk,False,False,False,0,0,28.58861558816846,2.178147009440831,True,False
42,C2_PHASE_CONTRACT,ID,100,stop_intersection,False,False,False,0,1,32.583013767937175,1.4999392552253525,True,False
42,C2_PHASE_CONTRACT,ID,101,stop_intersection,False,False,False,0,1,37.853910647144346,1.4712008975801012,True,False
42,C2_PHASE_CONTRACT,ID,102,stop_intersection,False,False,False,0,1,28.224060824343105,1.575750204233023,True,False
42,C2_PHASE_CONTRACT,ID,103,stop_intersection,False,False,False,0,1,34.456194603804846,1.3705609667868839,True,False
42,C2_PHASE_CONTRACT,ID,104,stop_intersection,False,False,False,0,1,31.28246087798484,1.5577403092995667,True,False
42,C2_PHASE_CONTRACT,ID,105,stop_intersection,False,False,False,0,1,32.766796494878534,1.431394338607788,True,False
42,C2_PHASE_CONTRACT,ID,106,stop_intersection,False,False,False,0,1,30.29397410644458,1.679405303377854,True,False
42,C2_PHASE_CONTRACT,ID,107,stop_intersection,False,False,False,0,1,27.340749346168217,1.5031962175118296,True,False
42,C2_PHASE_CONTRACT,ID,108,stop_intersection,False,False,False,0,1,28.23612561687732,1.7252973506325169,True,False
42,C2_PHASE_CONTRACT,ID,109,stop_intersection,False,False,False,0,1,30.41166527047184,1.567910125381068,True,False
42,C2_PHASE_CONTRACT,ID,110,stop_intersection,False,False,False,0,1,34.18186872246822,1.7060462149178108,True,False
42,C2_PHASE_CONTRACT,ID,111,stop_intersection,False,False,False,0,1,29.681711724255486,1.4525362925651746,True,False
42,C2_PHASE_CONTRACT,ID,112,stop_intersection,False,False,False,0,1,29.814474257612414,1.5280807488843013,True,False
42,C2_PHASE_CONTRACT,ID,113,stop_intersection,False,False,False,0,1,32.78861096201835,1.5209080928411238,True,False
42,C2_PHASE_CONTRACT,ID,114,stop_intersection,False,False,False,0,1,31.19881183185735,1.7557663183945875,True,False
42,C2_PHASE_CONTRACT,ID,115,stop_intersection,False,False,False,0,1,36.50150725618066,1.5106174633616491,True,False
42,C2_PHASE_CONTRACT,ID,116,stop_intersection,False,False,False,0,1,34.12287012775559,1.5352609390165746,True,False
42,C2_PHASE_CONTRACT,ID,117,stop_intersection,False,False,False,0,1,35.30437260120181,1.4696836616934799,True,False
42,C2_PHASE_CONTRACT,ID,118,stop_intersection,False,False,False,0,1,36.2286586472329,1.515822687814402,True,False
42,C2_PHASE_CONTRACT,ID,119,stop_intersection,False,False,False,0,1,28.499074399996186,1.5509626600477429,True,False
42,C2_PHASE_CONTRACT,ID,120,stop_intersection,False,False,False,0,1,27.14812822693041,1.6834664013650682,True,False
42,C2_PHASE_CONTRACT,ID,121,stop_intersection,False,False,False,0,1,37.205107741782264,1.4578981833024458,True,False
42,C2_PHASE_CONTRACT,ID,122,stop_intersection,False,False,False,0,1,36.609140168923844,1.4310084689747204,True,False
42,C2_PHASE_CONTRACT,ID,123,stop_intersection,False,False,False,0,1,28.917543399323066,1.5153340446321586,True,False
42,C2_PHASE_CONTRACT,ID,124,stop_intersection,False,False,False,0,1,30.12679482016056,1.475801725645323,True,False
42,C2_PHASE_CONTRACT,ID,125,stop_intersection,False,False,False,0,1,33.06519987307286,1.637477309275896,True,False
42,C2_PHASE_CONTRACT,ID,126,stop_intersection,False,False,False,0,1,29.44423405487553,1.5054466112239941,True,False
42,C2_PHASE_CONTRACT,ID,127,stop_intersection,False,False,False,0,1,32.65773267171027,1.4715754374479635,True,False
42,C2_PHASE_CONTRACT,ID,128,stop_intersection,False,False,False,0,1,32.562419898890546,1.6586463451385496,True,False
42,C2_PHASE_CONTRACT,ID,129,stop_intersection,False,False,False,0,1,31.833032048469942,1.7706234027177858,True,False
42,C2_PHASE_CONTRACT,ID,130,stop_intersection,False,False,False,0,1,28.23153613444895,1.680767890569326,True,False
42,C2_PHASE_CONTRACT,ID,131,stop_intersection,False,False,False,0,1,28.107705796622092,1.637356032927831,True,False
42,C2_PHASE_CONTRACT,ID,132,stop_intersection,False,False,False,0,1,32.49586929170984,1.6141832321882248,True,False
42,C2_PHASE_CONTRACT,ID,133,stop_intersection,False,False,False,0,1,33.33294498606028,1.5046102801958718,True,False
42,C2_PHASE_CONTRACT,ID,134,stop_intersection,False,False,False,0,1,30.260382462476606,1.5574945062398908,True,False
42,C2_PHASE_CONTRACT,ID,135,stop_intersection,False,False,False,0,1,33.62668601227895,1.7072550505399702,True,False
42,C2_PHASE_CONTRACT,ID,136,stop_intersection,False,False,False,0,1,30.224649157407157,1.576313831304249,True,False
42,C2_PHASE_CONTRACT,ID,137,stop_intersection,False,False,False,0,1,34.036451835645586,1.7080917507410047,True,False
42,C2_PHASE_CONTRACT,ID,138,stop_intersection,False,False,False,0,1,38.63594844357456,1.4885556004768192,True,False
42,C2_PHASE_CONTRACT,ID,139,stop_intersection,False,False,False,0,1,26.636815153377782,1.7649773018700734,True,False
42,C2_PHASE_CONTRACT,ID,140,stop_intersection,False,False,False,0,1,27.973643821498932,1.6598562936525088,True,False
42,C2_PHASE_CONTRACT,ID,141,stop_intersection,False,False,False,0,1,29.099679219688475,1.6477438888034304,True,False
42,C2_PHASE_CONTRACT,ID,142,stop_intersection,False,False,False,0,1,36.50163153759265,1.4953292143054124,True,False
42,C2_PHASE_CONTRACT,ID,143,stop_intersection,False,False,False,0,1,37.90521206797844,1.3586843420158734,True,False
42,C2_PHASE_CONTRACT,ID,144,stop_intersection,False,False,False,0,1,30.824831988486572,1.6157095248882585,True,False
42,C2_PHASE_CONTRACT,ID,145,stop_intersection,False,False,False,0,1,27.226421091696146,1.5792299144797854,True,False
42,C2_PHASE_CONTRACT,ID,146,stop_intersection,False,False,False,0,1,29.962885736708166,1.7140380235818715,True,False
42,C2_PHASE_CONTRACT,ID,147,stop_intersection,False,False,False,0,1,32.21517358857119,1.3860119842901464,True,False
42,C2_PHASE_CONTRACT,ID,148,stop_intersection,False,False,False,0,1,32.21875325859857,1.5445969700813293,True,False
42,C2_PHASE_CONTRACT,ID,149,stop_intersection,False,False,False,0,1,28.483928213425767,1.5751257042090097,True,False
42,C2_PHASE_CONTRACT,ID,150,stop_intersection,False,False,False,0,1,28.323799265254067,1.2601727001707663,True,False
42,C2_PHASE_CONTRACT,ID,151,stop_intersection,False,False,False,0,1,27.932423720487115,1.1346827768811991,True,False
42,C2_PHASE_CONTRACT,ID,152,stop_intersection,False,False,False,0,1,20.82002164245621,1.156037151813507,True,False
42,C2_PHASE_CONTRACT,ID,153,stop_intersection,False,False,False,0,1,20.759497417626925,1.4981514325534755,True,False
42,C2_PHASE_CONTRACT,ID,154,stop_intersection,False,False,False,0,1,28.282865069748837,1.1404035478830337,True,False
42,C2_PHASE_CONTRACT,ID,155,stop_intersection,False,False,False,0,1,22.241095641254983,1.0742044687271117,True,False
42,C2_PHASE_CONTRACT,ID,156,stop_intersection,False,False,False,0,1,28.36972460661424,1.0560728494937603,True,False
42,C2_PHASE_CONTRACT,ID,157,stop_intersection,False,False,False,0,1,24.42971713279636,1.3040046929381788,True,False
42,C2_PHASE_CONTRACT,ID,158,stop_intersection,False,False,False,0,1,26.21114394335386,1.2561538286507128,True,False
42,C2_PHASE_CONTRACT,ID,159,stop_intersection,False,False,False,0,1,21.188633821321858,1.2320085234940052,True,False
42,C2_PHASE_CONTRACT,ID,160,stop_intersection,False,False,False,0,1,28.348877087349248,1.1192114651203156,True,False
42,C2_PHASE_CONTRACT,ID,161,stop_intersection,False,False,False,0,1,22.056885141515238,1.203481192174165,True,False
42,C2_PHASE_CONTRACT,ID,162,stop_intersection,False,False,False,0,1,25.982155914138804,1.2512439748515252,True,False
42,C2_PHASE_CONTRACT,ID,163,stop_intersection,False,False,False,0,1,22.125361808899857,1.1823469436928338,True,False
42,C2_PHASE_CONTRACT,ID,164,stop_intersection,False,False,False,0,1,21.288678461435808,1.259142095627992,True,False
42,C2_PHASE_CONTRACT,ID,165,stop_intersection,False,False,False,0,1,21.085197606607615,1.2956087465087573,True,False
42,C2_PHASE_CONTRACT,ID,166,stop_intersection,False,False,False,0,1,21.841796939887026,1.224156045057672,True,False
42,C2_PHASE_CONTRACT,ID,167,stop_intersection,False,False,False,0,1,22.981356409156504,1.3946012209387533,True,False
42,C2_PHASE_CONTRACT,ID,168,stop_intersection,False,False,False,0,1,26.567827951541048,1.0952601355372689,True,False
42,C2_PHASE_CONTRACT,ID,169,stop_intersection,False,False,False,0,1,22.18736118754626,1.2239395711157057,True,False
42,C2_PHASE_CONTRACT,ID,170,stop_intersection,False,False,False,0,1,22.018562129963037,1.1028427124023437,True,False
42,C2_PHASE_CONTRACT,ID,171,stop_intersection,False,False,False,0,1,22.353068651555787,1.1307847850462969,True,False
42,C2_PHASE_CONTRACT,ID,172,stop_intersection,False,False,False,0,1,22.816707862185677,1.3288855947554112,True,False
42,C2_PHASE_CONTRACT,ID,173,stop_intersection,False,False,False,0,1,22.540691762373896,1.1901984189419035,True,False
42,C2_PHASE_CONTRACT,ID,174,stop_intersection,False,False,False,0,1,27.96916256959431,1.2995258224557855,True,False
42,C2_PHASE_CONTRACT,ID,175,stop_intersection,False,False,False,0,1,23.11942583832574,1.0991053104400634,True,False
42,C2_PHASE_CONTRACT,ID,176,stop_intersection,False,False,False,0,1,22.598205428168363,1.2822953695241284,True,False
42,C2_PHASE_CONTRACT,ID,177,stop_intersection,False,False,False,0,1,27.97696994612202,1.275880539959127,True,False
42,C2_PHASE_CONTRACT,ID,178,stop_intersection,False,False,False,0,1,25.48289832797279,1.2628864835609088,True,False
42,C2_PHASE_CONTRACT,ID,179,stop_intersection,False,False,False,0,1,22.198376844531907,1.2971189777765952,True,False
42,C2_PHASE_CONTRACT,ID,180,stop_intersection,False,False,False,0,1,22.44809382781656,1.142289808818272,True,False
42,C2_PHASE_CONTRACT,ID,181,stop_intersection,False,False,False,0,1,28.49499765599083,1.099911226945765,True,False
42,C2_PHASE_CONTRACT,ID,182,stop_intersection,False,False,False,0,1,22.060968736270333,1.1956310145398403,True,False
42,C2_PHASE_CONTRACT,ID,183,stop_intersection,False,False,False,0,1,21.655143378858646,1.1202241365726178,True,False
42,C2_PHASE_CONTRACT,ID,184,stop_intersection,False,False,False,0,1,20.879203008429595,1.3725087799779747,True,False
42,C2_PHASE_CONTRACT,ID,185,stop_intersection,False,False,False,0,1,22.826027717853112,1.2768222140553203,True,False
42,C2_PHASE_CONTRACT,ID,186,stop_intersection,False,False,False,0,1,28.301351986627694,1.3387640096247195,True,False
42,C2_PHASE_CONTRACT,ID,187,stop_intersection,False,False,False,0,1,21.50140457390571,1.447135220799181,True,False
42,C2_PHASE_CONTRACT,ID,188,stop_intersection,False,False,False,0,1,27.51545378791463,1.289651258425279,True,False
42,C2_PHASE_CONTRACT,ID,189,stop_intersection,False,False,False,0,1,28.522289946278516,1.1265295321265092,True,False
42,C2_PHASE_CONTRACT,ID,190,stop_intersection,False,False,False,0,1,21.49907315948445,1.2127292156219482,True,False
42,C2_PHASE_CONTRACT,ID,191,stop_intersection,False,False,False,0,1,27.53409385635647,1.3486158789859877,True,False
42,C2_PHASE_CONTRACT,ID,192,stop_intersection,False,False,False,0,1,26.667613818600188,1.2989282585680484,True,False
42,C2_PHASE_CONTRACT,ID,193,stop_intersection,False,False,False,0,1,27.67072983759342,1.273309976607561,True,False
42,C2_PHASE_CONTRACT,ID,194,stop_intersection,False,False,False,0,1,25.377033239796276,1.2649120573027461,True,False
42,C2_PHASE_CONTRACT,ID,195,stop_intersection,False,False,False,0,1,20.640664754570928,1.370306336023706,True,False
42,C2_PHASE_CONTRACT,ID,196,stop_intersection,False,False,False,0,1,27.030942328573325,1.2039636708796024,True,False
42,C2_PHASE_CONTRACT,ID,197,stop_intersection,False,False,False,0,1,20.769560896644663,1.3050976666537197,True,False
42,C2_PHASE_CONTRACT,ID,198,stop_intersection,False,False,False,0,1,23.51520883588709,1.438370527360927,True,False
42,C2_PHASE_CONTRACT,ID,199,stop_intersection,False,False,False,0,1,28.01608199825418,1.3399017295903628,True,False
42,C2_PHASE_CONTRACT,ID,200,lead_brake,False,False,False,0,0,71.08885997992547,9.815525998671848,True,False
42,C2_PHASE_CONTRACT,ID,201,lead_brake,False,False,False,0,0,93.97750586271282,2.7609236252804594,True,False
42,C2_PHASE_CONTRACT,ID,202,lead_brake,False,False,False,0,0,55.08198438302668,10.261756933294237,True,False
42,C2_PHASE_CONTRACT,ID,203,lead_brake,False,False,False,0,0,75.28986971717923,4.169316391150157,True,False
42,C2_PHASE_CONTRACT,ID,204,lead_brake,False,False,False,0,0,97.30375030344285,0.08302132319658993,True,False
42,C2_PHASE_CONTRACT,ID,205,lead_brake,False,False,False,0,0,74.49215807609934,0.6861788133780161,True,False
42,C2_PHASE_CONTRACT,ID,206,lead_brake,False,False,False,0,0,88.84281570857291,2.8460246448715525,True,False
42,C2_PHASE_CONTRACT,ID,207,lead_brake,False,False,False,0,0,77.08213998566816,8.655401801069576,True,False
42,C2_PHASE_CONTRACT,ID,208,lead_brake,False,False,False,0,0,58.44552449270925,10.824381355506677,True,False
42,C2_PHASE_CONTRACT,ID,209,lead_brake,False,False,False,0,0,87.8023879257681,5.476918204997976,True,False
42,C2_PHASE_CONTRACT,ID,210,lead_brake,False,False,False,0,0,74.94755974215853,7.57781173226734,True,False
42,C2_PHASE_CONTRACT,ID,211,lead_brake,False,False,False,0,0,84.8856363287153,6.361302686234314,True,False
42,C2_PHASE_CONTRACT,ID,212,lead_brake,False,False,False,0,0,77.34126569760195,4.916191089277466,True,False
42,C2_PHASE_CONTRACT,ID,213,lead_brake,False,False,False,0,0,73.85109471848254,9.702087090040246,True,False
42,C2_PHASE_CONTRACT,ID,214,lead_brake,False,False,False,0,0,86.5801137858294,2.871173538888494,True,False
42,C2_PHASE_CONTRACT,ID,215,lead_brake,False,False,False,0,0,96.18155898258061,0.3634093875686327,True,False
42,C2_PHASE_CONTRACT,ID,216,lead_brake,False,False,False,0,0,98.8516383379698,0.030795385440190632,True,False
42,C2_PHASE_CONTRACT,ID,217,lead_brake,False,False,False,0,0,70.74130206102568,9.986654713749884,True,False
42,C2_PHASE_CONTRACT,ID,218,lead_brake,False,False,False,0,0,68.63078286595061,2.5375539530068636,True,False
42,C2_PHASE_CONTRACT,ID,219,lead_brake,False,False,False,0,0,70.76232378270059,5.147124605253339,True,False
42,C2_PHASE_CONTRACT,ID,220,lead_brake,False,False,False,0,0,70.55117884068206,10.410954852278033,True,False
42,C2_PHASE_CONTRACT,ID,221,lead_brake,False,False,False,0,0,78.29891158471338,8.492169331138332,True,False
42,C2_PHASE_CONTRACT,ID,222,lead_brake,False,False,False,0,0,79.62104588987135,8.864085133497912,True,False
42,C2_PHASE_CONTRACT,ID,223,lead_brake,False,False,False,0,0,66.40394298451267,3.109335216383139,True,False
42,C2_PHASE_CONTRACT,ID,224,lead_brake,False,False,False,0,0,74.99879412466933,8.688425024350485,True,False
42,C2_PHASE_CONTRACT,ID,225,lead_brake,False,False,False,0,0,65.4414904149534,10.427543447042504,True,False
42,C2_PHASE_CONTRACT,ID,226,lead_brake,False,False,False,0,0,65.91508320245612,6.163143272822101,True,False
42,C2_PHASE_CONTRACT,ID,227,lead_brake,False,False,False,0,0,71.69553353009044,6.087558208033442,True,False
42,C2_PHASE_CONTRACT,ID,228,lead_brake,False,False,False,0,0,80.42108096415174,7.191643254831433,True,False
42,C2_PHASE_CONTRACT,ID,229,lead_brake,False,False,False,0,0,67.12595342318855,9.868124244113762,True,False
42,C2_PHASE_CONTRACT,ID,230,lead_brake,False,False,False,0,0,84.53383249861263,0.8220638905962309,True,False
42,C2_PHASE_CONTRACT,ID,231,lead_brake,False,False,False,0,0,79.61611492731339,3.026912196849783,True,False
42,C2_PHASE_CONTRACT,ID,232,lead_brake,False,False,False,0,0,76.60121576166377,1.1171503961086273,True,False
42,C2_PHASE_CONTRACT,ID,233,lead_brake,False,False,False,0,0,94.98036712686032,1.1186127513647077,True,False
42,C2_PHASE_CONTRACT,ID,234,lead_brake,False,False,False,0,0,80.88840101399418,2.420475867887338,True,False
42,C2_PHASE_CONTRACT,ID,235,lead_brake,False,False,False,0,0,83.58204250524929,0.979463741183281,True,False
42,C2_PHASE_CONTRACT,ID,236,lead_brake,False,False,False,0,0,65.08283696871896,1.9389461117486158,True,False
42,C2_PHASE_CONTRACT,ID,237,lead_brake,False,False,False,0,0,80.42960399507363,3.315122641002138,True,False
42,C2_PHASE_CONTRACT,ID,238,lead_brake,False,False,False,0,0,83.16710793757561,0.7124890759587288,True,False
42,C2_PHASE_CONTRACT,ID,239,lead_brake,False,False,False,0,0,52.724660840822956,10.317368591825167,True,False
42,C2_PHASE_CONTRACT,ID,240,lead_brake,False,False,False,0,0,73.93502125796883,9.544346620018283,True,False
42,C2_PHASE_CONTRACT,ID,241,lead_brake,False,False,False,0,0,59.03179536576762,8.945850433781743,True,False
42,C2_PHASE_CONTRACT,ID,242,lead_brake,False,False,False,0,0,67.19061582854012,4.17142603546381,True,False
42,C2_PHASE_CONTRACT,ID,243,lead_brake,False,False,False,0,0,53.798631960262426,11.675476877639689,True,False
42,C2_PHASE_CONTRACT,ID,244,lead_brake,False,False,False,0,0,54.81257499084941,9.032642575601736,True,False
42,C2_PHASE_CONTRACT,ID,245,lead_brake,False,False,False,0,0,75.89579027788906,0.5167159363627434,True,False
42,C2_PHASE_CONTRACT,ID,246,lead_brake,False,False,False,0,0,98.72907106064265,0.057839500407377877,True,False
42,C2_PHASE_CONTRACT,ID,247,lead_brake,False,False,False,0,0,80.40969877672876,8.059039026498795,True,False
42,C2_PHASE_CONTRACT,ID,248,lead_brake,False,False,False,0,0,66.97355257954781,9.769438465436298,True,False
42,C2_PHASE_CONTRACT,ID,249,lead_brake,False,False,False,0,0,98.40436184088854,0.0532506334905823,True,False
42,C2_PHASE_CONTRACT,ID,250,lead_brake,False,False,False,0,0,70.32679473488436,9.008169426893193,True,False
42,C2_PHASE_CONTRACT,ID,251,lead_brake,False,False,False,0,0,73.41899579613217,2.1676704467584686,True,False
42,C2_PHASE_CONTRACT,ID,252,lead_brake,False,False,False,0,0,87.00794371622295,4.339662866666913,True,False
42,C2_PHASE_CONTRACT,ID,253,lead_brake,False,False,False,0,0,87.69187701393595,3.680256593351563,True,False
42,C2_PHASE_CONTRACT,ID,254,lead_brake,False,False,False,0,0,95.72094251747384,1.584631969531377,True,False
42,C2_PHASE_CONTRACT,ID,255,lead_brake,False,False,False,0,0,62.02297646363447,7.021515259208778,True,False
42,C2_PHASE_CONTRACT,ID,256,lead_brake,False,False,False,0,0,71.96749241435398,1.5661500891049702,True,False
42,C2_PHASE_CONTRACT,ID,257,lead_brake,False,False,False,0,0,78.73756347788814,4.4219043248643475,True,False
42,C2_PHASE_CONTRACT,ID,258,lead_brake,False,False,False,0,0,79.16467454499684,7.939552123347918,True,False
42,C2_PHASE_CONTRACT,ID,259,lead_brake,False,False,False,0,0,97.89543831134147,0.15127621063341695,True,False
42,C2_PHASE_CONTRACT,ID,260,lead_brake,False,False,False,0,0,71.71860028814876,9.431938335299492,True,False
42,C2_PHASE_CONTRACT,ID,261,lead_brake,False,False,False,0,0,78.12603848963983,8.685599114124972,True,False
42,C2_PHASE_CONTRACT,ID,262,lead_brake,False,False,False,0,0,90.04931759293267,1.1005312980463107,True,False
42,C2_PHASE_CONTRACT,ID,263,lead_brake,False,False,False,0,0,77.83630904214402,8.70576615134875,True,False
42,C2_PHASE_CONTRACT,ID,264,lead_brake,False,False,False,0,0,97.08402013513465,0.10066032906373341,True,False
42,C2_PHASE_CONTRACT,ID,265,lead_brake,False,False,False,0,0,84.63814691700043,1.1161254520217576,True,False
42,C2_PHASE_CONTRACT,ID,266,lead_brake,False,False,False,0,0,86.76619384921086,2.2442459886272745,True,False
42,C2_PHASE_CONTRACT,ID,267,lead_brake,False,False,False,0,0,85.4086887711579,2.2699999461571374,True,False
42,C2_PHASE_CONTRACT,ID,268,lead_brake,False,False,False,0,0,84.53110720123318,3.041384301458796,True,False
42,C2_PHASE_CONTRACT,ID,269,lead_brake,False,False,False,0,0,58.28772228325854,11.767397401233515,True,False
42,C2_PHASE_CONTRACT,ID,270,lead_brake,False,False,False,0,0,73.41828520948579,9.604328781366348,True,False
42,C2_PHASE_CONTRACT,ID,271,lead_brake,False,False,False,0,0,57.617021214705865,10.425869305928547,True,False
42,C2_PHASE_CONTRACT,ID,272,lead_brake,False,False,False,0,0,76.36311757317948,9.036557352170348,True,False
42,C2_PHASE_CONTRACT,ID,273,lead_brake,False,False,False,0,0,60.201967509195995,4.168750496581197,True,False
42,C2_PHASE_CONTRACT,ID,274,lead_brake,False,False,False,0,0,58.83970974697951,9.879527152826387,True,False
42,C2_PHASE_CONTRACT,ID,275,lead_brake,False,False,False,0,0,86.88297147899577,3.8964676999797425,True,False
42,C2_PHASE_CONTRACT,ID,276,lead_brake,False,False,False,0,0,53.53639512762503,5.8115156240140395,True,False
42,C2_PHASE_CONTRACT,ID,277,lead_brake,False,False,False,0,0,60.475316369237405,10.416897757910192,True,False
42,C2_PHASE_CONTRACT,ID,278,lead_brake,False,False,False,0,0,81.67675122905692,2.5980928204953666,True,False
42,C2_PHASE_CONTRACT,ID,279,lead_brake,False,False,False,0,0,64.47841323056127,2.2280009165406227,True,False
42,C2_PHASE_CONTRACT,ID,280,lead_brake,False,False,False,0,0,85.75413878303237,2.1644142661243673,True,False
42,C2_PHASE_CONTRACT,ID,281,lead_brake,False,False,False,0,0,89.26206508498052,0.5403976862629254,True,False
42,C2_PHASE_CONTRACT,ID,282,lead_brake,False,False,False,0,0,72.91299187559532,2.1204092937211194,True,False
42,C2_PHASE_CONTRACT,ID,283,lead_brake,False,False,False,0,0,69.07512727356055,0.8232482274373372,True,False
42,C2_PHASE_CONTRACT,ID,284,lead_brake,False,False,False,0,0,60.61063547197107,11.557061870892841,True,False
42,C2_PHASE_CONTRACT,ID,285,lead_brake,False,False,False,0,0,83.12618142109008,2.6544034785280624,True,False
42,C2_PHASE_CONTRACT,ID,286,lead_brake,False,False,False,0,0,60.700112512832895,9.627690270543098,True,False
42,C2_PHASE_CONTRACT,ID,287,lead_brake,False,False,False,0,0,88.25245679673998,2.3066262993961573,True,False
42,C2_PHASE_CONTRACT,ID,288,lead_brake,False,False,False,0,0,80.75666677537656,7.517117724443475,True,False
42,C2_PHASE_CONTRACT,ID,289,lead_brake,False,False,False,0,0,78.80335720837866,3.1955796827872596,True,False
42,C2_PHASE_CONTRACT,ID,290,lead_brake,False,False,False,0,0,77.57537265622543,7.447530721624692,True,False
42,C2_PHASE_CONTRACT,ID,291,lead_brake,False,False,False,0,0,85.5149161499093,3.1939391611764827,True,False
42,C2_PHASE_CONTRACT,ID,292,lead_brake,False,False,False,0,0,82.66224188926938,2.4998100685576596,True,False
42,C2_PHASE_CONTRACT,ID,293,lead_brake,False,False,False,0,0,45.09344087708004,9.688710533392925,True,False
42,C2_PHASE_CONTRACT,ID,294,lead_brake,False,False,False,0,0,88.33454922308844,2.6189563488587733,True,False
42,C2_PHASE_CONTRACT,ID,295,lead_brake,False,False,False,0,0,73.68793001822776,2.239073837796847,True,False
42,C2_PHASE_CONTRACT,ID,296,lead_brake,False,False,False,0,0,83.39291111906942,5.815994876126448,True,False
42,C2_PHASE_CONTRACT,ID,297,lead_brake,False,False,False,0,0,67.78730223090584,9.809766734639803,True,False
42,C2_PHASE_CONTRACT,ID,298,lead_brake,False,False,False,0,0,67.70880093009204,4.772797752171754,True,False
42,C2_PHASE_CONTRACT,ID,299,lead_brake,False,False,False,0,0,76.62752641342581,8.13047299782435,True,False
42,C2_PHASE_CONTRACT,OOD,0,crosswalk,False,False,False,0,0,29.965318427136374,2.435246176189846,True,False
42,C2_PHASE_CONTRACT,OOD,1,crosswalk,False,False,False,0,0,30.839772888165243,1.4949716943683047,True,False
42,C2_PHASE_CONTRACT,OOD,2,crosswalk,False,False,False,0,1,23.02095139803759,1.3880219629832675,True,False
42,C2_PHASE_CONTRACT,OOD,3,crosswalk,False,False,False,0,0,29.70013029291139,1.520475447177887,True,False
42,C2_PHASE_CONTRACT,OOD,4,crosswalk,False,False,False,0,1,25.582507209424048,1.242239236831665,True,False
42,C2_PHASE_CONTRACT,OOD,5,crosswalk,False,False,False,0,1,25.0329181790336,1.9750710825125375,True,False
42,C2_PHASE_CONTRACT,OOD,6,crosswalk,False,False,False,0,1,20.631786177775567,1.7619885571978307,True,False
42,C2_PHASE_CONTRACT,OOD,7,crosswalk,False,False,False,0,1,22.211842423384354,1.7987575558455366,True,False
42,C2_PHASE_CONTRACT,OOD,8,crosswalk,False,False,False,0,1,30.312926715177703,1.4367588990264468,True,False
42,C2_PHASE_CONTRACT,OOD,9,crosswalk,False,False,False,0,1,30.1215415621405,1.4651128806565938,True,False
42,C2_PHASE_CONTRACT,OOD,10,crosswalk,False,False,False,0,1,26.348433291863536,1.4351650930586315,True,False
42,C2_PHASE_CONTRACT,OOD,11,crosswalk,False,False,False,0,1,24.306556243622524,2.0075088012509226,True,False
42,C2_PHASE_CONTRACT,OOD,12,crosswalk,False,False,False,0,1,27.558556816272397,1.5203412985190368,True,False
42,C2_PHASE_CONTRACT,OOD,13,crosswalk,False,False,False,0,1,23.429732735166745,1.7806004554681156,True,False
42,C2_PHASE_CONTRACT,OOD,14,crosswalk,False,False,False,0,1,31.44066897292239,1.6546015796207247,True,False
42,C2_PHASE_CONTRACT,OOD,15,crosswalk,False,False,False,0,1,22.484321554368407,1.6691752000057951,True,False
42,C2_PHASE_CONTRACT,OOD,16,crosswalk,False,False,False,0,1,22.705056868554472,1.528951163921091,True,False
42,C2_PHASE_CONTRACT,OOD,17,crosswalk,False,False,False,0,1,21.127216808059035,1.4420189640738748,True,False
42,C2_PHASE_CONTRACT,OOD,18,crosswalk,False,False,False,0,1,22.328215299466798,1.6959743242006045,True,False
42,C2_PHASE_CONTRACT,OOD,19,crosswalk,False,False,False,0,1,21.98651159667661,1.878685596443358,True,False
42,C2_PHASE_CONTRACT,OOD,20,crosswalk,False,False,False,0,1,29.850289839081263,1.3477106798778882,True,False
42,C2_PHASE_CONTRACT,OOD,21,crosswalk,False,False,False,0,1,22.30927983003286,1.6951140947639942,True,False
42,C2_PHASE_CONTRACT,OOD,22,crosswalk,False,False,False,0,1,21.12030869414482,1.708779176697135,True,False
42,C2_PHASE_CONTRACT,OOD,23,crosswalk,False,False,False,0,1,29.181946263439528,1.8640943876532619,True,False
42,C2_PHASE_CONTRACT,OOD,24,crosswalk,False,False,False,0,0,22.716311495834475,1.6928554219858987,True,False
42,C2_PHASE_CONTRACT,OOD,25,crosswalk,False,False,False,0,1,22.429349469500664,1.1217681500646803,True,False
42,C2_PHASE_CONTRACT,OOD,26,crosswalk,False,False,False,0,1,22.92253650250036,1.2988222811533057,True,False
42,C2_PHASE_CONTRACT,OOD,27,crosswalk,False,False,False,0,1,29.437746417017678,1.8220437091329824,True,False
42,C2_PHASE_CONTRACT,OOD,28,crosswalk,False,False,False,0,1,31.081894564975357,2.254611376004341,True,False
42,C2_PHASE_CONTRACT,OOD,29,crosswalk,False,False,False,0,1,29.454606556649303,1.349731822346532,True,False
42,C2_PHASE_CONTRACT,OOD,30,crosswalk,False,False,False,0,0,28.74819687807368,1.6639576414052177,True,False
42,C2_PHASE_CONTRACT,OOD,31,crosswalk,False,False,False,0,1,23.190124671529134,1.5071915770354476,True,False
42,C2_PHASE_CONTRACT,OOD,32,crosswalk,False,False,False,0,1,27.772116307221033,1.8739334914995276,True,False
42,C2_PHASE_CONTRACT,OOD,33,crosswalk,False,False,False,0,1,26.8500726393344,1.922960513975562,True,False
42,C2_PHASE_CONTRACT,OOD,34,crosswalk,False,False,False,0,1,24.676548794241818,1.374263452446979,True,False
42,C2_PHASE_CONTRACT,OOD,35,crosswalk,False,False,False,0,1,22.31363346572263,1.652899370637051,True,False
42,C2_PHASE_CONTRACT,OOD,36,crosswalk,False,False,False,0,1,21.300852623227208,1.5564513471391466,True,False
42,C2_PHASE_CONTRACT,OOD,37,crosswalk,False,False,False,0,1,22.69587193696733,1.9179280188221197,True,False
42,C2_PHASE_CONTRACT,OOD,38,crosswalk,False,False,False,0,1,20.870722819053526,1.625,True,False
42,C2_PHASE_CONTRACT,OOD,39,crosswalk,False,False,False,0,1,30.699252977781054,2.0062587232816784,True,False
42,C2_PHASE_CONTRACT,OOD,40,crosswalk,False,False,False,0,1,21.66035360230063,1.6964581678080004,True,False
42,C2_PHASE_CONTRACT,OOD,41,crosswalk,False,False,False,0,1,24.286819876431977,1.4143879413604736,True,False
42,C2_PHASE_CONTRACT,OOD,42,crosswalk,False,False,False,0,1,25.429220870554552,1.850753808632875,True,False
42,C2_PHASE_CONTRACT,OOD,43,crosswalk,False,False,False,0,1,20.73611873603876,1.1862625449131696,True,False
42,C2_PHASE_CONTRACT,OOD,44,crosswalk,False,False,False,0,1,31.40913108899776,1.3185996958549986,True,False
42,C2_PHASE_CONTRACT,OOD,45,crosswalk,False,False,False,0,1,21.674648771558125,1.5511025646899608,True,False
42,C2_PHASE_CONTRACT,OOD,46,crosswalk,False,False,False,0,1,31.005037053775755,1.4777975190769543,True,False
42,C2_PHASE_CONTRACT,OOD,47,crosswalk,False,False,False,0,1,24.453453802678798,1.668906740166924,True,False
42,C2_PHASE_CONTRACT,OOD,48,crosswalk,False,False,False,0,1,27.831534941678044,1.4260101318359375,True,False
42,C2_PHASE_CONTRACT,OOD,49,crosswalk,False,False,False,0,0,26.54689115528619,1.5957243660011806,True,False
42,C2_PHASE_CONTRACT,OOD,50,crosswalk,False,False,False,0,1,27.558533022417684,1.4023114378387862,True,False
42,C2_PHASE_CONTRACT,OOD,51,crosswalk,False,False,False,0,0,26.829668404840376,1.649023133974809,True,False
42,C2_PHASE_CONTRACT,OOD,52,crosswalk,False,False,False,0,1,22.647066915329845,1.8324467845452137,True,False
42,C2_PHASE_CONTRACT,OOD,53,crosswalk,False,False,False,0,1,22.070117834329913,1.4281580577025543,True,False
42,C2_PHASE_CONTRACT,OOD,54,crosswalk,False,False,False,0,1,25.50694611234752,1.2210752964019773,True,False
42,C2_PHASE_CONTRACT,OOD,55,crosswalk,False,False,False,0,0,29.45016017492754,1.6978330413500466,True,False
42,C2_PHASE_CONTRACT,OOD,56,crosswalk,False,False,False,0,1,22.747845408849948,1.6433426893727723,True,False
42,C2_PHASE_CONTRACT,OOD,57,crosswalk,False,False,False,0,1,21.450150362012764,1.7680919429530266,True,False
42,C2_PHASE_CONTRACT,OOD,58,crosswalk,False,False,False,0,1,28.705826478335116,1.715643583460057,True,False
42,C2_PHASE_CONTRACT,OOD,59,crosswalk,False,False,False,0,1,23.33793234201766,1.3312421263532437,True,False
42,C2_PHASE_CONTRACT,OOD,60,crosswalk,False,False,False,0,1,27.80241582421548,1.4686179945343418,True,False
42,C2_PHASE_CONTRACT,OOD,61,crosswalk,False,False,False,0,1,23.613781670908182,1.5519559077727487,True,False
42,C2_PHASE_CONTRACT,OOD,62,crosswalk,False,False,False,0,1,28.4789196967692,1.3205474355946416,True,False
42,C2_PHASE_CONTRACT,OOD,63,crosswalk,False,False,False,0,1,21.729938435917724,1.4759209097885502,True,False
42,C2_PHASE_CONTRACT,OOD,64,crosswalk,False,False,False,0,1,24.40357448055664,1.5452083529427991,True,False
42,C2_PHASE_CONTRACT,OOD,65,crosswalk,False,False,False,0,1,30.42116242899246,1.3334302902221677,True,False
42,C2_PHASE_CONTRACT,OOD,66,crosswalk,False,False,False,0,1,21.24719816910426,1.7798100113868713,True,False
42,C2_PHASE_CONTRACT,OOD,67,crosswalk,False,False,False,0,1,27.919117576774507,1.6821840869055853,True,False
42,C2_PHASE_CONTRACT,OOD,68,crosswalk,False,False,False,0,1,20.71612128900083,1.4125657081604004,True,False
42,C2_PHASE_CONTRACT,OOD,69,crosswalk,False,False,False,0,1,25.731998204727546,1.6725833029360384,True,False
42,C2_PHASE_CONTRACT,OOD,70,crosswalk,False,False,False,0,0,22.414273181847747,1.6503626892441197,True,False
42,C2_PHASE_CONTRACT,OOD,71,crosswalk,False,False,False,0,1,28.747653066152573,1.5429008819840169,True,False
42,C2_PHASE_CONTRACT,OOD,72,crosswalk,False,False,False,0,1,23.169479735995726,1.3448448878962818,True,False
42,C2_PHASE_CONTRACT,OOD,73,crosswalk,False,False,False,0,1,28.252353951790276,1.2592671712239583,True,False
42,C2_PHASE_CONTRACT,OOD,74,crosswalk,False,False,False,0,1,24.795807491182888,1.733491726823755,True,False
42,C2_PHASE_CONTRACT,OOD,75,crosswalk,False,False,False,0,0,26.832411529763547,1.5608511234705262,True,False
42,C2_PHASE_CONTRACT,OOD,76,crosswalk,False,False,False,0,1,29.105970172601996,1.4293714406642506,True,False
42,C2_PHASE_CONTRACT,OOD,77,crosswalk,False,False,False,0,1,26.065022948806313,1.4933965887342178,True,False
42,C2_PHASE_CONTRACT,OOD,78,crosswalk,False,False,False,0,1,29.367970261282586,1.3348107852719044,True,False
42,C2_PHASE_CONTRACT,OOD,79,crosswalk,False,False,False,0,0,20.60895406635305,1.8472956593443706,True,False
42,C2_PHASE_CONTRACT,OOD,80,crosswalk,False,False,False,0,0,23.91275782459871,1.5649001109294403,True,False
42,C2_PHASE_CONTRACT,OOD,81,crosswalk,False,False,False,0,0,22.216748780034244,1.9084714666793219,True,False
42,C2_PHASE_CONTRACT,OOD,82,crosswalk,False,False,False,0,1,25.083588304879886,1.7200462066608926,True,False
42,C2_PHASE_CONTRACT,OOD,83,crosswalk,False,False,False,0,1,28.89674031768193,1.2930041940315908,True,False
42,C2_PHASE_CONTRACT,OOD,84,crosswalk,False,False,False,0,1,27.833566137808802,1.3391157915425855,True,False
42,C2_PHASE_CONTRACT,OOD,85,crosswalk,False,False,False,0,1,21.881550968777056,1.2846782803535461,True,False
42,C2_PHASE_CONTRACT,OOD,86,crosswalk,False,False,False,0,1,31.73417303497184,1.7796717621386051,True,False
42,C2_PHASE_CONTRACT,OOD,87,crosswalk,False,False,False,0,1,22.796341994293165,1.2624063491821287,True,False
42,C2_PHASE_CONTRACT,OOD,88,crosswalk,False,False,False,0,1,30.297324487893047,1.480564014478163,True,False
42,C2_PHASE_CONTRACT,OOD,89,crosswalk,False,False,False,0,1,28.61135715767125,1.5999258604160573,True,False
42,C2_PHASE_CONTRACT,OOD,90,crosswalk,False,False,False,0,1,30.8575166430493,1.4992457330226898,True,False
42,C2_PHASE_CONTRACT,OOD,91,crosswalk,False,False,False,0,1,23.59838727413735,1.5276479076694798,True,False
42,C2_PHASE_CONTRACT,OOD,92,crosswalk,False,False,False,0,1,24.51547129985579,1.6349054926208086,True,False
42,C2_PHASE_CONTRACT,OOD,93,crosswalk,False,False,False,0,1,20.877316550725478,1.6251771355217153,True,False
42,C2_PHASE_CONTRACT,OOD,94,crosswalk,False,False,False,0,1,26.196213058785418,1.9379471436790798,True,False
42,C2_PHASE_CONTRACT,OOD,95,crosswalk,False,False,False,0,1,21.578395645556427,1.5036626962515023,True,False
42,C2_PHASE_CONTRACT,OOD,96,crosswalk,False,False,False,0,1,28.399466467154415,1.9897802485976106,True,False
42,C2_PHASE_CONTRACT,OOD,97,crosswalk,False,False,False,0,1,30.543077751701908,1.6789044439792633,True,False
42,C2_PHASE_CONTRACT,OOD,98,crosswalk,False,False,False,0,0,27.30574546043459,1.3841176644349709,True,False
42,C2_PHASE_CONTRACT,OOD,99,crosswalk,False,False,False,0,1,28.080452970274635,1.683713761360749,True,False
42,C2_PHASE_CONTRACT,OOD,100,stop_intersection,False,False,False,0,1,23.236580823212215,2.6915214765403004,True,False
42,C2_PHASE_CONTRACT,OOD,101,stop_intersection,False,False,False,0,1,25.188345262639963,2.2082437193670934,True,False
42,C2_PHASE_CONTRACT,OOD,102,stop_intersection,False,False,False,0,1,31.370402868198763,1.517848920177769,True,False
42,C2_PHASE_CONTRACT,OOD,103,stop_intersection,False,False,False,0,1,27.192076383236078,2.357307884428236,True,False
42,C2_PHASE_CONTRACT,OOD,104,stop_intersection,False,False,False,0,1,26.990527476563635,2.033278313042088,True,False
42,C2_PHASE_CONTRACT,OOD,105,stop_intersection,False,False,False,0,1,21.12419527671773,2.9461774230003357,True,False
42,C2_PHASE_CONTRACT,OOD,106,stop_intersection,False,False,False,0,1,31.477686544374333,1.5411177841392723,True,False
42,C2_PHASE_CONTRACT,OOD,107,stop_intersection,False,False,False,0,1,28.205406453792328,2.0671286318037243,True,False
42,C2_PHASE_CONTRACT,OOD,108,stop_intersection,False,False,False,0,1,24.935602014279908,3.5041143589241557,True,False
42,C2_PHASE_CONTRACT,OOD,109,stop_intersection,False,False,False,0,1,21.52951449976602,4.516722138335065,True,False
42,C2_PHASE_CONTRACT,OOD,110,stop_intersection,False,False,False,0,1,24.18916340200468,2.8072101729256764,True,False
42,C2_PHASE_CONTRACT,OOD,111,stop_intersection,False,False,False,0,1,23.512864249605563,2.7419811427931893,True,False
42,C2_PHASE_CONTRACT,OOD,112,stop_intersection,False,False,False,0,1,24.29540587534641,2.414822022066168,True,False
42,C2_PHASE_CONTRACT,OOD,113,stop_intersection,False,False,False,0,1,30.941935106525797,1.4232360647821967,True,False
42,C2_PHASE_CONTRACT,OOD,114,stop_intersection,False,False,False,0,1,24.676423249119345,3.8885812652416716,True,False
42,C2_PHASE_CONTRACT,OOD,115,stop_intersection,False,False,False,0,1,25.027540871658726,1.619227722891279,True,False
42,C2_PHASE_CONTRACT,OOD,116,stop_intersection,False,False,False,0,1,21.909310668515957,3.4961855940000954,True,False
42,C2_PHASE_CONTRACT,OOD,117,stop_intersection,False,False,False,0,1,28.901117672610745,2.261804382909428,True,False
42,C2_PHASE_CONTRACT,OOD,118,stop_intersection,False,False,False,0,1,28.723990801741127,1.6254923633626988,True,False
42,C2_PHASE_CONTRACT,OOD,119,stop_intersection,False,False,False,0,1,24.05736253712081,3.5417403848398297,True,False
42,C2_PHASE_CONTRACT,OOD,120,stop_intersection,False,False,False,0,1,31.158903731746037,1.823823292340551,True,False
42,C2_PHASE_CONTRACT,OOD,121,stop_intersection,False,False,False,0,1,21.604389248309666,1.7889965772628784,True,False
42,C2_PHASE_CONTRACT,OOD,122,stop_intersection,False,False,False,0,1,24.809427278768375,1.5657718379686518,True,False
42,C2_PHASE_CONTRACT,OOD,123,stop_intersection,False,False,False,0,1,31.7433618854163,1.5297306748107076,True,False
42,C2_PHASE_CONTRACT,OOD,124,stop_intersection,False,False,False,0,1,29.159948149681142,2.0062582853228546,True,False
42,C2_PHASE_CONTRACT,OOD,125,stop_intersection,False,False,False,0,1,24.203031157311763,1.2342644797431097,True,False
42,C2_PHASE_CONTRACT,OOD,126,stop_intersection,False,False,False,0,1,31.1104882327176,2.3813062460850114,True,False
42,C2_PHASE_CONTRACT,OOD,127,stop_intersection,False,False,False,0,1,28.869484623162364,2.3561663998533846,True,False
42,C2_PHASE_CONTRACT,OOD,128,stop_intersection,False,False,False,0,1,30.044947158041957,1.4830372041385425,True,False
42,C2_PHASE_CONTRACT,OOD,129,stop_intersection,False,False,False,0,1,26.816605997996596,3.355858705260537,True,False
42,C2_PHASE_CONTRACT,OOD,130,stop_intersection,False,False,False,0,1,22.154724348114932,1.2609804646913394,True,False
42,C2_PHASE_CONTRACT,OOD,131,stop_intersection,False,False,False,0,1,24.481333947649226,2.7119867249232965,True,False
42,C2_PHASE_CONTRACT,OOD,132,stop_intersection,False,False,False,0,1,21.362907632679146,2.8980546653634165,True,False
42,C2_PHASE_CONTRACT,OOD,133,stop_intersection,False,False,False,0,1,25.143604987620016,3.055693997277154,True,False
42,C2_PHASE_CONTRACT,OOD,134,stop_intersection,False,False,False,0,1,26.47923611377017,1.671535667736788,True,False
42,C2_PHASE_CONTRACT,OOD,135,stop_intersection,False,False,False,0,1,21.869513117943484,1.5824628649995878,True,False
42,C2_PHASE_CONTRACT,OOD,136,stop_intersection,False,False,False,0,1,25.895641439114055,1.7326720592540663,True,False
42,C2_PHASE_CONTRACT,OOD,137,stop_intersection,False,False,False,0,1,31.46968872177628,1.6339172734770662,True,False
42,C2_PHASE_CONTRACT,OOD,138,stop_intersection,False,False,False,0,1,31.28022397640798,2.0827714949846268,True,False
42,C2_PHASE_CONTRACT,OOD,139,stop_intersection,False,False,False,0,1,27.92489529875248,1.7186908127787786,True,False
42,C2_PHASE_CONTRACT,OOD,140,stop_intersection,False,False,False,0,1,25.423172712729027,1.3121464280855089,True,False
42,C2_PHASE_CONTRACT,OOD,141,stop_intersection,False,False,False,0,1,29.567348083138093,1.452371385381665,True,False
42,C2_PHASE_CONTRACT,OOD,142,stop_intersection,False,False,False,0,1,23.099415595101327,2.930731061028271,True,False
42,C2_PHASE_CONTRACT,OOD,143,stop_intersection,False,False,False,0,1,28.279595764851507,1.9069233491289905,True,False
42,C2_PHASE_CONTRACT,OOD,144,stop_intersection,False,False,False,0,1,29.975830257140398,1.5143657828632153,True,False
42,C2_PHASE_CONTRACT,OOD,145,stop_intersection,False,False,False,0,1,27.569952187013484,4.254790226618448,True,False
42,C2_PHASE_CONTRACT,OOD,146,stop_intersection,False,False,False,0,1,27.552780957360092,2.5679069113087007,True,False
42,C2_PHASE_CONTRACT,OOD,147,stop_intersection,False,False,False,0,1,21.248014037060805,1.602055685141602,True,False
42,C2_PHASE_CONTRACT,OOD,148,stop_intersection,False,False,False,0,1,20.920751781659806,1.1160942450875326,True,False
42,C2_PHASE_CONTRACT,OOD,149,stop_intersection,False,False,False,0,1,29.25173411380411,2.3469341595967608,True,False
42,C2_PHASE_CONTRACT,OOD,150,stop_intersection,False,False,False,0,1,23.09961566830458,1.706473837080209,True,False
42,C2_PHASE_CONTRACT,OOD,151,stop_intersection,False,False,False,0,1,23.506639970631436,1.6581249207650361,True,False
42,C2_PHASE_CONTRACT,OOD,152,stop_intersection,False,False,False,0,1,30.950979779564584,1.6964511774681708,True,False
42,C2_PHASE_CONTRACT,OOD,153,stop_intersection,False,False,False,0,1,30.768429759316874,1.3746711393681967,True,False
42,C2_PHASE_CONTRACT,OOD,154,stop_intersection,False,False,False,0,1,21.4885989540307,5.3521252926005864,True,False
42,C2_PHASE_CONTRACT,OOD,155,stop_intersection,False,False,False,0,1,24.899411483105233,1.6051444245709312,True,False
42,C2_PHASE_CONTRACT,OOD,156,stop_intersection,False,False,False,0,1,22.29192394390305,3.600677609443664,True,False
42,C2_PHASE_CONTRACT,OOD,157,stop_intersection,False,False,False,0,1,23.107148272327347,2.721643258885639,True,False
42,C2_PHASE_CONTRACT,OOD,158,stop_intersection,False,False,False,0,1,30.759637271648685,1.8162479520190593,True,False
42,C2_PHASE_CONTRACT,OOD,159,stop_intersection,False,False,False,0,1,29.431981948429026,1.2942500031271644,True,False
42,C2_PHASE_CONTRACT,OOD,160,stop_intersection,False,False,False,0,1,25.687629696100437,2.9924267133076987,True,False
42,C2_PHASE_CONTRACT,OOD,161,stop_intersection,False,False,False,0,1,24.112178596056516,1.1872081134630286,True,False
42,C2_PHASE_CONTRACT,OOD,162,stop_intersection,False,False,False,0,1,27.639617702112233,1.48345677398665,True,False
42,C2_PHASE_CONTRACT,OOD,163,stop_intersection,False,False,False,0,1,26.26339052311141,1.6237118924036622,True,False
42,C2_PHASE_CONTRACT,OOD,164,stop_intersection,False,False,False,0,1,24.54958319669078,1.2404726965482844,True,False
42,C2_PHASE_CONTRACT,OOD,165,stop_intersection,False,False,False,0,1,28.648675818080562,1.7579975385557522,True,False
42,C2_PHASE_CONTRACT,OOD,166,stop_intersection,False,False,False,0,1,27.04980816293791,1.996184333394735,True,False
42,C2_PHASE_CONTRACT,OOD,167,stop_intersection,False,False,False,0,1,30.684255837215353,1.4054650853833424,True,False
42,C2_PHASE_CONTRACT,OOD,168,stop_intersection,False,False,False,0,1,31.41300916225112,1.5270014759153128,True,False
42,C2_PHASE_CONTRACT,OOD,169,stop_intersection,False,False,False,0,1,28.536576152231675,1.7166025755115044,True,False
42,C2_PHASE_CONTRACT,OOD,170,stop_intersection,False,False,False,0,1,21.024121578782186,1.5119363912023032,True,False
42,C2_PHASE_CONTRACT,OOD,171,stop_intersection,False,False,False,0,1,21.678368025557404,1.60833251738065,True,False
42,C2_PHASE_CONTRACT,OOD,172,stop_intersection,False,False,False,0,1,22.639881102175124,4.40096168181835,True,False
42,C2_PHASE_CONTRACT,OOD,173,stop_intersection,False,False,False,0,1,28.879275455035128,1.3912185192432092,True,False
42,C2_PHASE_CONTRACT,OOD,174,stop_intersection,False,False,False,0,0,21.467110249869933,3.0939952986580987,True,False
42,C2_PHASE_CONTRACT,OOD,175,stop_intersection,False,False,False,0,1,27.415518898921427,1.634828346116202,True,False
42,C2_PHASE_CONTRACT,OOD,176,stop_intersection,False,False,False,0,1,22.156307534797275,3.64540884969756,True,False
42,C2_PHASE_CONTRACT,OOD,177,stop_intersection,False,False,False,0,1,30.672948841875403,1.7297943954060717,True,False
42,C2_PHASE_CONTRACT,OOD,178,stop_intersection,False,False,False,0,1,28.79009181332059,1.577753860895571,True,False
42,C2_PHASE_CONTRACT,OOD,179,stop_intersection,False,False,False,0,1,28.39431331121566,1.99728115502259,True,False
42,C2_PHASE_CONTRACT,OOD,180,stop_intersection,False,False,False,0,1,21.745442239076844,1.4963937630610806,True,False
42,C2_PHASE_CONTRACT,OOD,181,stop_intersection,False,False,False,0,1,31.426817826935,1.5010199220851064,True,False
42,C2_PHASE_CONTRACT,OOD,182,stop_intersection,False,False,False,0,1,23.334360127433982,1.4424374401569366,True,False
42,C2_PHASE_CONTRACT,OOD,183,stop_intersection,False,False,False,0,1,22.379690798059702,1.4416230352301345,True,False
42,C2_PHASE_CONTRACT,OOD,184,stop_intersection,False,False,False,0,1,30.149766583692106,2.397991180419922,True,False
42,C2_PHASE_CONTRACT,OOD,185,stop_intersection,False,False,False,0,1,26.417404301873166,1.1759439758632493,True,False
42,C2_PHASE_CONTRACT,OOD,186,stop_intersection,False,False,False,0,1,30.374973998094283,2.2802816525749536,True,False
42,C2_PHASE_CONTRACT,OOD,187,stop_intersection,False,False,False,0,1,27.640036824071757,2.1590264612122585,True,False
42,C2_PHASE_CONTRACT,OOD,188,stop_intersection,False,False,False,0,1,31.019431160297085,2.303436852019766,True,False
42,C2_PHASE_CONTRACT,OOD,189,stop_intersection,False,False,False,0,1,29.935710855124135,1.641057649174252,True,False
42,C2_PHASE_CONTRACT,OOD,190,stop_intersection,False,False,False,0,1,25.032819174393502,2.2180535438421525,True,False
42,C2_PHASE_CONTRACT,OOD,191,stop_intersection,False,False,False,0,1,26.781303852630458,1.7826620928115313,True,False
42,C2_PHASE_CONTRACT,OOD,192,stop_intersection,False,False,False,0,1,30.377554092812346,1.5610861682961152,True,False
42,C2_PHASE_CONTRACT,OOD,193,stop_intersection,False,False,False,0,1,24.32972675022068,1.1821871863471136,True,False
42,C2_PHASE_CONTRACT,OOD,194,stop_intersection,False,False,False,0,1,26.92144423719688,1.5319095872515855,True,False
42,C2_PHASE_CONTRACT,OOD,195,stop_intersection,False,False,False,0,1,26.544451387414533,2.616916909450438,True,False
42,C2_PHASE_CONTRACT,OOD,196,stop_intersection,False,False,False,0,1,23.161349542432912,1.2910213676236926,True,False
42,C2_PHASE_CONTRACT,OOD,197,stop_intersection,False,False,False,0,1,29.565121561904917,2.49118873808119,True,False
42,C2_PHASE_CONTRACT,OOD,198,stop_intersection,False,False,False,0,1,29.196292433842494,1.8383374850711094,True,False
42,C2_PHASE_CONTRACT,OOD,199,stop_intersection,False,False,False,0,1,28.35967216069603,1.6659647135270965,True,False
42,C2_PHASE_CONTRACT,OOD,200,lead_brake,False,False,False,0,0,33.794237260520454,8.903998548164964,True,False
42,C2_PHASE_CONTRACT,OOD,201,lead_brake,False,False,False,0,0,30.6662036663986,7.219954598074157,True,False
42,C2_PHASE_CONTRACT,OOD,202,lead_brake,False,False,False,0,0,25.790796661910544,8.083834076921145,True,False
42,C2_PHASE_CONTRACT,OOD,203,lead_brake,False,False,False,0,0,30.639402758587792,7.8138470848401385,True,False
42,C2_PHASE_CONTRACT,OOD,204,lead_brake,False,False,False,0,0,29.550577828807278,6.072858303164442,True,False
42,C2_PHASE_CONTRACT,OOD,205,lead_brake,False,False,False,0,0,28.329196772464066,6.477259159088134,True,False
42,C2_PHASE_CONTRACT,OOD,206,lead_brake,False,False,False,0,0,30.072407277362295,9.495779404416679,True,False
42,C2_PHASE_CONTRACT,OOD,207,lead_brake,False,False,False,0,0,32.73041521815514,9.440966269001365,True,False
42,C2_PHASE_CONTRACT,OOD,208,lead_brake,False,False,False,0,0,38.058258331617765,9.937131790133813,True,False
42,C2_PHASE_CONTRACT,OOD,209,lead_brake,False,False,False,0,0,30.555306653503745,5.308929344639181,True,False
42,C2_PHASE_CONTRACT,OOD,210,lead_brake,False,False,False,0,0,29.626181093798703,8.912666388476888,True,False
42,C2_PHASE_CONTRACT,OOD,211,lead_brake,False,False,False,0,0,36.403999428525545,7.973287990316749,True,False
42,C2_PHASE_CONTRACT,OOD,212,lead_brake,False,False,False,0,0,27.41226194193079,7.861812204122543,True,False
42,C2_PHASE_CONTRACT,OOD,213,lead_brake,False,False,False,0,0,30.743565158355917,5.471467194457849,True,False
42,C2_PHASE_CONTRACT,OOD,214,lead_brake,False,False,False,0,0,34.91416680756672,4.986758470535278,True,False
42,C2_PHASE_CONTRACT,OOD,215,lead_brake,False,False,False,0,0,26.629912847247294,7.741712147990862,True,False
42,C2_PHASE_CONTRACT,OOD,216,lead_brake,False,False,False,0,0,40.17418364841852,5.974607214331626,True,False
42,C2_PHASE_CONTRACT,OOD,217,lead_brake,False,False,False,0,0,34.65868075922133,7.495056544120113,True,False
42,C2_PHASE_CONTRACT,OOD,218,lead_brake,False,False,False,0,0,26.522377585047124,4.38437915345033,True,False
42,C2_PHASE_CONTRACT,OOD,219,lead_brake,False,False,False,0,0,34.34608401050026,5.137074400360385,True,False
42,C2_PHASE_CONTRACT,OOD,220,lead_brake,False,False,False,0,0,35.17345649972589,5.046850574513276,True,False
42,C2_PHASE_CONTRACT,OOD,221,lead_brake,False,False,False,0,0,23.973868948519225,8.30701719317585,True,False
42,C2_PHASE_CONTRACT,OOD,222,lead_brake,False,False,False,0,0,39.713323597847456,4.672574084873,True,False
42,C2_PHASE_CONTRACT,OOD,223,lead_brake,False,False,False,0,0,26.21899237476014,8.99263821914792,True,False
42,C2_PHASE_CONTRACT,OOD,224,lead_brake,False,False,False,0,0,31.203006518723765,7.913805363078912,True,False
42,C2_PHASE_CONTRACT,OOD,225,lead_brake,False,False,False,0,0,31.866544006889153,5.806403005495667,True,False
42,C2_PHASE_CONTRACT,OOD,226,lead_brake,False,False,False,0,0,27.099571354091164,8.129997337857882,True,False
42,C2_PHASE_CONTRACT,OOD,227,lead_brake,False,False,False,0,0,38.64667644966318,5.844898141920567,True,False
42,C2_PHASE_CONTRACT,OOD,228,lead_brake,False,False,False,0,0,39.70017203323447,9.680651975485185,True,False
42,C2_PHASE_CONTRACT,OOD,229,lead_brake,False,False,False,0,0,43.201602922081996,4.161542158573866,True,False
42,C2_PHASE_CONTRACT,OOD,230,lead_brake,False,False,False,0,0,34.05237231005541,5.177635115881761,True,False
42,C2_PHASE_CONTRACT,OOD,231,lead_brake,False,False,False,0,0,35.24832649791545,4.604539580643177,True,False
42,C2_PHASE_CONTRACT,OOD,232,lead_brake,False,False,False,0,0,32.76223704696655,9.203264682243267,True,False
42,C2_PHASE_CONTRACT,OOD,233,lead_brake,False,False,False,0,0,29.96730407127368,8.753529682134587,True,False
42,C2_PHASE_CONTRACT,OOD,234,lead_brake,False,False,False,0,0,29.084354066207997,8.597564947480956,True,False
42,C2_PHASE_CONTRACT,OOD,235,lead_brake,False,False,False,0,0,32.287522869162466,9.015231810510157,True,False
42,C2_PHASE_CONTRACT,OOD,236,lead_brake,False,False,False,0,0,42.639734214097246,4.041605798527598,True,False
42,C2_PHASE_CONTRACT,OOD,237,lead_brake,False,False,False,0,0,40.488977511625535,5.0792771099756155,True,False
42,C2_PHASE_CONTRACT,OOD,238,lead_brake,False,False,False,0,0,26.16083811551331,7.694745695218443,True,False
42,C2_PHASE_CONTRACT,OOD,239,lead_brake,False,False,False,0,0,34.39987273922608,5.102578308433294,True,False
42,C2_PHASE_CONTRACT,OOD,240,lead_brake,False,False,False,0,0,36.82177429974078,3.1356559594472246,True,False
42,C2_PHASE_CONTRACT,OOD,241,lead_brake,False,False,False,0,0,25.711256146682476,4.203057197233041,True,False
42,C2_PHASE_CONTRACT,OOD,242,lead_brake,False,False,False,0,0,26.895984095408387,7.24551989386479,True,False
42,C2_PHASE_CONTRACT,OOD,243,lead_brake,False,False,False,0,0,31.035991868442636,6.692707431813081,True,False
42,C2_PHASE_CONTRACT,OOD,244,lead_brake,False,False,False,0,0,41.790423849597566,7.510027031103769,True,False
42,C2_PHASE_CONTRACT,OOD,245,lead_brake,False,False,False,0,0,43.615920575037556,5.560836988811691,True,False
42,C2_PHASE_CONTRACT,OOD,246,lead_brake,False,False,False,0,0,26.765498952633152,7.607156445582707,True,False
42,C2_PHASE_CONTRACT,OOD,247,lead_brake,False,False,False,0,0,31.420890424276596,8.622106788679957,True,False
42,C2_PHASE_CONTRACT,OOD,248,lead_brake,False,False,False,0,0,27.55033890466458,7.467842708031337,True,False
42,C2_PHASE_CONTRACT,OOD,249,lead_brake,False,False,False,0,0,23.934296814190716,7.563554893247783,True,False
42,C2_PHASE_CONTRACT,OOD,250,lead_brake,False,False,False,0,0,33.671417395775386,3.3425200829903283,True,False
42,C2_PHASE_CONTRACT,OOD,251,lead_brake,False,False,False,0,0,30.952959856253003,9.428423141439755,True,False
42,C2_PHASE_CONTRACT,OOD,252,lead_brake,False,False,False,0,0,40.28296068518857,1.344131792585055,True,False
42,C2_PHASE_CONTRACT,OOD,253,lead_brake,False,False,False,0,0,28.82876078315078,6.127325202648837,True,False
42,C2_PHASE_CONTRACT,OOD,254,lead_brake,False,False,False,0,0,28.16361750758609,6.844517899056275,True,False
42,C2_PHASE_CONTRACT,OOD,255,lead_brake,False,False,False,0,0,34.50944402368113,7.919823142079015,True,False
42,C2_PHASE_CONTRACT,OOD,256,lead_brake,False,False,False,0,0,24.964616324976095,6.0473667817811165,True,False
42,C2_PHASE_CONTRACT,OOD,257,lead_brake,False,False,False,0,0,30.935983764968938,3.53404634197553,True,False
42,C2_PHASE_CONTRACT,OOD,258,lead_brake,False,False,False,0,0,23.553392735133837,6.333168806197743,True,False
42,C2_PHASE_CONTRACT,OOD,259,lead_brake,False,False,False,0,0,43.28185009460898,7.725602737007041,True,False
42,C2_PHASE_CONTRACT,OOD,260,lead_brake,False,False,False,0,0,34.77200735712543,5.264193548510471,True,False
42,C2_PHASE_CONTRACT,OOD,261,lead_brake,False,False,False,0,0,28.758274437906397,5.448439980546633,True,False
42,C2_PHASE_CONTRACT,OOD,262,lead_brake,False,False,False,0,0,38.478620106078296,4.685254570096731,True,False
42,C2_PHASE_CONTRACT,OOD,263,lead_brake,False,False,False,0,0,30.651530185271543,6.103289072712262,True,False
42,C2_PHASE_CONTRACT,OOD,264,lead_brake,False,False,False,0,0,44.76039974436164,8.6106877643615,True,False
42,C2_PHASE_CONTRACT,OOD,265,lead_brake,False,False,False,0,0,40.28310503880589,9.586944183334708,True,False
42,C2_PHASE_CONTRACT,OOD,266,lead_brake,False,False,False,0,0,32.40996987227328,9.779034936179716,True,False
42,C2_PHASE_CONTRACT,OOD,267,lead_brake,False,False,False,0,0,29.58478911806765,7.327478276565671,True,False
42,C2_PHASE_CONTRACT,OOD,268,lead_brake,False,False,False,0,0,29.248471944381485,8.559852674603462,True,False
42,C2_PHASE_CONTRACT,OOD,269,lead_brake,False,False,False,0,0,31.58974654285123,8.777521854266524,True,False
42,C2_PHASE_CONTRACT,OOD,270,lead_brake,False,False,False,0,0,25.5397736980286,8.778937661399443,True,False
42,C2_PHASE_CONTRACT,OOD,271,lead_brake,False,False,False,0,0,36.337917233120905,4.491770985225836,True,False
42,C2_PHASE_CONTRACT,OOD,272,lead_brake,False,False,False,0,0,34.32435993534682,6.920968900745113,True,False
42,C2_PHASE_CONTRACT,OOD,273,lead_brake,False,False,False,0,0,34.87799527102692,9.149822363629937,True,False
42,C2_PHASE_CONTRACT,OOD,274,lead_brake,False,False,False,0,0,37.30214500344849,8.582585432877142,True,False
42,C2_PHASE_CONTRACT,OOD,275,lead_brake,False,False,False,0,0,33.11355077099098,7.117771005878845,True,False
42,C2_PHASE_CONTRACT,OOD,276,lead_brake,False,False,False,0,0,28.606966256170445,5.682106665646036,True,False
42,C2_PHASE_CONTRACT,OOD,277,lead_brake,False,False,False,0,0,29.628092598542604,6.831196774418156,True,False
42,C2_PHASE_CONTRACT,OOD,278,lead_brake,False,False,False,0,0,30.176872933845434,7.272251456355055,True,False
42,C2_PHASE_CONTRACT,OOD,279,lead_brake,False,False,False,0,0,38.8257162377983,10.193234033261735,True,False
42,C2_PHASE_CONTRACT,OOD,280,lead_brake,False,False,False,0,0,30.57809366952298,9.111660534515977,True,False
42,C2_PHASE_CONTRACT,OOD,281,lead_brake,False,False,False,0,0,31.46892581440509,7.373230098436276,True,False
42,C2_PHASE_CONTRACT,OOD,282,lead_brake,False,False,False,0,0,32.272692780090416,4.798494949315985,True,False
42,C2_PHASE_CONTRACT,OOD,283,lead_brake,False,False,False,0,0,36.62318742312493,8.976204892620444,True,False
42,C2_PHASE_CONTRACT,OOD,284,lead_brake,False,False,False,0,0,25.860129662046624,9.315150248197218,True,False
42,C2_PHASE_CONTRACT,OOD,285,lead_brake,False,False,False,0,0,35.373395001233206,8.244328641022244,True,False
42,C2_PHASE_CONTRACT,OOD,286,lead_brake,False,False,False,0,0,29.09156587399854,8.005064426610867,True,False
42,C2_PHASE_CONTRACT,OOD,287,lead_brake,False,False,False,0,0,32.620449586994695,4.609636962413788,True,False
42,C2_PHASE_CONTRACT,OOD,288,lead_brake,False,False,False,0,0,26.66286884891235,6.8691960126161575,True,False
42,C2_PHASE_CONTRACT,OOD,289,lead_brake,False,False,False,0,0,39.86432184527445,4.14510716125369,True,False
42,C2_PHASE_CONTRACT,OOD,290,lead_brake,False,False,False,0,0,33.759033460035035,6.241219298293193,True,False
42,C2_PHASE_CONTRACT,OOD,291,lead_brake,False,False,False,0,0,21.623690033182505,5.677648805392284,True,False
42,C2_PHASE_CONTRACT,OOD,292,lead_brake,False,False,False,0,0,36.188252523010846,2.9244593953092894,True,False
42,C2_PHASE_CONTRACT,OOD,293,lead_brake,False,False,False,0,0,25.463566923014184,9.465301108236114,True,False
42,C2_PHASE_CONTRACT,OOD,294,lead_brake,False,False,False,0,0,26.742572847661503,8.13025625422597,True,False
42,C2_PHASE_CONTRACT,OOD,295,lead_brake,False,False,False,0,0,28.28496854811902,6.246933858220776,True,False
42,C2_PHASE_CONTRACT,OOD,296,lead_brake,False,False,False,0,0,35.64960282794404,8.693767122303445,True,False
42,C2_PHASE_CONTRACT,OOD,297,lead_brake,False,False,False,0,0,39.04675030719548,3.639465905725956,True,False
42,C2_PHASE_CONTRACT,OOD,298,lead_brake,False,False,False,0,0,21.20804561982156,6.939927339864274,True,False
42,C2_PHASE_CONTRACT,OOD,299,lead_brake,False,False,False,0,0,25.701110865746106,4.821360719700654,True,False
42,D_PHASE_SHIELD,ID,0,crosswalk,False,False,False,0,0,30.357926476896772,2.1756663783030072,True,False
42,D_PHASE_SHIELD,ID,1,crosswalk,False,False,False,0,0,35.20791452207235,0.373785945897301,True,False
42,D_PHASE_SHIELD,ID,2,crosswalk,False,False,False,0,0,32.77003735320561,2.1441584994847123,True,False
42,D_PHASE_SHIELD,ID,3,crosswalk,False,False,False,0,0,37.28588131563814,1.1990425120229304,True,False
42,D_PHASE_SHIELD,ID,4,crosswalk,False,False,False,0,0,32.418205940340286,2.2286515208807858,True,False
42,D_PHASE_SHIELD,ID,5,crosswalk,False,False,False,0,0,32.975631222114245,2.1227958604045534,True,False
42,D_PHASE_SHIELD,ID,6,crosswalk,False,False,False,0,0,28.34139408870262,0.40324917847388664,True,False
42,D_PHASE_SHIELD,ID,7,crosswalk,False,False,False,0,0,36.01042757683898,0.3699351195245981,True,False
42,D_PHASE_SHIELD,ID,8,crosswalk,False,False,False,0,0,27.02370865989475,1.93838938422825,True,False
42,D_PHASE_SHIELD,ID,9,crosswalk,False,False,False,0,0,38.40988412299388,0.38294598149756587,True,False
42,D_PHASE_SHIELD,ID,10,crosswalk,False,False,False,0,0,35.53444789273084,2.055148223172063,True,False
42,D_PHASE_SHIELD,ID,11,crosswalk,False,False,False,0,0,29.1017543396491,1.8935011869127099,True,False
42,D_PHASE_SHIELD,ID,12,crosswalk,False,False,False,0,0,28.059477954769093,2.3676320047754986,True,False
42,D_PHASE_SHIELD,ID,13,crosswalk,False,False,False,0,0,36.997410080559426,0.6889513541351664,True,False
42,D_PHASE_SHIELD,ID,14,crosswalk,False,False,False,0,0,32.411796090466666,1.9786236435174942,True,False
42,D_PHASE_SHIELD,ID,15,crosswalk,False,False,False,0,0,30.956290591725445,1.3754409708474813,True,False
42,D_PHASE_SHIELD,ID,16,crosswalk,False,False,False,0,0,34.76640284252033,0.42254796420985996,True,False
42,D_PHASE_SHIELD,ID,17,crosswalk,False,False,False,0,0,30.232902832919397,2.165425338528373,True,False
42,D_PHASE_SHIELD,ID,18,crosswalk,False,False,False,0,0,36.2118626518128,0.441085227898189,True,False
42,D_PHASE_SHIELD,ID,19,crosswalk,False,False,False,0,0,33.9924345154945,0.4168732396580956,True,False
42,D_PHASE_SHIELD,ID,20,crosswalk,False,False,False,0,0,36.94959655964673,1.6950958563635745,True,False
42,D_PHASE_SHIELD,ID,21,crosswalk,False,False,False,0,0,33.480188714396164,0.3706815158543379,True,False
42,D_PHASE_SHIELD,ID,22,crosswalk,False,False,False,0,0,36.21875440756173,0.5975514828510906,True,False
42,D_PHASE_SHIELD,ID,23,crosswalk,False,False,False,0,0,34.68946500005329,0.4319480132488977,True,False
42,D_PHASE_SHIELD,ID,24,crosswalk,False,False,False,0,0,36.69028693398121,2.074627373367548,True,False
42,D_PHASE_SHIELD,ID,25,crosswalk,False,False,False,0,0,37.09148438017868,1.9398255157284439,True,False
42,D_PHASE_SHIELD,ID,26,crosswalk,False,False,False,0,0,32.221267981680946,0.7731269406420844,True,False
42,D_PHASE_SHIELD,ID,27,crosswalk,False,False,False,0,0,32.40168579104831,0.7528098095208405,True,False
42,D_PHASE_SHIELD,ID,28,crosswalk,False,False,False,0,0,30.335996689612422,2.394475490835152,True,False
42,D_PHASE_SHIELD,ID,29,crosswalk,False,False,False,0,0,37.14492366502063,0.3573448836803436,True,False
42,D_PHASE_SHIELD,ID,30,crosswalk,False,False,False,0,0,26.210846552701426,1.899108902404183,True,False
42,D_PHASE_SHIELD,ID,31,crosswalk,False,False,False,0,0,38.23288037178853,0.3921906525890032,True,False
42,D_PHASE_SHIELD,ID,32,crosswalk,False,False,False,0,0,30.57466424161356,2.2742644734680653,True,False
42,D_PHASE_SHIELD,ID,33,crosswalk,False,False,False,0,0,27.369055445220937,1.802389919757843,True,False
42,D_PHASE_SHIELD,ID,34,crosswalk,False,False,False,0,0,28.196869562097014,2.1971002363023304,True,False
42,D_PHASE_SHIELD,ID,35,crosswalk,False,False,False,0,0,36.619376380561874,0.3978716302663088,True,False
42,D_PHASE_SHIELD,ID,36,crosswalk,False,False,False,0,0,32.990290242119755,2.1730564729027124,True,False
42,D_PHASE_SHIELD,ID,37,crosswalk,False,False,False,0,0,38.11446505321618,0.4077318434913953,True,False
42,D_PHASE_SHIELD,ID,38,crosswalk,False,False,False,0,0,34.57014020781012,0.3923968679231146,True,False
42,D_PHASE_SHIELD,ID,39,crosswalk,False,False,False,0,0,31.005396305075372,1.9313991069793701,True,False
42,D_PHASE_SHIELD,ID,40,crosswalk,False,False,False,0,0,34.894056937163604,0.3990942466518153,True,False
42,D_PHASE_SHIELD,ID,41,crosswalk,False,False,False,0,0,38.72859869584166,0.8071506209671497,True,False
42,D_PHASE_SHIELD,ID,42,crosswalk,False,False,False,0,0,38.35291815414719,1.154477313160896,True,False
42,D_PHASE_SHIELD,ID,43,crosswalk,False,False,False,0,0,31.354388377347753,2.0941019067540765,True,False
42,D_PHASE_SHIELD,ID,44,crosswalk,False,False,False,0,0,28.591602184737944,1.2175424728128643,True,False
42,D_PHASE_SHIELD,ID,45,crosswalk,False,False,False,0,0,29.442505859797354,1.4767103287435712,True,False
42,D_PHASE_SHIELD,ID,46,crosswalk,False,False,False,0,0,34.83058888750062,0.4312273930935632,True,False
42,D_PHASE_SHIELD,ID,47,crosswalk,False,False,False,0,0,32.620980594864825,0.5708792962526019,True,False
42,D_PHASE_SHIELD,ID,48,crosswalk,False,False,False,0,0,34.96738712829226,0.3945872025645297,True,False
42,D_PHASE_SHIELD,ID,49,crosswalk,False,False,False,0,0,29.386448796955904,0.637218014974343,True,False
42,D_PHASE_SHIELD,ID,50,crosswalk,False,False,False,0,0,31.304687376039922,1.930503323674202,True,False
42,D_PHASE_SHIELD,ID,51,crosswalk,False,False,False,0,0,34.957664849645596,2.0875400180617967,True,False
42,D_PHASE_SHIELD,ID,52,crosswalk,False,False,False,0,0,38.483287816764104,1.798278352488642,True,False
42,D_PHASE_SHIELD,ID,53,crosswalk,False,False,False,0,0,35.60472797280279,2.215116580270908,True,False
42,D_PHASE_SHIELD,ID,54,crosswalk,False,False,False,0,0,36.113438123693626,1.982624113721692,True,False
42,D_PHASE_SHIELD,ID,55,crosswalk,False,False,False,0,0,29.30472006046594,1.723400130867958,True,False
42,D_PHASE_SHIELD,ID,56,crosswalk,False,False,False,0,0,38.00408350927362,0.41261196813800116,True,False
42,D_PHASE_SHIELD,ID,57,crosswalk,False,False,False,0,0,34.2953378020691,0.447374477982521,True,False
42,D_PHASE_SHIELD,ID,58,crosswalk,False,False,False,0,0,33.21144867314776,2.172442467316337,True,False
42,D_PHASE_SHIELD,ID,59,crosswalk,False,False,False,0,0,33.45394955162265,0.371182936689128,True,False
42,D_PHASE_SHIELD,ID,60,crosswalk,False,False,False,0,0,32.94192357455913,0.7560633644461631,True,False
42,D_PHASE_SHIELD,ID,61,crosswalk,False,False,False,0,0,33.549764597075885,2.225538729266687,True,False
42,D_PHASE_SHIELD,ID,62,crosswalk,False,False,False,0,0,29.347844473051055,2.1233859793706373,True,False
42,D_PHASE_SHIELD,ID,63,crosswalk,False,False,False,0,0,37.31356160368907,2.0251968751351037,True,False
42,D_PHASE_SHIELD,ID,64,crosswalk,False,False,False,0,0,31.826493027545382,0.37161774594675406,True,False
42,D_PHASE_SHIELD,ID,65,crosswalk,False,False,False,0,0,29.133994799211628,1.9033949822187424,True,False
42,D_PHASE_SHIELD,ID,66,crosswalk,False,False,False,0,0,33.07103647254888,2.10863990628201,True,False
42,D_PHASE_SHIELD,ID,67,crosswalk,False,False,False,0,0,33.25031644484474,2.0408795158500257,True,False
42,D_PHASE_SHIELD,ID,68,crosswalk,False,False,False,0,0,32.035667021336856,0.449694499373436,True,False
42,D_PHASE_SHIELD,ID,69,crosswalk,False,False,False,0,0,29.93717715241067,2.0038532668893985,True,False
42,D_PHASE_SHIELD,ID,70,crosswalk,False,False,False,0,0,29.73018050417161,0.40062565263360733,True,False
42,D_PHASE_SHIELD,ID,71,crosswalk,False,False,False,0,0,29.490607801610146,1.3900559821299143,True,False
42,D_PHASE_SHIELD,ID,72,crosswalk,False,False,False,0,0,32.65493268840931,2.076484638858925,True,False
42,D_PHASE_SHIELD,ID,73,crosswalk,False,False,False,0,0,36.0638677162442,2.0446570528050265,True,False
42,D_PHASE_SHIELD,ID,74,crosswalk,False,False,False,0,0,28.36308134500858,2.4977135893545652,True,False
42,D_PHASE_SHIELD,ID,75,crosswalk,False,False,False,0,0,27.332139448406554,2.012207779017362,True,False
42,D_PHASE_SHIELD,ID,76,crosswalk,False,False,False,0,0,35.76951804344539,2.1306862495839596,True,False
42,D_PHASE_SHIELD,ID,77,crosswalk,False,False,False,0,0,36.56907438298878,2.039460948789897,True,False
42,D_PHASE_SHIELD,ID,78,crosswalk,False,False,False,0,0,37.62785560073565,0.5265654217113147,True,False
42,D_PHASE_SHIELD,ID,79,crosswalk,False,False,False,0,0,27.670541782091348,2.343680527475145,True,False
42,D_PHASE_SHIELD,ID,80,crosswalk,False,False,False,0,0,38.23925374924897,0.3407643506160149,True,False
42,D_PHASE_SHIELD,ID,81,crosswalk,False,False,False,0,0,33.100271204842464,1.9541162284819975,True,False
42,D_PHASE_SHIELD,ID,82,crosswalk,False,False,False,0,0,37.2375445083574,1.162956641478972,True,False
42,D_PHASE_SHIELD,ID,83,crosswalk,False,False,False,0,0,30.927538327658677,0.39116601149241126,True,False
42,D_PHASE_SHIELD,ID,84,crosswalk,False,False,False,0,0,29.841752449956857,2.01308091933077,True,False
42,D_PHASE_SHIELD,ID,85,crosswalk,False,False,False,0,0,37.99059727650261,0.4196271851010944,True,False
42,D_PHASE_SHIELD,ID,86,crosswalk,False,False,False,0,0,33.55798258083806,2.1294458469618918,True,False
42,D_PHASE_SHIELD,ID,87,crosswalk,False,False,False,0,0,34.502656862818164,1.8483740319921211,True,False
42,D_PHASE_SHIELD,ID,88,crosswalk,False,False,False,0,0,35.339335480342804,2.1025271713733673,True,False
42,D_PHASE_SHIELD,ID,89,crosswalk,False,False,False,0,0,30.520879840294977,2.3344245105981822,True,False
42,D_PHASE_SHIELD,ID,90,crosswalk,False,False,False,0,0,32.74413911318634,2.028369113155033,True,False
42,D_PHASE_SHIELD,ID,91,crosswalk,False,False,False,0,0,36.20120875660169,0.34874266088008876,True,False
42,D_PHASE_SHIELD,ID,92,crosswalk,False,False,False,0,0,30.475983216564316,2.3143979869782925,True,False
42,D_PHASE_SHIELD,ID,93,crosswalk,False,False,False,0,0,33.48283112770406,0.44412064410391305,True,False
42,D_PHASE_SHIELD,ID,94,crosswalk,False,False,False,0,0,33.6998719476626,1.762544342006246,True,False
42,D_PHASE_SHIELD,ID,95,crosswalk,False,False,False,0,0,36.657291672399786,2.074955894301335,True,False
42,D_PHASE_SHIELD,ID,96,crosswalk,False,False,False,0,0,38.548461685239275,1.355506667624349,True,False
42,D_PHASE_SHIELD,ID,97,crosswalk,False,False,False,0,0,29.008549260216657,1.8480589985847473,True,False
42,D_PHASE_SHIELD,ID,98,crosswalk,False,False,False,0,0,33.635973320173164,2.010265190316283,True,False
42,D_PHASE_SHIELD,ID,99,crosswalk,False,False,False,0,0,28.58861558816846,2.178147009440831,True,False
42,D_PHASE_SHIELD,ID,100,stop_intersection,False,False,False,5,1,32.97512476178422,1.6867283284664152,True,False
42,D_PHASE_SHIELD,ID,101,stop_intersection,False,False,False,4,1,37.44317338819762,1.6992979224135234,True,False
42,D_PHASE_SHIELD,ID,102,stop_intersection,False,False,False,4,1,27.946188685161644,1.7220006961571543,True,False
42,D_PHASE_SHIELD,ID,103,stop_intersection,False,False,False,4,1,33.939566816913725,1.5981362689109073,True,False
42,D_PHASE_SHIELD,ID,104,stop_intersection,False,False,False,4,1,30.98370912581193,1.735932215263969,True,False
42,D_PHASE_SHIELD,ID,105,stop_intersection,False,False,False,5,1,32.17514930044584,1.6958043575286865,True,False
42,D_PHASE_SHIELD,ID,106,stop_intersection,False,False,False,4,1,30.022972020706263,1.8635422796816439,True,False
42,D_PHASE_SHIELD,ID,107,stop_intersection,False,False,False,4,1,27.03682970800139,1.7625692245122548,True,False
42,D_PHASE_SHIELD,ID,108,stop_intersection,False,False,False,4,1,27.982593596512167,1.7894634201719954,True,False
42,D_PHASE_SHIELD,ID,109,stop_intersection,False,False,False,5,1,30.763323663785666,1.7232686434036644,True,False
42,D_PHASE_SHIELD,ID,110,stop_intersection,False,False,False,4,1,33.88702211727444,1.7484683841466901,True,False
42,D_PHASE_SHIELD,ID,111,stop_intersection,False,False,False,5,1,29.03708081940895,1.6835548633184187,True,False
42,D_PHASE_SHIELD,ID,112,stop_intersection,False,False,False,5,1,29.216617597749703,1.7774582222888342,True,False
42,D_PHASE_SHIELD,ID,113,stop_intersection,False,False,False,5,1,32.15487815959217,1.7588824186569603,True,False
42,D_PHASE_SHIELD,ID,114,stop_intersection,False,False,False,4,1,30.931240316716057,1.8021534670863233,True,False
42,D_PHASE_SHIELD,ID,115,stop_intersection,False,False,False,4,1,36.175530343223954,1.6799921524233934,True,False
42,D_PHASE_SHIELD,ID,116,stop_intersection,False,False,False,4,1,33.810852696827254,1.7028837054967878,True,False
42,D_PHASE_SHIELD,ID,117,stop_intersection,False,False,False,4,1,34.878250559984025,1.7239772528409958,True,False
42,D_PHASE_SHIELD,ID,118,stop_intersection,False,False,False,4,1,35.89474594538252,1.6221421001449465,True,False
42,D_PHASE_SHIELD,ID,119,stop_intersection,False,False,False,5,1,27.932885634662092,1.8119573924276562,True,False
42,D_PHASE_SHIELD,ID,120,stop_intersection,False,False,False,4,1,26.89778053790147,1.8578742799304777,True,False
42,D_PHASE_SHIELD,ID,121,stop_intersection,False,False,False,4,1,36.853359513990384,1.5859781309615733,True,False
42,D_PHASE_SHIELD,ID,122,stop_intersection,False,False,False,5,1,36.26377958992211,1.5808470581853111,True,False
42,D_PHASE_SHIELD,ID,123,stop_intersection,False,False,False,4,1,28.618989369015477,1.7958357849636593,True,False
42,D_PHASE_SHIELD,ID,124,stop_intersection,False,False,False,5,1,29.599114542042663,1.7536209886138503,True,False
42,D_PHASE_SHIELD,ID,125,stop_intersection,False,False,False,4,1,32.76540851851846,1.8637352711276003,True,False
42,D_PHASE_SHIELD,ID,126,stop_intersection,False,False,False,5,1,28.855794321374177,1.7604922765010111,True,False
42,D_PHASE_SHIELD,ID,127,stop_intersection,False,False,False,5,1,32.010728719007496,1.7013094058403602,True,False
42,D_PHASE_SHIELD,ID,128,stop_intersection,False,False,False,4,1,32.28438322598306,1.7210528636590028,True,False
42,D_PHASE_SHIELD,ID,129,stop_intersection,False,False,False,4,1,31.56387534086776,1.823105043486545,True,False
42,D_PHASE_SHIELD,ID,130,stop_intersection,False,False,False,4,1,27.97009239196681,1.8196811179320018,True,False
42,D_PHASE_SHIELD,ID,131,stop_intersection,False,False,False,5,1,27.45854680799502,1.8495030204455056,True,False
42,D_PHASE_SHIELD,ID,132,stop_intersection,False,False,False,4,1,32.20119237654618,1.7475384932297926,True,False
42,D_PHASE_SHIELD,ID,133,stop_intersection,False,False,False,4,1,33.008809847158076,1.6574163843945757,True,False
42,D_PHASE_SHIELD,ID,134,stop_intersection,False,False,False,4,1,29.967549995971368,1.6837901946825857,True,False
42,D_PHASE_SHIELD,ID,135,stop_intersection,False,False,False,4,1,33.339662318922805,1.7802249468289888,True,False
42,D_PHASE_SHIELD,ID,136,stop_intersection,False,False,False,5,1,29.946121588458034,1.8036217625076705,True,False
42,D_PHASE_SHIELD,ID,137,stop_intersection,False,False,False,4,1,33.74565021620376,1.8043804657764921,True,False
42,D_PHASE_SHIELD,ID,138,stop_intersection,False,False,False,4,1,38.28963523243652,1.6494928371338617,True,False
42,D_PHASE_SHIELD,ID,139,stop_intersection,False,False,False,4,1,27.018988130896062,1.9067821568912928,True,False
42,D_PHASE_SHIELD,ID,140,stop_intersection,False,False,False,4,1,27.706666482221856,1.8737801125756015,True,False
42,D_PHASE_SHIELD,ID,141,stop_intersection,False,False,False,4,1,28.82929114163479,1.8264771666791704,True,False
42,D_PHASE_SHIELD,ID,142,stop_intersection,False,False,False,4,1,36.04530201564838,1.757068395614624,True,False
42,D_PHASE_SHIELD,ID,143,stop_intersection,False,False,False,4,1,37.41909207729887,1.577246258425158,True,False
42,D_PHASE_SHIELD,ID,144,stop_intersection,False,False,False,4,1,30.537151648965544,1.7982009680647597,True,False
42,D_PHASE_SHIELD,ID,145,stop_intersection,False,False,False,4,1,26.891818867221076,1.8631045988627841,True,False
42,D_PHASE_SHIELD,ID,146,stop_intersection,False,False,False,4,1,29.69778169180365,1.796932726575617,True,False
42,D_PHASE_SHIELD,ID,147,stop_intersection,False,False,False,4,1,31.748662615689504,1.6584380269050596,True,False
42,D_PHASE_SHIELD,ID,148,stop_intersection,False,False,False,4,1,31.919255338353057,1.758734813103309,True,False
42,D_PHASE_SHIELD,ID,149,stop_intersection,False,False,False,4,1,28.13802214931933,1.886966415813991,True,False
42,D_PHASE_SHIELD,ID,150,stop_intersection,False,False,False,8,1,27.959536548483655,1.5061564098719054,True,False
42,D_PHASE_SHIELD,ID,151,stop_intersection,False,False,False,13,1,27.427325883490717,1.3436535006279453,True,False
42,D_PHASE_SHIELD,ID,152,stop_intersection,False,False,False,6,1,20.52112038251851,1.4143720176000374,True,False
42,D_PHASE_SHIELD,ID,153,stop_intersection,False,False,False,5,1,20.552384575015353,1.502430153552048,True,False
42,D_PHASE_SHIELD,ID,154,stop_intersection,False,False,False,12,1,27.920900191053278,1.367486040952305,True,False
42,D_PHASE_SHIELD,ID,155,stop_intersection,False,False,False,10,1,21.939626981399755,1.3265458500571548,True,False
42,D_PHASE_SHIELD,ID,156,stop_intersection,False,False,False,15,1,27.959999276045153,1.293972028341765,True,False
42,D_PHASE_SHIELD,ID,157,stop_intersection,False,False,False,7,1,24.2114637626554,1.387155471557182,True,False
42,D_PHASE_SHIELD,ID,158,stop_intersection,False,False,False,9,1,25.949873369397004,1.3545326399989426,True,False
42,D_PHASE_SHIELD,ID,159,stop_intersection,False,False,False,9,1,20.9469024129248,1.3552567683594923,True,False
42,D_PHASE_SHIELD,ID,160,stop_intersection,False,False,False,13,1,27.979904603773853,1.3387573927373086,True,False
42,D_PHASE_SHIELD,ID,161,stop_intersection,False,False,False,7,1,21.735367700122254,1.4400764362940537,True,False
42,D_PHASE_SHIELD,ID,162,stop_intersection,False,False,False,7,1,25.526094996220372,1.4161999685473847,True,False
42,D_PHASE_SHIELD,ID,163,stop_intersection,False,False,False,10,1,21.875213843570588,1.3283849035456676,True,False
42,D_PHASE_SHIELD,ID,164,stop_intersection,False,False,False,6,1,20.92317496384093,1.450764487767457,True,False
42,D_PHASE_SHIELD,ID,165,stop_intersection,False,False,False,6,1,20.859955419321068,1.419650250769876,True,False
42,D_PHASE_SHIELD,ID,166,stop_intersection,False,False,False,7,1,21.59397995553594,1.4094839734190425,True,False
42,D_PHASE_SHIELD,ID,167,stop_intersection,False,False,False,7,1,22.759369930972515,1.412901691438511,True,False
42,D_PHASE_SHIELD,ID,168,stop_intersection,False,False,False,14,1,26.20194920456288,1.3295819741533765,True,False
42,D_PHASE_SHIELD,ID,169,stop_intersection,False,False,False,5,1,21.89783566026183,1.4580520450516983,True,False
42,D_PHASE_SHIELD,ID,170,stop_intersection,False,False,False,10,1,21.718454378494556,1.3543775149372717,True,False
42,D_PHASE_SHIELD,ID,171,stop_intersection,False,False,False,11,1,21.96330390598566,1.332552060210968,True,False
42,D_PHASE_SHIELD,ID,172,stop_intersection,False,False,False,8,1,22.589736056713228,1.3681123619899154,True,False
42,D_PHASE_SHIELD,ID,173,stop_intersection,False,False,False,7,1,22.206719937852817,1.3947037139128073,True,False
42,D_PHASE_SHIELD,ID,174,stop_intersection,False,False,False,7,1,27.71353561430633,1.3461176513117692,True,False
42,D_PHASE_SHIELD,ID,175,stop_intersection,False,False,False,10,1,22.800626759698815,1.358007222432643,True,False
42,D_PHASE_SHIELD,ID,176,stop_intersection,False,False,False,7,1,22.393005690077622,1.361183601963733,True,False
42,D_PHASE_SHIELD,ID,177,stop_intersection,False,False,False,8,1,27.527497264782802,1.5157227108438471,True,False
42,D_PHASE_SHIELD,ID,178,stop_intersection,False,False,False,5,1,25.091745094056446,1.4738088602087263,True,False
42,D_PHASE_SHIELD,ID,179,stop_intersection,False,False,False,8,1,21.969240934609672,1.3806355742762992,True,False
42,D_PHASE_SHIELD,ID,180,stop_intersection,False,False,False,9,1,22.093639276171125,1.3662728275660248,True,False
42,D_PHASE_SHIELD,ID,181,stop_intersection,False,False,False,14,1,28.029520592767717,1.320348576654747,True,False
42,D_PHASE_SHIELD,ID,182,stop_intersection,False,False,False,6,1,21.812982155653792,1.419398337477118,True,False
42,D_PHASE_SHIELD,ID,183,stop_intersection,False,False,False,11,1,21.246116874677448,1.3059263813178028,True,False
42,D_PHASE_SHIELD,ID,184,stop_intersection,False,False,False,6,1,20.660774857019426,1.4407180095685348,True,False
42,D_PHASE_SHIELD,ID,185,stop_intersection,False,False,False,5,1,22.595181399648535,1.430858544566655,True,False
42,D_PHASE_SHIELD,ID,186,stop_intersection,False,False,False,12,1,28.045200102211556,1.3556944814013938,True,False
42,D_PHASE_SHIELD,ID,187,stop_intersection,False,False,False,5,1,21.30487877794072,1.46845445168653,True,False
42,D_PHASE_SHIELD,ID,188,stop_intersection,False,False,False,5,1,27.046561675785192,1.4658830179409545,True,False
42,D_PHASE_SHIELD,ID,189,stop_intersection,False,False,False,10,1,28.216428680644228,1.299242863109192,True,False
42,D_PHASE_SHIELD,ID,190,stop_intersection,False,False,False,7,1,21.17168230738776,1.453688645850111,True,False
42,D_PHASE_SHIELD,ID,191,stop_intersection,False,False,False,9,1,27.274537841799344,1.4936025654000267,True,False
42,D_PHASE_SHIELD,ID,192,stop_intersection,False,False,False,8,1,26.41141062587134,1.3651538860922057,True,False
42,D_PHASE_SHIELD,ID,193,stop_intersection,False,False,False,12,1,27.403168882331997,1.3562317697890103,True,False
42,D_PHASE_SHIELD,ID,194,stop_intersection,False,False,False,10,1,25.119593977311503,1.3240050689737295,True,False
42,D_PHASE_SHIELD,ID,195,stop_intersection,False,False,False,6,1,20.428440446292328,1.4164194147967804,True,False
42,D_PHASE_SHIELD,ID,196,stop_intersection,False,False,False,9,1,26.7596660629248,1.3700844504560032,True,False
42,D_PHASE_SHIELD,ID,197,stop_intersection,False,False,False,6,1,20.422166953231155,1.4980689889934817,True,False
42,D_PHASE_SHIELD,ID,198,stop_intersection,False,False,False,4,1,23.282440746347582,1.485670364715836,True,False
42,D_PHASE_SHIELD,ID,199,stop_intersection,False,False,False,5,1,27.74948804491852,1.4477324420586228,True,False
42,D_PHASE_SHIELD,ID,200,lead_brake,False,False,False,0,0,71.08885997992547,9.815525998671848,True,False
42,D_PHASE_SHIELD,ID,201,lead_brake,False,False,False,0,0,93.97750586271282,2.7609236252804594,True,False
42,D_PHASE_SHIELD,ID,202,lead_brake,False,False,False,0,0,55.08198438302668,10.261756933294237,True,False
42,D_PHASE_SHIELD,ID,203,lead_brake,False,False,False,0,0,75.28986971717923,4.169316391150157,True,False
42,D_PHASE_SHIELD,ID,204,lead_brake,False,False,False,0,0,97.30375030344285,0.08302132319658993,True,False
42,D_PHASE_SHIELD,ID,205,lead_brake,False,False,False,0,0,74.49215807609934,0.6861788133780161,True,False
42,D_PHASE_SHIELD,ID,206,lead_brake,False,False,False,0,0,88.84281570857291,2.8460246448715525,True,False
42,D_PHASE_SHIELD,ID,207,lead_brake,False,False,False,0,0,77.08213998566816,8.655401801069576,True,False
42,D_PHASE_SHIELD,ID,208,lead_brake,False,False,False,0,0,58.44552449270925,10.824381355506677,True,False
42,D_PHASE_SHIELD,ID,209,lead_brake,False,False,False,0,0,87.8023879257681,5.476918204997976,True,False
42,D_PHASE_SHIELD,ID,210,lead_brake,False,False,False,0,0,74.94755974215853,7.57781173226734,True,False
42,D_PHASE_SHIELD,ID,211,lead_brake,False,False,False,0,0,84.8856363287153,6.361302686234314,True,False
42,D_PHASE_SHIELD,ID,212,lead_brake,False,False,False,0,0,77.34126569760195,4.916191089277466,True,False
42,D_PHASE_SHIELD,ID,213,lead_brake,False,False,False,0,0,73.85109471848254,9.702087090040246,True,False
42,D_PHASE_SHIELD,ID,214,lead_brake,False,False,False,0,0,86.5801137858294,2.871173538888494,True,False
42,D_PHASE_SHIELD,ID,215,lead_brake,False,False,False,0,0,96.18155898258061,0.3634093875686327,True,False
42,D_PHASE_SHIELD,ID,216,lead_brake,False,False,False,0,0,98.8516383379698,0.030795385440190632,True,False
42,D_PHASE_SHIELD,ID,217,lead_brake,False,False,False,0,0,70.74130206102568,9.986654713749884,True,False
42,D_PHASE_SHIELD,ID,218,lead_brake,False,False,False,0,0,68.63078286595061,2.5375539530068636,True,False
42,D_PHASE_SHIELD,ID,219,lead_brake,False,False,False,0,0,70.76232378270059,5.147124605253339,True,False
42,D_PHASE_SHIELD,ID,220,lead_brake,False,False,False,0,0,70.55117884068206,10.410954852278033,True,False
42,D_PHASE_SHIELD,ID,221,lead_brake,False,False,False,0,0,78.29891158471338,8.492169331138332,True,False
42,D_PHASE_SHIELD,ID,222,lead_brake,False,False,False,0,0,79.62104588987135,8.864085133497912,True,False
42,D_PHASE_SHIELD,ID,223,lead_brake,False,False,False,0,0,66.40394298451267,3.109335216383139,True,False
42,D_PHASE_SHIELD,ID,224,lead_brake,False,False,False,0,0,74.99879412466933,8.688425024350485,True,False
42,D_PHASE_SHIELD,ID,225,lead_brake,False,False,False,0,0,65.4414904149534,10.427543447042504,True,False
42,D_PHASE_SHIELD,ID,226,lead_brake,False,False,False,0,0,65.91508320245612,6.163143272822101,True,False
42,D_PHASE_SHIELD,ID,227,lead_brake,False,False,False,0,0,71.69553353009044,6.087558208033442,True,False
42,D_PHASE_SHIELD,ID,228,lead_brake,False,False,False,0,0,80.42108096415174,7.191643254831433,True,False
42,D_PHASE_SHIELD,ID,229,lead_brake,False,False,False,0,0,67.12595342318855,9.868124244113762,True,False
42,D_PHASE_SHIELD,ID,230,lead_brake,False,False,False,0,0,84.53383249861263,0.8220638905962309,True,False
42,D_PHASE_SHIELD,ID,231,lead_brake,False,False,False,0,0,79.61611492731339,3.026912196849783,True,False
42,D_PHASE_SHIELD,ID,232,lead_brake,False,False,False,0,0,76.60121576166377,1.1171503961086273,True,False
42,D_PHASE_SHIELD,ID,233,lead_brake,False,False,False,0,0,94.98036712686032,1.1186127513647077,True,False
42,D_PHASE_SHIELD,ID,234,lead_brake,False,False,False,0,0,80.88840101399418,2.420475867887338,True,False
42,D_PHASE_SHIELD,ID,235,lead_brake,False,False,False,0,0,83.58204250524929,0.979463741183281,True,False
42,D_PHASE_SHIELD,ID,236,lead_brake,False,False,False,0,0,65.08283696871896,1.9389461117486158,True,False
42,D_PHASE_SHIELD,ID,237,lead_brake,False,False,False,0,0,80.42960399507363,3.315122641002138,True,False
42,D_PHASE_SHIELD,ID,238,lead_brake,False,False,False,0,0,83.16710793757561,0.7124890759587288,True,False
42,D_PHASE_SHIELD,ID,239,lead_brake,False,False,False,0,0,52.724660840822956,10.317368591825167,True,False
42,D_PHASE_SHIELD,ID,240,lead_brake,False,False,False,0,0,73.93502125796883,9.544346620018283,True,False
42,D_PHASE_SHIELD,ID,241,lead_brake,False,False,False,0,0,59.03179536576762,8.945850433781743,True,False
42,D_PHASE_SHIELD,ID,242,lead_brake,False,False,False,0,0,67.19061582854012,4.17142603546381,True,False
42,D_PHASE_SHIELD,ID,243,lead_brake,False,False,False,0,0,53.798631960262426,11.675476877639689,True,False
42,D_PHASE_SHIELD,ID,244,lead_brake,False,False,False,0,0,54.81257499084941,9.032642575601736,True,False
42,D_PHASE_SHIELD,ID,245,lead_brake,False,False,False,0,0,75.89579027788906,0.5167159363627434,True,False
42,D_PHASE_SHIELD,ID,246,lead_brake,False,False,False,0,0,98.72907106064265,0.057839500407377877,True,False
42,D_PHASE_SHIELD,ID,247,lead_brake,False,False,False,0,0,80.40969877672876,8.059039026498795,True,False
42,D_PHASE_SHIELD,ID,248,lead_brake,False,False,False,0,0,66.97355257954781,9.769438465436298,True,False
42,D_PHASE_SHIELD,ID,249,lead_brake,False,False,False,0,0,98.40436184088854,0.0532506334905823,True,False
42,D_PHASE_SHIELD,ID,250,lead_brake,False,False,False,0,0,70.32679473488436,9.008169426893193,True,False
42,D_PHASE_SHIELD,ID,251,lead_brake,False,False,False,0,0,73.41899579613217,2.1676704467584686,True,False
42,D_PHASE_SHIELD,ID,252,lead_brake,False,False,False,0,0,87.00794371622295,4.339662866666913,True,False
42,D_PHASE_SHIELD,ID,253,lead_brake,False,False,False,0,0,87.69187701393595,3.680256593351563,True,False
42,D_PHASE_SHIELD,ID,254,lead_brake,False,False,False,0,0,95.72094251747384,1.584631969531377,True,False
42,D_PHASE_SHIELD,ID,255,lead_brake,False,False,False,0,0,62.02297646363447,7.021515259208778,True,False
42,D_PHASE_SHIELD,ID,256,lead_brake,False,False,False,0,0,71.96749241435398,1.5661500891049702,True,False
42,D_PHASE_SHIELD,ID,257,lead_brake,False,False,False,0,0,78.73756347788814,4.4219043248643475,True,False
42,D_PHASE_SHIELD,ID,258,lead_brake,False,False,False,0,0,79.16467454499684,7.939552123347918,True,False
42,D_PHASE_SHIELD,ID,259,lead_brake,False,False,False,0,0,97.89543831134147,0.15127621063341695,True,False
42,D_PHASE_SHIELD,ID,260,lead_brake,False,False,False,0,0,71.71860028814876,9.431938335299492,True,False
42,D_PHASE_SHIELD,ID,261,lead_brake,False,False,False,0,0,78.12603848963983,8.685599114124972,True,False
42,D_PHASE_SHIELD,ID,262,lead_brake,False,False,False,0,0,90.04931759293267,1.1005312980463107,True,False
42,D_PHASE_SHIELD,ID,263,lead_brake,False,False,False,0,0,77.83630904214402,8.70576615134875,True,False
42,D_PHASE_SHIELD,ID,264,lead_brake,False,False,False,0,0,97.08402013513465,0.10066032906373341,True,False
42,D_PHASE_SHIELD,ID,265,lead_brake,False,False,False,0,0,84.63814691700043,1.1161254520217576,True,False
42,D_PHASE_SHIELD,ID,266,lead_brake,False,False,False,0,0,86.76619384921086,2.2442459886272745,True,False
42,D_PHASE_SHIELD,ID,267,lead_brake,False,False,False,0,0,85.4086887711579,2.2699999461571374,True,False
42,D_PHASE_SHIELD,ID,268,lead_brake,False,False,False,0,0,84.53110720123318,3.041384301458796,True,False
42,D_PHASE_SHIELD,ID,269,lead_brake,False,False,False,0,0,58.28772228325854,11.767397401233515,True,False
42,D_PHASE_SHIELD,ID,270,lead_brake,False,False,False,0,0,73.41828520948579,9.604328781366348,True,False
42,D_PHASE_SHIELD,ID,271,lead_brake,False,False,False,0,0,57.617021214705865,10.425869305928547,True,False
42,D_PHASE_SHIELD,ID,272,lead_brake,False,False,False,0,0,76.36311757317948,9.036557352170348,True,False
42,D_PHASE_SHIELD,ID,273,lead_brake,False,False,False,0,0,60.201967509195995,4.168750496581197,True,False
42,D_PHASE_SHIELD,ID,274,lead_brake,False,False,False,0,0,58.83970974697951,9.879527152826387,True,False
42,D_PHASE_SHIELD,ID,275,lead_brake,False,False,False,0,0,86.88297147899577,3.8964676999797425,True,False
42,D_PHASE_SHIELD,ID,276,lead_brake,False,False,False,0,0,53.53639512762503,5.8115156240140395,True,False
42,D_PHASE_SHIELD,ID,277,lead_brake,False,False,False,0,0,60.475316369237405,10.416897757910192,True,False
42,D_PHASE_SHIELD,ID,278,lead_brake,False,False,False,0,0,81.67675122905692,2.5980928204953666,True,False
42,D_PHASE_SHIELD,ID,279,lead_brake,False,False,False,0,0,64.47841323056127,2.2280009165406227,True,False
42,D_PHASE_SHIELD,ID,280,lead_brake,False,False,False,0,0,85.75413878303237,2.1644142661243673,True,False
42,D_PHASE_SHIELD,ID,281,lead_brake,False,False,False,0,0,89.26206508498052,0.5403976862629254,True,False
42,D_PHASE_SHIELD,ID,282,lead_brake,False,False,False,0,0,72.91299187559532,2.1204092937211194,True,False
42,D_PHASE_SHIELD,ID,283,lead_brake,False,False,False,0,0,69.07512727356055,0.8232482274373372,True,False
42,D_PHASE_SHIELD,ID,284,lead_brake,False,False,False,0,0,60.61063547197107,11.557061870892841,True,False
42,D_PHASE_SHIELD,ID,285,lead_brake,False,False,False,0,0,83.12618142109008,2.6544034785280624,True,False
42,D_PHASE_SHIELD,ID,286,lead_brake,False,False,False,0,0,60.700112512832895,9.627690270543098,True,False
42,D_PHASE_SHIELD,ID,287,lead_brake,False,False,False,0,0,88.25245679673998,2.3066262993961573,True,False
42,D_PHASE_SHIELD,ID,288,lead_brake,False,False,False,0,0,80.75666677537656,7.517117724443475,True,False
42,D_PHASE_SHIELD,ID,289,lead_brake,False,False,False,0,0,78.80335720837866,3.1955796827872596,True,False
42,D_PHASE_SHIELD,ID,290,lead_brake,False,False,False,0,0,77.57537265622543,7.447530721624692,True,False
42,D_PHASE_SHIELD,ID,291,lead_brake,False,False,False,0,0,85.5149161499093,3.1939391611764827,True,False
42,D_PHASE_SHIELD,ID,292,lead_brake,False,False,False,0,0,82.66224188926938,2.4998100685576596,True,False
42,D_PHASE_SHIELD,ID,293,lead_brake,False,False,False,0,0,45.09344087708004,9.688710533392925,True,False
42,D_PHASE_SHIELD,ID,294,lead_brake,False,False,False,0,0,88.33454922308844,2.6189563488587733,True,False
42,D_PHASE_SHIELD,ID,295,lead_brake,False,False,False,0,0,73.68793001822776,2.239073837796847,True,False
42,D_PHASE_SHIELD,ID,296,lead_brake,False,False,False,0,0,83.39291111906942,5.815994876126448,True,False
42,D_PHASE_SHIELD,ID,297,lead_brake,False,False,False,0,0,67.78730223090584,9.809766734639803,True,False
42,D_PHASE_SHIELD,ID,298,lead_brake,False,False,False,0,0,67.70880093009204,4.772797752171754,True,False
42,D_PHASE_SHIELD,ID,299,lead_brake,False,False,False,0,0,76.62752641342581,8.13047299782435,True,False
42,D_PHASE_SHIELD,OOD,0,crosswalk,False,False,False,3,1,30.098038575600846,2.637373047905999,True,False
42,D_PHASE_SHIELD,OOD,1,crosswalk,False,False,False,0,0,30.839772888165243,1.4949716943683047,True,False
42,D_PHASE_SHIELD,OOD,2,crosswalk,False,False,False,3,1,22.976057519794708,1.4760412204833255,True,False
42,D_PHASE_SHIELD,OOD,3,crosswalk,False,False,False,0,0,29.70013029291139,1.520475447177887,True,False
42,D_PHASE_SHIELD,OOD,4,crosswalk,False,False,False,0,1,25.582507209424048,1.242239236831665,True,False
42,D_PHASE_SHIELD,OOD,5,crosswalk,False,False,False,2,1,25.01654338560848,2.4803859648250395,True,False
42,D_PHASE_SHIELD,OOD,6,crosswalk,False,False,False,0,1,20.631786177775567,1.7619885571978307,True,False
42,D_PHASE_SHIELD,OOD,7,crosswalk,False,False,False,1,1,22.20726089013116,1.7390947494851916,True,False
42,D_PHASE_SHIELD,OOD,8,crosswalk,False,False,False,1,1,30.302207066723945,1.7249009214065694,True,False
42,D_PHASE_SHIELD,OOD,9,crosswalk,False,False,False,0,1,30.1215415621405,1.4651128806565938,True,False
42,D_PHASE_SHIELD,OOD,10,crosswalk,False,False,False,0,1,26.348433291863536,1.4351650930586315,True,False
42,D_PHASE_SHIELD,OOD,11,crosswalk,False,False,False,2,1,24.274029902094078,2.0913180359979955,True,False
42,D_PHASE_SHIELD,OOD,12,crosswalk,False,False,False,3,1,27.34687299073915,1.6689435640970864,True,False
42,D_PHASE_SHIELD,OOD,13,crosswalk,False,False,False,1,1,23.429064031193448,1.7332545943234279,True,False
42,D_PHASE_SHIELD,OOD,14,crosswalk,False,False,False,2,1,31.334294320033294,2.105903689823453,True,False
42,D_PHASE_SHIELD,OOD,15,crosswalk,False,False,False,0,1,22.484321554368407,1.6691752000057951,True,False
42,D_PHASE_SHIELD,OOD,16,crosswalk,False,False,False,1,1,22.701739119742815,1.6087009556315564,True,False
42,D_PHASE_SHIELD,OOD,17,crosswalk,False,False,False,3,1,21.105768915386914,1.4563283053311433,True,False
42,D_PHASE_SHIELD,OOD,18,crosswalk,False,False,False,3,1,22.178397696301253,1.7567567567567568,True,False
42,D_PHASE_SHIELD,OOD,19,crosswalk,False,False,False,1,1,21.979617160043396,2.048596229818132,True,False
42,D_PHASE_SHIELD,OOD,20,crosswalk,False,False,False,3,1,29.739726978310628,1.5002999793399463,True,False
42,D_PHASE_SHIELD,OOD,21,crosswalk,False,False,False,1,1,22.307474956015028,1.7114253074902555,True,False
42,D_PHASE_SHIELD,OOD,22,crosswalk,False,False,False,0,1,21.12030869414482,1.708779176697135,True,False
42,D_PHASE_SHIELD,OOD,23,crosswalk,False,False,False,2,1,29.103679693213216,2.0975778657336566,True,False
42,D_PHASE_SHIELD,OOD,24,crosswalk,False,False,False,0,0,22.716311495834475,1.6928554219858987,True,False
42,D_PHASE_SHIELD,OOD,25,crosswalk,False,False,False,4,1,22.405089664837412,1.3385789063241744,True,False
42,D_PHASE_SHIELD,OOD,26,crosswalk,False,False,False,3,1,22.902800346210583,1.402404891408008,True,False
42,D_PHASE_SHIELD,OOD,27,crosswalk,False,False,False,2,1,29.418544768613167,2.305329485216002,True,False
42,D_PHASE_SHIELD,OOD,28,crosswalk,False,False,False,2,1,30.935462534037963,2.3702929549747043,True,False
42,D_PHASE_SHIELD,OOD,29,crosswalk,False,False,False,0,1,29.454606556649303,1.349731822346532,True,False
42,D_PHASE_SHIELD,OOD,30,crosswalk,False,False,False,0,0,28.74819687807368,1.6639576414052177,True,False
42,D_PHASE_SHIELD,OOD,31,crosswalk,False,False,False,0,1,23.190124671529134,1.5071915770354476,True,False
42,D_PHASE_SHIELD,OOD,32,crosswalk,False,False,False,3,1,27.746690947375768,2.0643536210923954,True,False
42,D_PHASE_SHIELD,OOD,33,crosswalk,False,False,False,2,1,26.69484152679859,2.267885723249699,True,False
42,D_PHASE_SHIELD,OOD,34,crosswalk,False,False,False,3,1,24.648246429092055,1.4130434782608694,True,False
42,D_PHASE_SHIELD,OOD,35,crosswalk,False,False,False,0,1,22.31363346572263,1.652899370637051,True,False
42,D_PHASE_SHIELD,OOD,36,crosswalk,False,False,False,0,1,21.300852623227208,1.5564513471391466,True,False
42,D_PHASE_SHIELD,OOD,37,crosswalk,False,False,False,0,1,22.69587193696733,1.9179280188221197,True,False
42,D_PHASE_SHIELD,OOD,38,crosswalk,False,False,False,3,1,20.825748116697877,1.625,True,False
42,D_PHASE_SHIELD,OOD,39,crosswalk,False,False,False,3,1,30.51376536764447,2.2073232418014888,True,False
42,D_PHASE_SHIELD,OOD,40,crosswalk,False,False,False,0,1,21.66035360230063,1.6964581678080004,True,False
42,D_PHASE_SHIELD,OOD,41,crosswalk,False,False,False,3,1,24.260027301174482,1.4324118561214871,True,False
42,D_PHASE_SHIELD,OOD,42,crosswalk,False,False,False,0,1,25.429220870554552,1.850753808632875,True,False
42,D_PHASE_SHIELD,OOD,43,crosswalk,False,False,False,4,1,20.665791692243587,1.4613774724495716,True,False
42,D_PHASE_SHIELD,OOD,44,crosswalk,False,False,False,3,1,31.35533130313843,1.4107370122950127,True,False
42,D_PHASE_SHIELD,OOD,45,crosswalk,False,False,False,0,1,21.674648771558125,1.5511025646899608,True,False
42,D_PHASE_SHIELD,OOD,46,crosswalk,False,False,False,3,1,30.863124647421465,1.4777975190769543,True,False
42,D_PHASE_SHIELD,OOD,47,crosswalk,False,False,False,1,1,24.447173241340245,1.8839690360155972,True,False
42,D_PHASE_SHIELD,OOD,48,crosswalk,False,False,False,4,1,27.597897020717795,1.6694340339073768,True,False
42,D_PHASE_SHIELD,OOD,49,crosswalk,False,False,False,0,0,26.54689115528619,1.5957243660011806,True,False
42,D_PHASE_SHIELD,OOD,50,crosswalk,False,False,False,0,1,27.558533022417684,1.4023114378387862,True,False
42,D_PHASE_SHIELD,OOD,51,crosswalk,False,False,False,0,0,26.829668404840376,1.649023133974809,True,False
42,D_PHASE_SHIELD,OOD,52,crosswalk,False,False,False,0,1,22.647066915329845,1.8324467845452137,True,False
42,D_PHASE_SHIELD,OOD,53,crosswalk,False,False,False,3,1,21.919001710168807,1.656094725067551,True,False
42,D_PHASE_SHIELD,OOD,54,crosswalk,False,False,False,0,1,25.50694611234752,1.2210752964019773,True,False
42,D_PHASE_SHIELD,OOD,55,crosswalk,False,False,False,0,0,29.45016017492754,1.6978330413500466,True,False
42,D_PHASE_SHIELD,OOD,56,crosswalk,False,False,False,1,1,22.744476015501252,1.6413446134606071,True,False
42,D_PHASE_SHIELD,OOD,57,crosswalk,False,False,False,0,1,21.450150362012764,1.7680919429530266,True,False
42,D_PHASE_SHIELD,OOD,58,crosswalk,False,False,False,2,1,28.68119758456364,2.038740536422594,True,False
42,D_PHASE_SHIELD,OOD,59,crosswalk,False,False,False,0,1,23.33793234201766,1.3312421263532437,True,False
42,D_PHASE_SHIELD,OOD,60,crosswalk,False,False,False,4,1,27.56557310638934,1.7291968276626184,True,False
42,D_PHASE_SHIELD,OOD,61,crosswalk,False,False,False,3,1,23.477181874621706,1.6666666666666665,True,False
42,D_PHASE_SHIELD,OOD,62,crosswalk,False,False,False,4,1,28.42962458681221,1.4215505641439687,True,False
42,D_PHASE_SHIELD,OOD,63,crosswalk,False,False,False,3,1,21.67700216084843,1.5853658536585364,True,False
42,D_PHASE_SHIELD,OOD,64,crosswalk,False,False,False,0,1,24.40357448055664,1.5452083529427991,True,False
42,D_PHASE_SHIELD,OOD,65,crosswalk,False,False,False,3,1,30.31527764300739,1.452035692003038,True,False
42,D_PHASE_SHIELD,OOD,66,crosswalk,False,False,False,0,1,21.24719816910426,1.7798100113868713,True,False
42,D_PHASE_SHIELD,OOD,67,crosswalk,False,False,False,0,1,27.919117576774507,1.6821840869055853,True,False
42,D_PHASE_SHIELD,OOD,68,crosswalk,False,False,False,3,1,20.694968997623736,1.4731088199398734,True,False
42,D_PHASE_SHIELD,OOD,69,crosswalk,False,False,False,3,1,25.508761844075963,1.7515811726853652,True,False
42,D_PHASE_SHIELD,OOD,70,crosswalk,False,False,False,0,0,22.414273181847747,1.6503626892441197,True,False
42,D_PHASE_SHIELD,OOD,71,crosswalk,False,False,False,0,1,28.747653066152573,1.5429008819840169,True,False
42,D_PHASE_SHIELD,OOD,72,crosswalk,False,False,False,4,1,23.09639393848311,1.5853658536585364,True,False
42,D_PHASE_SHIELD,OOD,73,crosswalk,False,False,False,4,1,28.194068982297402,1.4503102832370334,True,False
42,D_PHASE_SHIELD,OOD,74,crosswalk,False,False,False,3,1,24.617965693391493,1.7287874672863934,True,False
42,D_PHASE_SHIELD,OOD,75,crosswalk,False,False,False,0,0,26.832411529763547,1.5608511234705262,True,False
42,D_PHASE_SHIELD,OOD,76,crosswalk,False,False,False,0,1,29.105970172601996,1.4293714406642506,True,False
42,D_PHASE_SHIELD,OOD,77,crosswalk,False,False,False,3,1,25.988969937650435,1.5405604385194323,True,False
42,D_PHASE_SHIELD,OOD,78,crosswalk,False,False,False,0,1,29.367970261282586,1.3348107852719044,True,False
42,D_PHASE_SHIELD,OOD,79,crosswalk,False,False,False,0,0,20.60895406635305,1.8472956593443706,True,False
42,D_PHASE_SHIELD,OOD,80,crosswalk,False,False,False,0,0,23.91275782459871,1.5649001109294403,True,False
42,D_PHASE_SHIELD,OOD,81,crosswalk,False,False,False,0,0,22.216748780034244,1.9084714666793219,True,False
42,D_PHASE_SHIELD,OOD,82,crosswalk,False,False,False,2,1,25.07002447705417,1.8883455948553223,True,False
42,D_PHASE_SHIELD,OOD,83,crosswalk,False,False,False,0,1,28.89674031768193,1.2930041940315908,True,False
42,D_PHASE_SHIELD,OOD,84,crosswalk,False,False,False,4,1,27.73938102840026,1.5307813744212306,True,False
42,D_PHASE_SHIELD,OOD,85,crosswalk,False,False,False,3,1,21.843097004446573,1.4416738493101937,True,False
42,D_PHASE_SHIELD,OOD,86,crosswalk,False,False,False,2,1,31.267474893628474,2.1844479873776437,True,False
42,D_PHASE_SHIELD,OOD,87,crosswalk,False,False,False,3,1,22.77041820446864,1.4444444444444442,True,False
42,D_PHASE_SHIELD,OOD,88,crosswalk,False,False,False,3,1,30.210657927392013,1.5169061584906143,True,False
42,D_PHASE_SHIELD,OOD,89,crosswalk,False,False,False,2,1,28.583111236467033,2.0628591281499045,True,False
42,D_PHASE_SHIELD,OOD,90,crosswalk,False,False,False,4,1,30.611790157774966,1.6465445458889008,True,False
42,D_PHASE_SHIELD,OOD,91,crosswalk,False,False,False,3,1,23.425020479549232,1.6976908735326817,True,False
42,D_PHASE_SHIELD,OOD,92,crosswalk,False,False,False,1,1,24.51004889216908,1.6415896532791001,True,False
42,D_PHASE_SHIELD,OOD,93,crosswalk,False,False,False,0,1,20.877316550725478,1.6251771355217153,True,False
42,D_PHASE_SHIELD,OOD,94,crosswalk,False,False,False,2,1,26.18298835164609,2.0487155240515,True,False
42,D_PHASE_SHIELD,OOD,95,crosswalk,False,False,False,4,1,21.47664459016098,1.6666666666666665,True,False
42,D_PHASE_SHIELD,OOD,96,crosswalk,False,False,False,3,1,28.31585623494821,2.1731429053831466,True,False
42,D_PHASE_SHIELD,OOD,97,crosswalk,False,False,False,2,1,30.51864316967987,2.132063620921337,True,False
42,D_PHASE_SHIELD,OOD,98,crosswalk,False,False,False,0,0,27.30574546043459,1.3841176644349709,True,False
42,D_PHASE_SHIELD,OOD,99,crosswalk,False,False,False,2,1,28.067782752234613,2.133726665507192,True,False
42,D_PHASE_SHIELD,OOD,100,stop_intersection,False,False,False,5,1,23.128137814671398,2.7226109533812157,True,False
42,D_PHASE_SHIELD,OOD,101,stop_intersection,False,False,False,3,1,25.06037843094095,1.9389348085536513,True,False
42,D_PHASE_SHIELD,OOD,102,stop_intersection,False,False,False,5,1,30.783862196481444,1.7750734090805054,True,False
42,D_PHASE_SHIELD,OOD,103,stop_intersection,False,False,False,3,1,27.05006847290499,2.1318796590522484,True,False
42,D_PHASE_SHIELD,OOD,104,stop_intersection,False,False,False,6,1,26.89127828035427,2.514062391742217,True,False
42,D_PHASE_SHIELD,OOD,105,stop_intersection,False,False,False,1,1,20.643660313702497,2.285702501734098,True,False
42,D_PHASE_SHIELD,OOD,106,stop_intersection,False,False,False,5,1,30.907990279063938,1.7829382258492545,True,False
42,D_PHASE_SHIELD,OOD,107,stop_intersection,False,False,False,1,1,28.615508940652536,1.4307166116182193,True,False
42,D_PHASE_SHIELD,OOD,108,stop_intersection,False,False,False,3,1,24.810932376470717,3.599237440399421,True,False
42,D_PHASE_SHIELD,OOD,109,stop_intersection,False,False,False,2,1,21.43736963154116,4.711278713330989,True,False
42,D_PHASE_SHIELD,OOD,110,stop_intersection,False,False,False,3,1,24.078580579763795,2.8384778842566503,True,False
42,D_PHASE_SHIELD,OOD,111,stop_intersection,False,False,False,4,1,23.35398413326765,2.6639352765315296,True,False
42,D_PHASE_SHIELD,OOD,112,stop_intersection,False,False,False,4,1,24.215439264655835,2.0546846406574804,True,False
42,D_PHASE_SHIELD,OOD,113,stop_intersection,False,False,False,6,1,30.662677168883157,1.4892929928363159,True,False
42,D_PHASE_SHIELD,OOD,114,stop_intersection,False,False,False,0,1,24.676423249119345,3.8885812652416716,True,False
42,D_PHASE_SHIELD,OOD,115,stop_intersection,False,False,False,4,1,24.77517819692324,1.7282527362978135,True,False
42,D_PHASE_SHIELD,OOD,116,stop_intersection,False,False,False,3,1,21.749865149709997,3.615739116712307,True,False
42,D_PHASE_SHIELD,OOD,117,stop_intersection,False,False,False,1,1,29.183356057707467,1.6455351596786862,True,False
42,D_PHASE_SHIELD,OOD,118,stop_intersection,False,False,False,4,1,28.367936854352003,1.7624834582612319,True,False
42,D_PHASE_SHIELD,OOD,119,stop_intersection,False,False,False,3,1,23.900573892605834,3.813924652952996,True,False
42,D_PHASE_SHIELD,OOD,120,stop_intersection,False,False,False,3,1,30.957935011295767,2.3491564933362046,True,False
42,D_PHASE_SHIELD,OOD,121,stop_intersection,False,False,False,3,1,21.268529348853157,1.9813779408655436,True,False
42,D_PHASE_SHIELD,OOD,122,stop_intersection,False,False,False,4,1,24.58012142061351,1.5537383134772136,True,False
42,D_PHASE_SHIELD,OOD,123,stop_intersection,False,False,False,5,1,31.37959657641591,1.6357034175889567,True,False
42,D_PHASE_SHIELD,OOD,124,stop_intersection,False,False,False,3,1,28.758792049793612,2.107129830260609,True,False
42,D_PHASE_SHIELD,OOD,125,stop_intersection,False,False,False,7,1,23.8260421976968,1.4403035754268918,True,False
42,D_PHASE_SHIELD,OOD,126,stop_intersection,False,False,False,3,1,30.909855890260452,2.0539039690249963,True,False
42,D_PHASE_SHIELD,OOD,127,stop_intersection,False,False,False,3,1,28.675947900130392,1.9596423633005202,True,False
42,D_PHASE_SHIELD,OOD,128,stop_intersection,False,False,False,5,1,29.543200078168077,1.707151971365276,True,False
42,D_PHASE_SHIELD,OOD,129,stop_intersection,False,False,False,3,1,26.69562572578546,3.351524891275348,True,False
42,D_PHASE_SHIELD,OOD,130,stop_intersection,False,False,False,4,1,21.872972845672408,1.489312773527101,True,False
42,D_PHASE_SHIELD,OOD,131,stop_intersection,False,False,False,3,1,24.379472855359936,2.698967613340393,True,False
42,D_PHASE_SHIELD,OOD,132,stop_intersection,False,False,False,3,1,21.276976175771185,3.099919784533965,True,False
42,D_PHASE_SHIELD,OOD,133,stop_intersection,False,False,False,3,1,25.003162385373017,3.1592079604113543,True,False
42,D_PHASE_SHIELD,OOD,134,stop_intersection,False,False,False,4,1,26.165071194098253,1.7625782215917432,True,False
42,D_PHASE_SHIELD,OOD,135,stop_intersection,False,False,False,4,1,21.6553993855701,1.549496896756001,True,False
42,D_PHASE_SHIELD,OOD,136,stop_intersection,False,False,False,4,1,25.59190384305979,1.770022398045471,True,False
42,D_PHASE_SHIELD,OOD,137,stop_intersection,False,False,False,3,1,31.014966007320876,2.033415389615436,True,False
42,D_PHASE_SHIELD,OOD,138,stop_intersection,False,False,False,4,1,30.815395619490282,2.3795641362667084,True,False
42,D_PHASE_SHIELD,OOD,139,stop_intersection,False,False,False,5,1,27.635612162079788,1.6819910974377112,True,False
42,D_PHASE_SHIELD,OOD,140,stop_intersection,False,False,False,8,1,25.044082322097374,1.588121693736563,True,False
42,D_PHASE_SHIELD,OOD,141,stop_intersection,False,False,False,4,1,29.282803490851943,1.5193027812381124,True,False
42,D_PHASE_SHIELD,OOD,142,stop_intersection,False,False,False,3,1,23.00340583339533,2.770102783916442,True,False
42,D_PHASE_SHIELD,OOD,143,stop_intersection,False,False,False,2,1,27.907135767574722,2.0982429167119467,True,False
42,D_PHASE_SHIELD,OOD,144,stop_intersection,False,False,False,5,1,30.308407012846377,1.670132401661995,True,False
42,D_PHASE_SHIELD,OOD,145,stop_intersection,False,False,False,3,1,27.427742221327478,4.102237036272331,True,False
42,D_PHASE_SHIELD,OOD,146,stop_intersection,False,False,False,4,1,27.264351924021554,2.955260453997431,True,False
42,D_PHASE_SHIELD,OOD,147,stop_intersection,False,False,False,4,1,21.003320109439954,1.764185211142978,True,False
42,D_PHASE_SHIELD,OOD,148,stop_intersection,False,False,False,4,1,20.65281223586243,1.3394902362709953,True,False
42,D_PHASE_SHIELD,OOD,149,stop_intersection,False,False,False,3,1,29.097940248448758,2.37563071736583,True,False
42,D_PHASE_SHIELD,OOD,150,stop_intersection,False,False,False,4,1,22.959991551021773,1.7847352576766002,True,False
42,D_PHASE_SHIELD,OOD,151,stop_intersection,False,False,False,5,1,23.281976938024755,1.6644136038314745,True,False
42,D_PHASE_SHIELD,OOD,152,stop_intersection,False,False,False,4,1,30.671918057052537,1.8288086520300972,True,False
42,D_PHASE_SHIELD,OOD,153,stop_intersection,False,False,False,6,1,30.200798670692166,1.5994737222109263,True,False
42,D_PHASE_SHIELD,OOD,154,stop_intersection,False,False,False,1,1,21.967357156921253,4.8346081158009975,True,False
42,D_PHASE_SHIELD,OOD,155,stop_intersection,False,False,False,5,1,24.277981974632603,1.8182052538764697,True,False
42,D_PHASE_SHIELD,OOD,156,stop_intersection,False,False,False,3,1,22.14835910939277,3.7387031683215386,True,False
42,D_PHASE_SHIELD,OOD,157,stop_intersection,False,False,False,1,1,23.666905655550806,2.026524314513573,True,False
42,D_PHASE_SHIELD,OOD,158,stop_intersection,False,False,False,4,1,30.57474242164485,2.265531077222942,True,False
42,D_PHASE_SHIELD,OOD,159,stop_intersection,False,False,False,5,1,29.005060571151695,1.5150800000789555,True,False
42,D_PHASE_SHIELD,OOD,160,stop_intersection,False,False,False,2,1,25.551243511328586,3.138741816635485,True,False
42,D_PHASE_SHIELD,OOD,161,stop_intersection,False,False,False,7,1,23.76230194666743,1.4189101827762802,True,False
42,D_PHASE_SHIELD,OOD,162,stop_intersection,False,False,False,7,1,27.40123717114244,1.5361863591080143,True,False
42,D_PHASE_SHIELD,OOD,163,stop_intersection,False,False,False,4,1,26.015274380425062,1.63192168623209,True,False
42,D_PHASE_SHIELD,OOD,164,stop_intersection,False,False,False,5,1,24.19369146315723,1.4607958946117134,True,False
42,D_PHASE_SHIELD,OOD,165,stop_intersection,False,False,False,5,1,28.486475790100926,2.2058002218237203,True,False
42,D_PHASE_SHIELD,OOD,166,stop_intersection,False,False,False,2,1,26.873723072653583,2.5196965287129083,True,False
42,D_PHASE_SHIELD,OOD,167,stop_intersection,False,False,False,6,1,30.421055536415004,1.443116692562952,True,False
42,D_PHASE_SHIELD,OOD,168,stop_intersection,False,False,False,4,1,31.1575945240694,1.4861500872807067,True,False
42,D_PHASE_SHIELD,OOD,169,stop_intersection,False,False,False,4,1,28.247733342400497,1.6704606525918355,True,False
42,D_PHASE_SHIELD,OOD,170,stop_intersection,False,False,False,4,1,20.781134695109607,1.6735221407352348,True,False
42,D_PHASE_SHIELD,OOD,171,stop_intersection,False,False,False,4,1,21.458448576419528,1.624806444789912,True,False
42,D_PHASE_SHIELD,OOD,172,stop_intersection,False,False,False,0,1,22.639881102175124,4.40096168181835,True,False
42,D_PHASE_SHIELD,OOD,173,stop_intersection,False,False,False,8,1,28.616646676639206,1.4577642647630495,True,False
42,D_PHASE_SHIELD,OOD,174,stop_intersection,False,False,False,0,0,21.467110249869933,3.0939952986580987,True,False
42,D_PHASE_SHIELD,OOD,175,stop_intersection,False,False,False,5,1,27.80649487432114,1.8036507070064545,True,False
42,D_PHASE_SHIELD,OOD,176,stop_intersection,False,False,False,3,1,22.059675998345796,3.8560925600739813,True,False
42,D_PHASE_SHIELD,OOD,177,stop_intersection,False,False,False,2,1,30.340745053202262,1.7725695291670356,True,False
42,D_PHASE_SHIELD,OOD,178,stop_intersection,False,False,False,5,1,28.472154774643826,1.704398817137668,True,False
42,D_PHASE_SHIELD,OOD,179,stop_intersection,False,False,False,6,1,28.282401072584342,2.4421187592602833,True,False
42,D_PHASE_SHIELD,OOD,180,stop_intersection,False,False,False,4,1,21.53677595033726,1.4714290465095214,True,False
42,D_PHASE_SHIELD,OOD,181,stop_intersection,False,False,False,4,1,31.07174495728464,1.6247786581516266,True,False
42,D_PHASE_SHIELD,OOD,182,stop_intersection,False,False,False,5,1,22.88170856441031,1.638657378964126,True,False
42,D_PHASE_SHIELD,OOD,183,stop_intersection,False,False,False,5,1,22.03587908088935,1.718388128404816,True,False
42,D_PHASE_SHIELD,OOD,184,stop_intersection,False,False,False,2,1,30.008008958291082,2.1293262594276,True,False
42,D_PHASE_SHIELD,OOD,185,stop_intersection,False,False,False,8,1,26.075690809504557,1.437201486043362,True,False
42,D_PHASE_SHIELD,OOD,186,stop_intersection,False,False,False,3,1,30.21991943788,2.093390781810318,True,False
42,D_PHASE_SHIELD,OOD,187,stop_intersection,False,False,False,2,1,27.421953285579235,2.6038399061612916,True,False
42,D_PHASE_SHIELD,OOD,188,stop_intersection,False,False,False,3,1,30.874021180774854,2.2760676791270575,True,False
42,D_PHASE_SHIELD,OOD,189,stop_intersection,False,False,False,4,1,29.6514656659988,1.8097787267631953,True,False
42,D_PHASE_SHIELD,OOD,190,stop_intersection,False,False,False,3,1,24.679718951528788,2.344036721281315,True,False
42,D_PHASE_SHIELD,OOD,191,stop_intersection,False,False,False,4,1,26.532082042214213,1.9122494021913519,True,False
42,D_PHASE_SHIELD,OOD,192,stop_intersection,False,False,False,7,1,30.086161033795257,1.5539400437557995,True,False
42,D_PHASE_SHIELD,OOD,193,stop_intersection,False,False,False,7,1,23.992421509741675,1.4232285594912588,True,False
42,D_PHASE_SHIELD,OOD,194,stop_intersection,False,False,False,4,1,26.69084384622416,1.498695902064327,True,False
42,D_PHASE_SHIELD,OOD,195,stop_intersection,False,False,False,2,1,26.36950569627851,2.0611622381077064,True,False
42,D_PHASE_SHIELD,OOD,196,stop_intersection,False,False,False,5,1,22.758334555240666,1.4649716813767713,True,False
42,D_PHASE_SHIELD,OOD,197,stop_intersection,False,False,False,3,1,29.41635373340067,2.3365669985612234,True,False
42,D_PHASE_SHIELD,OOD,198,stop_intersection,False,False,False,7,1,29.004113508993857,2.1853908586275317,True,False
42,D_PHASE_SHIELD,OOD,199,stop_intersection,False,False,False,5,1,28.19422218923213,2.1159121683764237,True,False
42,D_PHASE_SHIELD,OOD,200,lead_brake,False,False,False,0,0,33.794237260520454,8.903998548164964,True,False
42,D_PHASE_SHIELD,OOD,201,lead_brake,False,False,False,0,0,30.6662036663986,7.219954598074157,True,False
42,D_PHASE_SHIELD,OOD,202,lead_brake,False,False,False,0,0,25.790796661910544,8.083834076921145,True,False
42,D_PHASE_SHIELD,OOD,203,lead_brake,False,False,False,0,0,30.639402758587792,7.8138470848401385,True,False
42,D_PHASE_SHIELD,OOD,204,lead_brake,False,False,False,0,0,29.550577828807278,6.072858303164442,True,False
42,D_PHASE_SHIELD,OOD,205,lead_brake,False,False,False,0,0,28.329196772464066,6.477259159088134,True,False
42,D_PHASE_SHIELD,OOD,206,lead_brake,False,False,False,0,0,30.072407277362295,9.495779404416679,True,False
42,D_PHASE_SHIELD,OOD,207,lead_brake,False,False,False,0,0,32.73041521815514,9.440966269001365,True,False
42,D_PHASE_SHIELD,OOD,208,lead_brake,False,False,False,0,0,38.058258331617765,9.937131790133813,True,False
42,D_PHASE_SHIELD,OOD,209,lead_brake,False,False,False,0,0,30.555306653503745,5.308929344639181,True,False
42,D_PHASE_SHIELD,OOD,210,lead_brake,False,False,False,0,0,29.626181093798703,8.912666388476888,True,False
42,D_PHASE_SHIELD,OOD,211,lead_brake,False,False,False,0,0,36.403999428525545,7.973287990316749,True,False
42,D_PHASE_SHIELD,OOD,212,lead_brake,False,False,False,0,0,27.41226194193079,7.861812204122543,True,False
42,D_PHASE_SHIELD,OOD,213,lead_brake,False,False,False,0,0,30.743565158355917,5.471467194457849,True,False
42,D_PHASE_SHIELD,OOD,214,lead_brake,False,False,False,0,0,34.91416680756672,4.986758470535278,True,False
42,D_PHASE_SHIELD,OOD,215,lead_brake,False,False,False,0,0,26.629912847247294,7.741712147990862,True,False
42,D_PHASE_SHIELD,OOD,216,lead_brake,False,False,False,0,0,40.17418364841852,5.974607214331626,True,False
42,D_PHASE_SHIELD,OOD,217,lead_brake,False,False,False,0,0,34.65868075922133,7.495056544120113,True,False
42,D_PHASE_SHIELD,OOD,218,lead_brake,False,False,False,0,0,26.522377585047124,4.38437915345033,True,False
42,D_PHASE_SHIELD,OOD,219,lead_brake,False,False,False,0,0,34.34608401050026,5.137074400360385,True,False
42,D_PHASE_SHIELD,OOD,220,lead_brake,False,False,False,0,0,35.17345649972589,5.046850574513276,True,False
42,D_PHASE_SHIELD,OOD,221,lead_brake,False,False,False,0,0,23.973868948519225,8.30701719317585,True,False
42,D_PHASE_SHIELD,OOD,222,lead_brake,False,False,False,0,0,39.713323597847456,4.672574084873,True,False
42,D_PHASE_SHIELD,OOD,223,lead_brake,False,False,False,0,0,26.21899237476014,8.99263821914792,True,False
42,D_PHASE_SHIELD,OOD,224,lead_brake,False,False,False,0,0,31.203006518723765,7.913805363078912,True,False
42,D_PHASE_SHIELD,OOD,225,lead_brake,False,False,False,0,0,31.866544006889153,5.806403005495667,True,False
42,D_PHASE_SHIELD,OOD,226,lead_brake,False,False,False,0,0,27.099571354091164,8.129997337857882,True,False
42,D_PHASE_SHIELD,OOD,227,lead_brake,False,False,False,0,0,38.64667644966318,5.844898141920567,True,False
42,D_PHASE_SHIELD,OOD,228,lead_brake,False,False,False,0,0,39.70017203323447,9.680651975485185,True,False
42,D_PHASE_SHIELD,OOD,229,lead_brake,False,False,False,0,0,43.201602922081996,4.161542158573866,True,False
42,D_PHASE_SHIELD,OOD,230,lead_brake,False,False,False,0,0,34.05237231005541,5.177635115881761,True,False
42,D_PHASE_SHIELD,OOD,231,lead_brake,False,False,False,0,0,35.24832649791545,4.604539580643177,True,False
42,D_PHASE_SHIELD,OOD,232,lead_brake,False,False,False,0,0,32.76223704696655,9.203264682243267,True,False
42,D_PHASE_SHIELD,OOD,233,lead_brake,False,False,False,0,0,29.96730407127368,8.753529682134587,True,False
42,D_PHASE_SHIELD,OOD,234,lead_brake,False,False,False,0,0,29.084354066207997,8.597564947480956,True,False
42,D_PHASE_SHIELD,OOD,235,lead_brake,False,False,False,0,0,32.287522869162466,9.015231810510157,True,False
42,D_PHASE_SHIELD,OOD,236,lead_brake,False,False,False,0,0,42.639734214097246,4.041605798527598,True,False
42,D_PHASE_SHIELD,OOD,237,lead_brake,False,False,False,0,0,40.488977511625535,5.0792771099756155,True,False
42,D_PHASE_SHIELD,OOD,238,lead_brake,False,False,False,0,0,26.16083811551331,7.694745695218443,True,False
42,D_PHASE_SHIELD,OOD,239,lead_brake,False,False,False,0,0,34.39987273922608,5.102578308433294,True,False
42,D_PHASE_SHIELD,OOD,240,lead_brake,False,False,False,0,0,36.82177429974078,3.1356559594472246,True,False
42,D_PHASE_SHIELD,OOD,241,lead_brake,False,False,False,0,0,25.711256146682476,4.203057197233041,True,False
42,D_PHASE_SHIELD,OOD,242,lead_brake,False,False,False,0,0,26.895984095408387,7.24551989386479,True,False
42,D_PHASE_SHIELD,OOD,243,lead_brake,False,False,False,0,0,31.035991868442636,6.692707431813081,True,False
42,D_PHASE_SHIELD,OOD,244,lead_brake,False,False,False,0,0,41.790423849597566,7.510027031103769,True,False
42,D_PHASE_SHIELD,OOD,245,lead_brake,False,False,False,0,0,43.615920575037556,5.560836988811691,True,False
42,D_PHASE_SHIELD,OOD,246,lead_brake,False,False,False,0,0,26.765498952633152,7.607156445582707,True,False
42,D_PHASE_SHIELD,OOD,247,lead_brake,False,False,False,0,0,31.420890424276596,8.622106788679957,True,False
42,D_PHASE_SHIELD,OOD,248,lead_brake,False,False,False,0,0,27.55033890466458,7.467842708031337,True,False
42,D_PHASE_SHIELD,OOD,249,lead_brake,False,False,False,0,0,23.934296814190716,7.563554893247783,True,False
42,D_PHASE_SHIELD,OOD,250,lead_brake,False,False,False,0,0,33.671417395775386,3.3425200829903283,True,False
42,D_PHASE_SHIELD,OOD,251,lead_brake,False,False,False,0,0,30.952959856253003,9.428423141439755,True,False
42,D_PHASE_SHIELD,OOD,252,lead_brake,False,False,False,0,0,40.28296068518857,1.344131792585055,True,False
42,D_PHASE_SHIELD,OOD,253,lead_brake,False,False,False,0,0,28.82876078315078,6.127325202648837,True,False
42,D_PHASE_SHIELD,OOD,254,lead_brake,False,False,False,0,0,28.16361750758609,6.844517899056275,True,False
42,D_PHASE_SHIELD,OOD,255,lead_brake,False,False,False,0,0,34.50944402368113,7.919823142079015,True,False
42,D_PHASE_SHIELD,OOD,256,lead_brake,False,False,False,0,0,24.964616324976095,6.0473667817811165,True,False
42,D_PHASE_SHIELD,OOD,257,lead_brake,False,False,False,0,0,30.935983764968938,3.53404634197553,True,False
42,D_PHASE_SHIELD,OOD,258,lead_brake,False,False,False,0,0,23.553392735133837,6.333168806197743,True,False
42,D_PHASE_SHIELD,OOD,259,lead_brake,False,False,False,0,0,43.28185009460898,7.725602737007041,True,False
42,D_PHASE_SHIELD,OOD,260,lead_brake,False,False,False,0,0,34.77200735712543,5.264193548510471,True,False
42,D_PHASE_SHIELD,OOD,261,lead_brake,False,False,False,0,0,28.758274437906397,5.448439980546633,True,False
42,D_PHASE_SHIELD,OOD,262,lead_brake,False,False,False,0,0,38.478620106078296,4.685254570096731,True,False
42,D_PHASE_SHIELD,OOD,263,lead_brake,False,False,False,0,0,30.651530185271543,6.103289072712262,True,False
42,D_PHASE_SHIELD,OOD,264,lead_brake,False,False,False,0,0,44.76039974436164,8.6106877643615,True,False
42,D_PHASE_SHIELD,OOD,265,lead_brake,False,False,False,0,0,40.28310503880589,9.586944183334708,True,False
42,D_PHASE_SHIELD,OOD,266,lead_brake,False,False,False,0,0,32.40996987227328,9.779034936179716,True,False
42,D_PHASE_SHIELD,OOD,267,lead_brake,False,False,False,0,0,29.58478911806765,7.327478276565671,True,False
42,D_PHASE_SHIELD,OOD,268,lead_brake,False,False,False,0,0,29.248471944381485,8.559852674603462,True,False
42,D_PHASE_SHIELD,OOD,269,lead_brake,False,False,False,0,0,31.58974654285123,8.777521854266524,True,False
42,D_PHASE_SHIELD,OOD,270,lead_brake,False,False,False,0,0,25.5397736980286,8.778937661399443,True,False
42,D_PHASE_SHIELD,OOD,271,lead_brake,False,False,False,0,0,36.337917233120905,4.491770985225836,True,False
42,D_PHASE_SHIELD,OOD,272,lead_brake,False,False,False,0,0,34.32435993534682,6.920968900745113,True,False
42,D_PHASE_SHIELD,OOD,273,lead_brake,False,False,False,0,0,34.87799527102692,9.149822363629937,True,False
42,D_PHASE_SHIELD,OOD,274,lead_brake,False,False,False,0,0,37.30214500344849,8.582585432877142,True,False
42,D_PHASE_SHIELD,OOD,275,lead_brake,False,False,False,0,0,33.11355077099098,7.117771005878845,True,False
42,D_PHASE_SHIELD,OOD,276,lead_brake,False,False,False,0,0,28.606966256170445,5.682106665646036,True,False
42,D_PHASE_SHIELD,OOD,277,lead_brake,False,False,False,0,0,29.628092598542604,6.831196774418156,True,False
42,D_PHASE_SHIELD,OOD,278,lead_brake,False,False,False,0,0,30.176872933845434,7.272251456355055,True,False
42,D_PHASE_SHIELD,OOD,279,lead_brake,False,False,False,0,0,38.8257162377983,10.193234033261735,True,False
42,D_PHASE_SHIELD,OOD,280,lead_brake,False,False,False,0,0,30.57809366952298,9.111660534515977,True,False
42,D_PHASE_SHIELD,OOD,281,lead_brake,False,False,False,0,0,31.46892581440509,7.373230098436276,True,False
42,D_PHASE_SHIELD,OOD,282,lead_brake,False,False,False,0,0,32.272692780090416,4.798494949315985,True,False
42,D_PHASE_SHIELD,OOD,283,lead_brake,False,False,False,0,0,36.62318742312493,8.976204892620444,True,False
42,D_PHASE_SHIELD,OOD,284,lead_brake,False,False,False,0,0,25.860129662046624,9.315150248197218,True,False
42,D_PHASE_SHIELD,OOD,285,lead_brake,False,False,False,0,0,35.373395001233206,8.244328641022244,True,False
42,D_PHASE_SHIELD,OOD,286,lead_brake,False,False,False,0,0,29.09156587399854,8.005064426610867,True,False
42,D_PHASE_SHIELD,OOD,287,lead_brake,False,False,False,0,0,32.620449586994695,4.609636962413788,True,False
42,D_PHASE_SHIELD,OOD,288,lead_brake,False,False,False,0,0,26.66286884891235,6.8691960126161575,True,False
42,D_PHASE_SHIELD,OOD,289,lead_brake,False,False,False,0,0,39.86432184527445,4.14510716125369,True,False
42,D_PHASE_SHIELD,OOD,290,lead_brake,False,False,False,0,0,33.759033460035035,6.241219298293193,True,False
42,D_PHASE_SHIELD,OOD,291,lead_brake,False,False,False,0,0,21.623690033182505,5.677648805392284,True,False
42,D_PHASE_SHIELD,OOD,292,lead_brake,False,False,False,0,0,36.188252523010846,2.9244593953092894,True,False
42,D_PHASE_SHIELD,OOD,293,lead_brake,False,False,False,0,0,25.463566923014184,9.465301108236114,True,False
42,D_PHASE_SHIELD,OOD,294,lead_brake,False,False,False,0,0,26.742572847661503,8.13025625422597,True,False
42,D_PHASE_SHIELD,OOD,295,lead_brake,False,False,False,0,0,28.28496854811902,6.246933858220776,True,False
42,D_PHASE_SHIELD,OOD,296,lead_brake,False,False,False,0,0,35.64960282794404,8.693767122303445,True,False
42,D_PHASE_SHIELD,OOD,297,lead_brake,False,False,False,0,0,39.04675030719548,3.639465905725956,True,False
42,D_PHASE_SHIELD,OOD,298,lead_brake,False,False,False,0,0,21.20804561982156,6.939927339864274,True,False
42,D_PHASE_SHIELD,OOD,299,lead_brake,False,False,False,0,0,25.701110865746106,4.821360719700654,True,False
43,A_STATE,ID,0,crosswalk,False,False,False,0,0,30.12219015389778,2.18712717294693,True,False
43,A_STATE,ID,1,crosswalk,False,False,False,0,0,34.948336188202774,0.5658426601439714,True,False
43,A_STATE,ID,2,crosswalk,False,False,False,0,0,32.66646785812372,2.2724153914234853,True,False
43,A_STATE,ID,3,crosswalk,False,False,False,0,0,36.87059377679677,1.217209889512995,True,False
43,A_STATE,ID,4,crosswalk,False,False,False,0,0,32.28154706439805,2.2596367584033445,True,False
43,A_STATE,ID,5,crosswalk,False,False,False,0,0,32.72217641352146,2.1398330965767736,True,False
43,A_STATE,ID,6,crosswalk,False,False,False,0,0,28.2871975131951,0.8024192091665769,True,False
43,A_STATE,ID,7,crosswalk,False,False,False,0,0,36.024898803844096,0.35973244346678257,True,False
43,A_STATE,ID,8,crosswalk,False,False,False,0,0,26.813656388409413,1.919972689255424,True,False
43,A_STATE,ID,9,crosswalk,False,False,False,0,0,38.395691110428515,0.4876738414168358,True,False
43,A_STATE,ID,10,crosswalk,False,False,False,0,0,35.33490880531609,2.10044766249864,True,False
43,A_STATE,ID,11,crosswalk,False,False,False,0,0,28.779044954194447,1.9501597976142708,True,False
43,A_STATE,ID,12,crosswalk,False,False,False,0,0,28.058344776296575,2.4790098400492413,True,False
43,A_STATE,ID,13,crosswalk,False,False,False,0,0,36.61117768419522,0.8151267807592045,True,False
43,A_STATE,ID,14,crosswalk,False,False,False,0,0,32.009100730879,1.985761821269989,True,False
43,A_STATE,ID,15,crosswalk,False,False,False,0,0,30.833540886932347,1.543844557906452,True,False
43,A_STATE,ID,16,crosswalk,False,False,False,0,0,34.659246901168075,0.4081460935148326,True,False
43,A_STATE,ID,17,crosswalk,False,False,False,0,0,29.981094916754998,2.180770527232777,True,False
43,A_STATE,ID,18,crosswalk,False,False,False,0,0,37.506227944703426,0.43600729581984604,True,False
43,A_STATE,ID,19,crosswalk,False,False,False,0,0,33.969955062333135,0.39241246371106664,True,False
43,A_STATE,ID,20,crosswalk,False,False,False,0,0,36.62913032414317,1.682576990375916,True,False
43,A_STATE,ID,21,crosswalk,False,False,False,0,0,33.45046164935451,0.35569635422333423,True,False
43,A_STATE,ID,22,crosswalk,False,False,False,0,0,35.85904759230407,0.7539106711097385,True,False
43,A_STATE,ID,23,crosswalk,False,False,False,0,0,34.49994925441348,0.4199278709434327,True,False
43,A_STATE,ID,24,crosswalk,False,False,False,0,0,36.468129512571124,2.130341771990061,True,False
43,A_STATE,ID,25,crosswalk,False,False,False,0,0,38.390914764819094,1.8615253806114196,True,False
43,A_STATE,ID,26,crosswalk,False,False,False,0,0,33.63957206938359,0.9646847132932055,True,False
43,A_STATE,ID,27,crosswalk,False,False,False,0,0,32.26933649617721,0.9520425479859114,True,False
43,A_STATE,ID,28,crosswalk,False,False,False,0,0,30.33424975734428,2.418510733466399,True,False
43,A_STATE,ID,29,crosswalk,False,False,False,0,0,37.050338950324814,0.3623201996088028,True,False
43,A_STATE,ID,30,crosswalk,False,False,False,0,0,27.61534912898562,1.9090851247310638,True,False
43,A_STATE,ID,31,crosswalk,False,False,False,0,0,37.809231017956535,0.3793693768481413,True,False
43,A_STATE,ID,32,crosswalk,False,False,False,0,0,30.55109221691054,2.35001290589571,True,False
43,A_STATE,ID,33,crosswalk,False,False,False,0,0,26.810143276777737,1.778994152943293,True,False
43,A_STATE,ID,34,crosswalk,False,False,False,0,0,27.869315109901244,2.20602205821446,True,False
43,A_STATE,ID,35,crosswalk,False,False,False,0,0,37.798335434804216,0.4809869050979614,True,False
43,A_STATE,ID,36,crosswalk,False,False,False,0,0,32.7414472499332,2.1305019959159517,True,False
43,A_STATE,ID,37,crosswalk,False,False,False,0,0,39.30572195676861,0.3508149057626724,True,False
43,A_STATE,ID,38,crosswalk,False,False,False,0,0,34.568204865036314,0.38069258403518924,True,False
43,A_STATE,ID,39,crosswalk,False,False,False,0,0,30.51498445068904,1.937111789981524,True,False
43,A_STATE,ID,40,crosswalk,False,False,False,0,0,34.98339048846616,0.3923162915136503,True,False
43,A_STATE,ID,41,crosswalk,False,False,False,0,0,38.262918224778986,0.887000144769748,True,False
43,A_STATE,ID,42,crosswalk,False,False,False,0,0,37.78904822617463,1.1394310772418974,True,False
43,A_STATE,ID,43,crosswalk,False,False,False,0,0,31.32370966976302,2.1318616457283492,True,False
43,A_STATE,ID,44,crosswalk,False,False,False,0,0,28.50213595796648,1.4324000850319862,True,False
43,A_STATE,ID,45,crosswalk,False,False,False,0,0,29.267465483312954,1.6423159979638597,True,False
43,A_STATE,ID,46,crosswalk,False,False,False,0,0,34.682525343763686,0.41904597055344356,True,False
43,A_STATE,ID,47,crosswalk,False,False,False,0,0,32.372080718091475,0.6771736082277799,True,False
43,A_STATE,ID,48,crosswalk,False,False,False,0,0,34.83102612946803,0.38143594951733295,True,False
43,A_STATE,ID,49,crosswalk,False,False,False,0,0,29.284257787657936,0.9128797916989576,True,False
43,A_STATE,ID,50,crosswalk,False,False,False,0,0,30.784266415255964,1.9243805607159932,True,False
43,A_STATE,ID,51,crosswalk,False,False,False,0,0,34.63867313761185,2.0634728173414865,True,False
43,A_STATE,ID,52,crosswalk,False,False,False,0,0,38.14427387979743,1.6834553233955218,True,False
43,A_STATE,ID,53,crosswalk,False,False,False,0,0,35.46089125854997,2.2429193894971498,True,False
43,A_STATE,ID,54,crosswalk,False,False,False,0,0,37.466700855061575,1.8800566935290892,True,False
43,A_STATE,ID,55,crosswalk,False,False,False,0,0,29.131922889886503,1.8400380937826066,True,False
43,A_STATE,ID,56,crosswalk,False,False,False,0,0,37.579251453332404,0.46408269215713843,True,False
43,A_STATE,ID,57,crosswalk,False,False,False,0,0,34.03724784386326,0.4807651601731777,True,False
43,A_STATE,ID,58,crosswalk,False,False,False,0,0,32.94806283785779,2.1411919593811035,True,False
43,A_STATE,ID,59,crosswalk,False,False,False,0,0,33.71476765480199,0.3636424486403879,True,False
43,A_STATE,ID,60,crosswalk,False,False,False,0,0,32.771461522333055,0.9274809062480927,True,False
43,A_STATE,ID,61,crosswalk,False,False,False,0,0,33.46422987397285,2.3131103881380772,True,False
43,A_STATE,ID,62,crosswalk,False,False,False,0,0,29.127924179064266,2.1570170738480305,True,False
43,A_STATE,ID,63,crosswalk,False,False,False,0,0,37.08102339144932,2.1085344503323236,True,False
43,A_STATE,ID,64,crosswalk,False,False,False,0,0,32.151908698491624,0.3700529716231606,True,False
43,A_STATE,ID,65,crosswalk,False,False,False,0,0,28.945934888973827,1.8596916397412617,True,False
43,A_STATE,ID,66,crosswalk,False,False,False,0,0,32.8388635685343,2.1464160797388656,True,False
43,A_STATE,ID,67,crosswalk,False,False,False,0,0,33.06628011784031,2.156422675951667,True,False
43,A_STATE,ID,68,crosswalk,False,False,False,0,0,32.00161971195311,0.42136891931295395,True,False
43,A_STATE,ID,69,crosswalk,False,False,False,0,0,29.67094623245351,2.0688366144895554,True,False
43,A_STATE,ID,70,crosswalk,False,False,False,0,0,29.837040249107844,0.3856882490217685,True,False
43,A_STATE,ID,71,crosswalk,False,False,False,0,0,29.316566093498388,1.582107480083193,True,False
43,A_STATE,ID,72,crosswalk,False,False,False,0,0,32.52779546582125,2.1730162812904874,True,False
43,A_STATE,ID,73,crosswalk,False,False,False,0,0,35.833973639658424,2.122549923757712,True,False
43,A_STATE,ID,74,crosswalk,False,False,False,0,0,28.437296758042542,2.6215396899926033,True,False
43,A_STATE,ID,75,crosswalk,False,False,False,0,0,26.766618124651174,2.007318572564558,True,False
43,A_STATE,ID,76,crosswalk,False,False,False,0,0,35.450644980417536,2.083911672234535,True,False
43,A_STATE,ID,77,crosswalk,False,False,False,0,0,37.93545048247212,1.9371512594322362,True,False
43,A_STATE,ID,78,crosswalk,False,False,False,0,0,38.82232375094669,0.6156873508639957,True,False
43,A_STATE,ID,79,crosswalk,False,False,False,0,0,27.6842928889496,2.3938766370217004,True,False
43,A_STATE,ID,80,crosswalk,False,False,False,0,0,38.62487568005679,0.35229911024753857,True,False
43,A_STATE,ID,81,crosswalk,False,False,False,0,0,32.90428703798189,2.0568399584811665,True,False
43,A_STATE,ID,82,crosswalk,False,False,False,0,0,38.44433613164743,1.1209373078916383,True,False
43,A_STATE,ID,83,crosswalk,False,False,False,0,0,31.136258659223223,0.38863927125930786,True,False
43,A_STATE,ID,84,crosswalk,False,False,False,0,0,29.55909171649548,2.0699647136709904,True,False
43,A_STATE,ID,85,crosswalk,False,False,False,0,0,37.692530492433676,0.3897057959566945,True,False
43,A_STATE,ID,86,crosswalk,False,False,False,0,0,33.34322138565527,2.1574477462664894,True,False
43,A_STATE,ID,87,crosswalk,False,False,False,0,0,34.33189844661252,1.8592710081826558,True,False
43,A_STATE,ID,88,crosswalk,False,False,False,0,0,35.18611338258833,2.216642706290535,True,False
43,A_STATE,ID,89,crosswalk,False,False,False,0,0,30.524087214212088,2.4356858134269714,True,False
43,A_STATE,ID,90,crosswalk,False,False,False,0,0,32.53315758830165,2.127179548792217,True,False
43,A_STATE,ID,91,crosswalk,False,False,False,0,0,36.547342505863185,0.35644017606973644,True,False
43,A_STATE,ID,92,crosswalk,False,False,False,0,0,30.469019799928326,2.408090829849243,True,False
43,A_STATE,ID,93,crosswalk,False,False,False,0,0,33.38406826301006,0.4305403786046164,True,False
43,A_STATE,ID,94,crosswalk,False,False,False,0,0,35.020764112949806,1.7790229320526123,True,False
43,A_STATE,ID,95,crosswalk,False,False,False,0,0,36.434100993445654,2.1285699556271234,True,False
43,A_STATE,ID,96,crosswalk,False,False,False,0,0,38.10327779179714,1.296091147738954,True,False
43,A_STATE,ID,97,crosswalk,False,False,False,0,0,28.717205213400426,1.8390104174613953,True,False
43,A_STATE,ID,98,crosswalk,False,False,False,0,0,33.45648085521354,2.1262120876623234,True,False
43,A_STATE,ID,99,crosswalk,False,False,False,0,0,28.30938533626016,2.1965856708231426,True,False
43,A_STATE,ID,100,stop_intersection,False,False,False,0,1,33.3093181789752,1.295867853048371,True,False
43,A_STATE,ID,101,stop_intersection,False,False,False,0,1,37.795272381122516,1.2751741187517032,True,False
43,A_STATE,ID,102,stop_intersection,False,False,False,0,1,28.229463603153892,1.2111607789993286,True,False
43,A_STATE,ID,103,stop_intersection,False,False,False,0,1,34.27253552698503,1.1986411449521086,True,False
43,A_STATE,ID,104,stop_intersection,False,False,False,0,1,31.321646112553502,1.3501154184341428,True,False
43,A_STATE,ID,105,stop_intersection,False,False,False,0,1,32.508567192413295,1.2840533838039492,True,False
43,A_STATE,ID,106,stop_intersection,False,False,False,0,1,30.339271939674106,1.3877996878746228,True,False
43,A_STATE,ID,107,stop_intersection,False,False,False,0,1,27.33945223036944,1.2367087755447779,True,False
43,A_STATE,ID,108,stop_intersection,False,False,False,0,1,28.279604916631126,1.275930710327931,True,False
43,A_STATE,ID,109,stop_intersection,False,False,False,0,1,31.066186788411173,1.238498833121323,True,False
43,A_STATE,ID,110,stop_intersection,False,False,False,0,1,34.2310040676136,1.3225664695103962,True,False
43,A_STATE,ID,111,stop_intersection,False,False,False,0,1,29.320275503656326,1.186569580217687,True,False
43,A_STATE,ID,112,stop_intersection,False,False,False,0,1,29.540733094002757,1.3598051132299962,True,False
43,A_STATE,ID,113,stop_intersection,False,False,False,0,1,32.48785745673514,1.3245188295841217,True,False
43,A_STATE,ID,114,stop_intersection,False,False,False,0,1,31.249081418139042,1.3095760345458984,True,False
43,A_STATE,ID,115,stop_intersection,False,False,False,0,1,36.50834373259982,1.2542535260666248,True,False
43,A_STATE,ID,116,stop_intersection,False,False,False,0,1,34.13474165337054,1.2623146176338196,True,False
43,A_STATE,ID,117,stop_intersection,False,False,False,0,1,35.21946376330422,1.2648583451906839,True,False
43,A_STATE,ID,118,stop_intersection,False,False,False,0,1,36.22479536572013,1.1807611584663391,True,False
43,A_STATE,ID,119,stop_intersection,False,False,False,0,1,28.269961495312693,1.4441647722914412,True,False
43,A_STATE,ID,120,stop_intersection,False,False,False,0,1,27.22115105454462,1.4460352627006736,True,False
43,A_STATE,ID,121,stop_intersection,False,False,False,0,1,37.18807210812268,1.1527799500359428,True,False
43,A_STATE,ID,122,stop_intersection,False,False,False,0,1,36.58618924739896,1.1503393782509697,True,False
43,A_STATE,ID,123,stop_intersection,False,False,False,0,1,28.918708202003643,1.2742735789372368,True,False
43,A_STATE,ID,124,stop_intersection,False,False,False,0,1,29.932329405978813,1.399576977679604,True,False
43,A_STATE,ID,125,stop_intersection,False,False,False,0,1,33.11654533403038,1.4230194836854932,True,False
43,A_STATE,ID,126,stop_intersection,False,False,False,0,1,29.18486622400544,1.3667368575146324,True,False
43,A_STATE,ID,127,stop_intersection,False,False,False,0,1,32.35291023829792,1.3723903000354767,True,False
43,A_STATE,ID,128,stop_intersection,False,False,False,0,1,32.61518710237534,1.323966572924358,True,False
43,A_STATE,ID,129,stop_intersection,False,False,False,0,1,31.89438020356598,1.3961728066205976,True,False
43,A_STATE,ID,130,stop_intersection,False,False,False,0,1,28.293432935740135,1.3876333362177797,True,False
43,A_STATE,ID,131,stop_intersection,False,False,False,0,1,27.794826471044594,1.4216765841922243,True,False
43,A_STATE,ID,132,stop_intersection,False,False,False,0,1,32.51829776250506,1.2700176965899583,True,False
43,A_STATE,ID,133,stop_intersection,False,False,False,0,1,33.3334979530455,1.2138164320657419,True,False
43,A_STATE,ID,134,stop_intersection,False,False,False,0,1,30.268974227482527,1.1897976224015399,True,False
43,A_STATE,ID,135,stop_intersection,False,False,False,0,1,33.67586359282077,1.372106874861368,True,False
43,A_STATE,ID,136,stop_intersection,False,False,False,0,1,30.299486061081424,1.44157632401115,True,False
43,A_STATE,ID,137,stop_intersection,False,False,False,0,1,34.090769558007395,1.3597545536552986,True,False
43,A_STATE,ID,138,stop_intersection,False,False,False,0,1,38.64105679524731,1.2546594711867245,True,False
43,A_STATE,ID,139,stop_intersection,False,False,False,0,1,27.340288793454313,1.4412518771919043,True,False
43,A_STATE,ID,140,stop_intersection,False,False,False,0,1,28.010554646829746,1.3673307707435205,True,False
43,A_STATE,ID,141,stop_intersection,False,False,False,0,1,29.16446630403925,1.4259723299428035,True,False
43,A_STATE,ID,142,stop_intersection,False,False,False,0,1,36.399245487410894,1.3207523879550753,True,False
43,A_STATE,ID,143,stop_intersection,False,False,False,0,1,37.770228968087665,1.1869583924611409,True,False
43,A_STATE,ID,144,stop_intersection,False,False,False,0,1,30.87172833674032,1.3472595512866974,True,False
43,A_STATE,ID,145,stop_intersection,False,False,False,0,1,27.20730906551246,1.3807927595602498,True,False
43,A_STATE,ID,146,stop_intersection,False,False,False,0,1,30.009839207375773,1.3293399214744566,True,False
43,A_STATE,ID,147,stop_intersection,False,False,False,0,1,32.06925706191446,1.189226877121698,True,False
43,A_STATE,ID,148,stop_intersection,False,False,False,0,1,32.266138620687826,1.3987264335155485,True,False
43,A_STATE,ID,149,stop_intersection,False,False,False,0,1,28.480919808765947,1.4707977546227946,True,False
43,A_STATE,ID,150,stop_intersection,False,False,False,0,1,28.29087001833807,1.1839609864083203,True,False
43,A_STATE,ID,151,stop_intersection,False,False,False,0,1,27.80180295942806,0.9866325177398383,True,False
43,A_STATE,ID,152,stop_intersection,False,False,False,0,1,20.894172991703694,1.0458056086843663,True,False
43,A_STATE,ID,153,stop_intersection,False,False,False,0,1,20.88875281658133,1.0832692547277971,True,False
43,A_STATE,ID,154,stop_intersection,False,False,False,0,1,28.285385719794455,0.9975290268659592,True,False
43,A_STATE,ID,155,stop_intersection,False,False,False,0,1,22.2873891626431,0.9954284757375716,True,False
43,A_STATE,ID,156,stop_intersection,False,False,False,0,1,28.29932261359989,0.9997348687969722,True,False
43,A_STATE,ID,157,stop_intersection,False,False,False,0,1,24.514744228962257,1.0429374935726325,True,False
43,A_STATE,ID,158,stop_intersection,False,False,False,0,1,26.313189076599315,0.9883752882480621,True,False
43,A_STATE,ID,159,stop_intersection,False,False,False,0,1,21.275968692019816,0.962984111905098,True,False
43,A_STATE,ID,160,stop_intersection,False,False,False,0,1,28.34565259081394,0.9802377574584062,True,False
43,A_STATE,ID,161,stop_intersection,False,False,False,0,1,22.090274630939625,1.0705498703148053,True,False
43,A_STATE,ID,162,stop_intersection,False,False,False,0,1,25.872477799976526,1.1293802734302438,True,False
43,A_STATE,ID,163,stop_intersection,False,False,False,0,1,22.205214368967283,0.9579791070199479,True,False
43,A_STATE,ID,164,stop_intersection,False,False,False,0,1,21.280355662925277,1.025609733617824,True,False
43,A_STATE,ID,165,stop_intersection,False,False,False,0,1,21.213176457828006,1.0567599203851488,True,False
43,A_STATE,ID,166,stop_intersection,False,False,False,0,1,21.945058989882398,1.0555524711913251,True,False
43,A_STATE,ID,167,stop_intersection,False,False,False,0,1,23.113003620288353,1.011871739904931,True,False
43,A_STATE,ID,168,stop_intersection,False,False,False,0,1,26.556466383191058,0.9562916031070784,True,False
43,A_STATE,ID,169,stop_intersection,False,False,False,0,1,22.235508979132412,1.0539538926548426,True,False
43,A_STATE,ID,170,stop_intersection,False,False,False,0,1,22.062034358628658,0.9891571819782258,True,False
43,A_STATE,ID,171,stop_intersection,False,False,False,0,1,22.304273552851342,0.9695641930196799,True,False
43,A_STATE,ID,172,stop_intersection,False,False,False,0,1,22.918601845759536,0.9870261132717132,True,False
43,A_STATE,ID,173,stop_intersection,False,False,False,0,1,22.54522452696226,1.0651728986425602,True,False
43,A_STATE,ID,174,stop_intersection,False,False,False,0,1,28.060105888045413,1.061990741564303,True,False
43,A_STATE,ID,175,stop_intersection,False,False,False,0,1,23.131132001230426,0.9772299140691757,True,False
43,A_STATE,ID,176,stop_intersection,False,False,False,0,1,22.695165013440654,1.0148696023590709,True,False
43,A_STATE,ID,177,stop_intersection,False,False,False,0,1,27.858410765306083,1.1571257188916206,True,False
43,A_STATE,ID,178,stop_intersection,False,False,False,0,1,25.439014702932553,1.1680471930991518,True,False
43,A_STATE,ID,179,stop_intersection,False,False,False,0,1,22.298159078545424,0.9847996976910806,True,False
43,A_STATE,ID,180,stop_intersection,False,False,False,0,1,22.445405591108987,1.02168650043254,True,False
43,A_STATE,ID,181,stop_intersection,False,False,False,0,1,28.368986560204903,1.016817271125083,True,False
43,A_STATE,ID,182,stop_intersection,False,False,False,0,1,22.129308677404765,1.0075922310352325,True,False
43,A_STATE,ID,183,stop_intersection,False,False,False,0,1,21.587929535647948,0.9161906804029758,True,False
43,A_STATE,ID,184,stop_intersection,False,False,False,0,1,20.999442638644563,1.0498752736526986,True,False
43,A_STATE,ID,185,stop_intersection,False,False,False,0,1,22.91394156294544,1.0577458855898483,True,False
43,A_STATE,ID,186,stop_intersection,False,False,False,0,1,28.41330359200606,1.0117053389549253,True,False
43,A_STATE,ID,187,stop_intersection,False,False,False,0,1,21.642570442603706,1.0476452509562173,True,False
43,A_STATE,ID,188,stop_intersection,False,False,False,0,1,27.38587606871542,1.1877641149542548,True,False
43,A_STATE,ID,189,stop_intersection,False,False,False,0,1,28.55614157621112,1.003540178331045,True,False
43,A_STATE,ID,190,stop_intersection,False,False,False,0,1,21.512390763911178,1.0399573523065317,True,False
43,A_STATE,ID,191,stop_intersection,False,False,False,0,1,27.640453212299825,1.1086277498139274,True,False
43,A_STATE,ID,192,stop_intersection,False,False,False,0,1,26.772363446406395,1.0015408754348754,True,False
43,A_STATE,ID,193,stop_intersection,False,False,False,0,1,27.780180258010542,0.9985684156417847,True,False
43,A_STATE,ID,194,stop_intersection,False,False,False,0,1,25.465423252348877,0.9777948114217496,True,False
43,A_STATE,ID,195,stop_intersection,False,False,False,0,1,20.758239043031857,1.0114598813209126,True,False
43,A_STATE,ID,196,stop_intersection,False,False,False,0,1,27.139974057612772,0.9865993380546569,True,False
43,A_STATE,ID,197,stop_intersection,False,False,False,0,1,20.79241189523916,1.09995959834619,True,False
43,A_STATE,ID,198,stop_intersection,False,False,False,0,1,23.62332928078758,1.107666025107557,True,False
43,A_STATE,ID,199,stop_intersection,False,False,False,0,1,28.09306197899395,1.1544636090596516,True,False
43,A_STATE,ID,200,lead_brake,False,False,False,0,0,70.94711617772082,5.485164266079663,True,False
43,A_STATE,ID,201,lead_brake,False,False,False,0,0,93.67006836175916,0.1357171609997749,True,False
43,A_STATE,ID,202,lead_brake,False,False,False,0,0,55.080713381590854,6.322390791028738,True,False
43,A_STATE,ID,203,lead_brake,False,False,False,0,0,75.16579588723035,0.42411550134420395,True,False
43,A_STATE,ID,204,lead_brake,False,False,False,0,0,97.50879402821819,0.11293071880936621,True,False
43,A_STATE,ID,205,lead_brake,False,False,False,0,0,74.41156651192088,0.293493149181207,True,False
43,A_STATE,ID,206,lead_brake,False,False,False,0,0,88.66485833151175,0.27837344259023666,True,False
43,A_STATE,ID,207,lead_brake,False,False,False,0,0,76.96067633691676,1.433620613068342,True,False
43,A_STATE,ID,208,lead_brake,False,False,False,0,0,58.42359528399845,6.8451443786422415,True,False
43,A_STATE,ID,209,lead_brake,False,False,False,0,0,87.62791252569276,0.5226585070292155,True,False
43,A_STATE,ID,210,lead_brake,False,False,False,0,0,74.97185832431003,5.901949241757392,True,False
43,A_STATE,ID,211,lead_brake,False,False,False,0,0,84.8851522126378,0.6056982403000196,True,False
43,A_STATE,ID,212,lead_brake,False,False,False,0,0,77.3098148704802,0.259625144302845,True,False
43,A_STATE,ID,213,lead_brake,False,False,False,0,0,73.88363499937604,0.9875274573763211,True,False
43,A_STATE,ID,214,lead_brake,False,False,False,0,0,86.42782741222908,0.2708042934536934,True,False
43,A_STATE,ID,215,lead_brake,False,False,False,0,0,95.96646121218774,0.2373784879843394,True,False
43,A_STATE,ID,216,lead_brake,False,False,False,0,0,98.08123661875725,0.09390722215175627,True,False
43,A_STATE,ID,217,lead_brake,False,False,False,0,0,70.72996428811979,4.716227894028028,True,False
43,A_STATE,ID,218,lead_brake,False,False,False,0,0,68.76484319842768,1.2111415217320125,True,False
43,A_STATE,ID,219,lead_brake,False,False,False,0,0,70.81560388993059,0.24043445040782294,True,False
43,A_STATE,ID,220,lead_brake,False,False,False,0,0,70.41594928084325,5.841921980182329,True,False
43,A_STATE,ID,221,lead_brake,False,False,False,0,0,78.56884977976308,0.6463293557365736,True,False
43,A_STATE,ID,222,lead_brake,False,False,False,0,0,79.71985748106447,3.981349083284537,True,False
43,A_STATE,ID,223,lead_brake,False,False,False,0,0,66.2856879188331,3.6250635882218676,True,False
43,A_STATE,ID,224,lead_brake,False,False,False,0,0,75.02275736185068,0.16055533538262048,True,False
43,A_STATE,ID,225,lead_brake,False,False,False,0,0,65.36258213489373,4.60636717453599,True,False
43,A_STATE,ID,226,lead_brake,False,False,False,0,0,65.85066122401228,5.402647013465563,True,False
43,A_STATE,ID,227,lead_brake,False,False,False,0,0,71.59362331164304,0.755656989912192,True,False
43,A_STATE,ID,228,lead_brake,False,False,False,0,0,80.30310197206211,2.121474338074525,True,False
43,A_STATE,ID,229,lead_brake,False,False,False,0,0,67.18738083127282,0.7468481759230295,True,False
43,A_STATE,ID,230,lead_brake,False,False,False,0,0,84.42739316416045,0.251005915304025,True,False
43,A_STATE,ID,231,lead_brake,False,False,False,0,0,79.63014491387374,0.24486867586771646,True,False
43,A_STATE,ID,232,lead_brake,False,False,False,0,0,76.43531476146208,0.30581605186065036,True,False
43,A_STATE,ID,233,lead_brake,False,False,False,0,0,94.69766370306219,0.23505346725384393,True,False
43,A_STATE,ID,234,lead_brake,False,False,False,0,0,81.01632117667202,0.2041116456190745,True,False
43,A_STATE,ID,235,lead_brake,False,False,False,0,0,83.56426241140055,0.2447993109623591,True,False
43,A_STATE,ID,236,lead_brake,False,False,False,0,0,65.04838698063692,3.740810324748357,True,False
43,A_STATE,ID,237,lead_brake,False,False,False,0,0,80.53510707831758,0.19863184541463852,True,False
43,A_STATE,ID,238,lead_brake,False,False,False,0,0,83.27423410223547,0.197260707616806,True,False
43,A_STATE,ID,239,lead_brake,False,False,False,0,0,52.74751861405241,5.473719138652086,True,False
43,A_STATE,ID,240,lead_brake,False,False,False,0,0,73.77699492928593,3.3042625399927297,True,False
43,A_STATE,ID,241,lead_brake,False,False,False,0,0,58.99769158314369,5.2155123973886175,True,False
43,A_STATE,ID,242,lead_brake,False,False,False,0,0,67.16271273514256,1.8005276173353195,True,False
43,A_STATE,ID,243,lead_brake,False,False,False,0,0,53.81611998494425,4.540319836388031,True,False
43,A_STATE,ID,244,lead_brake,False,False,False,0,0,54.812591546262965,4.10961593190829,True,False
43,A_STATE,ID,245,lead_brake,False,False,False,0,0,75.93950023437107,0.2414797693490982,True,False
43,A_STATE,ID,246,lead_brake,False,False,False,0,0,98.67501020878557,0.21310525387525556,True,False
43,A_STATE,ID,247,lead_brake,False,False,False,0,0,80.34266047430724,0.17181404680013657,True,False
43,A_STATE,ID,248,lead_brake,False,False,False,0,0,66.92620046813373,3.2942694810529547,True,False
43,A_STATE,ID,249,lead_brake,False,False,False,0,0,97.50794039744105,0.08806592226028442,True,False
43,A_STATE,ID,250,lead_brake,False,False,False,0,0,70.39998611002068,4.8823473478357,True,False
43,A_STATE,ID,251,lead_brake,False,False,False,0,0,73.52266619971704,0.24339560667673746,True,False
43,A_STATE,ID,252,lead_brake,False,False,False,0,0,86.78097107904648,0.2939342459042867,True,False
43,A_STATE,ID,253,lead_brake,False,False,False,0,0,87.47571726281866,0.2379486858844757,True,False
43,A_STATE,ID,254,lead_brake,False,False,False,0,0,95.43261193419944,0.2372340535124143,True,False
43,A_STATE,ID,255,lead_brake,False,False,False,0,0,62.044576501894724,4.616930797696114,True,False
43,A_STATE,ID,256,lead_brake,False,False,False,0,0,71.8739348369228,0.412225916981697,True,False
43,A_STATE,ID,257,lead_brake,False,False,False,0,0,78.7285644366438,4.7545736357569695,True,False
43,A_STATE,ID,258,lead_brake,False,False,False,0,0,79.06655838496171,2.816490722199281,True,False
43,A_STATE,ID,259,lead_brake,False,False,False,0,0,97.79773976320328,0.08948166420062383,True,False
43,A_STATE,ID,260,lead_brake,False,False,False,0,0,71.61082169067461,5.184803942839304,True,False
43,A_STATE,ID,261,lead_brake,False,False,False,0,0,78.11641439288857,5.4346817669769125,True,False
43,A_STATE,ID,262,lead_brake,False,False,False,0,0,89.83762534658501,0.2595282718539238,True,False
43,A_STATE,ID,263,lead_brake,False,False,False,0,0,77.69445193076446,1.2541320373614628,True,False
43,A_STATE,ID,264,lead_brake,False,False,False,0,0,96.48608976449087,0.13399355858564377,True,False
43,A_STATE,ID,265,lead_brake,False,False,False,0,0,84.34543121576304,0.28992951412995654,True,False
43,A_STATE,ID,266,lead_brake,False,False,False,0,0,86.57763371094066,0.2783864438533783,True,False
43,A_STATE,ID,267,lead_brake,False,False,False,0,0,85.24736611816226,0.2647922063867251,True,False
43,A_STATE,ID,268,lead_brake,False,False,False,0,0,84.44028959277244,0.2639598449071248,True,False
43,A_STATE,ID,269,lead_brake,False,False,False,0,0,58.32083004596781,3.8694618257383504,True,False
43,A_STATE,ID,270,lead_brake,False,False,False,0,0,73.57427857446072,5.282279419402281,True,False
43,A_STATE,ID,271,lead_brake,False,False,False,0,0,57.64419659805013,3.1282784889141717,True,False
43,A_STATE,ID,272,lead_brake,False,False,False,0,0,76.38419145091635,3.5145666773120556,True,False
43,A_STATE,ID,273,lead_brake,False,False,False,0,0,60.190926947251754,3.1409947921832404,True,False
43,A_STATE,ID,274,lead_brake,False,False,False,0,0,58.81649186997894,5.354199276616176,True,False
43,A_STATE,ID,275,lead_brake,False,False,False,0,0,86.65764632947455,0.22332427153984705,True,False
43,A_STATE,ID,276,lead_brake,False,False,False,0,0,53.553113184311236,2.4271101653575897,True,False
43,A_STATE,ID,277,lead_brake,False,False,False,0,0,60.42623184204288,6.311901990324259,True,False
43,A_STATE,ID,278,lead_brake,False,False,False,0,0,81.557978394741,0.6070016970237095,True,False
43,A_STATE,ID,279,lead_brake,False,False,False,0,0,64.40212929048445,1.8771670858065286,True,False
43,A_STATE,ID,280,lead_brake,False,False,False,0,0,85.57737912189435,0.19257437686125436,True,False
43,A_STATE,ID,281,lead_brake,False,False,False,0,0,89.21984322290282,0.12466323127349217,True,False
43,A_STATE,ID,282,lead_brake,False,False,False,0,0,72.88428072813794,0.4729147305091222,True,False
43,A_STATE,ID,283,lead_brake,False,False,False,0,0,69.03656653864779,0.3708763122558593,True,False
43,A_STATE,ID,284,lead_brake,False,False,False,0,0,60.58951280127588,5.077034822354714,True,False
43,A_STATE,ID,285,lead_brake,False,False,False,0,0,83.18326818752678,0.19401242956519127,True,False
43,A_STATE,ID,286,lead_brake,False,False,False,0,0,60.686593813648784,8.873679189632336,True,False
43,A_STATE,ID,287,lead_brake,False,False,False,0,0,88.10567743067882,0.2607961520552635,True,False
43,A_STATE,ID,288,lead_brake,False,False,False,0,0,80.68104386265678,3.000846659143766,True,False
43,A_STATE,ID,289,lead_brake,False,False,False,0,0,78.61585436613117,0.35622478524843854,True,False
43,A_STATE,ID,290,lead_brake,False,False,False,0,0,77.4555335950248,0.9340984349449475,True,False
43,A_STATE,ID,291,lead_brake,False,False,False,0,0,85.34582715460154,0.27879689633846283,True,False
43,A_STATE,ID,292,lead_brake,False,False,False,0,0,82.6361740491848,0.26269617180029553,True,False
43,A_STATE,ID,293,lead_brake,False,False,False,0,0,45.16485370463883,8.970020836840073,True,False
43,A_STATE,ID,294,lead_brake,False,False,False,0,0,88.24543842864857,0.36503283182779944,True,False
43,A_STATE,ID,295,lead_brake,False,False,False,0,0,73.69762549668197,0.2434767186641693,True,False
43,A_STATE,ID,296,lead_brake,False,False,False,0,0,83.23055709881663,0.4546172320842743,True,False
43,A_STATE,ID,297,lead_brake,False,False,False,0,0,67.68561046072476,6.238557870189348,True,False
43,A_STATE,ID,298,lead_brake,False,False,False,0,0,67.7123604991379,0.23918044567108154,True,False
43,A_STATE,ID,299,lead_brake,False,False,False,0,0,76.45085651993759,2.844149788220723,True,False
43,A_STATE,OOD,0,crosswalk,False,False,False,0,0,29.83262405221744,1.3604811330636342,True,False
43,A_STATE,OOD,1,crosswalk,False,False,False,0,0,31.236517914587033,1.3311968831455006,True,False
43,A_STATE,OOD,2,crosswalk,False,False,False,0,1,23.50855827177142,0.9841791221073695,True,False
43,A_STATE,OOD,3,crosswalk,False,False,False,0,1,30.00831629051671,1.34393953141712,True,False
43,A_STATE,OOD,4,crosswalk,False,False,False,0,1,25.152685035113365,1.2587733864784239,True,False
43,A_STATE,OOD,5,crosswalk,False,False,False,0,1,24.97812943099288,1.2560804117293582,True,False
43,A_STATE,OOD,6,crosswalk,False,False,False,0,1,20.677420815490407,1.2099956653334876,True,False
43,A_STATE,OOD,7,crosswalk,False,False,False,0,1,22.22612663834241,1.1735945626309043,True,False
43,A_STATE,OOD,8,crosswalk,False,False,False,0,1,30.09398074288773,1.0015304883321126,True,False
43,A_STATE,OOD,9,crosswalk,False,False,False,0,1,30.439876931965873,1.3235890708471598,True,False
43,A_STATE,OOD,10,crosswalk,False,False,False,0,1,26.288800680265776,1.1240480627332414,True,False
43,A_STATE,OOD,11,crosswalk,False,False,False,0,1,24.206518861485986,1.1256158642652558,True,False
43,A_STATE,OOD,12,crosswalk,False,False,False,0,1,27.93090269825172,1.1371589318299904,True,False
43,A_STATE,OOD,13,crosswalk,False,False,False,0,1,23.268861059063482,1.1534382208533909,True,False
43,A_STATE,OOD,14,crosswalk,False,False,False,0,1,31.192728652637513,1.0675062735875447,True,False
43,A_STATE,OOD,15,crosswalk,False,False,False,0,1,22.360638451045425,1.1971813947596448,True,False
43,A_STATE,OOD,16,crosswalk,False,False,False,0,1,22.524681801619817,1.0144681930541992,True,False
43,A_STATE,OOD,17,crosswalk,False,False,False,0,1,21.40557654905401,0.9665433656085621,True,False
43,A_STATE,OOD,18,crosswalk,False,False,False,0,1,22.66285044917347,1.1652653281753127,True,False
43,A_STATE,OOD,19,crosswalk,False,False,False,0,1,21.91551681884691,1.1084105854942685,True,False
43,A_STATE,OOD,20,crosswalk,False,False,False,0,1,30.19930103202255,1.0243699902837926,True,False
43,A_STATE,OOD,21,crosswalk,False,False,False,0,1,22.139230796884945,1.0484664466070093,True,False
43,A_STATE,OOD,22,crosswalk,False,False,False,0,1,21.130023523250784,1.1323800683021545,True,False
43,A_STATE,OOD,23,crosswalk,False,False,False,0,1,28.94378613173079,1.059445253638334,True,False
43,A_STATE,OOD,24,crosswalk,False,False,False,0,1,22.635994578596822,1.226201805957528,True,False
43,A_STATE,OOD,25,crosswalk,False,False,False,0,1,22.82132083312181,0.8603644735283322,True,False
43,A_STATE,OOD,26,crosswalk,False,False,False,0,1,23.173205177587917,0.9721090482628864,True,False
43,A_STATE,OOD,27,crosswalk,False,False,False,0,1,29.211852503008238,1.121131842551024,True,False
43,A_STATE,OOD,28,crosswalk,False,False,False,0,1,30.929021546591386,1.2826056969471467,True,False
43,A_STATE,OOD,29,crosswalk,False,False,False,0,1,28.815964581473573,1.112211221872374,True,False
43,A_STATE,OOD,30,crosswalk,False,False,False,0,0,29.278294051275616,1.2710956070158215,True,False
43,A_STATE,OOD,31,crosswalk,False,False,False,0,1,23.078462333451103,1.119751049124676,True,False
43,A_STATE,OOD,32,crosswalk,False,False,False,0,1,27.55349466820774,1.0570846433224885,True,False
43,A_STATE,OOD,33,crosswalk,False,False,False,0,1,26.67321929608604,1.1084833377745091,True,False
43,A_STATE,OOD,34,crosswalk,False,False,False,0,1,24.852790128939837,0.9562420845031738,True,False
43,A_STATE,OOD,35,crosswalk,False,False,False,0,1,22.21393801505906,1.1981383312580196,True,False
43,A_STATE,OOD,36,crosswalk,False,False,False,0,1,21.20494789117869,1.1203267441855536,True,False
43,A_STATE,OOD,37,crosswalk,False,False,False,0,1,22.838600790848915,1.3041232182429388,True,False
43,A_STATE,OOD,38,crosswalk,False,False,False,0,1,21.187204924065036,1.076144427061081,True,False
43,A_STATE,OOD,39,crosswalk,False,False,False,0,1,30.50917955752977,1.1193368832270305,True,False
43,A_STATE,OOD,40,crosswalk,False,False,False,0,1,21.59759016944026,1.1577276850855627,True,False
43,A_STATE,OOD,41,crosswalk,False,False,False,0,1,24.608332948311663,0.996348566479153,True,False
43,A_STATE,OOD,42,crosswalk,False,False,False,0,1,25.06700708258604,1.3254371667519593,True,False
43,A_STATE,OOD,43,crosswalk,False,False,False,0,1,21.252384327687146,0.9208229012214221,True,False
43,A_STATE,OOD,44,crosswalk,False,False,False,0,1,31.696346789154205,0.9647767340883295,True,False
43,A_STATE,OOD,45,crosswalk,False,False,False,0,1,21.522439082835035,1.0689228519480278,True,False
43,A_STATE,OOD,46,crosswalk,False,False,False,0,1,31.27429672250177,1.010819212956862,True,False
43,A_STATE,OOD,47,crosswalk,False,False,False,0,1,24.348337600541544,1.1053789474747397,True,False
43,A_STATE,OOD,48,crosswalk,False,False,False,0,1,28.17731538811696,1.136783269735483,True,False
43,A_STATE,OOD,49,crosswalk,False,False,False,0,1,26.76702772870584,1.2942696872510409,True,False
43,A_STATE,OOD,50,crosswalk,False,False,False,0,1,27.869183906554248,1.317251244106808,True,False
43,A_STATE,OOD,51,crosswalk,False,False,False,0,1,27.190465125462467,1.278544932603836,True,False
43,A_STATE,OOD,52,crosswalk,False,False,False,0,1,22.348071096759586,1.3092195414579832,True,False
43,A_STATE,OOD,53,crosswalk,False,False,False,0,1,22.57445192588203,1.1014110494304348,True,False
43,A_STATE,OOD,54,crosswalk,False,False,False,0,0,25.84294503493396,1.163479731633113,True,False
43,A_STATE,OOD,55,crosswalk,False,False,False,0,1,29.841127450564287,1.358630120754242,True,False
43,A_STATE,OOD,56,crosswalk,False,False,False,0,1,22.64668915085468,1.0835423025974007,True,False
43,A_STATE,OOD,57,crosswalk,False,False,False,0,1,21.387227745415373,1.1905414384344348,True,False
43,A_STATE,OOD,58,crosswalk,False,False,False,0,1,28.433766666385395,1.0322889368584816,True,False
43,A_STATE,OOD,59,crosswalk,False,False,False,0,1,23.14417941708647,1.0438382371943047,True,False
43,A_STATE,OOD,60,crosswalk,False,False,False,0,1,27.213378449971884,1.1970374229792002,True,False
43,A_STATE,OOD,61,crosswalk,False,False,False,0,1,23.982570882640843,1.1229621447049654,True,False
43,A_STATE,OOD,62,crosswalk,False,False,False,0,1,28.775716273581132,0.9785950961320297,True,False
43,A_STATE,OOD,63,crosswalk,False,False,False,0,1,22.001080928935984,1.0513765928221912,True,False
43,A_STATE,OOD,64,crosswalk,False,False,False,0,1,24.337609321205033,1.1483220998630967,True,False
43,A_STATE,OOD,65,crosswalk,False,False,False,0,1,30.702254405987837,0.9964723057217068,True,False
43,A_STATE,OOD,66,crosswalk,False,False,False,0,1,21.503460436407195,1.2741613052785397,True,False
43,A_STATE,OOD,67,crosswalk,False,False,False,0,1,27.8247924314405,1.2642261981964111,True,False
43,A_STATE,OOD,68,crosswalk,False,False,False,0,1,20.92982264546091,0.9754882211034949,True,False
43,A_STATE,OOD,69,crosswalk,False,False,False,0,1,26.155259371940524,1.1990708918184847,True,False
43,A_STATE,OOD,70,crosswalk,False,False,False,0,1,22.851481101728496,1.3187382160088952,True,False
43,A_STATE,OOD,71,crosswalk,False,False,False,0,1,28.28750664644861,1.2392289259217002,True,False
43,A_STATE,OOD,72,crosswalk,False,False,False,0,1,23.547573947955655,1.0756143709508383,True,False
43,A_STATE,OOD,73,crosswalk,False,False,False,0,1,28.595830840053615,1.003346946504381,True,False
43,A_STATE,OOD,74,crosswalk,False,False,False,0,1,24.238600826903735,1.2380702296892803,True,False
43,A_STATE,OOD,75,crosswalk,False,False,False,0,1,27.18553806830844,1.3338184356689453,True,False
43,A_STATE,OOD,76,crosswalk,False,False,False,0,1,28.938029550927943,1.1495444749264006,True,False
43,A_STATE,OOD,77,crosswalk,False,False,False,0,1,26.511516190765636,1.0661565122150238,True,False
43,A_STATE,OOD,78,crosswalk,False,False,False,0,1,29.239673923532344,1.0761898214166814,True,False
43,A_STATE,OOD,79,crosswalk,False,False,False,0,1,20.73676778377792,1.2669819451513744,True,False
43,A_STATE,OOD,80,crosswalk,False,False,False,0,1,24.18630814821988,1.280672490596771,True,False
43,A_STATE,OOD,81,crosswalk,False,False,False,0,1,22.668748003564545,1.4269929360120726,True,False
43,A_STATE,OOD,82,crosswalk,False,False,False,0,1,24.8201109124119,0.9872596419375875,True,False
43,A_STATE,OOD,83,crosswalk,False,False,False,0,1,28.719836486812454,1.0521549245585566,True,False
43,A_STATE,OOD,84,crosswalk,False,False,False,0,1,28.272039477663178,1.0366175341051678,True,False
43,A_STATE,OOD,85,crosswalk,False,False,False,0,1,22.33906847417716,0.9558992442630585,True,False
43,A_STATE,OOD,86,crosswalk,False,False,False,0,1,31.213414676654867,1.2096287608146667,True,False
43,A_STATE,OOD,87,crosswalk,False,False,False,0,1,23.031745052777836,0.9813796944088405,True,False
43,A_STATE,OOD,88,crosswalk,False,False,False,0,1,30.71560944885373,1.0308599607511,True,False
43,A_STATE,OOD,89,crosswalk,False,False,False,0,1,28.44970843657289,1.0761857864468596,True,False
43,A_STATE,OOD,90,crosswalk,False,False,False,0,1,31.233564864959487,1.1226943582296371,True,False
43,A_STATE,OOD,91,crosswalk,False,False,False,0,1,23.057594284964765,1.1934385200341542,True,False
43,A_STATE,OOD,92,crosswalk,False,False,False,0,1,24.451594564760484,1.1452880927494593,True,False
43,A_STATE,OOD,93,crosswalk,False,False,False,0,1,20.98475253280139,1.130125458267602,True,False
43,A_STATE,OOD,94,crosswalk,False,False,False,0,1,25.96238591361346,1.080754632535188,True,False
43,A_STATE,OOD,95,crosswalk,False,False,False,0,1,21.852281087526933,1.0982488974546774,True,False
43,A_STATE,OOD,96,crosswalk,False,False,False,0,1,28.208084203255567,1.0799398810364478,True,False
43,A_STATE,OOD,97,crosswalk,False,False,False,0,1,30.384621824938684,1.1451142755421724,True,False
43,A_STATE,OOD,98,crosswalk,False,False,False,0,1,27.723460589462626,1.2493299841880796,True,False
43,A_STATE,OOD,99,crosswalk,False,False,False,0,1,27.8646901120731,1.1096503164457239,True,False
43,A_STATE,OOD,100,stop_intersection,False,False,False,0,0,23.262407479583572,1.61109358580275,True,False
43,A_STATE,OOD,101,stop_intersection,False,False,False,0,1,25.344122529791285,1.2011235222524526,True,False
43,A_STATE,OOD,102,stop_intersection,False,False,False,0,1,31.10573801489072,1.3444243027613714,True,False
43,A_STATE,OOD,103,stop_intersection,False,False,False,0,1,27.260948098158888,1.5545004212631368,True,False
43,A_STATE,OOD,104,stop_intersection,False,False,False,0,0,26.61792750979271,1.5665654838085175,True,False
43,A_STATE,OOD,105,stop_intersection,False,False,False,0,0,21.58108483411044,1.7201286430160203,True,False
43,A_STATE,OOD,106,stop_intersection,False,False,False,0,1,31.24803898010873,1.3702371559645,True,False
43,A_STATE,OOD,107,stop_intersection,False,False,False,0,1,28.344211491510887,1.186947892693912,True,False
43,A_STATE,OOD,108,stop_intersection,False,False,False,0,0,25.0701599955856,1.8150014490694613,True,False
43,A_STATE,OOD,109,stop_intersection,False,False,False,0,0,21.891510946674565,1.7121197200483744,True,False
43,A_STATE,OOD,110,stop_intersection,False,False,False,0,1,24.710331162211403,1.7849661530675114,True,False
43,A_STATE,OOD,111,stop_intersection,False,False,False,0,0,23.778957970111534,1.6865928627030793,True,False
43,A_STATE,OOD,112,stop_intersection,False,False,False,0,0,24.55426510610192,1.5127512481477525,True,False
43,A_STATE,OOD,113,stop_intersection,False,False,False,0,1,31.00145654797884,1.172612001272765,True,False
43,A_STATE,OOD,114,stop_intersection,False,False,False,0,0,23.770527347607164,1.8691064940916524,True,False
43,A_STATE,OOD,115,stop_intersection,False,False,False,0,1,25.128660161831004,1.3935607430097219,True,False
43,A_STATE,OOD,116,stop_intersection,False,False,False,0,0,22.08356464590672,1.7494276059525353,True,False
43,A_STATE,OOD,117,stop_intersection,False,False,False,0,1,28.95549721603255,1.5572087109088897,True,False
43,A_STATE,OOD,118,stop_intersection,False,False,False,0,1,28.69373675186164,1.3428753300717002,True,False
43,A_STATE,OOD,119,stop_intersection,False,False,False,0,0,24.51275522205733,1.9314024335629232,True,False
43,A_STATE,OOD,120,stop_intersection,False,False,False,0,1,31.105229128612727,1.3451382092067172,True,False
43,A_STATE,OOD,121,stop_intersection,False,False,False,0,1,21.351877549280026,1.7748049192312287,True,False
43,A_STATE,OOD,122,stop_intersection,False,False,False,0,1,24.931493013579278,1.250467507577524,True,False
43,A_STATE,OOD,123,stop_intersection,False,False,False,0,1,31.676039408184423,1.290713608264923,True,False
43,A_STATE,OOD,124,stop_intersection,False,False,False,0,1,28.976828784151547,1.5938301086425781,True,False
43,A_STATE,OOD,125,stop_intersection,False,False,False,0,1,24.18469963637045,1.1413372887505424,True,False
43,A_STATE,OOD,126,stop_intersection,False,False,False,0,1,31.13541458354237,1.4883123825375848,True,False
43,A_STATE,OOD,127,stop_intersection,False,False,False,0,1,28.88278222417798,1.2255524213497455,True,False
43,A_STATE,OOD,128,stop_intersection,False,False,False,0,1,29.861600024308807,1.3808801613355937,True,False
43,A_STATE,OOD,129,stop_intersection,False,False,False,0,0,26.749228367818517,1.6845558851193159,True,False
43,A_STATE,OOD,130,stop_intersection,False,False,False,0,1,22.24195659074197,1.157408827959105,True,False
43,A_STATE,OOD,131,stop_intersection,False,False,False,0,1,24.82763367214499,1.8366428878572252,True,False
43,A_STATE,OOD,132,stop_intersection,False,False,False,0,1,20.95188757644633,1.5336469672620294,True,False
43,A_STATE,OOD,133,stop_intersection,False,False,False,0,0,25.413100624235916,1.7179509074915023,True,False
43,A_STATE,OOD,134,stop_intersection,False,False,False,0,1,26.481202684175486,1.3271443908279006,True,False
43,A_STATE,OOD,135,stop_intersection,False,False,False,0,1,22.03548640401158,1.2081102109872377,True,False
43,A_STATE,OOD,136,stop_intersection,False,False,False,0,1,25.89994398192409,1.3153139642767002,True,False
43,A_STATE,OOD,137,stop_intersection,False,False,False,0,1,31.22717714868653,1.2353303853203268,True,False
43,A_STATE,OOD,138,stop_intersection,False,False,False,0,1,30.917699925938855,1.5603009255036062,True,False
43,A_STATE,OOD,139,stop_intersection,False,False,False,0,1,27.961132812255,1.2794015346429284,True,False
43,A_STATE,OOD,140,stop_intersection,False,False,False,0,1,25.390506941473006,1.1585809432324907,True,False
43,A_STATE,OOD,141,stop_intersection,False,False,False,0,1,29.633184173348134,1.1771599740483039,True,False
43,A_STATE,OOD,142,stop_intersection,False,False,False,0,1,23.6698927345932,1.8356594443321228,True,False
43,A_STATE,OOD,143,stop_intersection,False,False,False,0,1,28.10764850754221,1.5739263847787328,True,False
43,A_STATE,OOD,144,stop_intersection,False,False,False,0,1,30.595647199924727,1.281350642442703,True,False
43,A_STATE,OOD,145,stop_intersection,False,False,False,0,0,28.11356783670372,1.6929123903575696,True,False
43,A_STATE,OOD,146,stop_intersection,False,False,False,0,1,27.26810887777912,1.745255390803019,True,False
43,A_STATE,OOD,147,stop_intersection,False,False,False,0,1,21.363936434613024,1.3046542776597514,True,False
43,A_STATE,OOD,148,stop_intersection,False,False,False,0,1,21.041419509435553,1.0215152072764577,True,False
43,A_STATE,OOD,149,stop_intersection,False,False,False,0,1,29.36961696432239,1.3570296063142664,True,False
43,A_STATE,OOD,150,stop_intersection,False,False,False,0,0,22.997928038068267,1.4756203757392035,True,False
43,A_STATE,OOD,151,stop_intersection,False,False,False,0,1,23.654642066138095,1.3003598781008467,True,False
43,A_STATE,OOD,152,stop_intersection,False,False,False,0,1,31.01772501445879,1.3770731028757595,True,False
43,A_STATE,OOD,153,stop_intersection,False,False,False,0,1,30.526063297067196,1.2800846194348683,True,False
43,A_STATE,OOD,154,stop_intersection,False,False,False,0,0,21.20993135876469,1.8613426552878487,True,False
43,A_STATE,OOD,155,stop_intersection,False,False,False,0,1,24.59897637758523,1.3659506373935275,True,False
43,A_STATE,OOD,156,stop_intersection,False,False,False,0,1,22.36922185482453,1.4415630417050056,True,False
43,A_STATE,OOD,157,stop_intersection,False,False,False,0,1,23.240004670128638,1.6502089830155067,True,False
43,A_STATE,OOD,158,stop_intersection,False,False,False,0,1,30.705337422796383,1.4140134553114572,True,False
43,A_STATE,OOD,159,stop_intersection,False,False,False,0,1,29.351397086489996,1.2019396659939787,True,False
43,A_STATE,OOD,160,stop_intersection,False,False,False,0,1,25.802961197196954,1.5840354561805725,True,False
43,A_STATE,OOD,161,stop_intersection,False,False,False,0,1,24.117767414118006,1.1162191467440645,True,False
43,A_STATE,OOD,162,stop_intersection,False,False,False,0,1,27.7395677497675,1.2207174162532008,True,False
43,A_STATE,OOD,163,stop_intersection,False,False,False,0,1,26.3610409434367,1.2206068038940427,True,False
43,A_STATE,OOD,164,stop_intersection,False,False,False,0,1,24.562997082234084,1.1635107564371685,True,False
43,A_STATE,OOD,165,stop_intersection,False,False,False,0,1,28.688778819786148,1.6935023602018964,True,False
43,A_STATE,OOD,166,stop_intersection,False,False,False,0,1,26.99192583412907,1.6432108746634588,True,False
43,A_STATE,OOD,167,stop_intersection,False,False,False,0,1,30.79157843576649,1.1499393051085265,True,False
43,A_STATE,OOD,168,stop_intersection,False,False,False,0,1,31.510472622369086,1.201771751723506,True,False
43,A_STATE,OOD,169,stop_intersection,False,False,False,0,1,28.57336172612163,1.3067282774509528,True,False
43,A_STATE,OOD,170,stop_intersection,False,False,False,0,1,21.13550106859563,1.2271097913766518,True,False
43,A_STATE,OOD,171,stop_intersection,False,False,False,0,1,21.838054120201306,1.2561025893366013,True,False
43,A_STATE,OOD,172,stop_intersection,False,False,False,0,0,21.966660589678195,1.7910158231451705,True,False
43,A_STATE,OOD,173,stop_intersection,False,False,False,0,1,28.9948710471174,1.0887482114460156,True,False
43,A_STATE,OOD,174,stop_intersection,False,False,False,0,0,22.08079917557847,1.8714833174433025,True,False
43,A_STATE,OOD,175,stop_intersection,False,False,False,0,1,28.14300586577952,1.394184747257748,True,False
43,A_STATE,OOD,176,stop_intersection,False,False,False,0,0,22.280059419374762,1.7844128000893091,True,False
43,A_STATE,OOD,177,stop_intersection,False,False,False,0,1,30.57644899382843,1.6097995142141976,True,False
43,A_STATE,OOD,178,stop_intersection,False,False,False,0,1,28.779630131857093,1.3799905149560225,True,False
43,A_STATE,OOD,179,stop_intersection,False,False,False,0,0,28.894708505596284,1.522403255752895,True,False
43,A_STATE,OOD,180,stop_intersection,False,False,False,0,1,21.902306053692694,1.139265043394906,True,False
43,A_STATE,OOD,181,stop_intersection,False,False,False,0,1,31.39476859837489,1.306494280695915,True,False
43,A_STATE,OOD,182,stop_intersection,False,False,False,0,1,23.2309095634712,1.2164542004466057,True,False
43,A_STATE,OOD,183,stop_intersection,False,False,False,0,1,22.38518554727759,1.254336116345305,True,False
43,A_STATE,OOD,184,stop_intersection,False,False,False,0,1,30.245025051309888,1.5781323432922363,True,False
43,A_STATE,OOD,185,stop_intersection,False,False,False,0,1,26.425966299751202,1.0844295633875805,True,False
43,A_STATE,OOD,186,stop_intersection,False,False,False,0,1,30.51420137514345,1.5107884601904793,True,False
43,A_STATE,OOD,187,stop_intersection,False,False,False,0,1,27.579708027298047,1.7266416278752412,True,False
43,A_STATE,OOD,188,stop_intersection,False,False,False,0,1,31.11786992569491,1.3129880336614754,True,False
43,A_STATE,OOD,189,stop_intersection,False,False,False,0,1,29.9932195095497,1.379868780311785,True,False
43,A_STATE,OOD,190,stop_intersection,False,False,False,0,1,24.79307573480579,1.8013208896614785,True,False
43,A_STATE,OOD,191,stop_intersection,False,False,False,0,1,26.84275197757563,1.6044613255394828,True,False
43,A_STATE,OOD,192,stop_intersection,False,False,False,0,1,30.427900401527893,1.169897109963173,True,False
43,A_STATE,OOD,193,stop_intersection,False,False,False,0,1,24.35295889031626,1.12549975183275,True,False
43,A_STATE,OOD,194,stop_intersection,False,False,False,0,1,27.025852042559276,1.2031720751939816,True,False
43,A_STATE,OOD,195,stop_intersection,False,False,False,0,1,26.525444062055687,1.594048873299644,True,False
43,A_STATE,OOD,196,stop_intersection,False,False,False,0,1,23.14265584794362,1.149763244958151,True,False
43,A_STATE,OOD,197,stop_intersection,False,False,False,0,1,29.642286390700598,1.5109297633171082,True,False
43,A_STATE,OOD,198,stop_intersection,False,False,False,0,1,29.3889122630962,1.6499001500399215,True,False
43,A_STATE,OOD,199,stop_intersection,False,False,False,0,1,28.306805200175113,1.3444357365369797,True,False
43,A_STATE,OOD,200,lead_brake,False,False,False,0,0,33.97224580958485,6.024549324065447,True,False
43,A_STATE,OOD,201,lead_brake,False,False,False,0,0,30.893307362342536,5.200568845495581,True,False
43,A_STATE,OOD,202,lead_brake,False,False,True,0,0,26.056011015412338,4.1103603057563305,True,False
43,A_STATE,OOD,203,lead_brake,False,False,False,0,0,30.80525700132987,2.3501149242122965,True,False
43,A_STATE,OOD,204,lead_brake,False,False,False,0,0,29.775818927881772,2.3558761527140932,True,False
43,A_STATE,OOD,205,lead_brake,False,False,True,0,0,28.558457218446325,4.550156906868021,True,False
43,A_STATE,OOD,206,lead_brake,False,False,False,0,0,30.271204996691868,5.800163583209117,True,False
43,A_STATE,OOD,207,lead_brake,False,False,False,0,0,32.895280705224025,5.140285680691401,True,False
43,A_STATE,OOD,208,lead_brake,False,False,False,0,0,38.22334450030176,5.845754901568095,True,False
43,A_STATE,OOD,209,lead_brake,False,False,False,0,0,30.766286023606025,3.2186087053269143,True,False
43,A_STATE,OOD,210,lead_brake,False,False,True,0,0,29.858043891014244,4.825940378010272,True,False
43,A_STATE,OOD,211,lead_brake,False,False,False,0,0,36.53384654536842,4.657366797327995,True,False
43,A_STATE,OOD,212,lead_brake,False,False,True,0,0,27.682918973094374,6.2849071218321715,True,False
43,A_STATE,OOD,213,lead_brake,False,False,False,0,0,30.94722277033694,3.502725917225083,True,False
43,A_STATE,OOD,214,lead_brake,False,False,False,0,0,35.07177815083132,4.360839940607548,True,False
43,A_STATE,OOD,215,lead_brake,False,False,True,0,0,26.903159698959758,5.268187170227368,True,False
43,A_STATE,OOD,216,lead_brake,False,False,False,0,0,40.321222439970725,5.517089505990345,True,False
43,A_STATE,OOD,217,lead_brake,False,False,False,0,0,34.80959133684636,1.0430301936964192,True,False
43,A_STATE,OOD,218,lead_brake,False,False,False,0,0,26.73120552631581,2.8287433081616955,True,False
43,A_STATE,OOD,219,lead_brake,False,False,False,0,0,34.51468402479946,4.467928668484092,True,False
43,A_STATE,OOD,220,lead_brake,False,False,False,0,0,35.381885560527735,3.0416370443999767,True,False
43,A_STATE,OOD,221,lead_brake,False,False,True,0,0,24.30392747595906,4.963899299502373,True,False
43,A_STATE,OOD,222,lead_brake,False,False,False,0,0,39.82879415051542,5.561258050923546,True,False
43,A_STATE,OOD,223,lead_brake,False,False,True,0,0,26.494682620090487,5.6550573489318285,True,False
43,A_STATE,OOD,224,lead_brake,False,False,False,0,0,31.373250616135408,4.373191895584265,True,False
43,A_STATE,OOD,225,lead_brake,False,False,False,0,0,32.05043891896814,5.591838202128808,True,False
43,A_STATE,OOD,226,lead_brake,False,False,False,0,0,27.300565300881846,2.3023809927205243,True,False
43,A_STATE,OOD,227,lead_brake,False,False,False,0,0,38.81163086805414,2.6929347241918244,True,False
43,A_STATE,OOD,228,lead_brake,False,False,False,0,0,39.826365366912476,5.910944240788619,True,False
43,A_STATE,OOD,229,lead_brake,False,False,False,0,0,43.25907080769543,3.1884111911058426,True,False
43,A_STATE,OOD,230,lead_brake,False,False,False,0,0,34.231204133374604,4.117467820644379,True,False
43,A_STATE,OOD,231,lead_brake,False,False,False,0,0,35.44569713639023,4.52867046991984,True,False
43,A_STATE,OOD,232,lead_brake,False,False,False,0,0,32.93400955141545,5.238655582691233,True,False
43,A_STATE,OOD,233,lead_brake,False,False,True,0,0,30.212438499715166,3.848216116428375,True,False
43,A_STATE,OOD,234,lead_brake,False,False,False,0,0,29.287367362111805,4.479198105012377,True,False
43,A_STATE,OOD,235,lead_brake,False,False,False,0,0,32.457187548481166,2.9643547621866064,True,False
43,A_STATE,OOD,236,lead_brake,False,False,False,0,0,42.71571310833093,5.63739500194788,True,False
43,A_STATE,OOD,237,lead_brake,False,False,False,0,0,40.61377826961484,4.074568905557195,True,False
43,A_STATE,OOD,238,lead_brake,False,False,True,0,0,26.432090253829962,3.2074826632936797,True,False
43,A_STATE,OOD,239,lead_brake,False,False,False,0,0,34.55586428596124,2.8748220577836037,True,False
43,A_STATE,OOD,240,lead_brake,False,False,False,0,0,36.95113351553677,5.460624918341637,True,False
43,A_STATE,OOD,241,lead_brake,False,False,True,0,0,25.943794744713284,4.381038941442966,True,False
43,A_STATE,OOD,242,lead_brake,False,False,True,0,0,27.197963053955505,2.8414976205676794,True,False
43,A_STATE,OOD,243,lead_brake,False,False,True,0,0,31.274553074008573,5.620507134745518,True,False
43,A_STATE,OOD,244,lead_brake,False,False,False,0,0,41.87132434263825,4.3819516357034445,True,False
43,A_STATE,OOD,245,lead_brake,False,False,False,0,0,43.6789783655107,5.529579032212496,True,False
43,A_STATE,OOD,246,lead_brake,False,False,True,0,0,27.03929849206511,2.440251197045048,True,False
43,A_STATE,OOD,247,lead_brake,False,False,False,0,0,31.60255456934393,3.826946365336577,True,False
43,A_STATE,OOD,248,lead_brake,False,False,True,0,0,27.85235524858602,3.055611782396833,True,False
43,A_STATE,OOD,249,lead_brake,False,False,True,0,0,24.254347776013013,5.85083723689119,True,False
43,A_STATE,OOD,250,lead_brake,False,False,False,0,0,33.83384350777157,5.749316058432062,True,False
43,A_STATE,OOD,251,lead_brake,False,False,False,0,0,31.137474183749305,2.5334882394721108,True,False
43,A_STATE,OOD,252,lead_brake,False,False,False,0,0,40.37875543295842,2.19555277004838,True,False
43,A_STATE,OOD,253,lead_brake,False,False,False,0,0,29.02050438985227,4.373284472152591,True,False
43,A_STATE,OOD,254,lead_brake,False,False,True,0,0,28.414136035064082,4.358438705404599,True,False
43,A_STATE,OOD,255,lead_brake,False,False,False,0,0,34.66902084534362,2.68136844287316,True,False
43,A_STATE,OOD,256,lead_brake,False,False,True,0,0,25.30055778369308,3.7520546726882458,True,False
43,A_STATE,OOD,257,lead_brake,False,False,False,0,0,31.114397920362745,3.970778087154031,True,False
43,A_STATE,OOD,258,lead_brake,False,False,True,0,0,23.863647280196588,4.71893942852815,True,False
43,A_STATE,OOD,259,lead_brake,False,False,False,0,0,43.34619806617499,2.094971974690755,True,False
43,A_STATE,OOD,260,lead_brake,False,False,False,0,0,34.9513362515171,3.6457110121846195,True,False
43,A_STATE,OOD,261,lead_brake,False,False,False,0,0,28.971090307953006,4.221749948958555,True,False
43,A_STATE,OOD,262,lead_brake,False,False,False,0,0,38.60032757083289,5.50577737390995,True,False
43,A_STATE,OOD,263,lead_brake,False,False,True,0,0,30.919584844042113,4.852539996306102,True,False
43,A_STATE,OOD,264,lead_brake,False,False,False,0,0,44.810223075449464,5.019744842002789,True,False
43,A_STATE,OOD,265,lead_brake,False,False,False,0,0,40.39748195680884,6.177894723912079,True,False
43,A_STATE,OOD,266,lead_brake,False,False,False,0,0,32.600927314869836,6.513242880503337,True,False
43,A_STATE,OOD,267,lead_brake,False,False,False,0,0,29.79630062852918,3.8787477357933917,True,False
43,A_STATE,OOD,268,lead_brake,False,False,True,0,0,29.494181169916867,5.5494318306446075,True,False
43,A_STATE,OOD,269,lead_brake,False,False,False,0,0,31.76703288106135,4.530655751625696,True,False
43,A_STATE,OOD,270,lead_brake,False,False,True,0,0,25.81127596604493,3.4958727657794952,True,False
43,A_STATE,OOD,271,lead_brake,False,False,False,0,0,36.47505381346897,5.728984421739975,True,False
43,A_STATE,OOD,272,lead_brake,False,False,False,0,0,34.48837805857117,4.5065297310551005,True,False
43,A_STATE,OOD,273,lead_brake,False,False,False,0,0,35.03422039636953,5.270705488199989,True,False
43,A_STATE,OOD,274,lead_brake,False,False,False,0,0,37.43589150808313,5.383977654700478,True,False
43,A_STATE,OOD,275,lead_brake,False,False,False,0,0,33.356604999266985,3.0826013435920077,True,False
43,A_STATE,OOD,276,lead_brake,False,False,False,0,0,28.829062773405482,3.9847692698240276,True,False
43,A_STATE,OOD,277,lead_brake,False,False,True,0,0,29.87434167027469,5.543169612064958,True,False
43,A_STATE,OOD,278,lead_brake,False,False,False,0,0,30.388521279062534,3.849522788077593,True,False
43,A_STATE,OOD,279,lead_brake,False,False,False,0,0,38.98250937402247,5.740940141802032,True,False
43,A_STATE,OOD,280,lead_brake,False,False,False,0,0,30.768305090103706,5.809305472920339,True,False
43,A_STATE,OOD,281,lead_brake,False,False,False,0,0,31.68563188761469,5.195471701522668,True,False
43,A_STATE,OOD,282,lead_brake,False,False,False,0,0,32.44616342302962,4.552374473462502,True,False
43,A_STATE,OOD,283,lead_brake,False,False,False,0,0,36.76810125485064,1.2050670416404803,True,False
43,A_STATE,OOD,284,lead_brake,False,False,True,0,0,26.197070820371128,5.475508918985724,True,False
43,A_STATE,OOD,285,lead_brake,False,False,False,0,0,35.54685689659477,4.870178246249755,True,False
43,A_STATE,OOD,286,lead_brake,False,False,False,0,0,29.273904856670026,2.3910642750561237,True,False
43,A_STATE,OOD,287,lead_brake,False,False,False,0,0,32.831721678189666,3.71706922352314,True,False
43,A_STATE,OOD,288,lead_brake,False,False,True,0,0,26.952390416882864,3.8155724958827095,True,False
43,A_STATE,OOD,289,lead_brake,False,False,False,0,0,39.96301579232142,5.897841626157363,True,False
43,A_STATE,OOD,290,lead_brake,False,False,False,0,0,33.97152139389427,3.8742108369867005,True,False
43,A_STATE,OOD,291,lead_brake,False,False,True,0,0,21.96785825237631,2.6261347426722446,True,False
43,A_STATE,OOD,292,lead_brake,False,False,False,0,0,36.352431986620886,5.84068490875264,True,False
43,A_STATE,OOD,293,lead_brake,False,False,True,0,0,25.737551522649195,5.416452423358957,True,False
43,A_STATE,OOD,294,lead_brake,False,False,True,0,0,26.988084080425008,3.1037415874501066,True,False
43,A_STATE,OOD,295,lead_brake,False,False,False,0,0,28.475129891931978,3.2395045564820366,True,False
43,A_STATE,OOD,296,lead_brake,False,False,False,0,0,35.8084882897066,2.401509171972672,True,False
43,A_STATE,OOD,297,lead_brake,False,False,False,0,0,39.25427238550094,4.989213547979792,True,False
43,A_STATE,OOD,298,lead_brake,False,False,True,0,0,21.540603753349192,3.060962030664086,True,False
43,A_STATE,OOD,299,lead_brake,False,False,True,0,0,25.95288474929748,2.2764289285987616,True,False
43,B_COC,ID,0,crosswalk,False,False,False,0,0,30.16720930546619,2.2236286103725433,True,False
43,B_COC,ID,1,crosswalk,False,False,False,0,0,34.919115858381666,0.47326386750986177,True,False
43,B_COC,ID,2,crosswalk,False,False,False,0,0,32.749557011890346,2.262536693703044,True,False
43,B_COC,ID,3,crosswalk,False,False,False,0,0,36.89897735128255,1.252337203401586,True,False
43,B_COC,ID,4,crosswalk,False,False,False,0,0,32.391377467726,2.271579564972357,True,False
43,B_COC,ID,5,crosswalk,False,False,False,0,0,32.81640971063107,2.1568625841451725,True,False
43,B_COC,ID,6,crosswalk,False,False,False,0,0,28.40703367775899,0.8966016475307315,True,False
43,B_COC,ID,7,crosswalk,False,False,False,0,0,35.99894446761812,0.44106397312134504,True,False
43,B_COC,ID,8,crosswalk,False,False,False,0,0,26.67407388437537,1.9628455327904741,True,False
43,B_COC,ID,9,crosswalk,False,False,False,0,0,38.373710362102926,0.5980031533787648,True,False
43,B_COC,ID,10,crosswalk,False,False,False,0,0,35.44684080344977,2.1418950431372807,True,False
43,B_COC,ID,11,crosswalk,False,False,False,0,0,28.731169689907453,1.978206939317963,True,False
43,B_COC,ID,12,crosswalk,False,False,False,0,0,28.12066969778534,2.4945229291915894,True,False
43,B_COC,ID,13,crosswalk,False,False,False,0,0,36.54693018940824,0.703428214923902,True,False
43,B_COC,ID,14,crosswalk,False,False,False,0,0,32.05472089873045,2.0235572879513106,True,False
43,B_COC,ID,15,crosswalk,False,False,False,0,0,30.846387879693253,1.5476107381676374,True,False
43,B_COC,ID,16,crosswalk,False,False,False,0,0,34.58402700979873,0.41992786763743917,True,False
43,B_COC,ID,17,crosswalk,False,False,False,0,0,30.01738255231981,2.216698811812834,True,False
43,B_COC,ID,18,crosswalk,False,False,False,0,0,37.29633094264719,0.5527888136831196,True,False
43,B_COC,ID,19,crosswalk,False,False,False,0,0,33.95081532201508,0.5150291069664739,True,False
43,B_COC,ID,20,crosswalk,False,False,False,0,0,36.69499967249034,1.7482676962390542,True,False
43,B_COC,ID,21,crosswalk,False,False,False,0,0,33.43566816365342,0.3751895366155583,True,False
43,B_COC,ID,22,crosswalk,False,False,False,0,0,35.83764279561432,0.6425984349587689,True,False
43,B_COC,ID,23,crosswalk,False,False,False,0,0,34.351657411028995,0.4570634059962772,True,False
43,B_COC,ID,24,crosswalk,False,False,False,0,0,36.62184467127207,2.1304727531969547,True,False
43,B_COC,ID,25,crosswalk,False,False,False,0,0,38.49940060925238,1.9224108830094337,True,False
43,B_COC,ID,26,crosswalk,False,False,False,0,0,33.648875776416986,0.9595964899794621,True,False
43,B_COC,ID,27,crosswalk,False,False,False,0,0,32.242986385556954,0.8659215848892927,True,False
43,B_COC,ID,28,crosswalk,False,False,False,0,0,30.418983974272763,2.4627040973619407,True,False
43,B_COC,ID,29,crosswalk,False,False,False,0,0,37.05573293136433,0.4388644233345985,True,False
43,B_COC,ID,30,crosswalk,False,False,False,0,0,27.579085924768663,1.9813162237405775,True,False
43,B_COC,ID,31,crosswalk,False,False,False,0,0,37.73421378789284,0.40923403420795995,True,False
43,B_COC,ID,32,crosswalk,False,False,False,0,0,30.63709044793409,2.402102993801236,True,False
43,B_COC,ID,33,crosswalk,False,False,False,0,0,27.933070321849932,1.7964644908905028,True,False
43,B_COC,ID,34,crosswalk,False,False,False,0,0,27.80747718577844,2.234473455519903,True,False
43,B_COC,ID,35,crosswalk,False,False,False,0,0,37.78026999772574,0.3700095012784004,True,False
43,B_COC,ID,36,crosswalk,False,False,False,0,0,32.873855229898425,2.1364966294039847,True,False
43,B_COC,ID,37,crosswalk,False,False,False,0,0,39.232383788952205,0.3959737911820411,True,False
43,B_COC,ID,38,crosswalk,False,False,False,0,0,34.54298206645042,0.4582182107412297,True,False
43,B_COC,ID,39,crosswalk,False,False,False,0,0,30.471245244494163,1.9711372877160707,True,False
43,B_COC,ID,40,crosswalk,False,False,False,0,0,34.97501279457464,0.46379071376893827,True,False
43,B_COC,ID,41,crosswalk,False,False,False,0,0,38.269676996466735,0.8343459308768312,True,False
43,B_COC,ID,42,crosswalk,False,False,False,0,0,37.87853454321318,1.2149531558156013,True,False
43,B_COC,ID,43,crosswalk,False,False,False,0,0,31.39217402523176,2.2168445456773043,True,False
43,B_COC,ID,44,crosswalk,False,False,False,0,0,28.588240661214027,1.5346797617773213,True,False
43,B_COC,ID,45,crosswalk,False,False,False,0,0,29.30589014819777,1.7843056097626686,True,False
43,B_COC,ID,46,crosswalk,False,False,False,0,0,34.54065666319714,0.4708737915470486,True,False
43,B_COC,ID,47,crosswalk,False,False,False,0,0,32.25614835735296,0.5324003727812515,True,False
43,B_COC,ID,48,crosswalk,False,False,False,0,0,34.73717480723435,0.39009031556222745,True,False
43,B_COC,ID,49,crosswalk,False,False,False,0,0,29.38710653726574,0.9850938951498583,True,False
43,B_COC,ID,50,crosswalk,False,False,False,0,0,30.757687155025906,1.954162704447905,True,False
43,B_COC,ID,51,crosswalk,False,False,False,0,0,34.77596223179173,2.0786636074384055,True,False
43,B_COC,ID,52,crosswalk,False,False,False,0,0,38.192146810413576,1.7435022427336029,True,False
43,B_COC,ID,53,crosswalk,False,False,False,0,0,35.58720801664618,2.2747784531251947,True,False
43,B_COC,ID,54,crosswalk,False,False,False,0,0,37.55549745680407,1.9466593380396564,True,False
43,B_COC,ID,55,crosswalk,False,False,False,0,0,29.126468211947092,1.913986936921165,True,False
43,B_COC,ID,56,crosswalk,False,False,False,0,0,37.385395372263886,0.5721177126873622,True,False
43,B_COC,ID,57,crosswalk,False,False,False,0,0,33.85067451504042,0.5519849546253681,True,False
43,B_COC,ID,58,crosswalk,False,False,False,0,0,33.07926767377932,2.144542388294054,True,False
43,B_COC,ID,59,crosswalk,False,False,False,0,0,33.711737168844124,0.38424984430489334,True,False
43,B_COC,ID,60,crosswalk,False,False,False,0,0,32.73025751819434,0.8143670111894608,True,False
43,B_COC,ID,61,crosswalk,False,False,False,0,0,33.588121381210996,2.3067345199259846,True,False
43,B_COC,ID,62,crosswalk,False,False,False,0,0,29.134715372847552,2.196479615840045,True,False
43,B_COC,ID,63,crosswalk,False,False,False,0,0,37.23258133378015,2.1340109842518964,True,False
43,B_COC,ID,64,crosswalk,False,False,False,0,0,32.18499760311084,0.3865706869824366,True,False
43,B_COC,ID,65,crosswalk,False,False,False,0,0,28.925439983412616,1.89668670296669,True,False
43,B_COC,ID,66,crosswalk,False,False,False,0,0,32.930851304163376,2.157406262729479,True,False
43,B_COC,ID,67,crosswalk,False,False,False,0,0,33.1437556894727,2.143455568862998,True,False
43,B_COC,ID,68,crosswalk,False,False,False,0,0,31.94042339010805,0.45218645595014095,True,False
43,B_COC,ID,69,crosswalk,False,False,False,0,0,29.67293701149575,2.0870842039585114,True,False
43,B_COC,ID,70,crosswalk,False,False,False,0,0,29.925287230609424,0.4215791877359152,True,False
43,B_COC,ID,71,crosswalk,False,False,False,0,0,29.36847732343665,1.7398700135804357,True,False
43,B_COC,ID,72,crosswalk,False,False,False,0,0,32.60935995423219,2.210005670785904,True,False
43,B_COC,ID,73,crosswalk,False,False,False,0,0,35.971760621270874,2.116754905631145,True,False
43,B_COC,ID,74,crosswalk,False,False,False,0,0,28.521585990833003,2.6094766902296165,True,False
43,B_COC,ID,75,crosswalk,False,False,False,0,0,26.55647249977516,2.03402501615611,True,False
43,B_COC,ID,76,crosswalk,False,False,False,0,0,35.62290563364508,2.0901965412000814,True,False
43,B_COC,ID,77,crosswalk,False,False,False,0,0,38.03411007295484,1.996220538082222,True,False
43,B_COC,ID,78,crosswalk,False,False,False,0,0,38.696255004946146,0.5185652005931605,True,False
43,B_COC,ID,79,crosswalk,False,False,False,0,0,27.78483781800696,2.516860260317723,True,False
43,B_COC,ID,80,crosswalk,False,False,False,0,0,37.12635918684901,0.39349977523088453,True,False
43,B_COC,ID,81,crosswalk,False,False,False,0,0,32.97983734799757,2.0932969450950623,True,False
43,B_COC,ID,82,crosswalk,False,False,False,0,0,38.4255046710225,1.1200165797186934,True,False
43,B_COC,ID,83,crosswalk,False,False,False,0,0,31.19461801380863,0.4133725219539234,True,False
43,B_COC,ID,84,crosswalk,False,False,False,0,0,29.554907674131115,2.088687616315755,True,False
43,B_COC,ID,85,crosswalk,False,False,False,0,0,37.54315928656733,0.4548301904097847,True,False
43,B_COC,ID,86,crosswalk,False,False,False,0,0,33.454342589554635,2.1716312675372413,True,False
43,B_COC,ID,87,crosswalk,False,False,False,0,0,34.37837410204904,1.9263817725533787,True,False
43,B_COC,ID,88,crosswalk,False,False,False,0,0,35.320195669244235,2.227925774843796,True,False
43,B_COC,ID,89,crosswalk,False,False,False,0,0,30.61847167630043,2.4731567967683077,True,False
43,B_COC,ID,90,crosswalk,False,False,False,0,0,32.609066907225596,2.1235413654990816,True,False
43,B_COC,ID,91,crosswalk,False,False,False,0,0,36.560710915288205,0.3621828868985176,True,False
43,B_COC,ID,92,crosswalk,False,False,False,0,0,30.56229820604171,2.4515832532197237,True,False
43,B_COC,ID,93,crosswalk,False,False,False,0,0,33.262768248454606,0.43739580504951026,True,False
43,B_COC,ID,94,crosswalk,False,False,False,0,0,35.07390113297148,1.849529679119587,True,False
43,B_COC,ID,95,crosswalk,False,False,False,0,0,36.587985813787725,2.129012458026409,True,False
43,B_COC,ID,96,crosswalk,False,False,False,0,0,38.12628964668414,1.3458450802642365,True,False
43,B_COC,ID,97,crosswalk,False,False,False,0,0,28.638066763373914,1.890751173098882,True,False
43,B_COC,ID,98,crosswalk,False,False,False,0,0,33.53834172503842,2.135723557161248,True,False
43,B_COC,ID,99,crosswalk,False,False,False,0,0,28.274451070646602,2.2213358609449294,True,False
43,B_COC,ID,100,stop_intersection,False,False,False,0,1,33.440388660663,1.275543963036886,True,False
43,B_COC,ID,101,stop_intersection,False,False,False,0,1,37.897029797251626,1.1995139648747999,True,False
43,B_COC,ID,102,stop_intersection,False,False,False,0,1,28.396225824695634,1.1759145259857178,True,False
43,B_COC,ID,103,stop_intersection,False,False,False,0,1,34.38725172721753,1.1725365561108256,True,False
43,B_COC,ID,104,stop_intersection,False,False,False,0,1,31.457612614981564,1.259227454662323,True,False
43,B_COC,ID,105,stop_intersection,False,False,False,0,1,32.641084273912405,1.205890062378674,True,False
43,B_COC,ID,106,stop_intersection,False,False,False,0,1,30.49282977727959,1.3121624481983674,True,False
43,B_COC,ID,107,stop_intersection,False,False,False,0,1,27.504277368819103,1.2031754469260192,True,False
43,B_COC,ID,108,stop_intersection,False,False,False,0,1,28.4484241931726,1.2109928864699142,True,False
43,B_COC,ID,109,stop_intersection,False,False,False,0,1,31.2114689639521,1.175391732192621,True,False
43,B_COC,ID,110,stop_intersection,False,False,False,0,1,34.340526729478356,1.2572318599337622,True,False
43,B_COC,ID,111,stop_intersection,False,False,False,0,1,29.479588077327662,1.149014321769156,True,False
43,B_COC,ID,112,stop_intersection,False,False,False,0,1,29.695966465856593,1.2613218869918432,True,False
43,B_COC,ID,113,stop_intersection,False,False,False,0,1,32.63025132232047,1.253391087055206,True,False
43,B_COC,ID,114,stop_intersection,False,False,False,0,1,31.39375402666361,1.236764669418335,True,False
43,B_COC,ID,115,stop_intersection,False,False,False,0,1,36.61423303628406,1.2333435513252435,True,False
43,B_COC,ID,116,stop_intersection,False,False,False,0,1,34.256434115188995,1.22526330607278,True,False
43,B_COC,ID,117,stop_intersection,False,False,False,0,1,35.33709356851147,1.2050619579496837,True,False
43,B_COC,ID,118,stop_intersection,False,False,False,0,1,36.32290593543564,1.1296432668512517,True,False
43,B_COC,ID,119,stop_intersection,False,False,False,0,1,28.433992040070535,1.3724589992213891,True,False
43,B_COC,ID,120,stop_intersection,False,False,False,0,1,27.383134813798833,1.3707558528797044,True,False
43,B_COC,ID,121,stop_intersection,False,False,False,0,1,37.275446613839364,1.1036452187432182,True,False
43,B_COC,ID,122,stop_intersection,False,False,False,0,1,36.67735745038992,1.0943929884168835,True,False
43,B_COC,ID,123,stop_intersection,False,False,False,0,1,29.091391506551908,1.217358112335205,True,False
43,B_COC,ID,124,stop_intersection,False,False,False,0,1,30.092261428669588,1.3509705819581685,True,False
43,B_COC,ID,125,stop_intersection,False,False,False,0,1,33.24130772994874,1.3540884405374525,True,False
43,B_COC,ID,126,stop_intersection,False,False,False,0,1,29.321469163223718,1.2821482389401166,True,False
43,B_COC,ID,127,stop_intersection,False,False,False,0,1,32.45980558374737,1.260309859019954,True,False
43,B_COC,ID,128,stop_intersection,False,False,False,0,1,32.73785746437104,1.233119150487388,True,False
43,B_COC,ID,129,stop_intersection,False,False,False,0,1,32.02844139285984,1.315249443054199,True,False
43,B_COC,ID,130,stop_intersection,False,False,False,0,1,28.446888123418486,1.3122078619505229,True,False
43,B_COC,ID,131,stop_intersection,False,False,False,0,1,27.934323129489,1.3243606843446432,True,False
43,B_COC,ID,132,stop_intersection,False,False,False,0,1,32.653700444928646,1.2087487011421016,True,False
43,B_COC,ID,133,stop_intersection,False,False,False,0,1,33.445705372917786,1.1551245423250418,True,False
43,B_COC,ID,134,stop_intersection,False,False,False,0,1,30.419344826513974,1.1477038918471918,True,False
43,B_COC,ID,135,stop_intersection,False,False,False,0,1,33.79669404284576,1.3138916434311283,True,False
43,B_COC,ID,136,stop_intersection,False,False,False,0,1,30.419707162127036,1.338520844777425,True,False
43,B_COC,ID,137,stop_intersection,False,False,False,0,1,34.20434545567122,1.3075309846459364,True,False
43,B_COC,ID,138,stop_intersection,False,False,False,0,1,38.731489045598,1.1887538094412196,True,False
43,B_COC,ID,139,stop_intersection,False,False,False,0,1,27.492640132317685,1.29717513134605,True,False
43,B_COC,ID,140,stop_intersection,False,False,False,0,1,28.185100709776066,1.2802443378850032,True,False
43,B_COC,ID,141,stop_intersection,False,False,False,0,1,29.315898648952743,1.346517675801327,True,False
43,B_COC,ID,142,stop_intersection,False,False,False,0,1,36.50883963059293,1.2784171104431152,True,False
43,B_COC,ID,143,stop_intersection,False,False,False,0,1,37.85267269355439,1.1662389437357583,True,False
43,B_COC,ID,144,stop_intersection,False,False,False,0,1,31.002414146143973,1.2767330408096313,True,False
43,B_COC,ID,145,stop_intersection,False,False,False,0,1,27.38315702026252,1.3158607482910156,True,False
43,B_COC,ID,146,stop_intersection,False,False,False,0,1,30.149380300208453,1.248210310935974,True,False
43,B_COC,ID,147,stop_intersection,False,False,False,0,1,32.20376609368708,1.1336365200224376,True,False
43,B_COC,ID,148,stop_intersection,False,False,False,0,1,32.37354039163718,1.288204483869599,True,False
43,B_COC,ID,149,stop_intersection,False,False,False,0,1,28.640411004146642,1.3899700706069533,True,False
43,B_COC,ID,150,stop_intersection,False,False,False,0,1,28.489803718214137,1.1615960706364024,True,False
43,B_COC,ID,151,stop_intersection,False,False,False,0,1,27.153732984498973,0.9844875037670134,True,False
43,B_COC,ID,152,stop_intersection,False,False,False,0,1,21.055672557543463,1.0048296234824439,True,False
43,B_COC,ID,153,stop_intersection,False,False,False,0,1,21.10623954665025,1.0663391785188154,True,False
43,B_COC,ID,154,stop_intersection,False,False,False,0,1,27.591866191584295,0.9921031095543686,True,False
43,B_COC,ID,155,stop_intersection,False,False,False,0,1,21.601635223938366,0.9766280407808264,True,False
43,B_COC,ID,156,stop_intersection,False,False,False,0,1,27.689670222374787,1.0003991045203864,True,False
43,B_COC,ID,157,stop_intersection,False,False,False,0,1,23.78982035363038,1.03495587693884,True,False
43,B_COC,ID,158,stop_intersection,False,False,False,0,1,25.640593044128856,0.9813400373166921,True,False
43,B_COC,ID,159,stop_intersection,False,False,False,0,1,20.630526269242406,0.964605412921127,True,False
43,B_COC,ID,160,stop_intersection,False,False,False,0,1,27.687794290753914,0.9749516487121581,True,False
43,B_COC,ID,161,stop_intersection,False,False,False,0,1,22.327357451921365,1.0363068269646685,True,False
43,B_COC,ID,162,stop_intersection,False,False,False,0,1,26.12909530388778,1.0976679428764011,True,False
43,B_COC,ID,163,stop_intersection,False,False,False,0,1,21.601845892934072,0.9498664081096648,True,False
43,B_COC,ID,164,stop_intersection,False,False,False,0,1,21.552146488053836,1.0105549770852793,True,False
43,B_COC,ID,165,stop_intersection,False,False,False,0,1,21.43392196053835,1.0133114059766133,True,False
43,B_COC,ID,166,stop_intersection,False,False,False,0,1,22.220141956865717,1.016073226928711,True,False
43,B_COC,ID,167,stop_intersection,False,False,False,0,1,22.34851664253233,1.0198480668275252,True,False
43,B_COC,ID,168,stop_intersection,False,False,False,0,1,25.91010957256169,0.949760240316391,True,False
43,B_COC,ID,169,stop_intersection,False,False,False,0,1,22.474296744784354,1.0397151311238606,True,False
43,B_COC,ID,170,stop_intersection,False,False,False,0,1,21.384369071223407,0.9758928357338418,True,False
43,B_COC,ID,171,stop_intersection,False,False,False,0,1,21.687166342245,0.9572023332118987,True,False
43,B_COC,ID,172,stop_intersection,False,False,False,0,1,22.26912336495969,0.9820620928491864,True,False
43,B_COC,ID,173,stop_intersection,False,False,False,0,1,21.763494882276277,1.0482801561770232,True,False
43,B_COC,ID,174,stop_intersection,False,False,False,0,1,27.349581373131855,1.0602893804510434,True,False
43,B_COC,ID,175,stop_intersection,False,False,False,0,1,22.470610182532976,0.9705641318340691,True,False
43,B_COC,ID,176,stop_intersection,False,False,False,0,1,22.01142620942811,1.006006250778834,True,False
43,B_COC,ID,177,stop_intersection,False,False,False,0,1,28.06214625187311,1.1334261027249422,True,False
43,B_COC,ID,178,stop_intersection,False,False,False,0,1,25.637859644041974,1.1426795612681995,True,False
43,B_COC,ID,179,stop_intersection,False,False,False,0,1,21.623908738232707,0.984301616748174,True,False
43,B_COC,ID,180,stop_intersection,False,False,False,0,1,21.741558350452372,1.0044592743118603,True,False
43,B_COC,ID,181,stop_intersection,False,False,False,0,1,27.750528724441203,1.0191430151462555,True,False
43,B_COC,ID,182,stop_intersection,False,False,False,0,1,21.373922540783525,1.015982265057771,True,False
43,B_COC,ID,183,stop_intersection,False,False,False,0,1,21.02155619724663,0.9188353255683299,True,False
43,B_COC,ID,184,stop_intersection,False,False,False,0,1,21.27235539619027,1.0265289182248323,True,False
43,B_COC,ID,185,stop_intersection,False,False,False,0,1,23.175071143979615,1.0336511549742324,True,False
43,B_COC,ID,186,stop_intersection,False,False,False,0,1,27.722354980508175,1.003709727404069,True,False
43,B_COC,ID,187,stop_intersection,False,False,False,0,1,21.876424699323053,1.0343558523390028,True,False
43,B_COC,ID,188,stop_intersection,False,False,False,0,1,27.59073595354375,1.1606665091081099,True,False
43,B_COC,ID,189,stop_intersection,False,False,False,0,1,27.948045627664,1.00060444836523,True,False
43,B_COC,ID,190,stop_intersection,False,False,False,0,1,21.79365071878092,1.0220768140709917,True,False
43,B_COC,ID,191,stop_intersection,False,False,False,0,1,27.8492681874721,1.0791452725728352,True,False
43,B_COC,ID,192,stop_intersection,False,False,False,0,1,26.09685680359537,0.9907147470785647,True,False
43,B_COC,ID,193,stop_intersection,False,False,False,0,1,27.091876095441428,0.9887556214721834,True,False
43,B_COC,ID,194,stop_intersection,False,False,False,0,1,24.841404857719986,0.9692708611488341,True,False
43,B_COC,ID,195,stop_intersection,False,False,False,0,1,20.019748154990907,1.0178392866383428,True,False
43,B_COC,ID,196,stop_intersection,False,False,False,0,1,26.452255230186342,0.9773007339360762,True,False
43,B_COC,ID,197,stop_intersection,False,False,False,0,1,20.974496554875177,1.063703488219868,True,False
43,B_COC,ID,198,stop_intersection,False,False,False,0,1,23.83383634659039,1.0767827250740745,True,False
43,B_COC,ID,199,stop_intersection,False,False,False,0,1,28.316488359151418,1.1300805409749348,True,False
43,B_COC,ID,200,lead_brake,False,False,False,0,0,71.01770039398762,6.173613853752613,True,False
43,B_COC,ID,201,lead_brake,False,False,False,0,0,93.90572452411057,0.14380106205741564,True,False
43,B_COC,ID,202,lead_brake,False,False,False,0,0,55.06650858697535,6.084946447362502,True,False
43,B_COC,ID,203,lead_brake,False,False,False,0,0,75.22169227120122,0.7339691780507565,True,False
43,B_COC,ID,204,lead_brake,False,False,False,0,0,96.61028303226394,0.11252011420826118,True,False
43,B_COC,ID,205,lead_brake,False,False,False,0,0,74.49780271359464,0.2742981029053529,True,False
43,B_COC,ID,206,lead_brake,False,False,False,0,0,88.78366762680844,0.2725988092521826,True,False
43,B_COC,ID,207,lead_brake,False,False,False,0,0,76.99339385065684,5.041642181575298,True,False
43,B_COC,ID,208,lead_brake,False,False,False,0,0,58.4088131689265,6.805053440233071,True,False
43,B_COC,ID,209,lead_brake,False,False,False,0,0,87.65930829212985,0.8036119950314363,True,False
43,B_COC,ID,210,lead_brake,False,False,False,0,0,74.98877486844947,6.198440708220005,True,False
43,B_COC,ID,211,lead_brake,False,False,False,0,0,84.90185051392334,1.3069642012317975,True,False
43,B_COC,ID,212,lead_brake,False,False,False,0,0,77.30279975977888,0.25910913695891696,True,False
43,B_COC,ID,213,lead_brake,False,False,False,0,0,73.91757951421684,4.8373987308392925,True,False
43,B_COC,ID,214,lead_brake,False,False,False,0,0,86.45562623266511,0.27519340440630913,True,False
43,B_COC,ID,215,lead_brake,False,False,False,0,0,95.88978556260443,0.23979029059410092,True,False
43,B_COC,ID,216,lead_brake,False,False,False,0,0,98.17529572963723,0.11011866355935732,True,False
43,B_COC,ID,217,lead_brake,False,False,False,0,0,70.7574827353103,6.337169870734215,True,False
43,B_COC,ID,218,lead_brake,False,False,False,0,0,68.77033966637566,1.2928320541977882,True,False
43,B_COC,ID,219,lead_brake,False,False,False,0,0,70.81976744319829,0.24444304158290228,True,False
43,B_COC,ID,220,lead_brake,False,False,False,0,0,70.45814586608122,6.328310087323189,True,False
43,B_COC,ID,221,lead_brake,False,False,False,0,0,78.55992705041993,1.509248619278272,True,False
43,B_COC,ID,222,lead_brake,False,False,False,0,0,79.71426216432651,5.531956331183513,True,False
43,B_COC,ID,223,lead_brake,False,False,False,0,0,66.32436351077872,2.5031682302554445,True,False
43,B_COC,ID,224,lead_brake,False,False,False,0,0,75.05108057366962,0.17468692486484846,True,False
43,B_COC,ID,225,lead_brake,False,False,False,0,0,65.41030061497405,6.374178785830736,True,False
43,B_COC,ID,226,lead_brake,False,False,False,0,0,65.8736373530673,6.126899717996517,True,False
43,B_COC,ID,227,lead_brake,False,False,False,0,0,71.65136298862515,1.7882274053990839,True,False
43,B_COC,ID,228,lead_brake,False,False,False,0,0,80.40260645480826,2.9852342816690602,True,False
43,B_COC,ID,229,lead_brake,False,False,False,0,0,67.2151287620082,0.9201079656680424,True,False
43,B_COC,ID,230,lead_brake,False,False,False,0,0,84.43137692240137,0.24468874310453734,True,False
43,B_COC,ID,231,lead_brake,False,False,False,0,0,79.65703852423194,0.2543781610826651,True,False
43,B_COC,ID,232,lead_brake,False,False,False,0,0,76.54500344133601,0.251604446520408,True,False
43,B_COC,ID,233,lead_brake,False,False,False,0,0,94.73012324834673,0.24015508592128754,True,False
43,B_COC,ID,234,lead_brake,False,False,False,0,0,80.95512196653485,0.2058769389986992,True,False
43,B_COC,ID,235,lead_brake,False,False,False,0,0,83.53904170180846,0.2488778419792652,True,False
43,B_COC,ID,236,lead_brake,False,False,False,0,0,65.06036763314805,4.972555509457985,True,False
43,B_COC,ID,237,lead_brake,False,False,False,0,0,80.481272722993,0.21318077171842256,True,False
43,B_COC,ID,238,lead_brake,False,False,False,0,0,83.24754302264876,0.2055723468462626,True,False
43,B_COC,ID,239,lead_brake,False,False,False,0,0,52.72682037901747,6.170374220858018,True,False
43,B_COC,ID,240,lead_brake,False,False,False,0,0,73.84607794729084,4.09350173547864,True,False
43,B_COC,ID,241,lead_brake,False,False,False,0,0,58.99482453818817,6.253914140164852,True,False
43,B_COC,ID,242,lead_brake,False,False,False,0,0,67.18850096901876,2.6522636326650777,True,False
43,B_COC,ID,243,lead_brake,False,False,False,0,0,53.80190253387847,5.178460533420244,True,False
43,B_COC,ID,244,lead_brake,False,False,False,0,0,54.80206392475536,6.640176840126514,True,False
43,B_COC,ID,245,lead_brake,False,False,False,0,0,75.9145185622033,0.24470566958189008,True,False
43,B_COC,ID,246,lead_brake,False,False,False,0,0,98.36393404841421,0.21660396953423816,True,False
43,B_COC,ID,247,lead_brake,False,False,False,0,0,80.41688949761472,0.185063482572635,True,False
43,B_COC,ID,248,lead_brake,False,False,False,0,0,66.96940853942519,1.749778429667155,True,False
43,B_COC,ID,249,lead_brake,False,False,False,0,0,97.63357647541136,0.0959825726846854,True,False
43,B_COC,ID,250,lead_brake,False,False,False,0,0,70.42016195355754,4.670200999826193,True,False
43,B_COC,ID,251,lead_brake,False,False,False,0,0,73.45803373283451,0.2440400272607803,True,False
43,B_COC,ID,252,lead_brake,False,False,False,0,0,86.81369065913053,0.28949621816476184,True,False
43,B_COC,ID,253,lead_brake,False,False,False,0,0,87.50286961768501,0.22982724135120708,True,False
43,B_COC,ID,254,lead_brake,False,False,False,0,0,95.52418312977207,0.24538237104813254,True,False
43,B_COC,ID,255,lead_brake,False,False,False,0,0,62.04523005415867,5.906031330426534,True,False
43,B_COC,ID,256,lead_brake,False,False,False,0,0,71.93025606566545,0.3946770789722601,True,False
43,B_COC,ID,257,lead_brake,False,False,False,0,0,78.73950120603985,6.02012566352884,True,False
43,B_COC,ID,258,lead_brake,False,False,False,0,0,79.11388803548294,4.288619733105103,True,False
43,B_COC,ID,259,lead_brake,False,False,False,0,0,98.45078879782866,0.11231903980175653,True,False
43,B_COC,ID,260,lead_brake,False,False,False,0,0,71.64410551514824,6.499912281831104,True,False
43,B_COC,ID,261,lead_brake,False,False,False,0,0,78.11264124169944,6.354033940782149,True,False
43,B_COC,ID,262,lead_brake,False,False,False,0,0,89.90224083270029,0.2608857986827691,True,False
43,B_COC,ID,263,lead_brake,False,False,False,0,0,77.77304008016306,1.0761124206086,True,False
43,B_COC,ID,264,lead_brake,False,False,False,0,0,96.35892475451548,0.14610726510485011,True,False
43,B_COC,ID,265,lead_brake,False,False,False,0,0,84.44655550837516,0.4483101206521193,True,False
43,B_COC,ID,266,lead_brake,False,False,False,0,0,86.60686201183995,0.2843519461651643,True,False
43,B_COC,ID,267,lead_brake,False,False,False,0,0,85.2710040834838,0.2584802520771821,True,False
43,B_COC,ID,268,lead_brake,False,False,False,0,0,84.44826599213447,0.2685513210793336,True,False
43,B_COC,ID,269,lead_brake,False,False,False,0,0,58.323615722834546,5.142995676646629,True,False
43,B_COC,ID,270,lead_brake,False,False,False,0,0,73.57672264876355,5.965606388946374,True,False
43,B_COC,ID,271,lead_brake,False,False,False,0,0,57.6412095942767,4.9549714140594,True,False
43,B_COC,ID,272,lead_brake,False,False,False,0,0,76.40178057759273,5.725502124677102,True,False
43,B_COC,ID,273,lead_brake,False,False,False,0,0,60.19342569525622,3.806566819548607,True,False
43,B_COC,ID,274,lead_brake,False,False,False,0,0,58.82384528338195,7.13898072267572,True,False
43,B_COC,ID,275,lead_brake,False,False,False,0,0,86.8204669544817,0.3961291375259558,True,False
43,B_COC,ID,276,lead_brake,False,False,False,0,0,53.53450145024882,4.396086908876896,True,False
43,B_COC,ID,277,lead_brake,False,False,False,0,0,60.42652677953433,6.89729772011439,True,False
43,B_COC,ID,278,lead_brake,False,False,False,0,0,81.61351065900347,0.8570686082045237,True,False
43,B_COC,ID,279,lead_brake,False,False,False,0,0,64.44356626608281,6.014575184633333,True,False
43,B_COC,ID,280,lead_brake,False,False,False,0,0,85.6948117808647,0.20868804678320882,True,False
43,B_COC,ID,281,lead_brake,False,False,False,0,0,89.26902297894807,0.1365037349363168,True,False
43,B_COC,ID,282,lead_brake,False,False,False,0,0,72.90606926370306,0.5847708098590374,True,False
43,B_COC,ID,283,lead_brake,False,False,False,0,0,69.08511385737457,0.3062757017711798,True,False
43,B_COC,ID,284,lead_brake,False,False,False,0,0,60.591591495381046,6.185633065799872,True,False
43,B_COC,ID,285,lead_brake,False,False,False,0,0,83.13737306762127,0.2034201535085837,True,False
43,B_COC,ID,286,lead_brake,False,False,False,0,0,60.668758363625344,8.828277067591745,True,False
43,B_COC,ID,287,lead_brake,False,False,False,0,0,88.13889410098336,0.2650413028895855,True,False
43,B_COC,ID,288,lead_brake,False,False,False,0,0,80.74109184022335,4.502001836895942,True,False
43,B_COC,ID,289,lead_brake,False,False,False,0,0,78.73618000150478,0.8948057008286316,True,False
43,B_COC,ID,290,lead_brake,False,False,False,0,0,77.53091388279128,0.6547569446265696,True,False
43,B_COC,ID,291,lead_brake,False,False,False,0,0,85.46070391141868,0.2687497598429521,True,False
43,B_COC,ID,292,lead_brake,False,False,False,0,0,82.62199342276263,0.2604597955942154,True,False
43,B_COC,ID,293,lead_brake,False,False,False,0,0,45.130243770100236,9.326841725657383,True,False
43,B_COC,ID,294,lead_brake,False,False,False,0,0,88.2416589914046,0.394097089767456,True,False
43,B_COC,ID,295,lead_brake,False,False,False,0,0,73.69065875067953,0.25127443050344783,True,False
43,B_COC,ID,296,lead_brake,False,False,False,0,0,83.28309162063472,0.40748107930024463,True,False
43,B_COC,ID,297,lead_brake,False,False,False,0,0,67.76357897081614,4.471348989754915,True,False
43,B_COC,ID,298,lead_brake,False,False,False,0,0,67.73772248231802,0.24612830579280853,True,False
43,B_COC,ID,299,lead_brake,False,False,False,0,0,76.51125406295077,0.39721015219887096,True,False
43,B_COC,OOD,0,crosswalk,False,False,False,0,1,29.77095677598456,1.4253525315104303,True,False
43,B_COC,OOD,1,crosswalk,False,False,False,0,0,30.887824953761218,1.4732603773926245,True,False
43,B_COC,OOD,2,crosswalk,False,False,False,0,1,22.845145076497626,1.0600362150442033,True,False
43,B_COC,OOD,3,crosswalk,False,False,False,0,1,29.99392630683646,1.6442569948378063,True,False
43,B_COC,OOD,4,crosswalk,False,False,False,0,1,25.07147752730654,1.4441660046577454,True,False
43,B_COC,OOD,5,crosswalk,False,False,False,0,1,24.836855348615405,1.4968455973125638,True,False
43,B_COC,OOD,6,crosswalk,False,False,False,0,1,20.596472699546965,1.279225613583218,True,False
43,B_COC,OOD,7,crosswalk,False,False,False,0,1,22.00291733472493,1.3734658768302515,True,False
43,B_COC,OOD,8,crosswalk,False,False,False,0,1,29.974574046925774,1.0930982695685492,True,False
43,B_COC,OOD,9,crosswalk,False,False,False,0,0,30.11931379915557,1.5121490085447156,True,False
43,B_COC,OOD,10,crosswalk,False,False,False,0,1,26.203269818972544,1.3039602835973103,True,False
43,B_COC,OOD,11,crosswalk,False,False,False,0,1,24.932296216918502,1.2209825572513398,True,False
43,B_COC,OOD,12,crosswalk,False,False,False,0,1,27.28571059911694,1.2126978238423665,True,False
43,B_COC,OOD,13,crosswalk,False,False,False,0,1,23.175624088586197,1.355354915494504,True,False
43,B_COC,OOD,14,crosswalk,False,False,False,0,1,30.977619349788938,1.1648664020356676,True,False
43,B_COC,OOD,15,crosswalk,False,False,False,0,1,22.341584157066144,1.3902861323762445,True,False
43,B_COC,OOD,16,crosswalk,False,False,False,0,1,22.344894285025887,1.1787905163235135,True,False
43,B_COC,OOD,17,crosswalk,False,False,False,0,1,21.81400723012241,1.0071628358629015,True,False
43,B_COC,OOD,18,crosswalk,False,False,False,0,1,21.92064587369977,1.2335303023054793,True,False
43,B_COC,OOD,19,crosswalk,False,False,False,0,1,21.724270078922963,1.367391858782087,True,False
43,B_COC,OOD,20,crosswalk,False,False,False,0,1,29.6392297610862,1.0695594549179077,True,False
43,B_COC,OOD,21,crosswalk,False,False,False,0,1,22.002125316452435,1.345082411299581,True,False
43,B_COC,OOD,22,crosswalk,False,False,False,0,1,20.914529781917295,1.420575350522995,True,False
43,B_COC,OOD,23,crosswalk,False,False,False,0,1,29.735130913844813,1.1240836436098272,True,False
43,B_COC,OOD,24,crosswalk,False,False,False,0,1,22.592821968790766,1.3739031691883885,True,False
43,B_COC,OOD,25,crosswalk,False,False,False,0,1,22.195502505856638,0.9233378933535682,True,False
43,B_COC,OOD,26,crosswalk,False,False,False,0,1,22.547142720879435,1.0152334233988887,True,False
43,B_COC,OOD,27,crosswalk,False,False,False,0,1,29.063671980089534,1.4320698121319646,True,False
43,B_COC,OOD,28,crosswalk,False,False,False,0,1,30.587280985800174,1.4707756195312889,True,False
43,B_COC,OOD,29,crosswalk,False,False,False,0,1,28.75081180404018,1.194679764814155,True,False
43,B_COC,OOD,30,crosswalk,False,False,False,0,0,29.623029548213854,1.4003004630406697,True,False
43,B_COC,OOD,31,crosswalk,False,False,False,0,1,23.00056815363009,1.4031434771807296,True,False
43,B_COC,OOD,32,crosswalk,False,False,False,0,1,28.20063554128227,1.0595715806839312,True,False
43,B_COC,OOD,33,crosswalk,False,False,False,0,1,27.241031077067248,1.1582947345007033,True,False
43,B_COC,OOD,34,crosswalk,False,False,False,0,1,25.33114574362117,0.9751200675964355,True,False
43,B_COC,OOD,35,crosswalk,False,False,False,0,1,22.1091822254215,1.4231200273646865,True,False
43,B_COC,OOD,36,crosswalk,False,False,False,0,1,21.09858092477353,1.3522419797049627,True,False
43,B_COC,OOD,37,crosswalk,False,False,False,0,1,22.714118851540675,1.5080244342486062,True,False
43,B_COC,OOD,38,crosswalk,False,False,False,0,1,20.45311806436457,1.1330273151397703,True,False
43,B_COC,OOD,39,crosswalk,False,False,False,0,1,31.008221397213696,1.0333557461583336,True,False
43,B_COC,OOD,40,crosswalk,False,False,False,0,1,21.48830181432818,1.3434973705646602,True,False
43,B_COC,OOD,41,crosswalk,False,False,False,0,1,23.99175511341495,1.0455640686882866,True,False
43,B_COC,OOD,42,crosswalk,False,False,False,0,1,24.966341123466247,1.6038861947181897,True,False
43,B_COC,OOD,43,crosswalk,False,False,False,0,1,20.52247115349148,0.9899554000451014,True,False
43,B_COC,OOD,44,crosswalk,False,False,False,0,1,31.200299525405804,0.9984816515699346,True,False
43,B_COC,OOD,45,crosswalk,False,False,False,0,1,21.459967622799645,1.3297816603741746,True,False
43,B_COC,OOD,46,crosswalk,False,False,False,0,1,30.72469383629274,1.065626090223139,True,False
43,B_COC,OOD,47,crosswalk,False,False,False,0,1,24.176303335142567,1.4491033079949291,True,False
43,B_COC,OOD,48,crosswalk,False,False,False,0,1,27.537584565569226,1.2128037672776442,True,False
43,B_COC,OOD,49,crosswalk,False,False,False,0,1,26.59656672194524,1.4400524057840047,True,False
43,B_COC,OOD,50,crosswalk,False,False,False,0,0,27.53470514530794,1.374832275840971,True,False
43,B_COC,OOD,51,crosswalk,False,False,False,0,1,27.110392745158126,1.6119688749313354,True,False
43,B_COC,OOD,52,crosswalk,False,False,False,0,1,22.216285051761183,1.6172070533801346,True,False
43,B_COC,OOD,53,crosswalk,False,False,False,0,1,21.847046323538127,1.1960444659800142,True,False
43,B_COC,OOD,54,crosswalk,False,False,False,0,0,25.737129392836998,1.1331548446264021,True,False
43,B_COC,OOD,55,crosswalk,False,False,False,0,1,29.7995812160758,1.7334511280059812,True,False
43,B_COC,OOD,56,crosswalk,False,False,False,0,1,22.459324572011564,1.3018297040185263,True,False
43,B_COC,OOD,57,crosswalk,False,False,False,0,1,21.33702582783026,1.254074314366216,True,False
43,B_COC,OOD,58,crosswalk,False,False,False,0,1,29.145701111926783,1.0473628342151642,True,False
43,B_COC,OOD,59,crosswalk,False,False,False,0,1,23.02543553252302,1.262167603411573,True,False
43,B_COC,OOD,60,crosswalk,False,False,False,0,1,27.618775031145056,1.2211841972250688,True,False
43,B_COC,OOD,61,crosswalk,False,False,False,0,1,23.276115341277226,1.1908376828218117,True,False
43,B_COC,OOD,62,crosswalk,False,False,False,0,1,28.227066819956512,1.0260928065880486,True,False
43,B_COC,OOD,63,crosswalk,False,False,False,0,1,22.382055247853202,1.0789001555669875,True,False
43,B_COC,OOD,64,crosswalk,False,False,False,0,1,24.213993005482564,1.4344752389331197,True,False
43,B_COC,OOD,65,crosswalk,False,False,False,0,1,30.15963036252803,1.0477620230780706,True,False
43,B_COC,OOD,66,crosswalk,False,False,False,0,1,21.354005067437825,1.3219517730176449,True,False
43,B_COC,OOD,67,crosswalk,False,False,False,0,1,27.814875201430464,1.5390776793162027,True,False
43,B_COC,OOD,68,crosswalk,False,False,False,0,1,21.330920776943998,1.012229283650716,True,False
43,B_COC,OOD,69,crosswalk,False,False,False,0,1,25.46782472495427,1.2817856105598242,True,False
43,B_COC,OOD,70,crosswalk,False,False,False,0,1,22.698646715051957,1.5915777744391026,True,False
43,B_COC,OOD,71,crosswalk,False,False,False,0,1,28.2609956603589,1.4733707092025063,True,False
43,B_COC,OOD,72,crosswalk,False,False,False,0,1,22.860365973909182,1.1384959918696707,True,False
43,B_COC,OOD,73,crosswalk,False,False,False,0,1,28.03037333297975,1.0442146195305717,True,False
43,B_COC,OOD,74,crosswalk,False,False,False,0,1,24.590984895072452,1.2822952463820174,True,False
43,B_COC,OOD,75,crosswalk,False,False,False,0,1,27.0870617948708,1.5654762983322141,True,False
43,B_COC,OOD,76,crosswalk,False,False,False,0,1,28.908044781050855,1.283439461221086,True,False
43,B_COC,OOD,77,crosswalk,False,False,False,0,1,25.88091837814607,1.1204786811556133,True,False
43,B_COC,OOD,78,crosswalk,False,False,False,0,1,29.178892083251146,1.1673750389706004,True,False
43,B_COC,OOD,79,crosswalk,False,False,False,0,1,20.6574643625871,1.4206222835041227,True,False
43,B_COC,OOD,80,crosswalk,False,False,False,0,1,24.09982109220296,1.5419487655162811,True,False
43,B_COC,OOD,81,crosswalk,False,False,False,0,1,22.571184814490564,1.6698897114166846,True,False
43,B_COC,OOD,82,crosswalk,False,False,False,0,1,25.602141574710096,1.048195717182565,True,False
43,B_COC,OOD,83,crosswalk,False,False,False,0,1,28.6870240631064,1.1597363845161768,True,False
43,B_COC,OOD,84,crosswalk,False,False,False,0,1,27.68599118539203,1.0721592293229214,True,False
43,B_COC,OOD,85,crosswalk,False,False,False,0,1,21.65197523463857,1.0277495923496427,True,False
43,B_COC,OOD,86,crosswalk,False,False,False,0,1,31.028113326299717,1.3510783314704893,True,False
43,B_COC,OOD,87,crosswalk,False,False,False,0,1,23.475258222557734,1.0046130677928096,True,False
43,B_COC,OOD,88,crosswalk,False,False,False,0,1,30.172808406704107,1.0587816753170707,True,False
43,B_COC,OOD,89,crosswalk,False,False,False,0,1,28.25347725971971,1.1845823221428449,True,False
43,B_COC,OOD,90,crosswalk,False,False,False,0,1,30.635572874649434,1.1813312619924545,True,False
43,B_COC,OOD,91,crosswalk,False,False,False,0,1,23.39843758462987,1.251401224651852,True,False
43,B_COC,OOD,92,crosswalk,False,False,False,0,1,24.258615025814503,1.3086972633997598,True,False
43,B_COC,OOD,93,crosswalk,False,False,False,0,1,20.924883629641297,1.1847391352057457,True,False
43,B_COC,OOD,94,crosswalk,False,False,False,0,1,26.7869747363359,1.3231721837469872,True,False
43,B_COC,OOD,95,crosswalk,False,False,False,0,1,21.127408880207355,1.1594981107956324,True,False
43,B_COC,OOD,96,crosswalk,False,False,False,0,1,28.827678264630237,1.086736267263239,True,False
43,B_COC,OOD,97,crosswalk,False,False,False,0,1,30.220917086930484,1.3461135192350906,True,False
43,B_COC,OOD,98,crosswalk,False,False,False,0,1,27.638120416218143,1.3817761540412903,True,False
43,B_COC,OOD,99,crosswalk,False,False,False,0,1,27.742509552031166,1.4182470285374185,True,False
43,B_COC,OOD,100,stop_intersection,False,False,False,0,1,22.799005628043354,1.5479479933326894,True,False
43,B_COC,OOD,101,stop_intersection,False,False,False,0,1,25.14553191132795,0.9763265626375065,True,False
43,B_COC,OOD,102,stop_intersection,False,False,False,0,1,31.23512238339977,1.3274354048264332,True,False
43,B_COC,OOD,103,stop_intersection,False,False,False,0,1,27.118976461718532,1.2744921310381454,True,False
43,B_COC,OOD,104,stop_intersection,False,False,False,0,1,27.525780217337413,1.4858856543221257,True,False
43,B_COC,OOD,105,stop_intersection,False,False,False,0,1,21.05600374447388,1.6559843098123868,True,False
43,B_COC,OOD,106,stop_intersection,False,False,False,0,1,31.362446274501316,1.3195551664401322,True,False
43,B_COC,OOD,107,stop_intersection,False,False,False,0,1,28.329175062932613,0.9460225105285643,True,False
43,B_COC,OOD,108,stop_intersection,False,False,False,0,1,25.124559797535234,2.130575245473443,True,False
43,B_COC,OOD,109,stop_intersection,False,False,False,0,1,21.80098645884823,1.6795728013322158,True,False
43,B_COC,OOD,110,stop_intersection,False,False,False,0,1,24.339065594567582,1.761607057169864,True,False
43,B_COC,OOD,111,stop_intersection,False,False,False,0,1,23.09251904802933,1.5648977163919182,True,False
43,B_COC,OOD,112,stop_intersection,False,False,False,0,1,24.010122686016214,1.392911707361539,True,False
43,B_COC,OOD,113,stop_intersection,False,False,False,0,1,31.170893667343577,1.146797700361772,True,False
43,B_COC,OOD,114,stop_intersection,False,False,False,0,1,24.40098122133564,1.6917811907254732,True,False
43,B_COC,OOD,115,stop_intersection,False,False,False,0,1,25.24064557734929,1.3425145600293134,True,False
43,B_COC,OOD,116,stop_intersection,False,False,False,0,1,22.353544205374757,1.5947147580080252,True,False
43,B_COC,OOD,117,stop_intersection,False,False,False,0,1,28.8201804645505,1.425854523073543,True,False
43,B_COC,OOD,118,stop_intersection,False,False,False,0,1,28.83152820367344,1.3106053126485724,True,False
43,B_COC,OOD,119,stop_intersection,False,False,False,0,1,24.097152776057843,1.875758606034356,True,False
43,B_COC,OOD,120,stop_intersection,False,False,False,0,1,31.06749448479605,1.1864055887512537,True,False
43,B_COC,OOD,121,stop_intersection,False,False,False,0,1,21.611099126754326,1.6357985883951187,True,False
43,B_COC,OOD,122,stop_intersection,False,False,False,0,1,25.064611452918147,1.2056051521766475,True,False
43,B_COC,OOD,123,stop_intersection,False,False,False,0,1,31.83312003109588,1.2677243947982788,True,False
43,B_COC,OOD,124,stop_intersection,False,False,False,0,1,28.83685596939653,1.4277969474016232,True,False
43,B_COC,OOD,125,stop_intersection,False,False,False,0,1,24.399630414665253,1.103070921368069,True,False
43,B_COC,OOD,126,stop_intersection,False,False,False,0,1,31.27551333609795,1.3956401270368826,True,False
43,B_COC,OOD,127,stop_intersection,False,False,False,0,1,29.23161669860948,0.9682000396044357,True,False
43,B_COC,OOD,128,stop_intersection,False,False,False,0,1,30.003937602843884,1.3574558810183874,True,False
43,B_COC,OOD,129,stop_intersection,False,False,False,0,1,26.805602216301573,1.921740791627339,True,False
43,B_COC,OOD,130,stop_intersection,False,False,False,0,1,22.390367720157005,1.112236643946448,True,False
43,B_COC,OOD,131,stop_intersection,False,False,False,0,1,24.588352253828113,1.7425633104223952,True,False
43,B_COC,OOD,132,stop_intersection,False,False,False,0,1,21.781484781848842,1.5721961347068227,True,False
43,B_COC,OOD,133,stop_intersection,False,False,False,0,1,25.265894934734177,1.567790834016578,True,False
43,B_COC,OOD,134,stop_intersection,False,False,False,0,1,26.619414956104276,1.2918285421423008,True,False
43,B_COC,OOD,135,stop_intersection,False,False,False,0,1,22.122287772864702,1.1606318217057447,True,False
43,B_COC,OOD,136,stop_intersection,False,False,False,0,1,26.03524947860621,1.2804479856748836,True,False
43,B_COC,OOD,137,stop_intersection,False,False,False,0,1,31.23595677075631,1.0414050551171,True,False
43,B_COC,OOD,138,stop_intersection,False,False,False,0,1,31.006685174726208,1.4721615747971968,True,False
43,B_COC,OOD,139,stop_intersection,False,False,False,0,1,28.093604562037555,1.245270936917036,True,False
43,B_COC,OOD,140,stop_intersection,False,False,False,0,1,25.5465641119535,1.1299710046677363,True,False
43,B_COC,OOD,141,stop_intersection,False,False,False,0,1,29.79481375107426,1.149064441059911,True,False
43,B_COC,OOD,142,stop_intersection,False,False,False,0,1,23.109325418468543,1.7484435595964132,True,False
43,B_COC,OOD,143,stop_intersection,False,False,False,0,1,28.05520288551706,1.5787254770596821,True,False
43,B_COC,OOD,144,stop_intersection,False,False,False,0,1,30.740320740367906,1.2616663575172422,True,False
43,B_COC,OOD,145,stop_intersection,False,False,False,0,1,27.926061456877108,2.042170444200205,True,False
43,B_COC,OOD,146,stop_intersection,False,False,False,0,1,27.358651046974053,1.7815633462025566,True,False
43,B_COC,OOD,147,stop_intersection,False,False,False,0,1,21.45863037906722,1.2780900903650232,True,False
43,B_COC,OOD,148,stop_intersection,False,False,False,0,1,21.153131742561715,0.9893835903633208,True,False
43,B_COC,OOD,149,stop_intersection,False,False,False,0,1,29.154790650630847,1.1403576623309741,True,False
43,B_COC,OOD,150,stop_intersection,False,False,False,0,0,22.839703210868084,1.4045607133044136,True,False
43,B_COC,OOD,151,stop_intersection,False,False,False,0,1,23.744802138495622,1.2613453363117417,True,False
43,B_COC,OOD,152,stop_intersection,False,False,False,0,1,31.149487297456158,1.3653533160686493,True,False
43,B_COC,OOD,153,stop_intersection,False,False,False,0,1,30.663638943408053,1.266405437050796,True,False
43,B_COC,OOD,154,stop_intersection,False,False,False,0,0,21.538092757158967,1.7876892476468471,True,False
43,B_COC,OOD,155,stop_intersection,False,False,False,0,1,24.72457664463788,1.3226228952407837,True,False
43,B_COC,OOD,156,stop_intersection,False,False,False,0,1,22.171499168927678,1.2971352149800555,True,False
43,B_COC,OOD,157,stop_intersection,False,False,False,0,1,23.164553280510354,1.677673810567611,True,False
43,B_COC,OOD,158,stop_intersection,False,False,False,0,1,30.729803481790753,1.2647604603659024,True,False
43,B_COC,OOD,159,stop_intersection,False,False,False,0,1,29.520806540507873,1.1788602207982262,True,False
43,B_COC,OOD,160,stop_intersection,False,False,False,0,1,25.819961249737883,1.3989704279672532,True,False
43,B_COC,OOD,161,stop_intersection,False,False,False,0,1,24.34956099283214,1.0781636315843333,True,False
43,B_COC,OOD,162,stop_intersection,False,False,False,0,1,27.91345173817774,1.1851046528927116,True,False
43,B_COC,OOD,163,stop_intersection,False,False,False,0,1,26.485811584614588,1.1919907331466675,True,False
43,B_COC,OOD,164,stop_intersection,False,False,False,0,1,24.70999641379779,1.1344071113786032,True,False
43,B_COC,OOD,165,stop_intersection,False,False,False,0,1,28.49108104704691,1.4098869399590925,True,False
43,B_COC,OOD,166,stop_intersection,False,False,False,0,1,27.102368021389537,1.5908181812705062,True,False
43,B_COC,OOD,167,stop_intersection,False,False,False,0,1,31.018437728084333,1.1288848389749941,True,False
43,B_COC,OOD,168,stop_intersection,False,False,False,0,1,31.69127247035936,1.1893915994600817,True,False
43,B_COC,OOD,169,stop_intersection,False,False,False,0,1,28.7055682243571,1.2699486047793656,True,False
43,B_COC,OOD,170,stop_intersection,False,False,False,0,1,21.240932056668978,1.2059654333652594,True,False
43,B_COC,OOD,171,stop_intersection,False,False,False,0,1,21.918077298659522,1.213862811391418,True,False
43,B_COC,OOD,172,stop_intersection,False,False,False,0,1,22.24864390068996,1.6416666370171766,True,False
43,B_COC,OOD,173,stop_intersection,False,False,False,0,1,29.216174098678515,1.055384459702865,True,False
43,B_COC,OOD,174,stop_intersection,False,False,False,0,1,22.356602618434565,1.5668532831801307,True,False
43,B_COC,OOD,175,stop_intersection,False,False,False,0,1,28.265462911245237,1.362116360986555,True,False
43,B_COC,OOD,176,stop_intersection,False,False,False,0,1,22.43728116733636,1.6516092448280408,True,False
43,B_COC,OOD,177,stop_intersection,False,False,False,0,1,30.366224977560726,1.371616538275372,True,False
43,B_COC,OOD,178,stop_intersection,False,False,False,0,1,28.91294213725775,1.3557740575388857,True,False
43,B_COC,OOD,179,stop_intersection,False,False,False,0,1,28.916230249566887,1.471014346765435,True,False
43,B_COC,OOD,180,stop_intersection,False,False,False,0,1,22.03457877360605,1.0916872109685625,True,False
43,B_COC,OOD,181,stop_intersection,False,False,False,0,1,31.538668696579506,1.2959463894367218,True,False
43,B_COC,OOD,182,stop_intersection,False,False,False,0,1,23.348442501891974,1.1854475736618042,True,False
43,B_COC,OOD,183,stop_intersection,False,False,False,0,1,22.489046064421792,1.234654564606516,True,False
43,B_COC,OOD,184,stop_intersection,False,False,False,0,1,30.11361022841776,1.4854310182007875,True,False
43,B_COC,OOD,185,stop_intersection,False,False,False,0,1,26.65931678501645,1.0646923728611157,True,False
43,B_COC,OOD,186,stop_intersection,False,False,False,0,1,30.319578529189585,1.4445437325371635,True,False
43,B_COC,OOD,187,stop_intersection,False,False,False,0,1,27.640433197429918,1.5338134474870635,True,False
43,B_COC,OOD,188,stop_intersection,False,False,False,0,1,30.991719051893277,1.0782715347078111,True,False
43,B_COC,OOD,189,stop_intersection,False,False,False,0,1,30.1246611866134,1.3615169807484275,True,False
43,B_COC,OOD,190,stop_intersection,False,False,False,0,1,24.75591537710305,1.5438823438272242,True,False
43,B_COC,OOD,191,stop_intersection,False,False,False,0,1,26.93307402683577,1.4677583045429654,True,False
43,B_COC,OOD,192,stop_intersection,False,False,False,0,1,30.58585292639853,1.1389852124591204,True,False
43,B_COC,OOD,193,stop_intersection,False,False,False,0,1,24.551388711896912,1.0922495524088542,True,False
43,B_COC,OOD,194,stop_intersection,False,False,False,0,1,27.207603869858872,1.1749277558437614,True,False
43,B_COC,OOD,195,stop_intersection,False,False,False,0,1,26.683981255914695,1.5027599727235188,True,False
43,B_COC,OOD,196,stop_intersection,False,False,False,0,1,23.257653190768554,1.1244212800548188,True,False
43,B_COC,OOD,197,stop_intersection,False,False,False,0,1,29.575402809607304,1.4190712501836378,True,False
43,B_COC,OOD,198,stop_intersection,False,False,False,0,1,29.627664901917537,1.4765568725440814,True,False
43,B_COC,OOD,199,stop_intersection,False,False,False,0,1,28.43438254704283,1.1502932442559135,True,False
43,B_COC,OOD,200,lead_brake,False,False,False,0,0,33.92498922914266,7.444585424537459,True,False
43,B_COC,OOD,201,lead_brake,False,False,False,0,0,30.84327166333264,6.137693991884589,True,False
43,B_COC,OOD,202,lead_brake,False,False,False,0,0,26.004537129488707,4.567801246419549,True,False
43,B_COC,OOD,203,lead_brake,False,False,False,0,0,30.76063676919481,5.807938412452738,True,False
43,B_COC,OOD,204,lead_brake,False,False,False,0,0,29.724165580568364,4.8204502655814085,True,False
43,B_COC,OOD,205,lead_brake,False,False,False,0,0,28.51029803562955,4.91731548247238,True,False
43,B_COC,OOD,206,lead_brake,False,False,False,0,0,30.22091437606684,8.848773213103414,True,False
43,B_COC,OOD,207,lead_brake,False,False,False,0,0,32.84698694003674,8.709628780062,True,False
43,B_COC,OOD,208,lead_brake,False,False,False,0,0,38.183759565590286,4.582132161284486,True,False
43,B_COC,OOD,209,lead_brake,False,False,False,0,0,30.71716016923303,6.699539816007018,True,False
43,B_COC,OOD,210,lead_brake,False,False,False,0,0,29.807393571855222,6.394626830394069,True,False
43,B_COC,OOD,211,lead_brake,False,False,False,0,0,36.486566675752385,7.65888872059683,True,False
43,B_COC,OOD,212,lead_brake,False,False,False,0,0,27.62940766302364,5.697112683827679,True,False
43,B_COC,OOD,213,lead_brake,False,False,False,0,0,30.897912489954294,3.6249262485653158,True,False
43,B_COC,OOD,214,lead_brake,False,False,False,0,0,35.02251173201663,7.08039095563193,True,False
43,B_COC,OOD,215,lead_brake,False,False,False,0,0,26.851042228158917,5.450071699296434,True,False
43,B_COC,OOD,216,lead_brake,False,False,False,0,0,40.28649294298504,6.096583707258105,True,False
43,B_COC,OOD,217,lead_brake,False,False,False,0,0,34.76476683393121,6.686130654687683,True,False
43,B_COC,OOD,218,lead_brake,False,False,False,0,0,26.67997332500779,7.182851202165087,True,False
43,B_COC,OOD,219,lead_brake,False,False,False,0,0,34.466297656047864,6.8729841231058035,True,False
43,B_COC,OOD,220,lead_brake,False,False,False,0,0,35.33865543700784,4.283109782263637,True,False
43,B_COC,OOD,221,lead_brake,False,False,True,0,0,24.24831467986105,6.012355117127299,True,False
43,B_COC,OOD,222,lead_brake,False,False,False,0,0,39.79664855526291,7.131751695647835,True,False
43,B_COC,OOD,223,lead_brake,False,False,False,0,0,26.44103563628816,5.38525891986986,True,False
43,B_COC,OOD,224,lead_brake,False,False,False,0,0,31.324702438058672,8.584958765034875,True,False
43,B_COC,OOD,225,lead_brake,False,False,False,0,0,32.00251562868563,6.183753666157524,True,False
43,B_COC,OOD,226,lead_brake,False,False,False,0,0,27.25052607089279,6.211278132473429,True,False
43,B_COC,OOD,227,lead_brake,False,False,False,0,0,38.770541685856095,4.572206836814681,True,False
43,B_COC,OOD,228,lead_brake,False,False,False,0,0,39.78391103211691,7.68015728952984,True,False
43,B_COC,OOD,229,lead_brake,False,False,False,0,0,43.23112113192682,7.759627538422743,True,False
43,B_COC,OOD,230,lead_brake,False,False,False,0,0,34.19246806715242,2.4242044693479934,True,False
43,B_COC,OOD,231,lead_brake,False,False,False,0,0,35.40275494160063,6.134326920534173,True,False
43,B_COC,OOD,232,lead_brake,False,False,False,0,0,32.88603402421832,8.568660838529466,True,False
43,B_COC,OOD,233,lead_brake,False,False,False,0,0,30.16255230494959,5.041690588618318,True,False
43,B_COC,OOD,234,lead_brake,False,False,False,0,0,29.232526837766137,7.746329924091697,True,False
43,B_COC,OOD,235,lead_brake,False,False,False,0,0,32.40714158227314,7.645194687570134,True,False
43,B_COC,OOD,236,lead_brake,False,False,False,0,0,42.68464754968883,7.551304219290614,True,False
43,B_COC,OOD,237,lead_brake,False,False,False,0,0,40.57422953325123,6.123367085432013,True,False
43,B_COC,OOD,238,lead_brake,False,False,True,0,0,26.379812379032366,4.981316100185116,True,False
43,B_COC,OOD,239,lead_brake,False,False,False,0,0,34.51689965589391,3.174396746481458,True,False
43,B_COC,OOD,240,lead_brake,False,False,False,0,0,36.90830057114366,8.055573312565684,True,False
43,B_COC,OOD,241,lead_brake,False,False,False,0,0,25.888883390380137,6.482418576255441,True,False
43,B_COC,OOD,242,lead_brake,False,False,True,0,0,27.14287754081079,4.161854283884168,True,False
43,B_COC,OOD,243,lead_brake,False,False,False,0,0,31.225506966030974,5.9644989886631565,True,False
43,B_COC,OOD,244,lead_brake,False,False,False,0,0,41.841245074719254,6.002098908647895,True,False
43,B_COC,OOD,245,lead_brake,False,False,False,0,0,43.65121072128411,7.950963907564679,True,False
43,B_COC,OOD,246,lead_brake,False,False,True,0,0,26.987031465759898,3.7242210724701486,True,False
43,B_COC,OOD,247,lead_brake,False,False,False,0,0,31.550145384023793,7.740647137785951,True,False
43,B_COC,OOD,248,lead_brake,False,False,True,0,0,27.804519478038603,5.248988302424549,True,False
43,B_COC,OOD,249,lead_brake,False,False,True,0,0,24.198082843708367,5.207372431332866,True,False
43,B_COC,OOD,250,lead_brake,False,False,False,0,0,33.790833104406666,7.764591078584393,True,False
43,B_COC,OOD,251,lead_brake,False,False,False,0,0,31.088491924267167,8.090499153360723,True,False
43,B_COC,OOD,252,lead_brake,False,False,False,0,0,40.34673247768979,6.401404708003004,True,False
43,B_COC,OOD,253,lead_brake,False,False,False,0,0,28.97047396689652,8.71098892080287,True,False
43,B_COC,OOD,254,lead_brake,False,False,False,0,0,28.36123277089917,7.364601068819563,True,False
43,B_COC,OOD,255,lead_brake,False,False,False,0,0,34.618122384150794,7.497399067506194,True,False
43,B_COC,OOD,256,lead_brake,False,False,True,0,0,25.24380352064964,5.558121691768368,True,False
43,B_COC,OOD,257,lead_brake,False,False,False,0,0,31.065130088619988,8.833059111610055,True,False
43,B_COC,OOD,258,lead_brake,False,False,True,0,0,23.805392947654187,6.219267114376028,True,False
43,B_COC,OOD,259,lead_brake,False,False,False,0,0,43.321469652354715,7.065958311160405,True,False
43,B_COC,OOD,260,lead_brake,False,False,False,0,0,34.900651111473586,6.16524694673717,True,False
43,B_COC,OOD,261,lead_brake,False,False,False,0,0,28.91975437385051,3.5432623444745937,True,False
43,B_COC,OOD,262,lead_brake,False,False,False,0,0,38.55924113760105,7.590508488938212,True,False
43,B_COC,OOD,263,lead_brake,False,False,False,0,0,30.868334607113642,4.0097933281213045,True,False
43,B_COC,OOD,264,lead_brake,False,False,False,0,0,44.79262691631909,7.243133844186862,True,False
43,B_COC,OOD,265,lead_brake,False,False,False,0,0,40.355110425530924,7.781339221323529,True,False
43,B_COC,OOD,266,lead_brake,False,False,False,0,0,32.554823438487695,7.218443251525362,True,False
43,B_COC,OOD,267,lead_brake,False,False,False,0,0,29.74628736187638,7.2260797675699,True,False
43,B_COC,OOD,268,lead_brake,False,False,False,0,0,29.442761354048734,5.923767734939853,True,False
43,B_COC,OOD,269,lead_brake,False,False,False,0,0,31.71863380072524,8.818912961209813,True,False
43,B_COC,OOD,270,lead_brake,False,False,False,0,0,25.754997514065764,6.218073471759756,True,False
43,B_COC,OOD,271,lead_brake,False,False,False,0,0,36.43222389460753,5.725666964426637,True,False
43,B_COC,OOD,272,lead_brake,False,False,False,0,0,34.437996142852874,7.025383980944753,True,False
43,B_COC,OOD,273,lead_brake,False,False,False,0,0,34.98761827909928,8.790442576631904,True,False
43,B_COC,OOD,274,lead_brake,False,False,False,0,0,37.39600176535109,8.630214377616841,True,False
43,B_COC,OOD,275,lead_brake,False,False,False,0,0,33.31179425638213,4.335973670706153,True,False
43,B_COC,OOD,276,lead_brake,False,False,False,0,0,28.77662407305735,5.506981398289402,True,False
43,B_COC,OOD,277,lead_brake,False,False,False,0,0,29.8232965582609,4.398010764891902,True,False
43,B_COC,OOD,278,lead_brake,False,False,False,0,0,30.33982891541294,3.3382727882514396,True,False
43,B_COC,OOD,279,lead_brake,False,False,False,0,0,38.94920540168882,7.2998317287613945,True,False
43,B_COC,OOD,280,lead_brake,False,False,False,0,0,30.716678691242304,8.666504072025418,True,False
43,B_COC,OOD,281,lead_brake,False,False,False,0,0,31.638985216319554,5.499319485699137,True,False
43,B_COC,OOD,282,lead_brake,False,False,False,0,0,32.400534406123626,7.113301522408922,True,False
43,B_COC,OOD,283,lead_brake,False,False,False,0,0,36.727739375382626,6.588504252955317,True,False
43,B_COC,OOD,284,lead_brake,False,False,True,0,0,26.141553728471,6.836128179604809,True,False
43,B_COC,OOD,285,lead_brake,False,False,False,0,0,35.49897229643228,6.612964377428094,True,False
43,B_COC,OOD,286,lead_brake,False,False,False,0,0,29.224259952086342,8.022945584729314,True,False
43,B_COC,OOD,287,lead_brake,False,False,False,0,0,32.78322065573156,5.461891937380035,True,False
43,B_COC,OOD,288,lead_brake,False,False,True,0,0,26.89744172754129,5.085236415887873,True,False
43,B_COC,OOD,289,lead_brake,False,False,False,0,0,39.9289337789528,7.668633089090387,True,False
43,B_COC,OOD,290,lead_brake,False,False,False,0,0,33.92695492872508,3.985933486993114,True,False
43,B_COC,OOD,291,lead_brake,False,False,True,0,0,21.90997433915734,4.704647305731972,True,False
43,B_COC,OOD,292,lead_brake,False,False,False,0,0,36.30484886824181,6.7855681100239345,True,False
43,B_COC,OOD,293,lead_brake,False,False,True,0,0,25.684009482211692,7.02322396201392,True,False
43,B_COC,OOD,294,lead_brake,False,False,False,0,0,26.93505708238194,5.888213160758216,True,False
43,B_COC,OOD,295,lead_brake,False,False,False,0,0,28.424644815623733,6.452548010274768,True,False
43,B_COC,OOD,296,lead_brake,False,False,False,0,0,35.77123070924744,3.6131831413755813,True,False
43,B_COC,OOD,297,lead_brake,False,False,False,0,0,39.21965114798452,6.860518742973605,True,False
43,B_COC,OOD,298,lead_brake,False,False,True,0,0,21.4813776000053,6.531026089563966,True,False
43,B_COC,OOD,299,lead_brake,False,False,False,0,0,25.899115065012516,5.636304087315996,True,False
43,C_LEGACY_CONTRACT,ID,0,crosswalk,False,False,False,0,0,30.108474731744316,2.1689197556539015,True,False
43,C_LEGACY_CONTRACT,ID,1,crosswalk,False,False,False,0,0,35.04622251608042,0.40265658870339394,True,False
43,C_LEGACY_CONTRACT,ID,2,crosswalk,False,False,False,0,0,32.5391219367265,2.1572950346903363,True,False
43,C_LEGACY_CONTRACT,ID,3,crosswalk,False,False,False,0,0,36.93891143018456,1.4010700648245604,True,False
43,C_LEGACY_CONTRACT,ID,4,crosswalk,False,False,False,0,0,32.179666038368474,2.2397939589890568,True,False
43,C_LEGACY_CONTRACT,ID,5,crosswalk,False,False,False,0,0,32.74893994866339,2.1243702199148093,True,False
43,C_LEGACY_CONTRACT,ID,6,crosswalk,False,False,False,0,0,28.297522181334315,0.4579731047545608,True,False
43,C_LEGACY_CONTRACT,ID,7,crosswalk,False,False,False,0,0,35.90496389748061,0.3834153587619463,True,False
43,C_LEGACY_CONTRACT,ID,8,crosswalk,False,False,False,0,0,26.77902464617042,1.9153686191724695,True,False
43,C_LEGACY_CONTRACT,ID,9,crosswalk,False,False,False,0,0,38.197217435326515,0.3762939634422461,True,False
43,C_LEGACY_CONTRACT,ID,10,crosswalk,False,False,False,0,0,35.23768840928913,2.086942907746719,True,False
43,C_LEGACY_CONTRACT,ID,11,crosswalk,False,False,False,0,0,29.080664232386965,1.9665164161812176,True,False
43,C_LEGACY_CONTRACT,ID,12,crosswalk,False,False,False,0,0,27.91265275921817,2.422813263378645,True,False
43,C_LEGACY_CONTRACT,ID,13,crosswalk,False,False,False,0,0,36.64996710938948,0.8747827193953773,True,False
43,C_LEGACY_CONTRACT,ID,14,crosswalk,False,False,False,0,0,32.156619541508846,1.9628228371342022,True,False
43,C_LEGACY_CONTRACT,ID,15,crosswalk,False,False,False,0,0,30.688461054408286,1.6091938003113395,True,False
43,C_LEGACY_CONTRACT,ID,16,crosswalk,False,False,False,0,0,34.56961940576002,0.41896500370719214,True,False
43,C_LEGACY_CONTRACT,ID,17,crosswalk,False,False,False,0,0,29.991128800803462,2.149937491525303,True,False
43,C_LEGACY_CONTRACT,ID,18,crosswalk,False,False,False,0,0,37.52587887002678,0.43021279302510346,True,False
43,C_LEGACY_CONTRACT,ID,19,crosswalk,False,False,False,0,0,33.86392058140376,0.4240654408931732,True,False
43,C_LEGACY_CONTRACT,ID,20,crosswalk,False,False,False,0,0,36.633584114181986,1.8124756721469262,True,False
43,C_LEGACY_CONTRACT,ID,21,crosswalk,False,False,False,0,0,33.38816675281148,0.38027723846228223,True,False
43,C_LEGACY_CONTRACT,ID,22,crosswalk,False,False,False,0,0,35.924808259926166,0.6962799572426339,True,False
43,C_LEGACY_CONTRACT,ID,23,crosswalk,False,False,False,0,0,34.4456261149993,0.43328997634706046,True,False
43,C_LEGACY_CONTRACT,ID,24,crosswalk,False,False,False,0,0,36.39423791100863,2.068523050596317,True,False
43,C_LEGACY_CONTRACT,ID,25,crosswalk,False,False,False,0,0,38.36855177302415,1.9114623956382273,True,False
43,C_LEGACY_CONTRACT,ID,26,crosswalk,False,False,False,0,0,33.63969409655723,0.8812061968174847,True,False
43,C_LEGACY_CONTRACT,ID,27,crosswalk,False,False,False,0,0,32.155321660372515,0.9060784578323363,True,False
43,C_LEGACY_CONTRACT,ID,28,crosswalk,False,False,False,0,0,31.64071102821876,2.37440178450197,True,False
43,C_LEGACY_CONTRACT,ID,29,crosswalk,False,False,False,0,0,37.01438867943362,0.3659055173397064,True,False
43,C_LEGACY_CONTRACT,ID,30,crosswalk,False,False,False,0,0,26.238551087232068,1.9959170645789095,True,False
43,C_LEGACY_CONTRACT,ID,31,crosswalk,False,False,False,0,0,37.95062438843588,0.38262348001201946,True,False
43,C_LEGACY_CONTRACT,ID,32,crosswalk,False,False,False,0,0,30.352003993930037,2.346062123775482,True,False
43,C_LEGACY_CONTRACT,ID,33,crosswalk,False,False,False,0,0,27.115412314560885,1.8197519580523172,True,False
43,C_LEGACY_CONTRACT,ID,34,crosswalk,False,False,False,0,0,28.054676615573577,2.208752589566367,True,False
43,C_LEGACY_CONTRACT,ID,35,crosswalk,False,False,False,0,0,36.33578779746502,0.4183788473407427,True,False
43,C_LEGACY_CONTRACT,ID,36,crosswalk,False,False,False,0,0,32.692023080869646,2.1365285567615344,True,False
43,C_LEGACY_CONTRACT,ID,37,crosswalk,False,False,False,0,0,37.84782526037152,0.38741116722424823,True,False
43,C_LEGACY_CONTRACT,ID,38,crosswalk,False,False,False,0,0,34.4694778416583,0.40141085567681684,True,False
43,C_LEGACY_CONTRACT,ID,39,crosswalk,False,False,False,0,0,30.78705943917343,1.9322729979952176,True,False
43,C_LEGACY_CONTRACT,ID,40,crosswalk,False,False,False,0,0,34.79158482140853,0.408549982568492,True,False
43,C_LEGACY_CONTRACT,ID,41,crosswalk,False,False,False,0,0,38.38316015884005,0.9603095799684525,True,False
43,C_LEGACY_CONTRACT,ID,42,crosswalk,False,False,False,0,0,38.004971000847135,1.2722892820835112,True,False
43,C_LEGACY_CONTRACT,ID,43,crosswalk,False,False,False,0,0,31.103403314778376,2.2367405956611033,True,False
43,C_LEGACY_CONTRACT,ID,44,crosswalk,False,False,False,0,0,28.414089328090583,1.4146340472830665,True,False
43,C_LEGACY_CONTRACT,ID,45,crosswalk,False,False,False,0,0,29.41319336331403,1.5727369194584233,True,False
43,C_LEGACY_CONTRACT,ID,46,crosswalk,False,False,False,0,0,34.61141615288244,0.43586948088237215,True,False
43,C_LEGACY_CONTRACT,ID,47,crosswalk,False,False,False,0,0,32.3172239265952,0.7157781328025616,True,False
43,C_LEGACY_CONTRACT,ID,48,crosswalk,False,False,False,0,0,34.81459562350685,0.39952164110930066,True,False
43,C_LEGACY_CONTRACT,ID,49,crosswalk,False,False,False,0,0,29.265653555510603,0.7486006068555932,True,False
43,C_LEGACY_CONTRACT,ID,50,crosswalk,False,False,False,0,0,31.15776562334865,1.948284717897574,True,False
43,C_LEGACY_CONTRACT,ID,51,crosswalk,False,False,False,0,0,34.69424579460095,2.0730072197814784,True,False
43,C_LEGACY_CONTRACT,ID,52,crosswalk,False,False,False,0,0,38.0585895079833,1.974291056394577,True,False
43,C_LEGACY_CONTRACT,ID,53,crosswalk,False,False,False,0,0,35.24603287896244,2.2231031471694056,True,False
43,C_LEGACY_CONTRACT,ID,54,crosswalk,False,False,False,0,0,37.38792337918297,1.9803790305741131,True,False
43,C_LEGACY_CONTRACT,ID,55,crosswalk,False,False,False,0,0,29.2801105951649,1.818407397894632,True,False
43,C_LEGACY_CONTRACT,ID,56,crosswalk,False,False,False,0,0,37.67566874084602,0.41044468906792725,True,False
43,C_LEGACY_CONTRACT,ID,57,crosswalk,False,False,False,0,0,34.00988740597835,0.45039200037717814,True,False
43,C_LEGACY_CONTRACT,ID,58,crosswalk,False,False,False,0,0,32.91884643389661,2.15847786353982,True,False
43,C_LEGACY_CONTRACT,ID,59,crosswalk,False,False,False,0,0,33.4291826722429,0.3859511665675951,True,False
43,C_LEGACY_CONTRACT,ID,60,crosswalk,False,False,False,0,0,32.66768336837711,0.9278881698846816,True,False
43,C_LEGACY_CONTRACT,ID,61,crosswalk,False,False,False,0,0,33.278213094728905,2.2433962131088427,True,False
43,C_LEGACY_CONTRACT,ID,62,crosswalk,False,False,False,0,0,29.09693456165694,2.11045580831441,True,False
43,C_LEGACY_CONTRACT,ID,63,crosswalk,False,False,False,0,0,36.9977431781976,2.062607562790314,True,False
43,C_LEGACY_CONTRACT,ID,64,crosswalk,False,False,False,0,0,31.83359609615045,0.39060027761892835,True,False
43,C_LEGACY_CONTRACT,ID,65,crosswalk,False,False,False,0,0,28.88763565804063,1.8851025154193242,True,False
43,C_LEGACY_CONTRACT,ID,66,crosswalk,False,False,False,0,0,32.85042603217546,2.0989704715168993,True,False
43,C_LEGACY_CONTRACT,ID,67,crosswalk,False,False,False,0,0,33.048254528255,2.0531377066736636,True,False
43,C_LEGACY_CONTRACT,ID,68,crosswalk,False,False,False,0,0,31.871663734677142,0.45987927168607706,True,False
43,C_LEGACY_CONTRACT,ID,69,crosswalk,False,False,False,0,0,29.855660014525576,2.057719725099477,True,False
43,C_LEGACY_CONTRACT,ID,70,crosswalk,False,False,False,0,0,29.68989416025436,0.41887341439723963,True,False
43,C_LEGACY_CONTRACT,ID,71,crosswalk,False,False,False,0,0,29.459466178649585,1.4858723813224406,True,False
43,C_LEGACY_CONTRACT,ID,72,crosswalk,False,False,False,0,0,32.441594666475275,2.129064852541143,True,False
43,C_LEGACY_CONTRACT,ID,73,crosswalk,False,False,False,0,0,35.78793636803959,2.052559871226549,True,False
43,C_LEGACY_CONTRACT,ID,74,crosswalk,False,False,False,0,0,28.15794816737052,2.5349164714938714,True,False
43,C_LEGACY_CONTRACT,ID,75,crosswalk,False,False,False,0,0,27.21949112515376,2.066649713299491,True,False
43,C_LEGACY_CONTRACT,ID,76,crosswalk,False,False,False,0,0,35.46451870803719,2.132601781437794,True,False
43,C_LEGACY_CONTRACT,ID,77,crosswalk,False,False,False,0,0,37.82586315053636,2.0146918040700257,True,False
43,C_LEGACY_CONTRACT,ID,78,crosswalk,False,False,False,0,0,37.28452124195407,0.6600976599888367,True,False
43,C_LEGACY_CONTRACT,ID,79,crosswalk,False,False,False,0,0,29.079099677231532,2.347986563844116,True,False
43,C_LEGACY_CONTRACT,ID,80,crosswalk,False,False,False,0,0,38.135771698651304,0.3417847534784904,True,False
43,C_LEGACY_CONTRACT,ID,81,crosswalk,False,False,False,0,0,32.91429535700216,2.007239149964374,True,False
43,C_LEGACY_CONTRACT,ID,82,crosswalk,False,False,False,0,0,38.44975331945737,1.3526506074096845,True,False
43,C_LEGACY_CONTRACT,ID,83,crosswalk,False,False,False,0,0,30.90967629478326,0.41329366110620047,True,False
43,C_LEGACY_CONTRACT,ID,84,crosswalk,False,False,False,0,0,29.760847122159916,2.0649595694108442,True,False
43,C_LEGACY_CONTRACT,ID,85,crosswalk,False,False,False,0,0,37.73042144175744,0.41092044633367786,True,False
43,C_LEGACY_CONTRACT,ID,86,crosswalk,False,False,False,0,0,33.3189135559176,2.1321188366931416,True,False
43,C_LEGACY_CONTRACT,ID,87,crosswalk,False,False,False,0,0,34.206662214182785,1.9926725742830471,True,False
43,C_LEGACY_CONTRACT,ID,88,crosswalk,False,False,False,0,0,35.04973613114208,2.145573412594588,True,False
43,C_LEGACY_CONTRACT,ID,89,crosswalk,False,False,False,0,0,30.29320866380181,2.3721562325954437,True,False
43,C_LEGACY_CONTRACT,ID,90,crosswalk,False,False,False,0,0,32.56122047251319,2.042953715376232,True,False
43,C_LEGACY_CONTRACT,ID,91,crosswalk,False,False,False,0,0,36.18640519853519,0.357327663898468,True,False
43,C_LEGACY_CONTRACT,ID,92,crosswalk,False,False,False,0,0,30.253720159034387,2.363541215658188,True,False
43,C_LEGACY_CONTRACT,ID,93,crosswalk,False,False,False,0,0,33.28458722873119,0.4444410403569539,True,False
43,C_LEGACY_CONTRACT,ID,94,crosswalk,False,False,False,0,0,35.12138590063198,1.7737213723361491,True,False
43,C_LEGACY_CONTRACT,ID,95,crosswalk,False,False,False,0,0,36.36216524677589,2.0672407746315002,True,False
43,C_LEGACY_CONTRACT,ID,96,crosswalk,False,False,False,0,0,38.14204945070943,1.5904745265193605,True,False
43,C_LEGACY_CONTRACT,ID,97,crosswalk,False,False,False,0,0,28.74232988605172,1.8300649523735046,True,False
43,C_LEGACY_CONTRACT,ID,98,crosswalk,False,False,False,0,0,33.42356059567823,2.045638911102129,True,False
43,C_LEGACY_CONTRACT,ID,99,crosswalk,False,False,False,0,0,28.487939118365603,2.21196425812585,True,False
43,C_LEGACY_CONTRACT,ID,100,stop_intersection,False,False,False,0,1,33.212093285041895,1.4439758658409119,True,False
43,C_LEGACY_CONTRACT,ID,101,stop_intersection,False,False,False,0,1,37.64367506246809,1.4869219774291627,True,False
43,C_LEGACY_CONTRACT,ID,102,stop_intersection,False,False,False,0,1,28.205789470739447,1.6648366419892562,True,False
43,C_LEGACY_CONTRACT,ID,103,stop_intersection,False,False,False,0,1,34.14993227428603,1.346204082171122,True,False
43,C_LEGACY_CONTRACT,ID,104,stop_intersection,False,False,False,0,1,31.203628046058626,1.5432281371874685,True,False
43,C_LEGACY_CONTRACT,ID,105,stop_intersection,False,False,False,0,1,32.40852832511784,1.4299366474151611,True,False
43,C_LEGACY_CONTRACT,ID,106,stop_intersection,False,False,False,0,1,30.29115627912327,1.8191075969386743,True,False
43,C_LEGACY_CONTRACT,ID,107,stop_intersection,False,False,False,0,1,27.267060975955296,1.554866213547556,True,False
43,C_LEGACY_CONTRACT,ID,108,stop_intersection,False,False,False,0,1,28.170107555059708,1.726084414281343,True,False
43,C_LEGACY_CONTRACT,ID,109,stop_intersection,False,False,False,0,1,31.011992568505384,1.5276637596961777,True,False
43,C_LEGACY_CONTRACT,ID,110,stop_intersection,False,False,False,0,1,34.05269186160025,1.695528481064773,True,False
43,C_LEGACY_CONTRACT,ID,111,stop_intersection,False,False,False,0,1,29.28177225754063,1.3893799751232832,True,False
43,C_LEGACY_CONTRACT,ID,112,stop_intersection,False,False,False,0,1,29.468301634574132,1.4721520480356716,True,False
43,C_LEGACY_CONTRACT,ID,113,stop_intersection,False,False,False,0,1,32.40020352242885,1.5015974411597617,True,False
43,C_LEGACY_CONTRACT,ID,114,stop_intersection,False,False,False,0,1,31.110177868340855,1.7541093092698317,True,False
43,C_LEGACY_CONTRACT,ID,115,stop_intersection,False,False,False,0,1,36.40814448390264,1.6340749002084498,True,False
43,C_LEGACY_CONTRACT,ID,116,stop_intersection,False,False,False,0,1,34.05321167560811,1.6379324644803999,True,False
43,C_LEGACY_CONTRACT,ID,117,stop_intersection,False,False,False,0,1,35.08950907773343,1.4988512236897538,True,False
43,C_LEGACY_CONTRACT,ID,118,stop_intersection,False,False,False,0,1,36.025779321492536,1.577253078305444,True,False
43,C_LEGACY_CONTRACT,ID,119,stop_intersection,False,False,False,0,1,28.20700900934972,1.605672538280487,True,False
43,C_LEGACY_CONTRACT,ID,120,stop_intersection,False,False,False,0,1,27.191163179222762,1.8773079088756017,True,False
43,C_LEGACY_CONTRACT,ID,121,stop_intersection,False,False,False,0,1,37.070331031484656,1.5759785092154213,True,False
43,C_LEGACY_CONTRACT,ID,122,stop_intersection,False,False,False,0,1,36.472738149637735,1.5315781083217885,True,False
43,C_LEGACY_CONTRACT,ID,123,stop_intersection,False,False,False,0,1,28.845876518253533,1.5765957455886037,True,False
43,C_LEGACY_CONTRACT,ID,124,stop_intersection,False,False,False,0,1,29.863727208108603,1.5243313119218154,True,False
43,C_LEGACY_CONTRACT,ID,125,stop_intersection,False,False,False,0,1,32.985429567520505,1.6456577869562001,True,False
43,C_LEGACY_CONTRACT,ID,126,stop_intersection,False,False,False,0,1,29.12162315678315,1.5675115424233512,True,False
43,C_LEGACY_CONTRACT,ID,127,stop_intersection,False,False,False,0,1,32.25234357258917,1.519070940139966,True,False
43,C_LEGACY_CONTRACT,ID,128,stop_intersection,False,False,False,0,1,32.46517830770604,1.603548765182495,True,False
43,C_LEGACY_CONTRACT,ID,129,stop_intersection,False,False,False,0,1,31.74418699145063,1.7641965395365005,True,False
43,C_LEGACY_CONTRACT,ID,130,stop_intersection,False,False,False,0,1,28.155364505732685,1.7853094758214176,True,False
43,C_LEGACY_CONTRACT,ID,131,stop_intersection,False,False,False,0,1,27.73400628116018,1.69099822640419,True,False
43,C_LEGACY_CONTRACT,ID,132,stop_intersection,False,False,False,0,1,32.453742221191035,1.7370116710662842,True,False
43,C_LEGACY_CONTRACT,ID,133,stop_intersection,False,False,False,0,1,33.242475371073944,1.6329244578756936,True,False
43,C_LEGACY_CONTRACT,ID,134,stop_intersection,False,False,False,0,1,30.14161428113581,1.631919339299202,True,False
43,C_LEGACY_CONTRACT,ID,135,stop_intersection,False,False,False,0,1,33.50784430221938,1.7254190742969513,True,False
43,C_LEGACY_CONTRACT,ID,136,stop_intersection,False,False,False,0,1,30.21434828136247,1.7220270794791144,True,False
43,C_LEGACY_CONTRACT,ID,137,stop_intersection,False,False,False,0,1,33.90929457736728,1.7447541952133176,True,False
43,C_LEGACY_CONTRACT,ID,138,stop_intersection,False,False,False,0,1,38.46358684880597,1.5051632565121316,True,False
43,C_LEGACY_CONTRACT,ID,139,stop_intersection,False,False,False,0,1,27.29347637237909,1.7271321846379173,True,False
43,C_LEGACY_CONTRACT,ID,140,stop_intersection,False,False,False,0,1,27.907262897086483,1.815142470437127,True,False
43,C_LEGACY_CONTRACT,ID,141,stop_intersection,False,False,False,0,1,29.059623704037076,1.6527365510528151,True,False
43,C_LEGACY_CONTRACT,ID,142,stop_intersection,False,False,False,0,1,36.262853905847905,1.4908234520656307,True,False
43,C_LEGACY_CONTRACT,ID,143,stop_intersection,False,False,False,0,1,37.61122741477375,1.3315267725424331,True,False
43,C_LEGACY_CONTRACT,ID,144,stop_intersection,False,False,False,0,1,30.797500824708052,1.7446741461753845,True,False
43,C_LEGACY_CONTRACT,ID,145,stop_intersection,False,False,False,0,1,27.157343471860422,1.545963022443983,True,False
43,C_LEGACY_CONTRACT,ID,146,stop_intersection,False,False,False,0,1,29.86364623765968,1.7497823788569524,True,False
43,C_LEGACY_CONTRACT,ID,147,stop_intersection,False,False,False,0,1,31.966769564998387,1.3837983695472158,True,False
43,C_LEGACY_CONTRACT,ID,148,stop_intersection,False,False,False,0,1,32.168638838552575,1.6258939718588805,True,False
43,C_LEGACY_CONTRACT,ID,149,stop_intersection,False,False,False,0,1,28.403896865033403,1.5747903121842277,True,False
43,C_LEGACY_CONTRACT,ID,150,stop_intersection,False,False,False,0,1,28.145815876800345,1.2468241967938163,True,False
43,C_LEGACY_CONTRACT,ID,151,stop_intersection,False,False,False,0,1,27.72486964551426,1.2034172170302446,True,False
43,C_LEGACY_CONTRACT,ID,152,stop_intersection,False,False,False,0,1,20.719110180186462,1.1363228410482407,True,False
43,C_LEGACY_CONTRACT,ID,153,stop_intersection,False,False,False,0,1,20.737660766955095,1.4837543937292965,True,False
43,C_LEGACY_CONTRACT,ID,154,stop_intersection,False,False,False,0,1,28.19941215278394,1.075133728981018,True,False
43,C_LEGACY_CONTRACT,ID,155,stop_intersection,False,False,False,0,1,22.225063458117997,1.0536139011383057,True,False
43,C_LEGACY_CONTRACT,ID,156,stop_intersection,False,False,False,0,1,28.278758775632504,1.0792540816160348,True,False
43,C_LEGACY_CONTRACT,ID,157,stop_intersection,False,False,False,0,1,24.428707073774284,1.22343094398578,True,False
43,C_LEGACY_CONTRACT,ID,158,stop_intersection,False,False,False,0,1,26.21369065743371,1.3059534490108489,True,False
43,C_LEGACY_CONTRACT,ID,159,stop_intersection,False,False,False,0,1,21.219268616675624,1.2748756468296052,True,False
43,C_LEGACY_CONTRACT,ID,160,stop_intersection,False,False,False,0,1,28.280567706713633,1.054007825898189,True,False
43,C_LEGACY_CONTRACT,ID,161,stop_intersection,False,False,False,0,1,21.954973968423673,1.180466504200645,True,False
43,C_LEGACY_CONTRACT,ID,162,stop_intersection,False,False,False,0,1,25.73813886826838,1.3440888990526614,True,False
43,C_LEGACY_CONTRACT,ID,163,stop_intersection,False,False,False,0,1,22.17714906354371,1.1824852461908377,True,False
43,C_LEGACY_CONTRACT,ID,164,stop_intersection,False,False,False,0,1,21.143112022466475,1.2075014865916707,True,False
43,C_LEGACY_CONTRACT,ID,165,stop_intersection,False,False,False,0,1,21.064866778784538,1.3256102138095431,True,False
43,C_LEGACY_CONTRACT,ID,166,stop_intersection,False,False,False,0,1,21.826048672750368,1.1927110464014905,True,False
43,C_LEGACY_CONTRACT,ID,167,stop_intersection,False,False,False,0,1,22.97469036078491,1.38899084101332,True,False
43,C_LEGACY_CONTRACT,ID,168,stop_intersection,False,False,False,0,1,26.501598963072382,1.0575266153204674,True,False
43,C_LEGACY_CONTRACT,ID,169,stop_intersection,False,False,False,0,1,22.10484760195194,1.2435602214601305,True,False
43,C_LEGACY_CONTRACT,ID,170,stop_intersection,False,False,False,0,1,22.00389274513669,1.088529360294342,True,False
43,C_LEGACY_CONTRACT,ID,171,stop_intersection,False,False,False,0,1,22.26654195875773,1.148487563226737,True,False
43,C_LEGACY_CONTRACT,ID,172,stop_intersection,False,False,False,0,1,22.858943104181076,1.2973539412021635,True,False
43,C_LEGACY_CONTRACT,ID,173,stop_intersection,False,False,False,0,1,22.41603170384651,1.2247936142251845,True,False
43,C_LEGACY_CONTRACT,ID,174,stop_intersection,False,False,False,0,1,27.972888193787888,1.1613777644780217,True,False
43,C_LEGACY_CONTRACT,ID,175,stop_intersection,False,False,False,0,1,23.085274684054585,1.0846853613853453,True,False
43,C_LEGACY_CONTRACT,ID,176,stop_intersection,False,False,False,0,1,22.613322959312008,1.3321994336283938,True,False
43,C_LEGACY_CONTRACT,ID,177,stop_intersection,False,False,False,0,1,27.710417020192587,1.3328523798422378,True,False
43,C_LEGACY_CONTRACT,ID,178,stop_intersection,False,False,False,0,1,25.286676406603352,1.3182254406538876,True,False
43,C_LEGACY_CONTRACT,ID,179,stop_intersection,False,False,False,0,1,22.21751131404147,1.332201544119387,True,False
43,C_LEGACY_CONTRACT,ID,180,stop_intersection,False,False,False,0,1,22.35705405776261,1.1645123301720133,True,False
43,C_LEGACY_CONTRACT,ID,181,stop_intersection,False,False,False,0,1,28.326036591920364,1.1647532032985313,True,False
43,C_LEGACY_CONTRACT,ID,182,stop_intersection,False,False,False,0,1,22.021698911466686,1.2157659835003791,True,False
43,C_LEGACY_CONTRACT,ID,183,stop_intersection,False,False,False,0,1,21.57096791017539,1.093667516341576,True,False
43,C_LEGACY_CONTRACT,ID,184,stop_intersection,False,False,False,0,1,20.866372024008612,1.3978896063307058,True,False
43,C_LEGACY_CONTRACT,ID,185,stop_intersection,False,False,False,0,1,22.793111590998524,1.2448015809059143,True,False
43,C_LEGACY_CONTRACT,ID,186,stop_intersection,False,False,False,0,1,28.320131554814978,1.1774587988853453,True,False
43,C_LEGACY_CONTRACT,ID,187,stop_intersection,False,False,False,0,1,21.478868262338096,1.4507536623213027,True,False
43,C_LEGACY_CONTRACT,ID,188,stop_intersection,False,False,False,0,1,27.23741163762581,1.3818357478488574,True,False
43,C_LEGACY_CONTRACT,ID,189,stop_intersection,False,False,False,0,1,28.536131341504294,1.0406780242919922,True,False
43,C_LEGACY_CONTRACT,ID,190,stop_intersection,False,False,False,0,1,21.392231574950774,1.1719929135364033,True,False
43,C_LEGACY_CONTRACT,ID,191,stop_intersection,False,False,False,0,1,27.47328062696696,1.3936019208696153,True,False
43,C_LEGACY_CONTRACT,ID,192,stop_intersection,False,False,False,0,1,26.67550821905521,1.3059437990188598,True,False
43,C_LEGACY_CONTRACT,ID,193,stop_intersection,False,False,False,0,1,27.6649029817479,1.3062150120735168,True,False
43,C_LEGACY_CONTRACT,ID,194,stop_intersection,False,False,False,0,1,25.406038430993537,1.280127746217391,True,False
43,C_LEGACY_CONTRACT,ID,195,stop_intersection,False,False,False,0,1,20.645801311557214,1.3889183135742835,True,False
43,C_LEGACY_CONTRACT,ID,196,stop_intersection,False,False,False,0,1,27.03561982393939,1.2249436378479002,True,False
43,C_LEGACY_CONTRACT,ID,197,stop_intersection,False,False,False,0,1,20.623080550339225,1.2929511341181668,True,False
43,C_LEGACY_CONTRACT,ID,198,stop_intersection,False,False,False,0,1,23.463429821902388,1.483876027844169,True,False
43,C_LEGACY_CONTRACT,ID,199,stop_intersection,False,False,False,0,1,27.95332532599988,1.2268130911721122,True,False
43,C_LEGACY_CONTRACT,ID,200,lead_brake,False,False,False,0,0,71.00293432374089,9.90112128853798,True,False
43,C_LEGACY_CONTRACT,ID,201,lead_brake,False,False,False,0,0,93.81464775376021,4.265697417159875,True,False
43,C_LEGACY_CONTRACT,ID,202,lead_brake,False,False,False,0,0,55.042827886986174,8.678586463133493,True,False
43,C_LEGACY_CONTRACT,ID,203,lead_brake,False,False,False,0,0,75.21509235066031,4.095686215286453,True,False
43,C_LEGACY_CONTRACT,ID,204,lead_brake,False,False,False,0,0,96.21190928025105,0.08166727144271135,True,False
43,C_LEGACY_CONTRACT,ID,205,lead_brake,False,False,False,0,0,74.43166958153924,0.7512617558240889,True,False
43,C_LEGACY_CONTRACT,ID,206,lead_brake,False,False,False,0,0,88.73517878835926,1.2559678008158999,True,False
43,C_LEGACY_CONTRACT,ID,207,lead_brake,False,False,False,0,0,76.95930355552085,8.478375946482023,True,False
43,C_LEGACY_CONTRACT,ID,208,lead_brake,False,False,False,0,0,58.38697482295175,11.403122882048288,True,False
43,C_LEGACY_CONTRACT,ID,209,lead_brake,False,False,False,0,0,87.63017329090252,3.8599481520553427,True,False
43,C_LEGACY_CONTRACT,ID,210,lead_brake,False,False,False,0,0,74.8497851260512,7.63306618668139,True,False
43,C_LEGACY_CONTRACT,ID,211,lead_brake,False,False,False,0,0,84.71467487629073,6.399176761507987,True,False
43,C_LEGACY_CONTRACT,ID,212,lead_brake,False,False,False,0,0,77.29605920088635,5.139874299367269,True,False
43,C_LEGACY_CONTRACT,ID,213,lead_brake,False,False,False,0,0,73.76344747511683,8.62862784601748,True,False
43,C_LEGACY_CONTRACT,ID,214,lead_brake,False,False,False,0,0,86.50369078401846,2.309976836045583,True,False
43,C_LEGACY_CONTRACT,ID,215,lead_brake,False,False,False,0,0,95.79905073262721,0.4994710460305214,True,False
43,C_LEGACY_CONTRACT,ID,216,lead_brake,False,False,False,0,0,98.24731437504292,0.03221163898706436,True,False
43,C_LEGACY_CONTRACT,ID,217,lead_brake,False,False,False,0,0,70.70147868486178,1.6893937761584916,True,False
43,C_LEGACY_CONTRACT,ID,218,lead_brake,False,False,False,0,0,68.61967303864071,4.998655489335457,True,False
43,C_LEGACY_CONTRACT,ID,219,lead_brake,False,False,False,0,0,70.72621260542007,4.608271647244691,True,False
43,C_LEGACY_CONTRACT,ID,220,lead_brake,False,False,False,0,0,70.46884805826856,8.789680535594622,True,False
43,C_LEGACY_CONTRACT,ID,221,lead_brake,False,False,False,0,0,78.21481240125823,7.6045929435640565,True,False
43,C_LEGACY_CONTRACT,ID,222,lead_brake,False,False,False,0,0,79.49936528565193,7.942697315787275,True,False
43,C_LEGACY_CONTRACT,ID,223,lead_brake,False,False,False,0,0,66.33733142981552,2.2565488399316864,True,False
43,C_LEGACY_CONTRACT,ID,224,lead_brake,False,False,False,0,0,74.91838674137638,10.154680808385212,True,False
43,C_LEGACY_CONTRACT,ID,225,lead_brake,False,False,False,0,0,65.37342715664812,10.373711124062538,True,False
43,C_LEGACY_CONTRACT,ID,226,lead_brake,False,False,False,0,0,65.84773871320951,9.212744538982708,True,False
43,C_LEGACY_CONTRACT,ID,227,lead_brake,False,False,False,0,0,71.62458740798057,6.051361226166288,True,False
43,C_LEGACY_CONTRACT,ID,228,lead_brake,False,False,False,0,0,80.31291823865844,6.764347513516744,True,False
43,C_LEGACY_CONTRACT,ID,229,lead_brake,False,False,False,0,0,67.066048492895,10.011527153663337,True,False
43,C_LEGACY_CONTRACT,ID,230,lead_brake,False,False,False,0,0,84.46589449633926,3.699238652984301,True,False
43,C_LEGACY_CONTRACT,ID,231,lead_brake,False,False,False,0,0,79.57640010089345,6.434363067770997,True,False
43,C_LEGACY_CONTRACT,ID,232,lead_brake,False,False,False,0,0,76.48596994845802,8.097802432253957,True,False
43,C_LEGACY_CONTRACT,ID,233,lead_brake,False,False,False,0,0,94.7237743540337,1.2127643078565598,True,False
43,C_LEGACY_CONTRACT,ID,234,lead_brake,False,False,False,0,0,80.8427483663052,3.6949439098437624,True,False
43,C_LEGACY_CONTRACT,ID,235,lead_brake,False,False,False,0,0,83.52438616725787,2.156251136213541,True,False
43,C_LEGACY_CONTRACT,ID,236,lead_brake,False,False,False,0,0,65.03046143215795,1.7708255102237065,True,False
43,C_LEGACY_CONTRACT,ID,237,lead_brake,False,False,False,0,0,80.37850350624703,5.374302174896002,True,False
43,C_LEGACY_CONTRACT,ID,238,lead_brake,False,False,False,0,0,83.12452935324728,1.140330801407496,True,False
43,C_LEGACY_CONTRACT,ID,239,lead_brake,False,False,False,0,0,52.68506712381409,10.920137181878088,True,False
43,C_LEGACY_CONTRACT,ID,240,lead_brake,False,False,False,0,0,73.84552928489659,8.947155316670734,True,False
43,C_LEGACY_CONTRACT,ID,241,lead_brake,False,False,False,0,0,58.98688170033889,2.4882237625618773,True,False
43,C_LEGACY_CONTRACT,ID,242,lead_brake,False,False,False,0,0,67.12663101395593,5.327845990657806,True,False
43,C_LEGACY_CONTRACT,ID,243,lead_brake,False,False,False,0,0,53.76709333609505,7.669384931524594,True,False
43,C_LEGACY_CONTRACT,ID,244,lead_brake,False,False,False,0,0,54.76255635702183,10.003512806259096,True,False
43,C_LEGACY_CONTRACT,ID,245,lead_brake,False,False,False,0,0,75.86911170499586,3.906736057251692,True,False
43,C_LEGACY_CONTRACT,ID,246,lead_brake,False,False,False,0,0,97.96958150543277,0.056600088874499,True,False
43,C_LEGACY_CONTRACT,ID,247,lead_brake,False,False,False,0,0,80.3190554456928,9.62020917236805,True,False
43,C_LEGACY_CONTRACT,ID,248,lead_brake,False,False,False,0,0,66.92380812261585,8.879191492994625,True,False
43,C_LEGACY_CONTRACT,ID,249,lead_brake,False,False,False,0,0,97.86739219564163,0.05707330722361803,True,False
43,C_LEGACY_CONTRACT,ID,250,lead_brake,False,False,False,0,0,70.24418127505878,9.174264435966808,True,False
43,C_LEGACY_CONTRACT,ID,251,lead_brake,False,False,False,0,0,73.38128734166479,3.1451674193764725,True,False
43,C_LEGACY_CONTRACT,ID,252,lead_brake,False,False,False,0,0,86.86951758133856,1.7088259905576704,True,False
43,C_LEGACY_CONTRACT,ID,253,lead_brake,False,False,False,0,0,87.59505312551484,2.15977148214976,True,False
43,C_LEGACY_CONTRACT,ID,254,lead_brake,False,False,False,0,0,95.45768903824639,2.007771586378415,True,False
43,C_LEGACY_CONTRACT,ID,255,lead_brake,False,False,False,0,0,61.96264346403254,8.479189329470197,True,False
43,C_LEGACY_CONTRACT,ID,256,lead_brake,False,False,False,0,0,71.89871540927759,1.2604166269302368,True,False
43,C_LEGACY_CONTRACT,ID,257,lead_brake,False,False,False,0,0,78.62563010951827,4.111818240955472,True,False
43,C_LEGACY_CONTRACT,ID,258,lead_brake,False,False,False,0,0,79.05842887132536,4.012437442317605,True,False
43,C_LEGACY_CONTRACT,ID,259,lead_brake,False,False,False,0,0,97.8070587185205,0.3758751082544525,True,False
43,C_LEGACY_CONTRACT,ID,260,lead_brake,False,False,False,0,0,71.6291888890823,9.310459097226461,True,False
43,C_LEGACY_CONTRACT,ID,261,lead_brake,False,False,False,0,0,77.99198457919063,8.105387965217231,True,False
43,C_LEGACY_CONTRACT,ID,262,lead_brake,False,False,False,0,0,89.92921620550648,3.5087156991163884,True,False
43,C_LEGACY_CONTRACT,ID,263,lead_brake,False,False,False,0,0,77.721788866687,7.993851746122043,True,False
43,C_LEGACY_CONTRACT,ID,264,lead_brake,False,False,False,0,0,96.41495091590303,0.10107133258134125,True,False
43,C_LEGACY_CONTRACT,ID,265,lead_brake,False,False,False,0,0,84.50532368876044,2.5257226762672262,True,False
43,C_LEGACY_CONTRACT,ID,266,lead_brake,False,False,False,0,0,86.6722784677793,1.7068480451901753,True,False
43,C_LEGACY_CONTRACT,ID,267,lead_brake,False,False,False,0,0,85.32025654527484,1.1340588958313067,True,False
43,C_LEGACY_CONTRACT,ID,268,lead_brake,False,False,False,0,0,84.46043531264334,4.905667575076222,True,False
43,C_LEGACY_CONTRACT,ID,269,lead_brake,False,False,False,0,0,58.25948635014834,11.784326049188772,True,False
43,C_LEGACY_CONTRACT,ID,270,lead_brake,False,False,False,0,0,73.3928821628779,3.465109872321287,True,False
43,C_LEGACY_CONTRACT,ID,271,lead_brake,False,False,False,0,0,57.608215175387414,7.166860671093065,True,False
43,C_LEGACY_CONTRACT,ID,272,lead_brake,False,False,False,0,0,76.26413219138249,7.813255960121751,True,False
43,C_LEGACY_CONTRACT,ID,273,lead_brake,False,False,False,0,0,60.14290975543938,6.316333504393696,True,False
43,C_LEGACY_CONTRACT,ID,274,lead_brake,False,False,False,0,0,58.785125892080714,10.173251207297046,True,False
43,C_LEGACY_CONTRACT,ID,275,lead_brake,False,False,False,0,0,86.77471128627369,3.7221078481525183,True,False
43,C_LEGACY_CONTRACT,ID,276,lead_brake,False,False,False,0,0,53.48740647193117,4.392500930155316,True,False
43,C_LEGACY_CONTRACT,ID,277,lead_brake,False,False,False,0,0,60.411410727577305,10.932452316085497,True,False
43,C_LEGACY_CONTRACT,ID,278,lead_brake,False,False,False,0,0,81.5725383318605,0.28403911987940467,True,False
43,C_LEGACY_CONTRACT,ID,279,lead_brake,False,False,False,0,0,64.42337517597583,0.876607277430594,True,False
43,C_LEGACY_CONTRACT,ID,280,lead_brake,False,False,False,0,0,85.65770944345955,3.967592155560851,True,False
43,C_LEGACY_CONTRACT,ID,281,lead_brake,False,False,False,0,0,89.18929650019268,0.9438427810867628,True,False
43,C_LEGACY_CONTRACT,ID,282,lead_brake,False,False,False,0,0,72.84617626305574,3.0399283897131677,True,False
43,C_LEGACY_CONTRACT,ID,283,lead_brake,False,False,False,0,0,69.01295820644594,0.8812872866789498,True,False
43,C_LEGACY_CONTRACT,ID,284,lead_brake,False,False,False,0,0,60.59903871405241,1.6538196826974552,True,False
43,C_LEGACY_CONTRACT,ID,285,lead_brake,False,False,False,0,0,83.07375408362238,4.118400029838085,True,False
43,C_LEGACY_CONTRACT,ID,286,lead_brake,False,False,False,0,0,60.64151616809367,10.20423236489296,True,False
43,C_LEGACY_CONTRACT,ID,287,lead_brake,False,False,False,0,0,88.16021121827208,2.687492047746976,True,False
43,C_LEGACY_CONTRACT,ID,288,lead_brake,False,False,False,0,0,80.66200121219549,4.19385278970003,True,False
43,C_LEGACY_CONTRACT,ID,289,lead_brake,False,False,False,0,0,78.71768185020241,4.285465511803825,True,False
43,C_LEGACY_CONTRACT,ID,290,lead_brake,False,False,False,0,0,77.48927269922122,6.3424324076622725,True,False
43,C_LEGACY_CONTRACT,ID,291,lead_brake,False,False,False,0,0,85.42720157758397,2.1017849749575057,True,False
43,C_LEGACY_CONTRACT,ID,292,lead_brake,False,False,False,0,0,82.61814350049309,4.037607992688814,True,False
43,C_LEGACY_CONTRACT,ID,293,lead_brake,False,False,False,0,0,45.05654735221725,11.049011489997307,True,False
43,C_LEGACY_CONTRACT,ID,294,lead_brake,False,False,False,0,0,88.13250248951542,5.01388324300448,True,False
43,C_LEGACY_CONTRACT,ID,295,lead_brake,False,False,False,0,0,73.64728564068322,2.8565395753830667,True,False
43,C_LEGACY_CONTRACT,ID,296,lead_brake,False,False,False,0,0,83.27198354562695,5.277625177055596,True,False
43,C_LEGACY_CONTRACT,ID,297,lead_brake,False,False,False,0,0,67.72082392909765,9.197998265425364,True,False
43,C_LEGACY_CONTRACT,ID,298,lead_brake,False,False,False,0,0,67.66550191820595,4.363841575880845,True,False
43,C_LEGACY_CONTRACT,ID,299,lead_brake,False,False,False,0,0,76.5230769458413,1.2791516681512196,True,False
43,C_LEGACY_CONTRACT,OOD,0,crosswalk,False,False,False,0,1,30.322314727744846,1.9938505018079602,True,False
43,C_LEGACY_CONTRACT,OOD,1,crosswalk,False,False,False,0,0,31.020504185524096,1.4157953587445344,True,False
43,C_LEGACY_CONTRACT,OOD,2,crosswalk,False,False,False,0,1,23.11548271058423,1.2228608770029885,True,False
43,C_LEGACY_CONTRACT,OOD,3,crosswalk,False,False,False,0,1,30.04013379517244,1.4434093378839037,True,False
43,C_LEGACY_CONTRACT,OOD,4,crosswalk,False,False,False,0,1,25.468630660376622,1.323855400085449,True,False
43,C_LEGACY_CONTRACT,OOD,5,crosswalk,False,False,False,0,1,25.126536213202833,1.7393124387377783,True,False
43,C_LEGACY_CONTRACT,OOD,6,crosswalk,False,False,False,0,1,20.67876154886813,1.862145201726393,True,False
43,C_LEGACY_CONTRACT,OOD,7,crosswalk,False,False,False,0,1,22.24639809956821,1.4025507475200452,True,False
43,C_LEGACY_CONTRACT,OOD,8,crosswalk,False,False,False,0,1,30.374280284705662,1.0620990329318576,True,False
43,C_LEGACY_CONTRACT,OOD,9,crosswalk,False,False,False,0,1,29.955158142846642,1.5995647091614573,True,False
43,C_LEGACY_CONTRACT,OOD,10,crosswalk,False,False,False,0,1,26.382045661708624,1.2367436999366395,True,False
43,C_LEGACY_CONTRACT,OOD,11,crosswalk,False,False,False,0,1,24.4306554238334,1.6767691112146144,True,False
43,C_LEGACY_CONTRACT,OOD,12,crosswalk,False,False,False,0,1,27.5725354692265,1.4150476455688477,True,False
43,C_LEGACY_CONTRACT,OOD,13,crosswalk,False,False,False,0,1,23.501369979769812,1.3250654676686162,True,False
43,C_LEGACY_CONTRACT,OOD,14,crosswalk,False,False,False,0,1,31.49115329876004,1.3981759264355613,True,False
43,C_LEGACY_CONTRACT,OOD,15,crosswalk,False,False,False,0,1,22.540965155328067,1.6200431689937063,True,False
43,C_LEGACY_CONTRACT,OOD,16,crosswalk,False,False,False,0,1,22.77396522257812,1.0879191822475858,True,False
43,C_LEGACY_CONTRACT,OOD,17,crosswalk,False,False,False,0,1,21.20006084056648,1.1902589825066652,True,False
43,C_LEGACY_CONTRACT,OOD,18,crosswalk,False,False,False,0,1,22.398915790472614,1.4259882231016414,True,False
43,C_LEGACY_CONTRACT,OOD,19,crosswalk,False,False,False,0,1,22.049391422356816,1.6060646375020344,True,False
43,C_LEGACY_CONTRACT,OOD,20,crosswalk,False,False,False,0,1,29.903025461904498,1.3506989316506819,True,False
43,C_LEGACY_CONTRACT,OOD,21,crosswalk,False,False,False,0,1,22.38265575179214,1.2778394572112872,True,False
43,C_LEGACY_CONTRACT,OOD,22,crosswalk,False,False,False,0,1,21.17398736407813,1.3951607197523115,True,False
43,C_LEGACY_CONTRACT,OOD,23,crosswalk,False,False,False,0,1,29.280763195148218,1.5639071963554203,True,False
43,C_LEGACY_CONTRACT,OOD,24,crosswalk,False,False,False,0,1,22.70217199141372,1.905586178912673,True,False
43,C_LEGACY_CONTRACT,OOD,25,crosswalk,False,False,False,0,1,22.487814030605435,1.2092830174499087,True,False
43,C_LEGACY_CONTRACT,OOD,26,crosswalk,False,False,False,0,1,22.980799902142408,1.116901791614035,True,False
43,C_LEGACY_CONTRACT,OOD,27,crosswalk,False,False,False,0,1,29.51425873000084,1.7531724209370818,True,False
43,C_LEGACY_CONTRACT,OOD,28,crosswalk,False,False,False,0,1,31.11912192241623,2.0098085434008865,True,False
43,C_LEGACY_CONTRACT,OOD,29,crosswalk,False,False,False,0,1,28.930345019947882,1.2562482856040775,True,False
43,C_LEGACY_CONTRACT,OOD,30,crosswalk,False,False,False,0,0,29.041836930201413,1.7558388577567208,True,False
43,C_LEGACY_CONTRACT,OOD,31,crosswalk,False,False,False,0,1,23.23323206306753,1.6911531110172686,True,False
43,C_LEGACY_CONTRACT,OOD,32,crosswalk,False,False,False,0,1,27.864905140004737,1.5861193770947661,True,False
43,C_LEGACY_CONTRACT,OOD,33,crosswalk,False,False,False,0,1,26.897546593706004,1.8530245525080982,True,False
43,C_LEGACY_CONTRACT,OOD,34,crosswalk,False,False,False,0,1,24.749678476942364,1.183029672373896,True,False
43,C_LEGACY_CONTRACT,OOD,35,crosswalk,False,False,False,0,1,22.30974627680452,1.7965051375849301,True,False
43,C_LEGACY_CONTRACT,OOD,36,crosswalk,False,False,False,0,1,21.344896284436448,1.8044385247760348,True,False
43,C_LEGACY_CONTRACT,OOD,37,crosswalk,False,False,False,0,1,22.77619906139195,1.5057847629754972,True,False
43,C_LEGACY_CONTRACT,OOD,38,crosswalk,False,False,False,0,1,20.98661243673243,1.3363398313522339,True,False
43,C_LEGACY_CONTRACT,OOD,39,crosswalk,False,False,False,0,1,30.732092608027223,1.7106141079039798,True,False
43,C_LEGACY_CONTRACT,OOD,40,crosswalk,False,False,False,0,1,21.70171468930878,1.6226146664730337,True,False
43,C_LEGACY_CONTRACT,OOD,41,crosswalk,False,False,False,0,1,24.370318795255848,1.162098897827996,True,False
43,C_LEGACY_CONTRACT,OOD,42,crosswalk,False,False,False,0,1,25.048128865221194,1.6930051338978302,True,False
43,C_LEGACY_CONTRACT,OOD,43,crosswalk,False,False,False,0,1,20.817884469996052,1.2967100128149374,True,False
43,C_LEGACY_CONTRACT,OOD,44,crosswalk,False,False,False,0,1,31.48802759900277,1.2446109157927492,True,False
43,C_LEGACY_CONTRACT,OOD,45,crosswalk,False,False,False,0,1,21.700396509299544,1.689051535535366,True,False
43,C_LEGACY_CONTRACT,OOD,46,crosswalk,False,False,False,0,1,31.06468345256757,1.2151583758267488,True,False
43,C_LEGACY_CONTRACT,OOD,47,crosswalk,False,False,False,0,1,24.517695576933463,1.4482536573301663,True,False
43,C_LEGACY_CONTRACT,OOD,48,crosswalk,False,False,False,0,1,27.811725423519604,1.5213837990394004,True,False
43,C_LEGACY_CONTRACT,OOD,49,crosswalk,False,False,False,0,1,26.760004486910276,1.3983917079473795,True,False
43,C_LEGACY_CONTRACT,OOD,50,crosswalk,False,False,False,0,1,27.52500656497432,1.6297631972544901,True,False
43,C_LEGACY_CONTRACT,OOD,51,crosswalk,False,False,False,0,1,27.18232855338998,1.612787663936615,True,False
43,C_LEGACY_CONTRACT,OOD,52,crosswalk,False,False,False,0,1,22.272632083530212,1.5146058320234983,True,False
43,C_LEGACY_CONTRACT,OOD,53,crosswalk,False,False,False,0,1,22.12101048779518,1.4073341440510105,True,False
43,C_LEGACY_CONTRACT,OOD,54,crosswalk,False,False,False,0,1,26.02893375699841,1.291506230831146,True,False
43,C_LEGACY_CONTRACT,OOD,55,crosswalk,False,False,False,0,1,29.815462685208228,1.782879799604416,True,False
43,C_LEGACY_CONTRACT,OOD,56,crosswalk,False,False,False,0,1,22.85049938164212,1.234584503568882,True,False
43,C_LEGACY_CONTRACT,OOD,57,crosswalk,False,False,False,0,1,21.48072716636395,1.8948664742967354,True,False
43,C_LEGACY_CONTRACT,OOD,58,crosswalk,False,False,False,0,1,28.78394612647508,1.5673212675338095,True,False
43,C_LEGACY_CONTRACT,OOD,59,crosswalk,False,False,False,0,1,23.410432318398136,1.209652598233933,True,False
43,C_LEGACY_CONTRACT,OOD,60,crosswalk,False,False,False,0,1,27.76465140109844,1.7027990127864636,True,False
43,C_LEGACY_CONTRACT,OOD,61,crosswalk,False,False,False,0,1,23.658263528327197,1.5092162596873748,True,False
43,C_LEGACY_CONTRACT,OOD,62,crosswalk,False,False,False,0,1,28.556678121974677,1.2199369202489436,True,False
43,C_LEGACY_CONTRACT,OOD,63,crosswalk,False,False,False,0,1,21.793798823719847,1.5554128042081508,True,False
43,C_LEGACY_CONTRACT,OOD,64,crosswalk,False,False,False,0,1,24.46282987521578,1.4808299721673475,True,False
43,C_LEGACY_CONTRACT,OOD,65,crosswalk,False,False,False,0,1,30.481355995672406,1.2682845857408311,True,False
43,C_LEGACY_CONTRACT,OOD,66,crosswalk,False,False,False,0,1,21.260084004498523,1.4150174520909786,True,False
43,C_LEGACY_CONTRACT,OOD,67,crosswalk,False,False,False,0,1,27.965024665775488,1.5577213284042146,True,False
43,C_LEGACY_CONTRACT,OOD,68,crosswalk,False,False,False,0,1,20.779052922592488,1.3045129992745137,True,False
43,C_LEGACY_CONTRACT,OOD,69,crosswalk,False,False,False,0,1,25.74508109871735,1.4742164192972955,True,False
43,C_LEGACY_CONTRACT,OOD,70,crosswalk,False,False,False,0,1,22.78644960705728,1.4813839701505807,True,False
43,C_LEGACY_CONTRACT,OOD,71,crosswalk,False,False,False,0,1,28.40285564728915,1.408578265797008,True,False
43,C_LEGACY_CONTRACT,OOD,72,crosswalk,False,False,False,0,1,23.25175166299482,1.3890252462247523,True,False
43,C_LEGACY_CONTRACT,OOD,73,crosswalk,False,False,False,0,1,28.32358741567367,1.341190430853102,True,False
43,C_LEGACY_CONTRACT,OOD,74,crosswalk,False,False,False,0,1,24.85265852376032,1.4034369829538706,True,False
43,C_LEGACY_CONTRACT,OOD,75,crosswalk,False,False,False,0,1,27.15624617284964,1.3756629377603529,True,False
43,C_LEGACY_CONTRACT,OOD,76,crosswalk,False,False,False,0,1,29.16441382691199,1.1359940437560385,True,False
43,C_LEGACY_CONTRACT,OOD,77,crosswalk,False,False,False,0,1,26.163107895912304,1.2637185057004292,True,False
43,C_LEGACY_CONTRACT,OOD,78,crosswalk,False,False,False,0,1,29.398852943581034,1.1931723898107354,True,False
43,C_LEGACY_CONTRACT,OOD,79,crosswalk,False,False,False,0,1,20.71425675427262,1.9346178287551514,True,False
43,C_LEGACY_CONTRACT,OOD,80,crosswalk,False,False,False,0,1,24.4580083663893,1.6411744803190231,True,False
43,C_LEGACY_CONTRACT,OOD,81,crosswalk,False,False,False,0,1,22.563874408803223,1.5528990748601081,True,False
43,C_LEGACY_CONTRACT,OOD,82,crosswalk,False,False,False,0,1,25.163459419100967,1.3672733047734136,True,False
43,C_LEGACY_CONTRACT,OOD,83,crosswalk,False,False,False,0,1,28.946975676437535,1.1804188204848247,True,False
43,C_LEGACY_CONTRACT,OOD,84,crosswalk,False,False,False,0,1,27.88208761039698,1.4459346615990927,True,False
43,C_LEGACY_CONTRACT,OOD,85,crosswalk,False,False,False,0,1,21.973317249308938,1.1859846008675439,True,False
43,C_LEGACY_CONTRACT,OOD,86,crosswalk,False,False,False,0,1,31.36783979700856,1.5844277441501615,True,False
43,C_LEGACY_CONTRACT,OOD,87,crosswalk,False,False,False,0,1,22.864546183832122,1.1964936786227756,True,False
43,C_LEGACY_CONTRACT,OOD,88,crosswalk,False,False,False,0,1,30.384226432644752,1.252264529466629,True,False
43,C_LEGACY_CONTRACT,OOD,89,crosswalk,False,False,False,0,1,28.67266529961858,1.5528050688810127,True,False
43,C_LEGACY_CONTRACT,OOD,90,crosswalk,False,False,False,0,1,30.83868862929848,1.4508067071437836,True,False
43,C_LEGACY_CONTRACT,OOD,91,crosswalk,False,False,False,0,1,23.642601701608513,1.4405019299404038,True,False
43,C_LEGACY_CONTRACT,OOD,92,crosswalk,False,False,False,0,1,24.56842270835713,1.1516422033309937,True,False
43,C_LEGACY_CONTRACT,OOD,93,crosswalk,False,False,False,0,1,20.934038913141883,1.7381999506191772,True,False
43,C_LEGACY_CONTRACT,OOD,94,crosswalk,False,False,False,0,1,26.275929140928415,1.7281673783841338,True,False
43,C_LEGACY_CONTRACT,OOD,95,crosswalk,False,False,False,0,1,21.63488232844827,1.5743302076290815,True,False
43,C_LEGACY_CONTRACT,OOD,96,crosswalk,False,False,False,0,1,28.496878899586598,1.6657999227213305,True,False
43,C_LEGACY_CONTRACT,OOD,97,crosswalk,False,False,False,0,1,30.636596301005696,1.4214327660473909,True,False
43,C_LEGACY_CONTRACT,OOD,98,crosswalk,False,False,False,0,1,27.73679049464257,1.2843875885009763,True,False
43,C_LEGACY_CONTRACT,OOD,99,crosswalk,False,False,False,0,1,28.14247951069415,1.5252390503883362,True,False
43,C_LEGACY_CONTRACT,OOD,100,stop_intersection,False,False,False,0,1,23.212497383802486,1.590348534286022,True,False
43,C_LEGACY_CONTRACT,OOD,101,stop_intersection,False,False,False,0,1,25.067048703050872,1.1860228747856325,True,False
43,C_LEGACY_CONTRACT,OOD,102,stop_intersection,False,False,False,0,1,31.050364727857122,1.6619713564176815,True,False
43,C_LEGACY_CONTRACT,OOD,103,stop_intersection,False,False,False,0,1,27.218904924924857,1.3659827883650615,True,False
43,C_LEGACY_CONTRACT,OOD,104,stop_intersection,False,False,False,0,1,27.06355545191746,2.4069466374137183,True,False
43,C_LEGACY_CONTRACT,OOD,105,stop_intersection,False,False,False,0,1,21.060068985518527,1.7424736011566389,True,False
43,C_LEGACY_CONTRACT,OOD,106,stop_intersection,False,False,False,0,1,31.084191803724273,1.6004946586248037,True,False
43,C_LEGACY_CONTRACT,OOD,107,stop_intersection,False,False,False,0,1,28.055091737289484,1.1265109550385248,True,False
43,C_LEGACY_CONTRACT,OOD,108,stop_intersection,False,False,False,0,0,24.483450973063633,2.0279950386769063,True,False
43,C_LEGACY_CONTRACT,OOD,109,stop_intersection,False,False,False,0,1,21.095303333623633,1.9718339956469004,True,False
43,C_LEGACY_CONTRACT,OOD,110,stop_intersection,False,False,False,0,1,23.969779826027263,2.019492785135905,True,False
43,C_LEGACY_CONTRACT,OOD,111,stop_intersection,False,False,False,0,1,23.49315463055568,1.642660471526059,True,False
43,C_LEGACY_CONTRACT,OOD,112,stop_intersection,False,False,False,0,1,24.34050082377473,1.380842502998269,True,False
43,C_LEGACY_CONTRACT,OOD,113,stop_intersection,False,False,False,0,1,30.80598025657566,1.4853888817808842,True,False
43,C_LEGACY_CONTRACT,OOD,114,stop_intersection,False,False,False,0,0,23.975519449395684,2.095160499019058,True,False
43,C_LEGACY_CONTRACT,OOD,115,stop_intersection,False,False,False,0,1,24.956424335897875,1.502921420174676,True,False
43,C_LEGACY_CONTRACT,OOD,116,stop_intersection,False,False,False,0,1,21.968369938465756,1.7224989173024199,True,False
43,C_LEGACY_CONTRACT,OOD,117,stop_intersection,False,False,False,0,1,28.714165389579705,1.4167364835739134,True,False
43,C_LEGACY_CONTRACT,OOD,118,stop_intersection,False,False,False,0,1,28.52755461412505,1.5167188161128276,True,False
43,C_LEGACY_CONTRACT,OOD,119,stop_intersection,False,False,False,0,0,23.562533756827342,2.17398883567916,True,False
43,C_LEGACY_CONTRACT,OOD,120,stop_intersection,False,False,False,0,1,31.06463092088647,2.262257526560527,True,False
43,C_LEGACY_CONTRACT,OOD,121,stop_intersection,False,False,False,0,1,21.384110044954348,2.0982107892632484,True,False
43,C_LEGACY_CONTRACT,OOD,122,stop_intersection,False,False,False,0,1,24.747650747451807,1.522698038961829,True,False
43,C_LEGACY_CONTRACT,OOD,123,stop_intersection,False,False,False,0,1,31.525840945159448,1.372943490743637,True,False
43,C_LEGACY_CONTRACT,OOD,124,stop_intersection,False,False,False,0,1,28.930479788318326,2.069654908291129,True,False
43,C_LEGACY_CONTRACT,OOD,125,stop_intersection,False,False,False,0,1,24.031643912923315,1.2960992786619399,True,False
43,C_LEGACY_CONTRACT,OOD,126,stop_intersection,False,False,False,0,1,30.98432304132558,1.420622318983078,True,False
43,C_LEGACY_CONTRACT,OOD,127,stop_intersection,False,False,False,0,1,28.727864007711847,1.1745673669097216,True,False
43,C_LEGACY_CONTRACT,OOD,128,stop_intersection,False,False,False,0,1,29.705742523911958,1.4457587976204722,True,False
43,C_LEGACY_CONTRACT,OOD,129,stop_intersection,False,False,False,0,0,26.367177344722016,1.8835757672786713,True,False
43,C_LEGACY_CONTRACT,OOD,130,stop_intersection,False,False,False,0,1,22.067007763095447,1.2348955176597416,True,False
43,C_LEGACY_CONTRACT,OOD,131,stop_intersection,False,False,False,0,1,24.36313984801555,1.9156266110283986,True,False
43,C_LEGACY_CONTRACT,OOD,132,stop_intersection,False,False,False,0,1,21.339569496900246,1.6626213963438823,True,False
43,C_LEGACY_CONTRACT,OOD,133,stop_intersection,False,False,False,0,1,25.286756066196013,1.6729282986286076,True,False
43,C_LEGACY_CONTRACT,OOD,134,stop_intersection,False,False,False,0,1,26.330987635006448,1.5575755447954744,True,False
43,C_LEGACY_CONTRACT,OOD,135,stop_intersection,False,False,False,0,1,21.832270005131697,1.434675730191744,True,False
43,C_LEGACY_CONTRACT,OOD,136,stop_intersection,False,False,False,0,1,25.73611142151896,1.764072485872217,True,False
43,C_LEGACY_CONTRACT,OOD,137,stop_intersection,False,False,False,0,1,31.03251833693563,1.779445232380004,True,False
43,C_LEGACY_CONTRACT,OOD,138,stop_intersection,False,False,False,0,1,31.05870634976397,2.3577220164812527,True,False
43,C_LEGACY_CONTRACT,OOD,139,stop_intersection,False,False,False,0,1,27.792289701080158,1.5445508406712456,True,False
43,C_LEGACY_CONTRACT,OOD,140,stop_intersection,False,False,False,0,1,25.229617279053386,1.2785412016369047,True,False
43,C_LEGACY_CONTRACT,OOD,141,stop_intersection,False,False,False,0,1,29.46104535645356,1.3015176459800364,True,False
43,C_LEGACY_CONTRACT,OOD,142,stop_intersection,False,False,False,0,1,22.885891740626143,1.9889360155378069,True,False
43,C_LEGACY_CONTRACT,OOD,143,stop_intersection,False,False,False,0,1,27.994723659729914,2.2003485952935566,True,False
43,C_LEGACY_CONTRACT,OOD,144,stop_intersection,False,False,False,0,1,30.46736959315101,1.578152393683409,True,False
43,C_LEGACY_CONTRACT,OOD,145,stop_intersection,False,False,False,0,0,27.12706585621771,1.899626247393779,True,False
43,C_LEGACY_CONTRACT,OOD,146,stop_intersection,False,False,False,0,1,27.442269919131224,2.9064092926076937,True,False
43,C_LEGACY_CONTRACT,OOD,147,stop_intersection,False,False,False,0,1,21.18712836938571,1.6147410627957937,True,False
43,C_LEGACY_CONTRACT,OOD,148,stop_intersection,False,False,False,0,1,20.842773403126266,1.0506673086257208,True,False
43,C_LEGACY_CONTRACT,OOD,149,stop_intersection,False,False,False,0,1,29.33743810462726,1.277493498264215,True,False
43,C_LEGACY_CONTRACT,OOD,150,stop_intersection,False,False,False,0,1,23.126186934955733,1.9973988701467928,True,False
43,C_LEGACY_CONTRACT,OOD,151,stop_intersection,False,False,False,0,1,23.455923460649558,1.5428517053001805,True,False
43,C_LEGACY_CONTRACT,OOD,152,stop_intersection,False,False,False,0,1,30.917833480419205,1.5361320328068089,True,False
43,C_LEGACY_CONTRACT,OOD,153,stop_intersection,False,False,False,0,1,30.368883497663568,1.4918797190596416,True,False
43,C_LEGACY_CONTRACT,OOD,154,stop_intersection,False,False,False,0,0,21.237331713328558,1.9958957536397752,True,False
43,C_LEGACY_CONTRACT,OOD,155,stop_intersection,False,False,False,0,1,24.478630679246006,1.6403889987203808,True,False
43,C_LEGACY_CONTRACT,OOD,156,stop_intersection,False,False,False,0,1,22.726638740960865,1.4468176335823246,True,False
43,C_LEGACY_CONTRACT,OOD,157,stop_intersection,False,False,False,0,1,22.994173944548855,1.738634893768712,True,False
43,C_LEGACY_CONTRACT,OOD,158,stop_intersection,False,False,False,0,1,30.711316622758503,1.9660816844119582,True,False
43,C_LEGACY_CONTRACT,OOD,159,stop_intersection,False,False,False,0,1,29.18762743633357,1.2902101111966509,True,False
43,C_LEGACY_CONTRACT,OOD,160,stop_intersection,False,False,False,0,1,25.834665483116645,1.4073374654565536,True,False
43,C_LEGACY_CONTRACT,OOD,161,stop_intersection,False,False,False,0,1,23.980218303607487,1.235367318858271,True,False
43,C_LEGACY_CONTRACT,OOD,162,stop_intersection,False,False,False,0,1,27.559841274737323,1.5087413510610892,True,False
43,C_LEGACY_CONTRACT,OOD,163,stop_intersection,False,False,False,0,1,26.18328371886833,1.489984519779682,True,False
43,C_LEGACY_CONTRACT,OOD,164,stop_intersection,False,False,False,0,1,24.384547078362203,1.326258078564045,True,False
43,C_LEGACY_CONTRACT,OOD,165,stop_intersection,False,False,False,0,1,28.64047527096806,1.7537386038086629,True,False
43,C_LEGACY_CONTRACT,OOD,166,stop_intersection,False,False,False,0,1,26.995646311735676,2.106846884275094,True,False
43,C_LEGACY_CONTRACT,OOD,167,stop_intersection,False,False,False,0,1,30.61148480968454,1.418879906768384,True,False
43,C_LEGACY_CONTRACT,OOD,168,stop_intersection,False,False,False,0,1,31.33888588242646,1.331099265001037,True,False
43,C_LEGACY_CONTRACT,OOD,169,stop_intersection,False,False,False,0,1,28.4028810735558,1.5447215544871795,True,False
43,C_LEGACY_CONTRACT,OOD,170,stop_intersection,False,False,False,0,1,20.958582024121267,1.5552278818228307,True,False
43,C_LEGACY_CONTRACT,OOD,171,stop_intersection,False,False,False,0,1,21.62704230907901,1.6168317118206539,True,False
43,C_LEGACY_CONTRACT,OOD,172,stop_intersection,False,False,False,0,0,21.89325268798568,1.7880182272117389,True,False
43,C_LEGACY_CONTRACT,OOD,173,stop_intersection,False,False,False,0,1,28.807015328549074,1.420286958632262,True,False
43,C_LEGACY_CONTRACT,OOD,174,stop_intersection,False,False,False,0,1,22.295810363370304,1.8759507851468193,True,False
43,C_LEGACY_CONTRACT,OOD,175,stop_intersection,False,False,False,0,1,28.004935152588388,1.7642806470394135,True,False
43,C_LEGACY_CONTRACT,OOD,176,stop_intersection,False,False,False,0,1,22.355586331593834,1.7740047474702199,True,False
43,C_LEGACY_CONTRACT,OOD,177,stop_intersection,False,False,False,0,1,30.469810234937967,2.0029742060563502,True,False
43,C_LEGACY_CONTRACT,OOD,178,stop_intersection,False,False,False,0,1,28.648200021412144,1.6522319379605745,True,False
43,C_LEGACY_CONTRACT,OOD,179,stop_intersection,False,False,False,0,1,28.456075125734575,2.341914565666862,True,False
43,C_LEGACY_CONTRACT,OOD,180,stop_intersection,False,False,False,0,1,21.71250397508799,1.3956241806348164,True,False
43,C_LEGACY_CONTRACT,OOD,181,stop_intersection,False,False,False,0,1,31.229536147988682,1.3607928529381752,True,False
43,C_LEGACY_CONTRACT,OOD,182,stop_intersection,False,False,False,0,1,23.064259195387205,1.4508558213710783,True,False
43,C_LEGACY_CONTRACT,OOD,183,stop_intersection,False,False,False,0,1,22.219861854225982,1.4551387648833425,True,False
43,C_LEGACY_CONTRACT,OOD,184,stop_intersection,False,False,False,0,1,30.069432584549276,1.7082511767362936,True,False
43,C_LEGACY_CONTRACT,OOD,185,stop_intersection,False,False,False,0,1,26.291001702657653,1.2711205365865126,True,False
43,C_LEGACY_CONTRACT,OOD,186,stop_intersection,False,False,False,0,1,30.196574785803165,1.4892985784383708,True,False
43,C_LEGACY_CONTRACT,OOD,187,stop_intersection,False,False,False,0,1,27.55477000991439,2.243265125312303,True,False
43,C_LEGACY_CONTRACT,OOD,188,stop_intersection,False,False,False,0,1,30.695035928861515,1.257578058120532,True,False
43,C_LEGACY_CONTRACT,OOD,189,stop_intersection,False,False,False,0,1,29.893519160892048,1.5078543166856508,True,False
43,C_LEGACY_CONTRACT,OOD,190,stop_intersection,False,False,False,0,1,24.85046784231016,2.151747267497213,True,False
43,C_LEGACY_CONTRACT,OOD,191,stop_intersection,False,False,False,0,1,26.65568637123486,1.9904825621181061,True,False
43,C_LEGACY_CONTRACT,OOD,192,stop_intersection,False,False,False,0,1,30.24968678071252,1.3987814964250074,True,False
43,C_LEGACY_CONTRACT,OOD,193,stop_intersection,False,False,False,0,1,24.199055822842197,1.234593371550242,True,False
43,C_LEGACY_CONTRACT,OOD,194,stop_intersection,False,False,False,0,1,26.876261385387647,1.3180355970249618,True,False
43,C_LEGACY_CONTRACT,OOD,195,stop_intersection,False,False,False,0,1,26.443275570012474,1.7841005979514704,True,False
43,C_LEGACY_CONTRACT,OOD,196,stop_intersection,False,False,False,0,1,22.941883415275697,1.3801016019923344,True,False
43,C_LEGACY_CONTRACT,OOD,197,stop_intersection,False,False,False,0,1,29.702734964472413,1.596130473273141,True,False
43,C_LEGACY_CONTRACT,OOD,198,stop_intersection,False,False,False,0,1,29.21416113860709,1.8466376351273577,True,False
43,C_LEGACY_CONTRACT,OOD,199,stop_intersection,False,False,False,0,1,28.35731446278796,1.7851109769609237,True,False
43,C_LEGACY_CONTRACT,OOD,200,lead_brake,False,False,False,0,0,33.78389916598797,5.929428624610106,True,False
43,C_LEGACY_CONTRACT,OOD,201,lead_brake,False,False,False,0,0,30.651132230678872,4.946941928938031,True,False
43,C_LEGACY_CONTRACT,OOD,202,lead_brake,False,False,False,0,0,25.78850918741237,5.323755303708215,True,False
43,C_LEGACY_CONTRACT,OOD,203,lead_brake,False,False,False,0,0,30.63234381060743,4.783111130197843,True,False
43,C_LEGACY_CONTRACT,OOD,204,lead_brake,False,False,False,0,0,29.537796481398395,3.7374061023195586,True,False
43,C_LEGACY_CONTRACT,OOD,205,lead_brake,False,False,False,0,0,28.311479954161186,5.122584882813196,True,False
43,C_LEGACY_CONTRACT,OOD,206,lead_brake,False,False,False,0,0,30.061676721336195,6.191096639881531,True,False
43,C_LEGACY_CONTRACT,OOD,207,lead_brake,False,False,False,0,0,32.72593483401392,7.474706434334318,True,False
43,C_LEGACY_CONTRACT,OOD,208,lead_brake,False,False,False,0,0,38.043971496610354,9.12448912858963,True,False
43,C_LEGACY_CONTRACT,OOD,209,lead_brake,False,False,False,0,0,30.54034610514755,4.833029126748443,True,False
43,C_LEGACY_CONTRACT,OOD,210,lead_brake,False,False,False,0,0,29.60451251958468,8.417196353897452,True,False
43,C_LEGACY_CONTRACT,OOD,211,lead_brake,False,False,False,0,0,36.39111096136268,4.007596944148341,True,False
43,C_LEGACY_CONTRACT,OOD,212,lead_brake,False,False,False,0,0,27.408568036830566,6.149326260822515,True,False
43,C_LEGACY_CONTRACT,OOD,213,lead_brake,False,False,False,0,0,30.725050205323775,3.47908047431459,True,False
43,C_LEGACY_CONTRACT,OOD,214,lead_brake,False,False,False,0,0,34.904917363856924,4.2213021988670025,True,False
43,C_LEGACY_CONTRACT,OOD,215,lead_brake,False,False,False,0,0,26.632522109415717,6.7148205029467745,True,False
43,C_LEGACY_CONTRACT,OOD,216,lead_brake,False,False,False,0,0,40.16318991277732,6.110991168146332,True,False
43,C_LEGACY_CONTRACT,OOD,217,lead_brake,False,False,False,0,0,34.64980492852626,3.588331114500761,True,False
43,C_LEGACY_CONTRACT,OOD,218,lead_brake,False,False,False,0,0,26.503820429467815,4.116788008560737,True,False
43,C_LEGACY_CONTRACT,OOD,219,lead_brake,False,False,False,0,0,34.337694959316266,5.072507013877233,True,False
43,C_LEGACY_CONTRACT,OOD,220,lead_brake,False,False,False,0,0,35.15569212541012,5.062586525455117,True,False
43,C_LEGACY_CONTRACT,OOD,221,lead_brake,False,False,False,0,0,24.010083388090113,8.927701594618458,True,False
43,C_LEGACY_CONTRACT,OOD,222,lead_brake,False,False,False,0,0,39.69730631270906,5.023152033487955,True,False
43,C_LEGACY_CONTRACT,OOD,223,lead_brake,False,False,False,0,0,26.21523489661241,6.900533871414761,True,False
43,C_LEGACY_CONTRACT,OOD,224,lead_brake,False,False,False,0,0,31.19428658516925,5.531675997500618,True,False
43,C_LEGACY_CONTRACT,OOD,225,lead_brake,False,False,False,0,0,31.853334701409054,3.648950822651386,True,False
43,C_LEGACY_CONTRACT,OOD,226,lead_brake,False,False,False,0,0,27.08172204978765,6.951619952296217,True,False
43,C_LEGACY_CONTRACT,OOD,227,lead_brake,False,False,False,0,0,38.635792942456135,6.340261533856391,True,False
43,C_LEGACY_CONTRACT,OOD,228,lead_brake,False,False,False,0,0,39.687250773346975,5.673358825966715,True,False
43,C_LEGACY_CONTRACT,OOD,229,lead_brake,False,False,False,0,0,43.17123404286803,5.369246833026408,True,False
43,C_LEGACY_CONTRACT,OOD,230,lead_brake,False,False,False,0,0,34.041493038205395,2.738365816573302,True,False
43,C_LEGACY_CONTRACT,OOD,231,lead_brake,False,False,False,0,0,35.23186022894388,4.76968202367425,True,False
43,C_LEGACY_CONTRACT,OOD,232,lead_brake,False,False,False,0,0,32.7557054691857,6.86601312396427,True,False
43,C_LEGACY_CONTRACT,OOD,233,lead_brake,False,False,False,0,0,29.944102715339493,5.8946103444322935,True,False
43,C_LEGACY_CONTRACT,OOD,234,lead_brake,False,False,False,0,0,29.070297819852794,5.874092527975638,True,False
43,C_LEGACY_CONTRACT,OOD,235,lead_brake,False,False,False,0,0,32.27505250652902,4.2473289631307125,True,False
43,C_LEGACY_CONTRACT,OOD,236,lead_brake,False,False,False,0,0,42.61271193481979,5.3080567587167025,True,False
43,C_LEGACY_CONTRACT,OOD,237,lead_brake,False,False,False,0,0,40.47125712613376,7.3276089392602435,True,False
43,C_LEGACY_CONTRACT,OOD,238,lead_brake,False,False,False,0,0,26.16112862534818,6.258884854925175,True,False
43,C_LEGACY_CONTRACT,OOD,239,lead_brake,False,False,False,0,0,34.39022884494111,5.005388618757327,True,False
43,C_LEGACY_CONTRACT,OOD,240,lead_brake,False,False,False,0,0,36.80272165395322,2.322169732923309,True,False
43,C_LEGACY_CONTRACT,OOD,241,lead_brake,False,False,False,0,0,25.68892682741402,2.2717694401120143,True,False
43,C_LEGACY_CONTRACT,OOD,242,lead_brake,False,False,False,0,0,26.907398551105334,5.8184633469209075,True,False
43,C_LEGACY_CONTRACT,OOD,243,lead_brake,False,False,False,0,0,31.015678868136174,5.673135329037905,True,False
43,C_LEGACY_CONTRACT,OOD,244,lead_brake,False,False,False,0,0,41.76970936633644,4.253047029177347,True,False
43,C_LEGACY_CONTRACT,OOD,245,lead_brake,False,False,False,0,0,43.59070989884438,7.949503769166768,True,False
43,C_LEGACY_CONTRACT,OOD,246,lead_brake,False,False,False,0,0,26.768774181073944,4.116128589026629,True,False
43,C_LEGACY_CONTRACT,OOD,247,lead_brake,False,False,False,0,0,31.410924330229776,3.8771841867516437,True,False
43,C_LEGACY_CONTRACT,OOD,248,lead_brake,False,False,False,0,0,27.560930530459345,6.039625441345075,True,False
43,C_LEGACY_CONTRACT,OOD,249,lead_brake,False,False,False,0,0,23.95734379327534,5.890730841395755,True,False
43,C_LEGACY_CONTRACT,OOD,250,lead_brake,False,False,False,0,0,33.657914348845566,2.6903768454988795,True,False
43,C_LEGACY_CONTRACT,OOD,251,lead_brake,False,False,False,0,0,30.942790629353293,4.782882871106267,True,False
43,C_LEGACY_CONTRACT,OOD,252,lead_brake,False,False,False,0,0,40.26364705055453,0.9510220773518085,True,False
43,C_LEGACY_CONTRACT,OOD,253,lead_brake,False,False,False,0,0,28.811215760931354,5.897339719658096,True,False
43,C_LEGACY_CONTRACT,OOD,254,lead_brake,False,False,False,0,0,28.16653444900539,4.596266101114452,True,False
43,C_LEGACY_CONTRACT,OOD,255,lead_brake,False,False,False,0,0,34.50099224073186,4.274477280055483,True,False
43,C_LEGACY_CONTRACT,OOD,256,lead_brake,False,False,False,0,0,24.994050398916006,6.824657808678845,True,False
43,C_LEGACY_CONTRACT,OOD,257,lead_brake,False,False,False,0,0,30.92155188477793,2.7167286922534304,True,False
43,C_LEGACY_CONTRACT,OOD,258,lead_brake,False,False,False,0,0,23.580315205464977,6.539937826183935,True,False
43,C_LEGACY_CONTRACT,OOD,259,lead_brake,False,False,False,0,0,43.254367990195774,5.4530078650762634,True,False
43,C_LEGACY_CONTRACT,OOD,260,lead_brake,False,False,False,0,0,34.7579338889022,4.945303874090314,True,False
43,C_LEGACY_CONTRACT,OOD,261,lead_brake,False,False,False,0,0,28.744988204362063,6.0881709804137545,True,False
43,C_LEGACY_CONTRACT,OOD,262,lead_brake,False,False,False,0,0,38.45865556339141,4.160931402817368,True,False
43,C_LEGACY_CONTRACT,OOD,263,lead_brake,False,False,False,0,0,30.65507304318668,5.809503808307151,True,False
43,C_LEGACY_CONTRACT,OOD,264,lead_brake,False,False,False,0,0,44.736731819808526,2.4792304622630277,True,False
43,C_LEGACY_CONTRACT,OOD,265,lead_brake,False,False,False,0,0,40.26535157504589,4.6679253783077,True,False
43,C_LEGACY_CONTRACT,OOD,266,lead_brake,False,False,False,0,0,32.39374352786665,6.653830245137214,True,False
43,C_LEGACY_CONTRACT,OOD,267,lead_brake,False,False,False,0,0,29.57303962540747,5.377558530618747,True,False
43,C_LEGACY_CONTRACT,OOD,268,lead_brake,False,False,False,0,0,29.232714016710375,6.485093504190444,True,False
43,C_LEGACY_CONTRACT,OOD,269,lead_brake,False,False,False,0,0,31.57927806110938,4.699162466761966,True,False
43,C_LEGACY_CONTRACT,OOD,270,lead_brake,False,False,False,0,0,25.53979201081065,5.4450740761434036,True,False
43,C_LEGACY_CONTRACT,OOD,271,lead_brake,False,False,False,0,0,36.32520326786887,4.67026631720364,True,False
43,C_LEGACY_CONTRACT,OOD,272,lead_brake,False,False,False,0,0,34.315203091773974,4.81085740464429,True,False
43,C_LEGACY_CONTRACT,OOD,273,lead_brake,False,False,False,0,0,34.86787711182219,7.9577960787961874,True,False
43,C_LEGACY_CONTRACT,OOD,274,lead_brake,False,False,False,0,0,37.28678984626685,6.385930486644307,True,False
43,C_LEGACY_CONTRACT,OOD,275,lead_brake,False,False,False,0,0,33.100006900839965,6.95424094175299,True,False
43,C_LEGACY_CONTRACT,OOD,276,lead_brake,False,False,False,0,0,28.587312667488018,3.7834320627152915,True,False
43,C_LEGACY_CONTRACT,OOD,277,lead_brake,False,False,False,0,0,29.628948640897878,5.14448718757679,True,False
43,C_LEGACY_CONTRACT,OOD,278,lead_brake,False,False,False,0,0,30.158538409102192,4.210169654960433,True,False
43,C_LEGACY_CONTRACT,OOD,279,lead_brake,False,False,False,0,0,38.81579687781633,7.525720907375216,True,False
43,C_LEGACY_CONTRACT,OOD,280,lead_brake,False,False,False,0,0,30.57046675983485,7.112240277230739,True,False
43,C_LEGACY_CONTRACT,OOD,281,lead_brake,False,False,False,0,0,31.447879835814234,6.1674492635453735,True,False
43,C_LEGACY_CONTRACT,OOD,282,lead_brake,False,False,False,0,0,32.260555362371605,3.9558624383062124,True,False
43,C_LEGACY_CONTRACT,OOD,283,lead_brake,False,False,False,0,0,36.61426159426567,7.417614008610447,True,False
43,C_LEGACY_CONTRACT,OOD,284,lead_brake,False,False,False,0,0,25.90070094723485,8.719489097905656,True,False
43,C_LEGACY_CONTRACT,OOD,285,lead_brake,False,False,False,0,0,35.36878955507337,6.6511606971422825,True,False
43,C_LEGACY_CONTRACT,OOD,286,lead_brake,False,False,False,0,0,29.085688520226032,7.645095172648628,True,False
43,C_LEGACY_CONTRACT,OOD,287,lead_brake,False,False,False,0,0,32.599814795814204,4.807851588043073,True,False
43,C_LEGACY_CONTRACT,OOD,288,lead_brake,False,False,False,0,0,26.673576160989615,3.769601095157365,True,False
43,C_LEGACY_CONTRACT,OOD,289,lead_brake,False,False,False,0,0,39.84442312951015,3.0572162469228106,True,False
43,C_LEGACY_CONTRACT,OOD,290,lead_brake,False,False,False,0,0,33.74048750945841,5.215447743733724,True,False
43,C_LEGACY_CONTRACT,OOD,291,lead_brake,False,False,False,0,0,21.66084889784454,2.2303885752335186,True,False
43,C_LEGACY_CONTRACT,OOD,292,lead_brake,False,False,False,0,0,36.18136144540298,2.7237609773874283,True,False
43,C_LEGACY_CONTRACT,OOD,293,lead_brake,False,False,False,0,0,25.46077553371278,8.915805906367797,True,False
43,C_LEGACY_CONTRACT,OOD,294,lead_brake,False,False,False,0,0,26.723341206890446,4.834837645602723,True,False
43,C_LEGACY_CONTRACT,OOD,295,lead_brake,False,False,False,0,0,28.268401923552144,5.748364046216011,True,False
43,C_LEGACY_CONTRACT,OOD,296,lead_brake,False,False,False,0,0,35.64290617994234,7.312264873335758,True,False
43,C_LEGACY_CONTRACT,OOD,297,lead_brake,False,False,False,0,0,39.03535652127177,2.638126719122132,True,False
43,C_LEGACY_CONTRACT,OOD,298,lead_brake,False,False,False,0,0,21.249962558543697,5.563175623305142,True,False
43,C_LEGACY_CONTRACT,OOD,299,lead_brake,False,False,False,0,0,25.703579404477424,4.114161666172246,True,False
43,C2_PHASE_CONTRACT,ID,0,crosswalk,False,False,False,0,0,30.005367033780587,2.137198502367193,True,False
43,C2_PHASE_CONTRACT,ID,1,crosswalk,False,False,False,0,0,34.967068128293434,0.44648472840587294,True,False
43,C2_PHASE_CONTRACT,ID,2,crosswalk,False,False,False,0,0,32.407014626431405,2.1260720355944196,True,False
43,C2_PHASE_CONTRACT,ID,3,crosswalk,False,False,False,0,0,36.953339607958505,1.4066668826600777,True,False
43,C2_PHASE_CONTRACT,ID,4,crosswalk,False,False,False,0,0,32.05466040632559,2.2111065888946704,True,False
43,C2_PHASE_CONTRACT,ID,5,crosswalk,False,False,False,0,0,32.61332978962391,2.095483405434567,True,False
43,C2_PHASE_CONTRACT,ID,6,crosswalk,False,False,False,0,0,28.143462594958365,0.6073055847694999,True,False
43,C2_PHASE_CONTRACT,ID,7,crosswalk,False,False,False,0,0,35.870231568529256,0.3895213330785433,True,False
43,C2_PHASE_CONTRACT,ID,8,crosswalk,False,False,False,0,0,26.75632650483397,1.8972770027492358,True,False
43,C2_PHASE_CONTRACT,ID,9,crosswalk,False,False,False,0,0,38.2759366009497,0.39251578971743584,True,False
43,C2_PHASE_CONTRACT,ID,10,crosswalk,False,False,False,0,0,36.73421599552595,1.9786890720327694,True,False
43,C2_PHASE_CONTRACT,ID,11,crosswalk,False,False,False,0,0,28.82574308098736,1.8904769285158676,True,False
43,C2_PHASE_CONTRACT,ID,12,crosswalk,False,False,False,0,0,27.731564971470792,2.3580074545584226,True,False
43,C2_PHASE_CONTRACT,ID,13,crosswalk,False,False,False,0,0,36.73862089616792,0.8681667663834312,True,False
43,C2_PHASE_CONTRACT,ID,14,crosswalk,False,False,False,0,0,32.05894628153532,1.9395577162504196,True,False
43,C2_PHASE_CONTRACT,ID,15,crosswalk,False,False,False,0,0,30.63497746317956,1.644770252077203,True,False
43,C2_PHASE_CONTRACT,ID,16,crosswalk,False,False,False,0,0,34.596136000050755,0.43683413077484473,True,False
43,C2_PHASE_CONTRACT,ID,17,crosswalk,False,False,False,0,0,29.88361266701822,2.1232062578201294,True,False
43,C2_PHASE_CONTRACT,ID,18,crosswalk,False,False,False,0,0,36.06706626031076,0.456822422288713,True,False
43,C2_PHASE_CONTRACT,ID,19,crosswalk,False,False,False,0,0,33.86743887877802,0.4328403283249248,True,False
43,C2_PHASE_CONTRACT,ID,20,crosswalk,False,False,False,0,0,36.557689522522686,1.788174727310737,True,False
43,C2_PHASE_CONTRACT,ID,21,crosswalk,False,False,False,0,0,33.31716875409703,0.3870612447676451,True,False
43,C2_PHASE_CONTRACT,ID,22,crosswalk,False,False,False,0,0,35.92555710109266,0.7299638118432916,True,False
43,C2_PHASE_CONTRACT,ID,23,crosswalk,False,False,False,0,0,34.497787746210946,0.4504306898230598,True,False
43,C2_PHASE_CONTRACT,ID,24,crosswalk,False,False,False,0,0,36.30146952977066,2.0618355770905814,True,False
43,C2_PHASE_CONTRACT,ID,25,crosswalk,False,False,False,0,0,38.291971374270865,1.8862658977508544,True,False
43,C2_PHASE_CONTRACT,ID,26,crosswalk,False,False,False,0,0,33.54232076946589,0.914009077982469,True,False
43,C2_PHASE_CONTRACT,ID,27,crosswalk,False,False,False,0,0,32.126455958518285,0.9377795234322547,True,False
43,C2_PHASE_CONTRACT,ID,28,crosswalk,False,False,False,0,0,31.55287085788001,2.3371207043528557,True,False
43,C2_PHASE_CONTRACT,ID,29,crosswalk,False,False,False,0,0,37.00026026533918,0.37121530175209044,True,False
43,C2_PHASE_CONTRACT,ID,30,crosswalk,False,False,False,0,0,27.526889249229647,1.854489490389824,True,False
43,C2_PHASE_CONTRACT,ID,31,crosswalk,False,False,False,0,0,38.002929067591225,0.3999414357046286,True,False
43,C2_PHASE_CONTRACT,ID,32,crosswalk,False,False,False,0,0,31.796957987145564,2.1891876416546956,True,False
43,C2_PHASE_CONTRACT,ID,33,crosswalk,False,False,False,0,0,27.083525974777213,1.7854859928290048,True,False
43,C2_PHASE_CONTRACT,ID,34,crosswalk,False,False,False,0,0,27.883671566300208,2.1704088790076117,True,False
43,C2_PHASE_CONTRACT,ID,35,crosswalk,False,False,False,0,0,36.35419377882688,0.464940903087457,True,False
43,C2_PHASE_CONTRACT,ID,36,crosswalk,False,False,False,0,0,32.61616057841394,2.1493904227795806,True,False
43,C2_PHASE_CONTRACT,ID,37,crosswalk,False,False,False,0,0,37.90879404409284,0.4088767431676388,True,False
43,C2_PHASE_CONTRACT,ID,38,crosswalk,False,False,False,0,0,34.43198328467995,0.41075026859407837,True,False
43,C2_PHASE_CONTRACT,ID,39,crosswalk,False,False,False,0,0,30.673302168598855,1.903035839398702,True,False
43,C2_PHASE_CONTRACT,ID,40,crosswalk,False,False,False,0,0,34.7880280238296,0.4163651945798293,True,False
43,C2_PHASE_CONTRACT,ID,41,crosswalk,False,False,False,0,0,38.413840324428904,0.9658645962675412,True,False
43,C2_PHASE_CONTRACT,ID,42,crosswalk,False,False,False,0,0,37.976072386798194,1.2856658577919005,True,False
43,C2_PHASE_CONTRACT,ID,43,crosswalk,False,False,False,0,0,30.981528762930797,2.192152813076973,True,False
43,C2_PHASE_CONTRACT,ID,44,crosswalk,False,False,False,0,0,28.29052600417557,1.473468260632621,True,False
43,C2_PHASE_CONTRACT,ID,45,crosswalk,False,False,False,0,0,29.16715753859794,1.5952410158656893,True,False
43,C2_PHASE_CONTRACT,ID,46,crosswalk,False,False,False,0,0,34.676336238551,0.45492492970966153,True,False
43,C2_PHASE_CONTRACT,ID,47,crosswalk,False,False,False,0,0,32.41104085545872,0.7265404572612361,True,False
43,C2_PHASE_CONTRACT,ID,48,crosswalk,False,False,False,0,0,34.77311267335588,0.4097452500592107,True,False
43,C2_PHASE_CONTRACT,ID,49,crosswalk,False,False,False,0,0,29.12911351580736,0.8355778769442909,True,False
43,C2_PHASE_CONTRACT,ID,50,crosswalk,False,False,False,0,0,30.97949337066978,1.9070263393223286,True,False
43,C2_PHASE_CONTRACT,ID,51,crosswalk,False,False,False,0,0,34.57998755115936,2.0671011817952,True,False
43,C2_PHASE_CONTRACT,ID,52,crosswalk,False,False,False,0,0,38.09882535767671,1.9801491952460744,True,False
43,C2_PHASE_CONTRACT,ID,53,crosswalk,False,False,False,0,0,36.79341337977004,2.128836039615714,True,False
43,C2_PHASE_CONTRACT,ID,54,crosswalk,False,False,False,0,0,37.323800838157695,1.9536482294400532,True,False
43,C2_PHASE_CONTRACT,ID,55,crosswalk,False,False,False,0,0,29.013592501817357,1.770454936084293,True,False
43,C2_PHASE_CONTRACT,ID,56,crosswalk,False,False,False,0,0,37.84029720222185,0.430523312904618,True,False
43,C2_PHASE_CONTRACT,ID,57,crosswalk,False,False,False,0,0,34.12072929170897,0.4703977257013321,True,False
43,C2_PHASE_CONTRACT,ID,58,crosswalk,False,False,False,0,0,32.835331922311376,2.165289987688479,True,False
43,C2_PHASE_CONTRACT,ID,59,crosswalk,False,False,False,0,0,33.36643641274729,0.3922813288543535,True,False
43,C2_PHASE_CONTRACT,ID,60,crosswalk,False,False,False,0,0,32.672078631572155,0.9465829282999039,True,False
43,C2_PHASE_CONTRACT,ID,61,crosswalk,False,False,False,0,0,33.17447430338235,2.2244352102279663,True,False
43,C2_PHASE_CONTRACT,ID,62,crosswalk,False,False,False,0,0,29.012506710814463,2.0862899585203687,True,False
43,C2_PHASE_CONTRACT,ID,63,crosswalk,False,False,False,0,0,36.92432714190468,2.0375221222639084,True,False
43,C2_PHASE_CONTRACT,ID,64,crosswalk,False,False,False,0,0,31.746387556008866,0.3952989117665724,True,False
43,C2_PHASE_CONTRACT,ID,65,crosswalk,False,False,False,0,0,28.86632295395433,1.8683534860610962,True,False
43,C2_PHASE_CONTRACT,ID,66,crosswalk,False,False,False,0,0,32.70938647352641,2.078627535830373,True,False
43,C2_PHASE_CONTRACT,ID,67,crosswalk,False,False,False,0,0,32.89170774599984,2.016995989758035,True,False
43,C2_PHASE_CONTRACT,ID,68,crosswalk,False,False,False,0,0,31.844974783199735,0.468118816614151,True,False
43,C2_PHASE_CONTRACT,ID,69,crosswalk,False,False,False,0,0,29.63567992426507,1.9931007244370198,True,False
43,C2_PHASE_CONTRACT,ID,70,crosswalk,False,False,False,0,0,29.61320207089043,0.4244530797004699,True,False
43,C2_PHASE_CONTRACT,ID,71,crosswalk,False,False,False,0,0,29.218816131287724,1.529852428606578,True,False
43,C2_PHASE_CONTRACT,ID,72,crosswalk,False,False,False,0,0,33.87204607013436,1.9939050207967342,True,False
43,C2_PHASE_CONTRACT,ID,73,crosswalk,False,False,False,0,0,35.679703955701314,2.0340403045217195,True,False
43,C2_PHASE_CONTRACT,ID,74,crosswalk,False,False,False,0,0,28.01921991650935,2.4955787784174865,True,False
43,C2_PHASE_CONTRACT,ID,75,crosswalk,False,False,False,0,0,27.047218267726166,2.0054962147365916,True,False
43,C2_PHASE_CONTRACT,ID,76,crosswalk,False,False,False,0,0,35.38011094574813,2.1409761222700276,True,False
43,C2_PHASE_CONTRACT,ID,77,crosswalk,False,False,False,0,0,37.77428220342033,1.9962331590553124,True,False
43,C2_PHASE_CONTRACT,ID,78,crosswalk,False,False,False,0,0,37.42251018131385,0.6658654118126089,True,False
43,C2_PHASE_CONTRACT,ID,79,crosswalk,False,False,False,0,0,28.91249042305014,2.2824921027610174,True,False
43,C2_PHASE_CONTRACT,ID,80,crosswalk,False,False,False,0,0,38.15089264511822,0.35315753748783696,True,False
43,C2_PHASE_CONTRACT,ID,81,crosswalk,False,False,False,0,0,32.74965630127325,1.9502309353455252,True,False
43,C2_PHASE_CONTRACT,ID,82,crosswalk,False,False,False,0,0,38.534050158992606,1.359888185625491,True,False
43,C2_PHASE_CONTRACT,ID,83,crosswalk,False,False,False,0,0,30.840196904698516,0.41455757759866263,True,False
43,C2_PHASE_CONTRACT,ID,84,crosswalk,False,False,False,0,0,29.540139212099035,2.001066891984506,True,False
43,C2_PHASE_CONTRACT,ID,85,crosswalk,False,False,False,0,0,37.81528260458386,0.434277699045513,True,False
43,C2_PHASE_CONTRACT,ID,86,crosswalk,False,False,False,0,0,33.18981363254534,2.1020296669524647,True,False
43,C2_PHASE_CONTRACT,ID,87,crosswalk,False,False,False,0,0,34.12238778167264,1.9660331376574254,True,False
43,C2_PHASE_CONTRACT,ID,88,crosswalk,False,False,False,0,0,34.95728620500415,2.1181857197181038,True,False
43,C2_PHASE_CONTRACT,ID,89,crosswalk,False,False,False,0,0,30.165564406852393,2.3323217183351517,True,False
43,C2_PHASE_CONTRACT,ID,90,crosswalk,False,False,False,0,0,32.39214153772448,2.003633801055991,True,False
43,C2_PHASE_CONTRACT,ID,91,crosswalk,False,False,False,0,0,36.12814219947742,0.3645285367965698,True,False
43,C2_PHASE_CONTRACT,ID,92,crosswalk,False,False,False,0,0,30.122402787308353,2.3171646893024445,True,False
43,C2_PHASE_CONTRACT,ID,93,crosswalk,False,False,False,0,0,33.29666888220695,0.46220924173082617,True,False
43,C2_PHASE_CONTRACT,ID,94,crosswalk,False,False,False,0,0,34.93699847298904,1.7137530267238616,True,False
43,C2_PHASE_CONTRACT,ID,95,crosswalk,False,False,False,0,0,36.26861833589389,2.060975320637226,True,False
43,C2_PHASE_CONTRACT,ID,96,crosswalk,False,False,False,0,0,38.20893870448968,1.5990915570570075,True,False
43,C2_PHASE_CONTRACT,ID,97,crosswalk,False,False,False,0,0,28.728926616999217,1.8068917592366536,True,False
43,C2_PHASE_CONTRACT,ID,98,crosswalk,False,False,False,0,0,33.27603684620752,1.9993666073550347,True,False
43,C2_PHASE_CONTRACT,ID,99,crosswalk,False,False,False,0,0,28.28850321374352,2.1636684664658135,True,False
43,C2_PHASE_CONTRACT,ID,100,stop_intersection,False,False,False,0,1,33.60443411083801,1.5405537784099579,True,False
43,C2_PHASE_CONTRACT,ID,101,stop_intersection,False,False,False,0,1,37.871803274562396,1.4224831830887568,True,False
43,C2_PHASE_CONTRACT,ID,102,stop_intersection,False,False,False,0,1,28.257150127419372,1.6247375653340264,True,False
43,C2_PHASE_CONTRACT,ID,103,stop_intersection,False,False,False,0,1,34.44412764317202,1.3841073711713154,True,False
43,C2_PHASE_CONTRACT,ID,104,stop_intersection,False,False,False,0,1,31.338777326509444,1.4048224687576294,True,False
43,C2_PHASE_CONTRACT,ID,105,stop_intersection,False,False,False,0,1,32.770899136818656,1.5214496105909348,True,False
43,C2_PHASE_CONTRACT,ID,106,stop_intersection,False,False,False,0,1,30.341621959416727,1.7572940180176182,True,False
43,C2_PHASE_CONTRACT,ID,107,stop_intersection,False,False,False,0,1,27.424570284412674,1.4263293303941427,True,False
43,C2_PHASE_CONTRACT,ID,108,stop_intersection,False,False,False,0,1,28.331720615624434,1.4956992864608765,True,False
43,C2_PHASE_CONTRACT,ID,109,stop_intersection,False,False,False,0,1,30.384474278235686,1.6154197015260396,True,False
43,C2_PHASE_CONTRACT,ID,110,stop_intersection,False,False,False,0,1,34.22727262291273,1.4535159308735917,True,False
43,C2_PHASE_CONTRACT,ID,111,stop_intersection,False,False,False,0,1,29.654233326170846,1.513544107094789,True,False
43,C2_PHASE_CONTRACT,ID,112,stop_intersection,False,False,False,0,1,29.81784934678096,1.5912750206495585,True,False
43,C2_PHASE_CONTRACT,ID,113,stop_intersection,False,False,False,0,1,32.79778149662911,1.6047664789053109,True,False
43,C2_PHASE_CONTRACT,ID,114,stop_intersection,False,False,False,0,1,31.27810675718942,1.506379246711731,True,False
43,C2_PHASE_CONTRACT,ID,115,stop_intersection,False,False,False,0,1,36.47414108201924,1.5983072632835023,True,False
43,C2_PHASE_CONTRACT,ID,116,stop_intersection,False,False,False,0,1,34.11586441417356,1.6085005824158831,True,False
43,C2_PHASE_CONTRACT,ID,117,stop_intersection,False,False,False,0,1,35.33116206890907,1.430206909412291,True,False
43,C2_PHASE_CONTRACT,ID,118,stop_intersection,False,False,False,0,1,36.199236861759076,1.466205272563668,True,False
43,C2_PHASE_CONTRACT,ID,119,stop_intersection,False,False,False,0,1,28.59938699864187,1.6644459135002558,True,False
43,C2_PHASE_CONTRACT,ID,120,stop_intersection,False,False,False,0,1,27.2224318993186,1.7756983803378212,True,False
43,C2_PHASE_CONTRACT,ID,121,stop_intersection,False,False,False,0,1,37.137219184765414,1.4988045665350826,True,False
43,C2_PHASE_CONTRACT,ID,122,stop_intersection,False,False,False,0,1,36.53459861089659,1.5098311007022858,True,False
43,C2_PHASE_CONTRACT,ID,123,stop_intersection,False,False,False,0,1,28.974684273816607,1.428175788176687,True,False
43,C2_PHASE_CONTRACT,ID,124,stop_intersection,False,False,False,0,1,30.247252960533793,1.6142874472850077,True,False
43,C2_PHASE_CONTRACT,ID,125,stop_intersection,False,False,False,0,1,33.11857564002072,1.5117178054956288,True,False
43,C2_PHASE_CONTRACT,ID,126,stop_intersection,False,False,False,0,1,28.469404787324756,1.6721750299135842,True,False
43,C2_PHASE_CONTRACT,ID,127,stop_intersection,False,False,False,0,1,31.638253994700406,1.612098107212468,True,False
43,C2_PHASE_CONTRACT,ID,128,stop_intersection,False,False,False,0,1,32.62182338156609,1.4033200442790985,True,False
43,C2_PHASE_CONTRACT,ID,129,stop_intersection,False,False,False,0,1,31.911697237020896,1.539256282341786,True,False
43,C2_PHASE_CONTRACT,ID,130,stop_intersection,False,False,False,0,1,28.28903293673427,1.760217901822683,True,False
43,C2_PHASE_CONTRACT,ID,131,stop_intersection,False,False,False,0,1,27.09931063062068,1.7569387640271867,True,False
43,C2_PHASE_CONTRACT,ID,132,stop_intersection,False,False,False,0,1,32.50682247697014,1.663657858967781,True,False
43,C2_PHASE_CONTRACT,ID,133,stop_intersection,False,False,False,0,1,33.30418570621313,1.5650012663432529,True,False
43,C2_PHASE_CONTRACT,ID,134,stop_intersection,False,False,False,0,1,30.309224788953774,1.4063296765089033,True,False
43,C2_PHASE_CONTRACT,ID,135,stop_intersection,False,False,False,0,1,33.678626448642184,1.5524673908948898,True,False
43,C2_PHASE_CONTRACT,ID,136,stop_intersection,False,False,False,0,1,30.270311768608565,1.6589381506568506,True,False
43,C2_PHASE_CONTRACT,ID,137,stop_intersection,False,False,False,0,1,34.07520550878184,1.5921922475099564,True,False
43,C2_PHASE_CONTRACT,ID,138,stop_intersection,False,False,False,0,1,38.61791886763063,1.369643585626469,True,False
43,C2_PHASE_CONTRACT,ID,139,stop_intersection,False,False,False,0,1,26.649333023446342,1.7981328283037459,True,False
43,C2_PHASE_CONTRACT,ID,140,stop_intersection,False,False,False,0,1,28.064194412923037,1.5341584746902053,True,False
43,C2_PHASE_CONTRACT,ID,141,stop_intersection,False,False,False,0,1,29.191701080839344,1.4889686977541123,True,False
43,C2_PHASE_CONTRACT,ID,142,stop_intersection,False,False,False,0,1,36.53809573202455,1.4903741202703336,True,False
43,C2_PHASE_CONTRACT,ID,143,stop_intersection,False,False,False,0,1,37.86513599710352,1.3223605670712208,True,False
43,C2_PHASE_CONTRACT,ID,144,stop_intersection,False,False,False,0,1,30.853722757074166,1.6679459198927267,True,False
43,C2_PHASE_CONTRACT,ID,145,stop_intersection,False,False,False,0,1,27.383516610478885,1.5642527739206948,True,False
43,C2_PHASE_CONTRACT,ID,146,stop_intersection,False,False,False,0,1,30.024752486233233,1.5800400575002034,True,False
43,C2_PHASE_CONTRACT,ID,147,stop_intersection,False,False,False,0,1,32.199997061741584,1.3615290711565715,True,False
43,C2_PHASE_CONTRACT,ID,148,stop_intersection,False,False,False,0,1,31.594428399525633,1.7195109003468563,True,False
43,C2_PHASE_CONTRACT,ID,149,stop_intersection,False,False,False,0,1,28.624025286220807,1.575227975845337,True,False
43,C2_PHASE_CONTRACT,ID,150,stop_intersection,False,False,False,0,1,28.45738262541942,1.3355837897820906,True,False
43,C2_PHASE_CONTRACT,ID,151,stop_intersection,False,False,False,0,1,27.80238624686156,1.2311477929938073,True,False
43,C2_PHASE_CONTRACT,ID,152,stop_intersection,False,False,False,0,1,20.991175076039855,1.242216635834087,True,False
43,C2_PHASE_CONTRACT,ID,153,stop_intersection,False,False,False,0,1,20.890725529460262,1.3007831438021225,True,False
43,C2_PHASE_CONTRACT,ID,154,stop_intersection,False,False,False,0,1,28.444587067605937,1.1560995340347289,True,False
43,C2_PHASE_CONTRACT,ID,155,stop_intersection,False,False,False,0,1,22.45123583707528,1.1283828735351562,True,False
43,C2_PHASE_CONTRACT,ID,156,stop_intersection,False,False,False,0,1,27.51584171571311,1.1655369576285868,True,False
43,C2_PHASE_CONTRACT,ID,157,stop_intersection,False,False,False,0,1,24.571580626715722,1.1444661642114322,True,False
43,C2_PHASE_CONTRACT,ID,158,stop_intersection,False,False,False,0,1,26.302202638968204,1.3070577681064603,True,False
43,C2_PHASE_CONTRACT,ID,159,stop_intersection,False,False,False,0,1,21.357296812994612,1.1077116310596464,True,False
43,C2_PHASE_CONTRACT,ID,160,stop_intersection,False,False,False,0,1,28.518753664681867,1.1333607341728957,True,False
43,C2_PHASE_CONTRACT,ID,161,stop_intersection,False,False,False,0,1,22.237701442099883,1.2855346954387166,True,False
43,C2_PHASE_CONTRACT,ID,162,stop_intersection,False,False,False,0,1,25.843717440654792,1.3636472108571425,True,False
43,C2_PHASE_CONTRACT,ID,163,stop_intersection,False,False,False,0,1,21.477713122285387,1.2479721665382386,True,False
43,C2_PHASE_CONTRACT,ID,164,stop_intersection,False,False,False,0,1,21.46181523259681,1.3174752178399458,True,False
43,C2_PHASE_CONTRACT,ID,165,stop_intersection,False,False,False,0,1,21.17006124868924,1.3523868057462902,True,False
43,C2_PHASE_CONTRACT,ID,166,stop_intersection,False,False,False,0,1,21.993781610309867,1.1712122343956155,True,False
43,C2_PHASE_CONTRACT,ID,167,stop_intersection,False,False,False,0,1,23.118024978974642,1.2357187841800932,True,False
43,C2_PHASE_CONTRACT,ID,168,stop_intersection,False,False,False,0,1,26.74047796264837,1.1365381058524637,True,False
43,C2_PHASE_CONTRACT,ID,169,stop_intersection,False,False,False,0,1,22.318825373021383,1.254026730855306,True,False
43,C2_PHASE_CONTRACT,ID,170,stop_intersection,False,False,False,0,1,22.221453935563023,1.1497788548469543,True,False
43,C2_PHASE_CONTRACT,ID,171,stop_intersection,False,False,False,0,1,21.539530414782423,1.2261254429817199,True,False
43,C2_PHASE_CONTRACT,ID,172,stop_intersection,False,False,False,0,1,22.998382161202272,1.1265951216220855,True,False
43,C2_PHASE_CONTRACT,ID,173,stop_intersection,False,False,False,0,1,22.748277443172405,1.278896483969181,True,False
43,C2_PHASE_CONTRACT,ID,174,stop_intersection,False,False,False,0,1,28.10739401536875,1.115129054809103,True,False
43,C2_PHASE_CONTRACT,ID,175,stop_intersection,False,False,False,0,1,23.31629643723162,1.156893539428711,True,False
43,C2_PHASE_CONTRACT,ID,176,stop_intersection,False,False,False,0,1,22.706730356559344,1.332524424912978,True,False
43,C2_PHASE_CONTRACT,ID,177,stop_intersection,False,False,False,0,1,28.079756643047773,1.3808771696957673,True,False
43,C2_PHASE_CONTRACT,ID,178,stop_intersection,False,False,False,0,1,25.6366051990204,1.3687383857640352,True,False
43,C2_PHASE_CONTRACT,ID,179,stop_intersection,False,False,False,0,1,22.326842302388563,1.2737960961400245,True,False
43,C2_PHASE_CONTRACT,ID,180,stop_intersection,False,False,False,0,1,22.66685240712821,1.2279399195495917,True,False
43,C2_PHASE_CONTRACT,ID,181,stop_intersection,False,False,False,0,1,27.618441749347397,1.225005304813385,True,False
43,C2_PHASE_CONTRACT,ID,182,stop_intersection,False,False,False,0,1,22.197756742770927,1.177728125389586,True,False
43,C2_PHASE_CONTRACT,ID,183,stop_intersection,False,False,False,0,1,20.830040540031916,1.198401275803061,True,False
43,C2_PHASE_CONTRACT,ID,184,stop_intersection,False,False,False,0,1,20.970519002096246,1.4138164727584175,True,False
43,C2_PHASE_CONTRACT,ID,185,stop_intersection,False,False,False,0,1,22.945063737286944,1.183827027030613,True,False
43,C2_PHASE_CONTRACT,ID,186,stop_intersection,False,False,False,0,1,28.44810211705755,1.1122435688972472,True,False
43,C2_PHASE_CONTRACT,ID,187,stop_intersection,False,False,False,0,1,21.621873573500153,1.3072026769320169,True,False
43,C2_PHASE_CONTRACT,ID,188,stop_intersection,False,False,False,0,1,27.644010427541247,1.4080587706782601,True,False
43,C2_PHASE_CONTRACT,ID,189,stop_intersection,False,False,False,0,1,28.73445230011864,1.0918986797332764,True,False
43,C2_PHASE_CONTRACT,ID,190,stop_intersection,False,False,False,0,1,21.667122299073306,1.2808887595715728,True,False
43,C2_PHASE_CONTRACT,ID,191,stop_intersection,False,False,False,0,1,27.57785395070109,1.4120760493808322,True,False
43,C2_PHASE_CONTRACT,ID,192,stop_intersection,False,False,False,0,1,26.804771677806386,1.1722442865371703,True,False
43,C2_PHASE_CONTRACT,ID,193,stop_intersection,False,False,False,0,1,27.776665309470875,1.2290927231311797,True,False
43,C2_PHASE_CONTRACT,ID,194,stop_intersection,False,False,False,0,1,25.52586362262022,1.1601745848562202,True,False
43,C2_PHASE_CONTRACT,ID,195,stop_intersection,False,False,False,0,1,20.776193229095544,1.275249440619286,True,False
43,C2_PHASE_CONTRACT,ID,196,stop_intersection,False,False,False,0,1,27.118169152663214,1.2595512807369231,True,False
43,C2_PHASE_CONTRACT,ID,197,stop_intersection,False,False,False,0,1,20.948186938893205,1.3791507617993788,True,False
43,C2_PHASE_CONTRACT,ID,198,stop_intersection,False,False,False,0,1,23.58028498469509,1.4715659482912582,True,False
43,C2_PHASE_CONTRACT,ID,199,stop_intersection,False,False,False,0,1,28.14147425865103,1.218563437461853,True,False
43,C2_PHASE_CONTRACT,ID,200,lead_brake,False,False,False,0,0,70.97794943143221,10.21495230992635,True,False
43,C2_PHASE_CONTRACT,ID,201,lead_brake,False,False,False,0,0,93.77551360845561,4.087501240273316,True,False
43,C2_PHASE_CONTRACT,ID,202,lead_brake,False,False,False,0,0,55.00956486147881,9.71914212529858,True,False
43,C2_PHASE_CONTRACT,ID,203,lead_brake,False,False,False,0,0,75.19144083273257,1.824426864584287,True,False
43,C2_PHASE_CONTRACT,ID,204,lead_brake,False,False,False,0,0,96.88985139941735,0.08049014210700987,True,False
43,C2_PHASE_CONTRACT,ID,205,lead_brake,False,False,False,0,0,74.41292086981909,1.8651812374591827,True,False
43,C2_PHASE_CONTRACT,ID,206,lead_brake,False,False,False,0,0,88.73531948668784,1.626416285832723,True,False
43,C2_PHASE_CONTRACT,ID,207,lead_brake,False,False,False,0,0,76.91124155375611,9.610616942246754,True,False
43,C2_PHASE_CONTRACT,ID,208,lead_brake,False,False,False,0,0,58.36816244639294,10.51596539840102,True,False
43,C2_PHASE_CONTRACT,ID,209,lead_brake,False,False,False,0,0,87.62946645782317,5.779780566692351,True,False
43,C2_PHASE_CONTRACT,ID,210,lead_brake,False,False,False,0,0,74.8188961826771,8.039127866427103,True,False
43,C2_PHASE_CONTRACT,ID,211,lead_brake,False,False,False,0,0,84.7174588751377,6.878107811013857,True,False
43,C2_PHASE_CONTRACT,ID,212,lead_brake,False,False,False,0,0,77.28664799762117,5.324006515244642,True,False
43,C2_PHASE_CONTRACT,ID,213,lead_brake,False,False,False,0,0,73.72892853228394,9.670285706718763,True,False
43,C2_PHASE_CONTRACT,ID,214,lead_brake,False,False,False,0,0,86.47899843041225,1.6229047576586404,True,False
43,C2_PHASE_CONTRACT,ID,215,lead_brake,False,False,False,0,0,95.87106819435931,0.9799078727761904,True,False
43,C2_PHASE_CONTRACT,ID,216,lead_brake,False,False,False,0,0,98.22401829838759,0.027004450559616085,True,False
43,C2_PHASE_CONTRACT,ID,217,lead_brake,False,False,False,0,0,70.62798002416328,9.828860367337862,True,False
43,C2_PHASE_CONTRACT,ID,218,lead_brake,False,False,False,0,0,68.63510953820656,7.88554061949253,True,False
43,C2_PHASE_CONTRACT,ID,219,lead_brake,False,False,False,0,0,70.73028209667241,6.15945602953434,True,False
43,C2_PHASE_CONTRACT,ID,220,lead_brake,False,False,False,0,0,70.44076895682525,10.13382791976134,True,False
43,C2_PHASE_CONTRACT,ID,221,lead_brake,False,False,False,0,0,78.2218203667783,8.581144511699677,True,False
43,C2_PHASE_CONTRACT,ID,222,lead_brake,False,False,False,0,0,79.49249078089203,8.50242635111014,True,False
43,C2_PHASE_CONTRACT,ID,223,lead_brake,False,False,False,0,0,66.30351391362274,4.423926172157128,True,False
43,C2_PHASE_CONTRACT,ID,224,lead_brake,False,False,False,0,0,74.92379926832669,9.968793223301569,True,False
43,C2_PHASE_CONTRACT,ID,225,lead_brake,False,False,False,0,0,65.35838984056429,8.739972598850727,True,False
43,C2_PHASE_CONTRACT,ID,226,lead_brake,False,False,False,0,0,65.82204238284106,6.2519425327579174,True,False
43,C2_PHASE_CONTRACT,ID,227,lead_brake,False,False,False,0,0,71.60302905005636,3.4681570207079253,True,False
43,C2_PHASE_CONTRACT,ID,228,lead_brake,False,False,False,0,0,80.29687364073466,8.030528565247852,True,False
43,C2_PHASE_CONTRACT,ID,229,lead_brake,False,False,False,0,0,67.0671392745092,10.531780049204826,True,False
43,C2_PHASE_CONTRACT,ID,230,lead_brake,False,False,False,0,0,84.43191402209071,4.603654677669207,True,False
43,C2_PHASE_CONTRACT,ID,231,lead_brake,False,False,False,0,0,79.5552042702652,4.6561866129438085,True,False
43,C2_PHASE_CONTRACT,ID,232,lead_brake,False,False,False,0,0,76.46304491347298,7.858976277212301,True,False
43,C2_PHASE_CONTRACT,ID,233,lead_brake,False,False,False,0,0,94.73101027230231,1.3086449056863785,True,False
43,C2_PHASE_CONTRACT,ID,234,lead_brake,False,False,False,0,0,80.81733826779721,3.168377686291933,True,False
43,C2_PHASE_CONTRACT,ID,235,lead_brake,False,False,False,0,0,83.48361394862816,0.5592509980003039,True,False
43,C2_PHASE_CONTRACT,ID,236,lead_brake,False,False,False,0,0,65.00749663625561,2.965003455678622,True,False
43,C2_PHASE_CONTRACT,ID,237,lead_brake,False,False,False,0,0,80.33846563390274,4.074956055730581,True,False
43,C2_PHASE_CONTRACT,ID,238,lead_brake,False,False,False,0,0,83.09708410219969,1.6992091362675028,True,False
43,C2_PHASE_CONTRACT,ID,239,lead_brake,False,False,False,0,0,52.657431491135256,10.069695976873238,True,False
43,C2_PHASE_CONTRACT,ID,240,lead_brake,False,False,False,0,0,73.81588947308279,9.563443447152773,True,False
43,C2_PHASE_CONTRACT,ID,241,lead_brake,False,False,False,0,0,58.954254373120285,8.737163552393515,True,False
43,C2_PHASE_CONTRACT,ID,242,lead_brake,False,False,False,0,0,67.11790566077454,4.440536054472128,True,False
43,C2_PHASE_CONTRACT,ID,243,lead_brake,False,False,False,0,0,53.72562614556115,10.242785170053443,True,False
43,C2_PHASE_CONTRACT,ID,244,lead_brake,False,False,False,0,0,54.739732477154035,8.956072280804316,True,False
43,C2_PHASE_CONTRACT,ID,245,lead_brake,False,False,False,0,0,75.82859284842574,1.9437234227856,True,False
43,C2_PHASE_CONTRACT,ID,246,lead_brake,False,False,False,0,0,98.2135773807764,0.0534220536549886,True,False
43,C2_PHASE_CONTRACT,ID,247,lead_brake,False,False,False,0,0,80.3184270323583,8.944038192431131,True,False
43,C2_PHASE_CONTRACT,ID,248,lead_brake,False,False,False,0,0,66.87810990367423,9.724038744966188,True,False
43,C2_PHASE_CONTRACT,ID,249,lead_brake,False,False,False,0,0,97.78447980093922,0.051337587336699166,True,False
43,C2_PHASE_CONTRACT,ID,250,lead_brake,False,False,False,0,0,70.21791037916053,9.660434380173683,True,False
43,C2_PHASE_CONTRACT,ID,251,lead_brake,False,False,False,0,0,73.34044276392765,2.626723573853572,True,False
43,C2_PHASE_CONTRACT,ID,252,lead_brake,False,False,False,0,0,86.84411069440341,0.9138850420713425,True,False
43,C2_PHASE_CONTRACT,ID,253,lead_brake,False,False,False,0,0,87.55835417438968,2.3602292587359743,True,False
43,C2_PHASE_CONTRACT,ID,254,lead_brake,False,False,False,0,0,95.41866028602378,1.8605054765939713,True,False
43,C2_PHASE_CONTRACT,ID,255,lead_brake,False,False,False,0,0,61.94984756951407,7.679851509630679,True,False
43,C2_PHASE_CONTRACT,ID,256,lead_brake,False,False,False,0,0,71.88102140390744,3.888311224679152,True,False
43,C2_PHASE_CONTRACT,ID,257,lead_brake,False,False,False,0,0,78.63529143622463,2.4128999511400857,True,False
43,C2_PHASE_CONTRACT,ID,258,lead_brake,False,False,False,0,0,79.04093301243262,1.5807381694515545,True,False
43,C2_PHASE_CONTRACT,ID,259,lead_brake,False,False,False,0,0,97.52010385299035,0.29430884743730223,True,False
43,C2_PHASE_CONTRACT,ID,260,lead_brake,False,False,False,0,0,71.6055577318033,8.751046856244406,True,False
43,C2_PHASE_CONTRACT,ID,261,lead_brake,False,False,False,0,0,77.99422393858444,8.57334217429161,True,False
43,C2_PHASE_CONTRACT,ID,262,lead_brake,False,False,False,0,0,89.90777278672057,2.461960812409719,True,False
43,C2_PHASE_CONTRACT,ID,263,lead_brake,False,False,False,0,0,77.70288625175081,8.941650678714115,True,False
43,C2_PHASE_CONTRACT,ID,264,lead_brake,False,False,False,0,0,96.55521800126148,0.0995342085758845,True,False
43,C2_PHASE_CONTRACT,ID,265,lead_brake,False,False,False,0,0,84.47789476215846,4.519609530766805,True,False
43,C2_PHASE_CONTRACT,ID,266,lead_brake,False,False,False,0,0,86.6463232751091,2.3886420726776123,True,False
43,C2_PHASE_CONTRACT,ID,267,lead_brake,False,False,False,0,0,85.29554052981672,2.358095029989878,True,False
43,C2_PHASE_CONTRACT,ID,268,lead_brake,False,False,False,0,0,84.4310880297717,3.3259419066210585,True,False
43,C2_PHASE_CONTRACT,ID,269,lead_brake,False,False,False,0,0,58.20104268792221,11.375597724070152,True,False
43,C2_PHASE_CONTRACT,ID,270,lead_brake,False,False,False,0,0,73.35058870720255,8.413045967618624,True,False
43,C2_PHASE_CONTRACT,ID,271,lead_brake,False,False,False,0,0,57.54524035152508,10.26926077157259,True,False
43,C2_PHASE_CONTRACT,ID,272,lead_brake,False,False,False,0,0,76.23874055369961,9.062006225188574,True,False
43,C2_PHASE_CONTRACT,ID,273,lead_brake,False,False,False,0,0,60.127723984674404,3.6715214885771275,True,False
43,C2_PHASE_CONTRACT,ID,274,lead_brake,False,False,False,0,0,58.7626035462249,9.645425270001093,True,False
43,C2_PHASE_CONTRACT,ID,275,lead_brake,False,False,False,0,0,86.7452962873102,4.270640070239702,True,False
43,C2_PHASE_CONTRACT,ID,276,lead_brake,False,False,False,0,0,53.465827948191034,5.942510383824507,True,False
43,C2_PHASE_CONTRACT,ID,277,lead_brake,False,False,False,0,0,60.38555198714325,10.23620909700791,True,False
43,C2_PHASE_CONTRACT,ID,278,lead_brake,False,False,False,0,0,81.5457095281424,3.3597099035978317,True,False
43,C2_PHASE_CONTRACT,ID,279,lead_brake,False,False,False,0,0,64.39124252864032,5.753564275801182,True,False
43,C2_PHASE_CONTRACT,ID,280,lead_brake,False,False,False,0,0,85.64238358389798,3.772756037612756,True,False
43,C2_PHASE_CONTRACT,ID,281,lead_brake,False,False,False,0,0,89.15425728510483,0.620663195848465,True,False
43,C2_PHASE_CONTRACT,ID,282,lead_brake,False,False,False,0,0,72.84383826766057,1.6939937273661294,True,False
43,C2_PHASE_CONTRACT,ID,283,lead_brake,False,False,False,0,0,69.00290608598387,1.6429034372170765,True,False
43,C2_PHASE_CONTRACT,ID,284,lead_brake,False,False,False,0,0,60.542525687472214,9.892536928256352,True,False
43,C2_PHASE_CONTRACT,ID,285,lead_brake,False,False,False,0,0,83.03835529345658,3.858604644735654,True,False
43,C2_PHASE_CONTRACT,ID,286,lead_brake,False,False,False,0,0,60.619412655583005,9.758245778580505,True,False
43,C2_PHASE_CONTRACT,ID,287,lead_brake,False,False,False,0,0,88.12520350416447,1.1316640352209408,True,False
43,C2_PHASE_CONTRACT,ID,288,lead_brake,False,False,False,0,0,80.66065559651057,6.379964182774225,True,False
43,C2_PHASE_CONTRACT,ID,289,lead_brake,False,False,False,0,0,78.6864773911313,6.512339000900586,True,False
43,C2_PHASE_CONTRACT,ID,290,lead_brake,False,False,False,0,0,77.44812269979643,7.830123116572698,True,False
43,C2_PHASE_CONTRACT,ID,291,lead_brake,False,False,False,0,0,85.4171701220522,2.180126833419005,True,False
43,C2_PHASE_CONTRACT,ID,292,lead_brake,False,False,False,0,0,82.56978700469546,4.805505054692427,True,False
43,C2_PHASE_CONTRACT,ID,293,lead_brake,False,False,False,0,0,45.04054952300345,9.114366577317318,True,False
43,C2_PHASE_CONTRACT,ID,294,lead_brake,False,False,False,0,0,88.14399923903567,5.862612888216972,True,False
43,C2_PHASE_CONTRACT,ID,295,lead_brake,False,False,False,0,0,73.65121983676794,3.0788310964902244,True,False
43,C2_PHASE_CONTRACT,ID,296,lead_brake,False,False,False,0,0,83.23788579715364,6.489310100674628,True,False
43,C2_PHASE_CONTRACT,ID,297,lead_brake,False,False,False,0,0,67.69377421685702,10.626667367915312,True,False
43,C2_PHASE_CONTRACT,ID,298,lead_brake,False,False,False,0,0,67.67371892654326,3.0251778811216354,True,False
43,C2_PHASE_CONTRACT,ID,299,lead_brake,False,False,False,0,0,76.46782580614095,6.779098277290661,True,False
43,C2_PHASE_CONTRACT,OOD,0,crosswalk,False,False,False,0,1,30.20224123023023,1.690199955089672,True,False
43,C2_PHASE_CONTRACT,OOD,1,crosswalk,False,False,False,0,1,31.549152870719645,1.7678538528648582,True,False
43,C2_PHASE_CONTRACT,OOD,2,crosswalk,False,False,False,0,1,22.95791438552014,1.1829575896263123,True,False
43,C2_PHASE_CONTRACT,OOD,3,crosswalk,False,False,False,0,1,30.144935597252722,1.7198423828397476,True,False
43,C2_PHASE_CONTRACT,OOD,4,crosswalk,False,False,False,0,1,25.226958902636646,1.6767700612545013,True,False
43,C2_PHASE_CONTRACT,OOD,5,crosswalk,False,False,False,0,1,25.019911697758875,1.6721382169496446,True,False
43,C2_PHASE_CONTRACT,OOD,6,crosswalk,False,False,False,0,1,20.588374827285495,1.5284333581274205,True,False
43,C2_PHASE_CONTRACT,OOD,7,crosswalk,False,False,False,0,1,22.231142306666797,1.7105263157894737,True,False
43,C2_PHASE_CONTRACT,OOD,8,crosswalk,False,False,False,0,1,30.353568194902508,1.3261441654629176,True,False
43,C2_PHASE_CONTRACT,OOD,9,crosswalk,False,False,False,0,1,30.11601106554907,1.7707652167270056,True,False
43,C2_PHASE_CONTRACT,OOD,10,crosswalk,False,False,False,0,1,26.41362673419303,1.54764453570048,True,False
43,C2_PHASE_CONTRACT,OOD,11,crosswalk,False,False,False,0,1,24.268872973970552,1.583731901354906,True,False
43,C2_PHASE_CONTRACT,OOD,12,crosswalk,False,False,False,0,1,27.374505626849796,1.538861531477708,True,False
43,C2_PHASE_CONTRACT,OOD,13,crosswalk,False,False,False,0,1,23.40583033061806,1.3600451142891592,True,False
43,C2_PHASE_CONTRACT,OOD,14,crosswalk,False,False,False,0,1,31.475524312725806,1.5259954475221178,True,False
43,C2_PHASE_CONTRACT,OOD,15,crosswalk,False,False,False,0,1,22.4435090939838,1.4199905699871955,True,False
43,C2_PHASE_CONTRACT,OOD,16,crosswalk,False,False,False,0,1,22.678495742190936,1.3567121293809676,True,False
43,C2_PHASE_CONTRACT,OOD,17,crosswalk,False,False,False,0,1,21.078517951824487,1.2319881536743857,True,False
43,C2_PHASE_CONTRACT,OOD,18,crosswalk,False,False,False,0,1,22.196360450605106,1.536163381628088,True,False
43,C2_PHASE_CONTRACT,OOD,19,crosswalk,False,False,False,0,1,21.970638790065447,1.5867963291349865,True,False
43,C2_PHASE_CONTRACT,OOD,20,crosswalk,False,False,False,0,1,29.728959452383016,1.4259815757924859,True,False
43,C2_PHASE_CONTRACT,OOD,21,crosswalk,False,False,False,0,1,22.28116774333878,1.3051325503898703,True,False
43,C2_PHASE_CONTRACT,OOD,22,crosswalk,False,False,False,0,1,21.108695111405964,1.6123909503221512,True,False
43,C2_PHASE_CONTRACT,OOD,23,crosswalk,False,False,False,0,1,29.12628437252759,1.4902231305144553,True,False
43,C2_PHASE_CONTRACT,OOD,24,crosswalk,False,False,False,0,1,22.632291585016148,1.6478074428647063,True,False
43,C2_PHASE_CONTRACT,OOD,25,crosswalk,False,False,False,0,1,22.374597008484486,1.2321868969334495,True,False
43,C2_PHASE_CONTRACT,OOD,26,crosswalk,False,False,False,0,1,22.872438272555662,1.2592313730198403,True,False
43,C2_PHASE_CONTRACT,OOD,27,crosswalk,False,False,False,0,1,29.41363187514341,1.5785550164139788,True,False
43,C2_PHASE_CONTRACT,OOD,28,crosswalk,False,False,False,0,1,31.053028000757195,1.7335173716911902,True,False
43,C2_PHASE_CONTRACT,OOD,29,crosswalk,False,False,False,0,1,28.96884499403351,1.5788677958555,True,False
43,C2_PHASE_CONTRACT,OOD,30,crosswalk,False,False,False,0,1,29.274071637843996,1.6983427711435266,True,False
43,C2_PHASE_CONTRACT,OOD,31,crosswalk,False,False,False,0,1,23.14317869505153,1.4083941637173942,True,False
43,C2_PHASE_CONTRACT,OOD,32,crosswalk,False,False,False,0,1,27.721200128855273,1.3617999398190042,True,False
43,C2_PHASE_CONTRACT,OOD,33,crosswalk,False,False,False,0,1,26.705352929802917,1.477929150185934,True,False
43,C2_PHASE_CONTRACT,OOD,34,crosswalk,False,False,False,0,1,24.623259530099304,1.18025629416756,True,False
43,C2_PHASE_CONTRACT,OOD,35,crosswalk,False,False,False,0,1,22.22199668036189,1.6372898290323656,True,False
43,C2_PHASE_CONTRACT,OOD,36,crosswalk,False,False,False,0,1,21.250466341434826,1.5891758998235066,True,False
43,C2_PHASE_CONTRACT,OOD,37,crosswalk,False,False,False,0,1,22.711371334677743,1.5925057041339385,True,False
43,C2_PHASE_CONTRACT,OOD,38,crosswalk,False,False,False,0,1,20.811920893275136,1.407095670700073,True,False
43,C2_PHASE_CONTRACT,OOD,39,crosswalk,False,False,False,0,1,30.523716030818544,1.5791418722697665,True,False
43,C2_PHASE_CONTRACT,OOD,40,crosswalk,False,False,False,0,1,21.62770500780025,1.657210449839747,True,False
43,C2_PHASE_CONTRACT,OOD,41,crosswalk,False,False,False,0,1,24.234635327159914,1.2340700493918524,True,False
43,C2_PHASE_CONTRACT,OOD,42,crosswalk,False,False,False,0,1,25.103546618057837,1.893630088903965,True,False
43,C2_PHASE_CONTRACT,OOD,43,crosswalk,False,False,False,0,1,20.650417949328972,1.2238720135811048,True,False
43,C2_PHASE_CONTRACT,OOD,44,crosswalk,False,False,False,0,1,31.337139479662824,1.316521459437431,True,False
43,C2_PHASE_CONTRACT,OOD,45,crosswalk,False,False,False,0,1,21.60277944660858,1.4454711498098172,True,False
43,C2_PHASE_CONTRACT,OOD,46,crosswalk,False,False,False,0,1,30.875369526696183,1.3244852152737703,True,False
43,C2_PHASE_CONTRACT,OOD,47,crosswalk,False,False,False,0,1,24.43410831253832,1.3506296412511305,True,False
43,C2_PHASE_CONTRACT,OOD,48,crosswalk,False,False,False,0,1,27.62065856117487,1.6214754031254692,True,False
43,C2_PHASE_CONTRACT,OOD,49,crosswalk,False,False,False,0,1,26.834645499504457,1.7806981425536306,True,False
43,C2_PHASE_CONTRACT,OOD,50,crosswalk,False,False,False,0,1,27.71503301365081,1.5892514344808217,True,False
43,C2_PHASE_CONTRACT,OOD,51,crosswalk,False,False,False,0,1,27.262433493666183,1.9064799547195435,True,False
43,C2_PHASE_CONTRACT,OOD,52,crosswalk,False,False,False,0,1,22.24010334963444,1.7087409167717664,True,False
43,C2_PHASE_CONTRACT,OOD,53,crosswalk,False,False,False,0,1,21.918927663088148,1.5263143584534926,True,False
43,C2_PHASE_CONTRACT,OOD,54,crosswalk,False,False,False,0,1,25.88081399548843,1.625,True,False
43,C2_PHASE_CONTRACT,OOD,55,crosswalk,False,False,False,0,1,29.949905249696656,1.9313218742609022,True,False
43,C2_PHASE_CONTRACT,OOD,56,crosswalk,False,False,False,0,1,22.725610433655262,1.553326318430346,True,False
43,C2_PHASE_CONTRACT,OOD,57,crosswalk,False,False,False,0,1,21.390251431519147,1.4971710806307585,True,False
43,C2_PHASE_CONTRACT,OOD,58,crosswalk,False,False,False,0,1,28.654433263695967,1.4365907679212855,True,False
43,C2_PHASE_CONTRACT,OOD,59,crosswalk,False,False,False,0,1,23.307396136582582,1.4322597295679944,True,False
43,C2_PHASE_CONTRACT,OOD,60,crosswalk,False,False,False,0,1,27.62003437166996,1.5463866215003164,True,False
43,C2_PHASE_CONTRACT,OOD,61,crosswalk,False,False,False,0,1,23.483736628870226,1.3604313287979515,True,False
43,C2_PHASE_CONTRACT,OOD,62,crosswalk,False,False,False,0,1,28.412338793462595,1.1756497751111568,True,False
43,C2_PHASE_CONTRACT,OOD,63,crosswalk,False,False,False,0,1,21.66299272633158,1.2948219950606181,True,False
43,C2_PHASE_CONTRACT,OOD,64,crosswalk,False,False,False,0,1,24.387539903733362,1.7497438330983006,True,False
43,C2_PHASE_CONTRACT,OOD,65,crosswalk,False,False,False,0,1,30.3065650440628,1.3534883923000758,True,False
43,C2_PHASE_CONTRACT,OOD,66,crosswalk,False,False,False,0,1,21.19469014490698,1.6962331682443617,True,False
43,C2_PHASE_CONTRACT,OOD,67,crosswalk,False,False,False,0,1,27.90643037987313,1.6720226738188,True,False
43,C2_PHASE_CONTRACT,OOD,68,crosswalk,False,False,False,0,1,20.66771333025488,1.1984038352966309,True,False
43,C2_PHASE_CONTRACT,OOD,69,crosswalk,False,False,False,0,1,25.581832362552056,1.4458479591318079,True,False
43,C2_PHASE_CONTRACT,OOD,70,crosswalk,False,False,False,0,1,22.790622403056275,1.6167203738139226,True,False
43,C2_PHASE_CONTRACT,OOD,71,crosswalk,False,False,False,0,1,28.390029226810213,1.5180754661560059,True,False
43,C2_PHASE_CONTRACT,OOD,72,crosswalk,False,False,False,0,1,23.07900925984522,1.5200307892590033,True,False
43,C2_PHASE_CONTRACT,OOD,73,crosswalk,False,False,False,0,1,28.17281265840763,1.4101767539978027,True,False
43,C2_PHASE_CONTRACT,OOD,74,crosswalk,False,False,False,0,1,24.651557342052065,1.5516379395046749,True,False
43,C2_PHASE_CONTRACT,OOD,75,crosswalk,False,False,False,0,1,27.202937533661633,1.765872925519943,True,False
43,C2_PHASE_CONTRACT,OOD,76,crosswalk,False,False,False,0,1,29.08338836211653,1.5512069362275143,True,False
43,C2_PHASE_CONTRACT,OOD,77,crosswalk,False,False,False,0,1,25.98090203983071,1.306739974589575,True,False
43,C2_PHASE_CONTRACT,OOD,78,crosswalk,False,False,False,0,1,29.42234103587242,1.5422381596131758,True,False
43,C2_PHASE_CONTRACT,OOD,79,crosswalk,False,False,False,0,1,20.642937371969108,1.634847323099772,True,False
43,C2_PHASE_CONTRACT,OOD,80,crosswalk,False,False,False,0,1,24.22781641104568,1.6882992386817932,True,False
43,C2_PHASE_CONTRACT,OOD,81,crosswalk,False,False,False,0,1,22.56471420817714,1.6923702527315188,True,False
43,C2_PHASE_CONTRACT,OOD,82,crosswalk,False,False,False,0,1,25.045930762731263,1.3552159848420515,True,False
43,C2_PHASE_CONTRACT,OOD,83,crosswalk,False,False,False,0,1,28.90421176236265,1.4903161577556445,True,False
43,C2_PHASE_CONTRACT,OOD,84,crosswalk,False,False,False,0,1,27.73003708365882,1.3325283416481906,True,False
43,C2_PHASE_CONTRACT,OOD,85,crosswalk,False,False,False,0,1,21.819693754095024,1.299835205787704,True,False
43,C2_PHASE_CONTRACT,OOD,86,crosswalk,False,False,False,0,1,31.405294825045026,1.5823471397161484,True,False
43,C2_PHASE_CONTRACT,OOD,87,crosswalk,False,False,False,0,1,22.741473077722024,1.3408062193128796,True,False
43,C2_PHASE_CONTRACT,OOD,88,crosswalk,False,False,False,0,1,30.204700440270955,1.347113698720932,True,False
43,C2_PHASE_CONTRACT,OOD,89,crosswalk,False,False,False,0,1,28.6185537351617,1.4131831291110015,True,False
43,C2_PHASE_CONTRACT,OOD,90,crosswalk,False,False,False,0,1,30.69112324798304,1.412703812122345,True,False
43,C2_PHASE_CONTRACT,OOD,91,crosswalk,False,False,False,0,1,23.43845691203198,1.5652056803574432,True,False
43,C2_PHASE_CONTRACT,OOD,92,crosswalk,False,False,False,0,1,24.504912258050844,1.4591481004442488,True,False
43,C2_PHASE_CONTRACT,OOD,93,crosswalk,False,False,False,0,1,20.84267800297955,1.3548725030638955,True,False
43,C2_PHASE_CONTRACT,OOD,94,crosswalk,False,False,False,0,1,26.160285307504186,1.5318237698596455,True,False
43,C2_PHASE_CONTRACT,OOD,95,crosswalk,False,False,False,0,1,21.473108923969246,1.394221721551357,True,False
43,C2_PHASE_CONTRACT,OOD,96,crosswalk,False,False,False,0,1,28.30858214480515,1.4661112497019213,True,False
43,C2_PHASE_CONTRACT,OOD,97,crosswalk,False,False,False,0,1,30.530804934856285,1.5083972838791933,True,False
43,C2_PHASE_CONTRACT,OOD,98,crosswalk,False,False,False,0,1,27.815514896740247,1.7752765417098997,True,False
43,C2_PHASE_CONTRACT,OOD,99,crosswalk,False,False,False,0,1,28.054734614660802,1.543528035930965,True,False
43,C2_PHASE_CONTRACT,OOD,100,stop_intersection,False,False,False,0,1,22.845752998204187,1.5753292156891388,True,False
43,C2_PHASE_CONTRACT,OOD,101,stop_intersection,False,False,False,0,1,25.00098404835721,1.8388284370303154,True,False
43,C2_PHASE_CONTRACT,OOD,102,stop_intersection,False,False,False,0,1,30.433947841521135,1.7354006403022342,True,False
43,C2_PHASE_CONTRACT,OOD,103,stop_intersection,False,False,False,0,0,27.31731678613846,1.7230061814188957,True,False
43,C2_PHASE_CONTRACT,OOD,104,stop_intersection,False,False,False,0,1,27.30098724700549,1.5656453506513075,True,False
43,C2_PHASE_CONTRACT,OOD,105,stop_intersection,False,False,False,0,1,20.782666958915115,1.7410334817000797,True,False
43,C2_PHASE_CONTRACT,OOD,106,stop_intersection,False,False,False,0,1,31.5021413985796,1.6561605318172559,True,False
43,C2_PHASE_CONTRACT,OOD,107,stop_intersection,False,False,False,0,1,28.502747708436353,1.9854622511636644,True,False
43,C2_PHASE_CONTRACT,OOD,108,stop_intersection,False,False,False,0,0,24.932043219071126,1.8450856291585498,True,False
43,C2_PHASE_CONTRACT,OOD,109,stop_intersection,False,False,False,0,0,21.19392710594779,2.005151322909764,True,False
43,C2_PHASE_CONTRACT,OOD,110,stop_intersection,False,False,False,0,1,23.856125793487433,1.9286162512642995,True,False
43,C2_PHASE_CONTRACT,OOD,111,stop_intersection,False,False,False,0,1,23.258817987017245,1.7619903350985326,True,False
43,C2_PHASE_CONTRACT,OOD,112,stop_intersection,False,False,False,0,1,24.682387634932162,1.2525629932465758,True,False
43,C2_PHASE_CONTRACT,OOD,113,stop_intersection,False,False,False,0,1,30.924699447537442,1.4940118992870504,True,False
43,C2_PHASE_CONTRACT,OOD,114,stop_intersection,False,False,False,0,0,24.13305596115098,1.9672268629074097,True,False
43,C2_PHASE_CONTRACT,OOD,115,stop_intersection,False,False,False,0,1,25.089782450431386,1.4376542213800791,True,False
43,C2_PHASE_CONTRACT,OOD,116,stop_intersection,False,False,False,0,1,21.926452003079447,2.2627482102030796,True,False
43,C2_PHASE_CONTRACT,OOD,117,stop_intersection,False,False,False,0,1,28.524770924027948,1.786482777350988,True,False
43,C2_PHASE_CONTRACT,OOD,118,stop_intersection,False,False,False,0,1,28.706632144787783,1.4690989094811515,True,False
43,C2_PHASE_CONTRACT,OOD,119,stop_intersection,False,False,False,0,0,24.19908651656733,2.02748153772619,True,False
43,C2_PHASE_CONTRACT,OOD,120,stop_intersection,False,False,False,0,1,31.367072873413306,1.7090089504535382,True,False
43,C2_PHASE_CONTRACT,OOD,121,stop_intersection,False,False,False,0,1,20.859314149267437,1.4596010171450102,True,False
43,C2_PHASE_CONTRACT,OOD,122,stop_intersection,False,False,False,0,1,24.90606113171215,1.3550562247997378,True,False
43,C2_PHASE_CONTRACT,OOD,123,stop_intersection,False,False,False,0,1,31.792628969240475,1.398337185382843,True,False
43,C2_PHASE_CONTRACT,OOD,124,stop_intersection,False,False,False,0,1,29.126266894752355,1.5452150342076323,True,False
43,C2_PHASE_CONTRACT,OOD,125,stop_intersection,False,False,False,0,1,24.3875436015248,1.336234622531467,True,False
43,C2_PHASE_CONTRACT,OOD,126,stop_intersection,False,False,False,0,1,30.66143972189112,1.4783532950613234,True,False
43,C2_PHASE_CONTRACT,OOD,127,stop_intersection,False,False,False,0,1,28.633209500736108,1.5466314752896626,True,False
43,C2_PHASE_CONTRACT,OOD,128,stop_intersection,False,False,False,0,1,30.06725672708786,1.549081049467388,True,False
43,C2_PHASE_CONTRACT,OOD,129,stop_intersection,False,False,False,0,0,26.584820137346718,1.8286126690941886,True,False
43,C2_PHASE_CONTRACT,OOD,130,stop_intersection,False,False,False,0,1,22.307423264913524,1.3042207096898277,True,False
43,C2_PHASE_CONTRACT,OOD,131,stop_intersection,False,False,False,0,1,24.13676977120145,2.258242482648176,True,False
43,C2_PHASE_CONTRACT,OOD,132,stop_intersection,False,False,False,0,1,21.683548634812638,1.5168089256054018,True,False
43,C2_PHASE_CONTRACT,OOD,133,stop_intersection,False,False,False,0,0,24.716901651485077,1.5814912755314896,True,False
43,C2_PHASE_CONTRACT,OOD,134,stop_intersection,False,False,False,0,1,26.470700591026112,1.4725474570248578,True,False
43,C2_PHASE_CONTRACT,OOD,135,stop_intersection,False,False,False,0,1,21.97964763705857,1.2971417300212076,True,False
43,C2_PHASE_CONTRACT,OOD,136,stop_intersection,False,False,False,0,1,25.877901809145058,1.6437317551793278,True,False
43,C2_PHASE_CONTRACT,OOD,137,stop_intersection,False,False,False,0,1,30.63945188356555,1.4360369560195179,True,False
43,C2_PHASE_CONTRACT,OOD,138,stop_intersection,False,False,False,0,1,31.175991022007533,1.7676957186899684,True,False
43,C2_PHASE_CONTRACT,OOD,139,stop_intersection,False,False,False,0,1,27.945833526897722,1.432809516405448,True,False
43,C2_PHASE_CONTRACT,OOD,140,stop_intersection,False,False,False,0,1,25.525590569481913,1.39068888766425,True,False
43,C2_PHASE_CONTRACT,OOD,141,stop_intersection,False,False,False,0,1,29.64292748976266,1.2672155956889308,True,False
43,C2_PHASE_CONTRACT,OOD,142,stop_intersection,False,False,False,0,0,23.087489929029566,1.9518827252528248,True,False
43,C2_PHASE_CONTRACT,OOD,143,stop_intersection,False,False,False,0,1,28.30447260047749,1.6356619174887492,True,False
43,C2_PHASE_CONTRACT,OOD,144,stop_intersection,False,False,False,0,1,30.562691370036326,1.5994137219893625,True,False
43,C2_PHASE_CONTRACT,OOD,145,stop_intersection,False,False,False,0,0,27.18624705469545,2.3497542111497176,True,False
43,C2_PHASE_CONTRACT,OOD,146,stop_intersection,False,False,False,0,1,27.907871175844488,1.7442432287577037,True,False
43,C2_PHASE_CONTRACT,OOD,147,stop_intersection,False,False,False,0,1,21.321574145528736,1.4674615698891715,True,False
43,C2_PHASE_CONTRACT,OOD,148,stop_intersection,False,False,False,0,1,21.07909677249517,1.1259177398113978,True,False
43,C2_PHASE_CONTRACT,OOD,149,stop_intersection,False,False,False,0,0,29.384306239495622,2.0101916790008545,True,False
43,C2_PHASE_CONTRACT,OOD,150,stop_intersection,False,False,False,0,1,23.420419372322655,1.3143883062445598,True,False
43,C2_PHASE_CONTRACT,OOD,151,stop_intersection,False,False,False,0,1,23.60067876221342,1.402526584110762,True,False
43,C2_PHASE_CONTRACT,OOD,152,stop_intersection,False,False,False,0,1,31.095566656546296,1.5260813687298749,True,False
43,C2_PHASE_CONTRACT,OOD,153,stop_intersection,False,False,False,0,1,30.814350729533267,1.5185478111592734,True,False
43,C2_PHASE_CONTRACT,OOD,154,stop_intersection,False,False,False,0,0,21.6781207347169,1.9606178750594456,True,False
43,C2_PHASE_CONTRACT,OOD,155,stop_intersection,False,False,False,0,1,24.891823950108105,1.705615801943673,True,False
43,C2_PHASE_CONTRACT,OOD,156,stop_intersection,False,False,False,0,0,22.385558276466554,1.6799957706378057,True,False
43,C2_PHASE_CONTRACT,OOD,157,stop_intersection,False,False,False,0,1,22.959425565167464,1.9794897131017735,True,False
43,C2_PHASE_CONTRACT,OOD,158,stop_intersection,False,False,False,0,1,31.01617114927828,1.449527948401695,True,False
43,C2_PHASE_CONTRACT,OOD,159,stop_intersection,False,False,False,0,1,29.521253993028076,1.3748650495396102,True,False
43,C2_PHASE_CONTRACT,OOD,160,stop_intersection,False,False,False,0,1,25.798850541471992,2.2069453030097774,True,False
43,C2_PHASE_CONTRACT,OOD,161,stop_intersection,False,False,False,0,1,24.309540552453804,1.2893928004347759,True,False
43,C2_PHASE_CONTRACT,OOD,162,stop_intersection,False,False,False,0,1,27.714308709473045,1.3641909665839616,True,False
43,C2_PHASE_CONTRACT,OOD,163,stop_intersection,False,False,False,0,1,26.334682241594383,1.3806450664997099,True,False
43,C2_PHASE_CONTRACT,OOD,164,stop_intersection,False,False,False,0,1,24.73776180868456,1.365213255549586,True,False
43,C2_PHASE_CONTRACT,OOD,165,stop_intersection,False,False,False,0,1,28.895055304796468,1.4922048083760522,True,False
43,C2_PHASE_CONTRACT,OOD,166,stop_intersection,False,False,False,0,1,27.25617863464975,1.648409855671418,True,False
43,C2_PHASE_CONTRACT,OOD,167,stop_intersection,False,False,False,0,1,30.760808814553794,1.2811305989389834,True,False
43,C2_PHASE_CONTRACT,OOD,168,stop_intersection,False,False,False,0,1,31.488923676911956,1.282899020747705,True,False
43,C2_PHASE_CONTRACT,OOD,169,stop_intersection,False,False,False,0,1,28.5566227323675,1.4365291748291404,True,False
43,C2_PHASE_CONTRACT,OOD,170,stop_intersection,False,False,False,0,1,21.10459317766069,1.3920590663567567,True,False
43,C2_PHASE_CONTRACT,OOD,171,stop_intersection,False,False,False,0,1,21.76560145533205,1.412301462244343,True,False
43,C2_PHASE_CONTRACT,OOD,172,stop_intersection,False,False,False,0,0,22.72080194956183,1.6239203230754746,True,False
43,C2_PHASE_CONTRACT,OOD,173,stop_intersection,False,False,False,0,1,28.94314883203045,1.320016209198081,True,False
43,C2_PHASE_CONTRACT,OOD,174,stop_intersection,False,False,False,0,0,21.474354526979003,1.7861954604878143,True,False
43,C2_PHASE_CONTRACT,OOD,175,stop_intersection,False,False,False,0,1,28.07465397746972,1.7565746274259355,True,False
43,C2_PHASE_CONTRACT,OOD,176,stop_intersection,False,False,False,0,0,22.454278867934505,1.8402828942788274,True,False
43,C2_PHASE_CONTRACT,OOD,177,stop_intersection,False,False,False,0,1,30.780305352778342,1.6574519872665405,True,False
43,C2_PHASE_CONTRACT,OOD,178,stop_intersection,False,False,False,0,1,28.734489788005426,1.6740709072665163,True,False
43,C2_PHASE_CONTRACT,OOD,179,stop_intersection,False,False,False,0,1,28.699584571728895,1.5067195568395697,True,False
43,C2_PHASE_CONTRACT,OOD,180,stop_intersection,False,False,False,0,1,21.86969328317141,1.2415872869037445,True,False
43,C2_PHASE_CONTRACT,OOD,181,stop_intersection,False,False,False,0,1,31.511650619217107,1.4300279617309568,True,False
43,C2_PHASE_CONTRACT,OOD,182,stop_intersection,False,False,False,0,1,23.431606194659913,1.527789056301117,True,False
43,C2_PHASE_CONTRACT,OOD,183,stop_intersection,False,False,False,0,1,22.45635821773171,1.5002387134652388,True,False
43,C2_PHASE_CONTRACT,OOD,184,stop_intersection,False,False,False,0,1,29.807135185850314,1.7514005545023326,True,False
43,C2_PHASE_CONTRACT,OOD,185,stop_intersection,False,False,False,0,1,26.630655230990364,1.3045250851175056,True,False
43,C2_PHASE_CONTRACT,OOD,186,stop_intersection,False,False,False,0,1,30.65618875833292,1.9506896304529766,True,False
43,C2_PHASE_CONTRACT,OOD,187,stop_intersection,False,False,False,0,1,27.799107738217415,1.7488878886950643,True,False
43,C2_PHASE_CONTRACT,OOD,188,stop_intersection,False,False,False,0,0,31.19251712695884,1.9066501291174636,True,False
43,C2_PHASE_CONTRACT,OOD,189,stop_intersection,False,False,False,0,1,30.069895566250345,1.497255676501506,True,False
43,C2_PHASE_CONTRACT,OOD,190,stop_intersection,False,False,False,0,1,25.026798801147564,1.7158647744279159,True,False
43,C2_PHASE_CONTRACT,OOD,191,stop_intersection,False,False,False,0,1,26.9933893813022,1.446762098206414,True,False
43,C2_PHASE_CONTRACT,OOD,192,stop_intersection,False,False,False,0,1,30.403366598593998,1.3106654341830763,True,False
43,C2_PHASE_CONTRACT,OOD,193,stop_intersection,False,False,False,0,1,24.526552294843274,1.2968280977673,True,False
43,C2_PHASE_CONTRACT,OOD,194,stop_intersection,False,False,False,0,1,27.029018001148543,1.2703902153081672,True,False
43,C2_PHASE_CONTRACT,OOD,195,stop_intersection,False,False,False,0,1,26.796859386896593,1.5108890649749012,True,False
43,C2_PHASE_CONTRACT,OOD,196,stop_intersection,False,False,False,0,1,23.05240850042253,1.3985493246998106,True,False
43,C2_PHASE_CONTRACT,OOD,197,stop_intersection,False,False,False,0,1,29.457534129546133,2.2414247291844065,True,False
43,C2_PHASE_CONTRACT,OOD,198,stop_intersection,False,False,False,0,1,29.371873848516763,1.4806704287943633,True,False
43,C2_PHASE_CONTRACT,OOD,199,stop_intersection,False,False,False,0,1,28.68616378893659,1.310941179593404,True,False
43,C2_PHASE_CONTRACT,OOD,200,lead_brake,False,False,False,0,0,33.73617734640838,7.952755769093831,True,False
43,C2_PHASE_CONTRACT,OOD,201,lead_brake,False,False,False,0,0,30.609940330827875,6.552490847806136,True,False
43,C2_PHASE_CONTRACT,OOD,202,lead_brake,False,False,False,0,0,25.75751563483195,6.673328657944997,True,False
43,C2_PHASE_CONTRACT,OOD,203,lead_brake,False,False,False,0,0,30.58399141382121,6.053091381986936,True,False
43,C2_PHASE_CONTRACT,OOD,204,lead_brake,False,False,False,0,0,29.495959971991834,5.287393204867839,True,False
43,C2_PHASE_CONTRACT,OOD,205,lead_brake,False,False,False,0,0,28.27535442624285,6.625085307906071,True,False
43,C2_PHASE_CONTRACT,OOD,206,lead_brake,False,False,False,0,0,30.01660221515768,8.20207858706514,True,False
43,C2_PHASE_CONTRACT,OOD,207,lead_brake,False,False,False,0,0,32.67652598855944,8.283200461417437,True,False
43,C2_PHASE_CONTRACT,OOD,208,lead_brake,False,False,False,0,0,38.00447672554707,7.316882260143756,True,False
43,C2_PHASE_CONTRACT,OOD,209,lead_brake,False,False,False,0,0,30.50239982207537,4.194610324998696,True,False
43,C2_PHASE_CONTRACT,OOD,210,lead_brake,False,False,False,0,0,29.571853455425874,7.3642378722627955,True,False
43,C2_PHASE_CONTRACT,OOD,211,lead_brake,False,False,False,0,0,36.35313716858624,6.6447283402085295,True,False
43,C2_PHASE_CONTRACT,OOD,212,lead_brake,False,False,False,0,0,27.379254113263013,8.047021001577376,True,False
43,C2_PHASE_CONTRACT,OOD,213,lead_brake,False,False,False,0,0,30.690780014429162,4.822436268130938,True,False
43,C2_PHASE_CONTRACT,OOD,214,lead_brake,False,False,False,0,0,34.85966236103045,4.446655309448639,True,False
43,C2_PHASE_CONTRACT,OOD,215,lead_brake,False,False,False,0,0,26.59682343196528,8.09329392388463,True,False
43,C2_PHASE_CONTRACT,OOD,216,lead_brake,False,False,False,0,0,40.12050047602868,6.3647269147137795,True,False
43,C2_PHASE_CONTRACT,OOD,217,lead_brake,False,False,False,0,0,34.60045891180633,7.406572291006644,True,False
43,C2_PHASE_CONTRACT,OOD,218,lead_brake,False,False,False,0,0,26.465644792788883,4.686695575714111,True,False
43,C2_PHASE_CONTRACT,OOD,219,lead_brake,False,False,False,0,0,34.286650571126316,6.260201558470726,True,False
43,C2_PHASE_CONTRACT,OOD,220,lead_brake,False,False,False,0,0,35.115735743269646,5.583308761318524,True,False
43,C2_PHASE_CONTRACT,OOD,221,lead_brake,False,False,False,0,0,23.959274394363145,8.792005987217028,True,False
43,C2_PHASE_CONTRACT,OOD,222,lead_brake,False,False,False,0,0,39.652072797431536,5.712774708867073,True,False
43,C2_PHASE_CONTRACT,OOD,223,lead_brake,False,False,False,0,0,26.1859464127543,8.44908112535874,True,False
43,C2_PHASE_CONTRACT,OOD,224,lead_brake,False,False,False,0,0,31.15197056600673,4.491227508833011,True,False
43,C2_PHASE_CONTRACT,OOD,225,lead_brake,False,False,False,0,0,31.8098684107265,6.038730130841334,True,False
43,C2_PHASE_CONTRACT,OOD,226,lead_brake,False,False,False,0,0,27.045977631211272,7.666022988657156,True,False
43,C2_PHASE_CONTRACT,OOD,227,lead_brake,False,False,False,0,0,38.588491870201345,5.158254502962032,True,False
43,C2_PHASE_CONTRACT,OOD,228,lead_brake,False,False,False,0,0,39.64872093561945,6.614300164083639,True,False
43,C2_PHASE_CONTRACT,OOD,229,lead_brake,False,False,False,0,0,43.14166366010904,1.948982803771893,True,False
43,C2_PHASE_CONTRACT,OOD,230,lead_brake,False,False,False,0,0,33.99476635803092,4.67384755363067,True,False
43,C2_PHASE_CONTRACT,OOD,231,lead_brake,False,False,False,0,0,35.18888619633324,4.232041197518507,True,False
43,C2_PHASE_CONTRACT,OOD,232,lead_brake,False,False,False,0,0,32.70990200654624,7.027385773758093,True,False
43,C2_PHASE_CONTRACT,OOD,233,lead_brake,False,False,False,0,0,29.913480731036525,7.511168072621027,True,False
43,C2_PHASE_CONTRACT,OOD,234,lead_brake,False,False,False,0,0,29.032303668141342,5.205878676225741,True,False
43,C2_PHASE_CONTRACT,OOD,235,lead_brake,False,False,False,0,0,32.23305834298597,6.267668853203455,True,False
43,C2_PHASE_CONTRACT,OOD,236,lead_brake,False,False,False,0,0,42.57481632694605,4.402870321025451,True,False
43,C2_PHASE_CONTRACT,OOD,237,lead_brake,False,False,False,0,0,40.43258377375808,5.114647877713044,True,False
43,C2_PHASE_CONTRACT,OOD,238,lead_brake,False,False,False,0,0,26.128031852692356,7.73095100497206,True,False
43,C2_PHASE_CONTRACT,OOD,239,lead_brake,False,False,False,0,0,34.3450953709935,2.721841483066479,True,False
43,C2_PHASE_CONTRACT,OOD,240,lead_brake,False,False,False,0,0,36.76112140879035,5.715532823155323,True,False
43,C2_PHASE_CONTRACT,OOD,241,lead_brake,False,False,False,0,0,25.656806144220816,4.612828213721514,True,False
43,C2_PHASE_CONTRACT,OOD,242,lead_brake,False,False,False,0,0,26.877743319942436,7.436437591910361,True,False
43,C2_PHASE_CONTRACT,OOD,243,lead_brake,False,False,False,0,0,30.983535875743986,6.907088714341323,True,False
43,C2_PHASE_CONTRACT,OOD,244,lead_brake,False,False,False,0,0,41.72946894794703,5.650824286043644,True,False
43,C2_PHASE_CONTRACT,OOD,245,lead_brake,False,False,False,0,0,43.55718443855647,5.763355075071256,True,False
43,C2_PHASE_CONTRACT,OOD,246,lead_brake,False,False,False,0,0,26.732140404424086,7.554401935388644,True,False
43,C2_PHASE_CONTRACT,OOD,247,lead_brake,False,False,False,0,0,31.369325012068156,6.695135762294133,True,False
43,C2_PHASE_CONTRACT,OOD,248,lead_brake,False,False,False,0,0,27.53112826417453,6.262169253081083,True,False
43,C2_PHASE_CONTRACT,OOD,249,lead_brake,False,False,False,0,0,23.90960299237306,7.523164463539918,True,False
43,C2_PHASE_CONTRACT,OOD,250,lead_brake,False,False,False,0,0,33.61713202536589,3.564119944969813,True,False
43,C2_PHASE_CONTRACT,OOD,251,lead_brake,False,False,False,0,0,30.897408653508748,7.157857973128557,True,False
43,C2_PHASE_CONTRACT,OOD,252,lead_brake,False,False,False,0,0,40.23187647848825,1.2743140632907548,True,False
43,C2_PHASE_CONTRACT,OOD,253,lead_brake,False,False,False,0,0,28.775054020136587,5.360971921434004,True,False
43,C2_PHASE_CONTRACT,OOD,254,lead_brake,False,False,False,0,0,28.12633468157968,5.94175067047278,True,False
43,C2_PHASE_CONTRACT,OOD,255,lead_brake,False,False,False,0,0,34.45395357554154,7.240213921914497,True,False
43,C2_PHASE_CONTRACT,OOD,256,lead_brake,False,False,False,0,0,24.92442921161651,6.821300252030293,True,False
43,C2_PHASE_CONTRACT,OOD,257,lead_brake,False,False,False,0,0,30.882220419786982,3.5581725984811783,True,False
43,C2_PHASE_CONTRACT,OOD,258,lead_brake,False,False,False,0,0,23.52867823348466,6.78842972094814,True,False
43,C2_PHASE_CONTRACT,OOD,259,lead_brake,False,False,False,0,0,43.22502462789414,3.1836469819148383,True,False
43,C2_PHASE_CONTRACT,OOD,260,lead_brake,False,False,False,0,0,34.719010245372814,4.113052564362684,True,False
43,C2_PHASE_CONTRACT,OOD,261,lead_brake,False,False,False,0,0,28.702852915646698,6.400865691403547,True,False
43,C2_PHASE_CONTRACT,OOD,262,lead_brake,False,False,False,0,0,38.41797770196907,2.439819313585758,True,False
43,C2_PHASE_CONTRACT,OOD,263,lead_brake,False,False,False,0,0,30.618670572717267,6.905992683023214,True,False
43,C2_PHASE_CONTRACT,OOD,264,lead_brake,False,False,False,0,0,44.6982086926699,7.927524115890264,True,False
43,C2_PHASE_CONTRACT,OOD,265,lead_brake,False,False,False,0,0,40.226888254015705,6.032480400055646,True,False
43,C2_PHASE_CONTRACT,OOD,266,lead_brake,False,False,False,0,0,32.35718660455174,8.022954422980547,True,False
43,C2_PHASE_CONTRACT,OOD,267,lead_brake,False,False,False,0,0,29.530593949900286,7.0318415115276975,True,False
43,C2_PHASE_CONTRACT,OOD,268,lead_brake,False,False,False,0,0,29.19960337718295,6.722556930035353,True,False
43,C2_PHASE_CONTRACT,OOD,269,lead_brake,False,False,False,0,0,31.53635932175328,6.9450411175688105,True,False
43,C2_PHASE_CONTRACT,OOD,270,lead_brake,False,False,False,0,0,25.508128055807607,7.468882646411657,True,False
43,C2_PHASE_CONTRACT,OOD,271,lead_brake,False,False,False,0,0,36.28447325856639,3.6713257382313405,True,False
43,C2_PHASE_CONTRACT,OOD,272,lead_brake,False,False,False,0,0,34.267485716540186,5.246132067094247,True,False
43,C2_PHASE_CONTRACT,OOD,273,lead_brake,False,False,False,0,0,34.82428931111082,7.9058498193820315,True,False
43,C2_PHASE_CONTRACT,OOD,274,lead_brake,False,False,False,0,0,37.249354262273066,7.206274757782618,True,False
43,C2_PHASE_CONTRACT,OOD,275,lead_brake,False,False,False,0,0,33.061714112572815,6.8849611940483255,True,False
43,C2_PHASE_CONTRACT,OOD,276,lead_brake,False,False,False,0,0,28.55409376364845,4.683186346044143,True,False
43,C2_PHASE_CONTRACT,OOD,277,lead_brake,False,False,False,0,0,29.5934375393391,5.201811303695043,True,False
43,C2_PHASE_CONTRACT,OOD,278,lead_brake,False,False,False,0,0,30.123988257910504,6.161799115439256,True,False
43,C2_PHASE_CONTRACT,OOD,279,lead_brake,False,False,False,0,0,38.77045144841079,7.07813506697615,True,False
43,C2_PHASE_CONTRACT,OOD,280,lead_brake,False,False,False,0,0,30.525215079222296,6.835219383239745,True,False
43,C2_PHASE_CONTRACT,OOD,281,lead_brake,False,False,False,0,0,31.41474135413764,7.561827643464008,True,False
43,C2_PHASE_CONTRACT,OOD,282,lead_brake,False,False,False,0,0,32.219087461201376,4.297753262023131,True,False
43,C2_PHASE_CONTRACT,OOD,283,lead_brake,False,False,False,0,0,36.565061546117036,8.858479270090658,True,False
43,C2_PHASE_CONTRACT,OOD,284,lead_brake,False,False,False,0,0,25.847579629758812,9.443686271707216,True,False
43,C2_PHASE_CONTRACT,OOD,285,lead_brake,False,False,False,0,0,35.31949440406323,6.82363644366463,True,False
43,C2_PHASE_CONTRACT,OOD,286,lead_brake,False,False,False,0,0,29.037147027629743,7.285990073035161,True,False
43,C2_PHASE_CONTRACT,OOD,287,lead_brake,False,False,False,0,0,32.56634783532442,3.7175194323062897,True,False
43,C2_PHASE_CONTRACT,OOD,288,lead_brake,False,False,False,0,0,26.644662103973246,5.918354629228513,True,False
43,C2_PHASE_CONTRACT,OOD,289,lead_brake,False,False,False,0,0,39.81548587078975,4.225831992924213,True,False
43,C2_PHASE_CONTRACT,OOD,290,lead_brake,False,False,False,0,0,33.70510596477898,5.25027464951078,True,False
43,C2_PHASE_CONTRACT,OOD,291,lead_brake,False,False,False,0,0,21.59749124348163,5.434745538979768,True,False
43,C2_PHASE_CONTRACT,OOD,292,lead_brake,False,False,False,0,0,36.13501510038068,2.3789677321910854,True,False
43,C2_PHASE_CONTRACT,OOD,293,lead_brake,False,False,False,0,0,25.430546433872824,9.029202500979105,True,False
43,C2_PHASE_CONTRACT,OOD,294,lead_brake,False,False,False,0,0,26.69075780665588,6.83449874818325,True,False
43,C2_PHASE_CONTRACT,OOD,295,lead_brake,False,False,False,0,0,28.228842180669293,5.357176368435224,True,False
43,C2_PHASE_CONTRACT,OOD,296,lead_brake,False,False,False,0,0,35.593610440485335,7.0960293747484675,True,False
43,C2_PHASE_CONTRACT,OOD,297,lead_brake,False,False,False,0,0,38.99368766915108,2.808888445297877,True,False
43,C2_PHASE_CONTRACT,OOD,298,lead_brake,False,False,False,0,0,21.194646883627804,8.023619045813877,True,False
43,C2_PHASE_CONTRACT,OOD,299,lead_brake,False,False,False,0,0,25.66767651629862,5.568384864677985,True,False
43,D_PHASE_SHIELD,ID,0,crosswalk,False,False,False,0,0,30.005367033780587,2.137198502367193,True,False
43,D_PHASE_SHIELD,ID,1,crosswalk,False,False,False,0,0,34.967068128293434,0.44648472840587294,True,False
43,D_PHASE_SHIELD,ID,2,crosswalk,False,False,False,0,0,32.407014626431405,2.1260720355944196,True,False
43,D_PHASE_SHIELD,ID,3,crosswalk,False,False,False,0,0,36.953339607958505,1.4066668826600777,True,False
43,D_PHASE_SHIELD,ID,4,crosswalk,False,False,False,0,0,32.05466040632559,2.2111065888946704,True,False
43,D_PHASE_SHIELD,ID,5,crosswalk,False,False,False,0,0,32.61332978962391,2.095483405434567,True,False
43,D_PHASE_SHIELD,ID,6,crosswalk,False,False,False,0,0,28.143462594958365,0.6073055847694999,True,False
43,D_PHASE_SHIELD,ID,7,crosswalk,False,False,False,0,0,35.870231568529256,0.3895213330785433,True,False
43,D_PHASE_SHIELD,ID,8,crosswalk,False,False,False,0,0,26.75632650483397,1.8972770027492358,True,False
43,D_PHASE_SHIELD,ID,9,crosswalk,False,False,False,0,0,38.2759366009497,0.39251578971743584,True,False
43,D_PHASE_SHIELD,ID,10,crosswalk,False,False,False,0,0,36.73421599552595,1.9786890720327694,True,False
43,D_PHASE_SHIELD,ID,11,crosswalk,False,False,False,0,0,28.82574308098736,1.8904769285158676,True,False
43,D_PHASE_SHIELD,ID,12,crosswalk,False,False,False,0,0,27.731564971470792,2.3580074545584226,True,False
43,D_PHASE_SHIELD,ID,13,crosswalk,False,False,False,0,0,36.73862089616792,0.8681667663834312,True,False
43,D_PHASE_SHIELD,ID,14,crosswalk,False,False,False,0,0,32.05894628153532,1.9395577162504196,True,False
43,D_PHASE_SHIELD,ID,15,crosswalk,False,False,False,0,0,30.63497746317956,1.644770252077203,True,False
43,D_PHASE_SHIELD,ID,16,crosswalk,False,False,False,0,0,34.596136000050755,0.43683413077484473,True,False
43,D_PHASE_SHIELD,ID,17,crosswalk,False,False,False,0,0,29.88361266701822,2.1232062578201294,True,False
43,D_PHASE_SHIELD,ID,18,crosswalk,False,False,False,0,0,36.06706626031076,0.456822422288713,True,False
43,D_PHASE_SHIELD,ID,19,crosswalk,False,False,False,0,0,33.86743887877802,0.4328403283249248,True,False
43,D_PHASE_SHIELD,ID,20,crosswalk,False,False,False,0,0,36.557689522522686,1.788174727310737,True,False
43,D_PHASE_SHIELD,ID,21,crosswalk,False,False,False,0,0,33.31716875409703,0.3870612447676451,True,False
43,D_PHASE_SHIELD,ID,22,crosswalk,False,False,False,0,0,35.92555710109266,0.7299638118432916,True,False
43,D_PHASE_SHIELD,ID,23,crosswalk,False,False,False,0,0,34.497787746210946,0.4504306898230598,True,False
43,D_PHASE_SHIELD,ID,24,crosswalk,False,False,False,0,0,36.30146952977066,2.0618355770905814,True,False
43,D_PHASE_SHIELD,ID,25,crosswalk,False,False,False,0,0,38.291971374270865,1.8862658977508544,True,False
43,D_PHASE_SHIELD,ID,26,crosswalk,False,False,False,0,0,33.54232076946589,0.914009077982469,True,False
43,D_PHASE_SHIELD,ID,27,crosswalk,False,False,False,0,0,32.126455958518285,0.9377795234322547,True,False
43,D_PHASE_SHIELD,ID,28,crosswalk,False,False,False,0,0,31.55287085788001,2.3371207043528557,True,False
43,D_PHASE_SHIELD,ID,29,crosswalk,False,False,False,0,0,37.00026026533918,0.37121530175209044,True,False
43,D_PHASE_SHIELD,ID,30,crosswalk,False,False,False,0,0,27.526889249229647,1.854489490389824,True,False
43,D_PHASE_SHIELD,ID,31,crosswalk,False,False,False,0,0,38.002929067591225,0.3999414357046286,True,False
43,D_PHASE_SHIELD,ID,32,crosswalk,False,False,False,0,0,31.796957987145564,2.1891876416546956,True,False
43,D_PHASE_SHIELD,ID,33,crosswalk,False,False,False,0,0,27.083525974777213,1.7854859928290048,True,False
43,D_PHASE_SHIELD,ID,34,crosswalk,False,False,False,0,0,27.883671566300208,2.1704088790076117,True,False
43,D_PHASE_SHIELD,ID,35,crosswalk,False,False,False,0,0,36.35419377882688,0.464940903087457,True,False
43,D_PHASE_SHIELD,ID,36,crosswalk,False,False,False,0,0,32.61616057841394,2.1493904227795806,True,False
43,D_PHASE_SHIELD,ID,37,crosswalk,False,False,False,0,0,37.90879404409284,0.4088767431676388,True,False
43,D_PHASE_SHIELD,ID,38,crosswalk,False,False,False,0,0,34.43198328467995,0.41075026859407837,True,False
43,D_PHASE_SHIELD,ID,39,crosswalk,False,False,False,0,0,30.673302168598855,1.903035839398702,True,False
43,D_PHASE_SHIELD,ID,40,crosswalk,False,False,False,0,0,34.7880280238296,0.4163651945798293,True,False
43,D_PHASE_SHIELD,ID,41,crosswalk,False,False,False,0,0,38.413840324428904,0.9658645962675412,True,False
43,D_PHASE_SHIELD,ID,42,crosswalk,False,False,False,0,0,37.976072386798194,1.2856658577919005,True,False
43,D_PHASE_SHIELD,ID,43,crosswalk,False,False,False,0,0,30.981528762930797,2.192152813076973,True,False
43,D_PHASE_SHIELD,ID,44,crosswalk,False,False,False,0,0,28.29052600417557,1.473468260632621,True,False
43,D_PHASE_SHIELD,ID,45,crosswalk,False,False,False,0,0,29.16715753859794,1.5952410158656893,True,False
43,D_PHASE_SHIELD,ID,46,crosswalk,False,False,False,0,0,34.676336238551,0.45492492970966153,True,False
43,D_PHASE_SHIELD,ID,47,crosswalk,False,False,False,0,0,32.41104085545872,0.7265404572612361,True,False
43,D_PHASE_SHIELD,ID,48,crosswalk,False,False,False,0,0,34.77311267335588,0.4097452500592107,True,False
43,D_PHASE_SHIELD,ID,49,crosswalk,False,False,False,0,0,29.12911351580736,0.8355778769442909,True,False
43,D_PHASE_SHIELD,ID,50,crosswalk,False,False,False,0,0,30.97949337066978,1.9070263393223286,True,False
43,D_PHASE_SHIELD,ID,51,crosswalk,False,False,False,0,0,34.57998755115936,2.0671011817952,True,False
43,D_PHASE_SHIELD,ID,52,crosswalk,False,False,False,0,0,38.09882535767671,1.9801491952460744,True,False
43,D_PHASE_SHIELD,ID,53,crosswalk,False,False,False,0,0,36.79341337977004,2.128836039615714,True,False
43,D_PHASE_SHIELD,ID,54,crosswalk,False,False,False,0,0,37.323800838157695,1.9536482294400532,True,False
43,D_PHASE_SHIELD,ID,55,crosswalk,False,False,False,0,0,29.013592501817357,1.770454936084293,True,False
43,D_PHASE_SHIELD,ID,56,crosswalk,False,False,False,0,0,37.84029720222185,0.430523312904618,True,False
43,D_PHASE_SHIELD,ID,57,crosswalk,False,False,False,0,0,34.12072929170897,0.4703977257013321,True,False
43,D_PHASE_SHIELD,ID,58,crosswalk,False,False,False,0,0,32.835331922311376,2.165289987688479,True,False
43,D_PHASE_SHIELD,ID,59,crosswalk,False,False,False,0,0,33.36643641274729,0.3922813288543535,True,False
43,D_PHASE_SHIELD,ID,60,crosswalk,False,False,False,0,0,32.672078631572155,0.9465829282999039,True,False
43,D_PHASE_SHIELD,ID,61,crosswalk,False,False,False,0,0,33.17447430338235,2.2244352102279663,True,False
43,D_PHASE_SHIELD,ID,62,crosswalk,False,False,False,0,0,29.012506710814463,2.0862899585203687,True,False
43,D_PHASE_SHIELD,ID,63,crosswalk,False,False,False,0,0,36.92432714190468,2.0375221222639084,True,False
43,D_PHASE_SHIELD,ID,64,crosswalk,False,False,False,0,0,31.746387556008866,0.3952989117665724,True,False
43,D_PHASE_SHIELD,ID,65,crosswalk,False,False,False,0,0,28.86632295395433,1.8683534860610962,True,False
43,D_PHASE_SHIELD,ID,66,crosswalk,False,False,False,0,0,32.70938647352641,2.078627535830373,True,False
43,D_PHASE_SHIELD,ID,67,crosswalk,False,False,False,0,0,32.89170774599984,2.016995989758035,True,False
43,D_PHASE_SHIELD,ID,68,crosswalk,False,False,False,0,0,31.844974783199735,0.468118816614151,True,False
43,D_PHASE_SHIELD,ID,69,crosswalk,False,False,False,0,0,29.63567992426507,1.9931007244370198,True,False
43,D_PHASE_SHIELD,ID,70,crosswalk,False,False,False,0,0,29.61320207089043,0.4244530797004699,True,False
43,D_PHASE_SHIELD,ID,71,crosswalk,False,False,False,0,0,29.218816131287724,1.529852428606578,True,False
43,D_PHASE_SHIELD,ID,72,crosswalk,False,False,False,0,0,33.87204607013436,1.9939050207967342,True,False
43,D_PHASE_SHIELD,ID,73,crosswalk,False,False,False,0,0,35.679703955701314,2.0340403045217195,True,False
43,D_PHASE_SHIELD,ID,74,crosswalk,False,False,False,0,0,28.01921991650935,2.4955787784174865,True,False
43,D_PHASE_SHIELD,ID,75,crosswalk,False,False,False,0,0,27.047218267726166,2.0054962147365916,True,False
43,D_PHASE_SHIELD,ID,76,crosswalk,False,False,False,0,0,35.38011094574813,2.1409761222700276,True,False
43,D_PHASE_SHIELD,ID,77,crosswalk,False,False,False,0,0,37.77428220342033,1.9962331590553124,True,False
43,D_PHASE_SHIELD,ID,78,crosswalk,False,False,False,0,0,37.42251018131385,0.6658654118126089,True,False
43,D_PHASE_SHIELD,ID,79,crosswalk,False,False,False,0,0,28.91249042305014,2.2824921027610174,True,False
43,D_PHASE_SHIELD,ID,80,crosswalk,False,False,False,0,0,38.15089264511822,0.35315753748783696,True,False
43,D_PHASE_SHIELD,ID,81,crosswalk,False,False,False,0,0,32.74965630127325,1.9502309353455252,True,False
43,D_PHASE_SHIELD,ID,82,crosswalk,False,False,False,0,0,38.534050158992606,1.359888185625491,True,False
43,D_PHASE_SHIELD,ID,83,crosswalk,False,False,False,0,0,30.840196904698516,0.41455757759866263,True,False
43,D_PHASE_SHIELD,ID,84,crosswalk,False,False,False,0,0,29.540139212099035,2.001066891984506,True,False
43,D_PHASE_SHIELD,ID,85,crosswalk,False,False,False,0,0,37.81528260458386,0.434277699045513,True,False
43,D_PHASE_SHIELD,ID,86,crosswalk,False,False,False,0,0,33.18981363254534,2.1020296669524647,True,False
43,D_PHASE_SHIELD,ID,87,crosswalk,False,False,False,0,0,34.12238778167264,1.9660331376574254,True,False
43,D_PHASE_SHIELD,ID,88,crosswalk,False,False,False,0,0,34.95728620500415,2.1181857197181038,True,False
43,D_PHASE_SHIELD,ID,89,crosswalk,False,False,False,0,0,30.165564406852393,2.3323217183351517,True,False
43,D_PHASE_SHIELD,ID,90,crosswalk,False,False,False,0,0,32.39214153772448,2.003633801055991,True,False
43,D_PHASE_SHIELD,ID,91,crosswalk,False,False,False,0,0,36.12814219947742,0.3645285367965698,True,False
43,D_PHASE_SHIELD,ID,92,crosswalk,False,False,False,0,0,30.122402787308353,2.3171646893024445,True,False
43,D_PHASE_SHIELD,ID,93,crosswalk,False,False,False,0,0,33.29666888220695,0.46220924173082617,True,False
43,D_PHASE_SHIELD,ID,94,crosswalk,False,False,False,0,0,34.93699847298904,1.7137530267238616,True,False
43,D_PHASE_SHIELD,ID,95,crosswalk,False,False,False,0,0,36.26861833589389,2.060975320637226,True,False
43,D_PHASE_SHIELD,ID,96,crosswalk,False,False,False,0,0,38.20893870448968,1.5990915570570075,True,False
43,D_PHASE_SHIELD,ID,97,crosswalk,False,False,False,0,0,28.728926616999217,1.8068917592366536,True,False
43,D_PHASE_SHIELD,ID,98,crosswalk,False,False,False,0,0,33.27603684620752,1.9993666073550347,True,False
43,D_PHASE_SHIELD,ID,99,crosswalk,False,False,False,0,0,28.28850321374352,2.1636684664658135,True,False
43,D_PHASE_SHIELD,ID,100,stop_intersection,False,False,False,4,1,32.99961158619984,1.690358906984329,True,False
43,D_PHASE_SHIELD,ID,101,stop_intersection,False,False,False,5,1,37.44775354687582,1.664287731761024,True,False
43,D_PHASE_SHIELD,ID,102,stop_intersection,False,False,False,4,1,27.99183525205183,1.7169936079727977,True,False
43,D_PHASE_SHIELD,ID,103,stop_intersection,False,False,False,4,1,33.94827298297248,1.5869857299895511,True,False
43,D_PHASE_SHIELD,ID,104,stop_intersection,False,False,False,4,1,31.02949921703844,1.7271984094067623,True,False
43,D_PHASE_SHIELD,ID,105,stop_intersection,False,False,False,4,1,32.20015947532626,1.68442937284708,True,False
43,D_PHASE_SHIELD,ID,106,stop_intersection,False,False,False,4,1,30.07858020913922,1.8616613987329844,True,False
43,D_PHASE_SHIELD,ID,107,stop_intersection,False,False,False,4,1,27.17826398764315,1.7171473879563182,True,False
43,D_PHASE_SHIELD,ID,108,stop_intersection,False,False,False,4,1,28.042030179325835,1.7620285008404706,True,False
43,D_PHASE_SHIELD,ID,109,stop_intersection,False,False,False,4,1,30.799300398304666,1.693563641136528,True,False
43,D_PHASE_SHIELD,ID,110,stop_intersection,False,False,False,4,1,33.91175857606491,1.7313587218523023,True,False
43,D_PHASE_SHIELD,ID,111,stop_intersection,False,False,False,4,1,29.08146654068267,1.6732589403788247,True,False
43,D_PHASE_SHIELD,ID,112,stop_intersection,False,False,False,4,1,29.263163663070273,1.7629989197379663,True,False
43,D_PHASE_SHIELD,ID,113,stop_intersection,False,False,False,4,1,32.19116854129446,1.747069765869369,True,False
43,D_PHASE_SHIELD,ID,114,stop_intersection,False,False,False,4,1,30.977286139543438,1.7744901148896468,True,False
43,D_PHASE_SHIELD,ID,115,stop_intersection,False,False,False,4,1,36.18888089881028,1.6912796211436512,True,False
43,D_PHASE_SHIELD,ID,116,stop_intersection,False,False,False,4,1,33.83589076277485,1.700549274186293,True,False
43,D_PHASE_SHIELD,ID,117,stop_intersection,False,False,False,5,1,34.894847421065215,1.6663769687094339,True,False
43,D_PHASE_SHIELD,ID,118,stop_intersection,False,False,False,4,1,35.898921420868135,1.6062347132062154,True,False
43,D_PHASE_SHIELD,ID,119,stop_intersection,False,False,False,4,1,27.99726071502902,1.8088717427518632,True,False
43,D_PHASE_SHIELD,ID,120,stop_intersection,False,False,False,4,1,26.968902404428164,1.8530724587894623,True,False
43,D_PHASE_SHIELD,ID,121,stop_intersection,False,False,False,4,1,36.84207136409711,1.5721524593441984,True,False
43,D_PHASE_SHIELD,ID,122,stop_intersection,False,False,False,4,1,36.24445828880209,1.5586328538813334,True,False
43,D_PHASE_SHIELD,ID,123,stop_intersection,False,False,False,4,1,28.67413810279713,1.7693941979794887,True,False
43,D_PHASE_SHIELD,ID,124,stop_intersection,False,False,False,4,1,29.654646245182,1.7670345628583752,True,False
43,D_PHASE_SHIELD,ID,125,stop_intersection,False,False,False,4,1,32.81178853346701,1.8417715555743166,True,False
43,D_PHASE_SHIELD,ID,126,stop_intersection,False,False,False,4,1,28.911347158467855,1.7630294206980113,True,False
43,D_PHASE_SHIELD,ID,127,stop_intersection,False,False,False,4,1,32.03984061137986,1.689165662496518,True,False
43,D_PHASE_SHIELD,ID,128,stop_intersection,False,False,False,4,1,32.30905510294744,1.6959258990410047,True,False
43,D_PHASE_SHIELD,ID,129,stop_intersection,False,False,False,4,1,31.610324317501153,1.8079147997655367,True,False
43,D_PHASE_SHIELD,ID,130,stop_intersection,False,False,False,4,1,28.043694811303446,1.8130785889095729,True,False
43,D_PHASE_SHIELD,ID,131,stop_intersection,False,False,False,4,1,27.52552576804716,1.8281790945265026,True,False
43,D_PHASE_SHIELD,ID,132,stop_intersection,False,False,False,4,1,32.24176504927091,1.7279690504074097,True,False
43,D_PHASE_SHIELD,ID,133,stop_intersection,False,False,False,4,1,33.02265652817179,1.637953766962377,True,False
43,D_PHASE_SHIELD,ID,134,stop_intersection,False,False,False,4,1,30.003680316810716,1.6693592947772424,True,False
43,D_PHASE_SHIELD,ID,135,stop_intersection,False,False,False,4,1,33.37592208848173,1.7850123893501408,True,False
43,D_PHASE_SHIELD,ID,136,stop_intersection,False,False,False,4,1,30.00163488418302,1.7827766972619132,True,False
43,D_PHASE_SHIELD,ID,137,stop_intersection,False,False,False,4,1,33.781153503911554,1.7804944973725538,True,False
43,D_PHASE_SHIELD,ID,138,stop_intersection,False,False,False,4,1,38.29072460552838,1.6584194274175734,True,False
43,D_PHASE_SHIELD,ID,139,stop_intersection,False,False,False,4,1,27.082042680460983,1.8729545507166119,True,False
43,D_PHASE_SHIELD,ID,140,stop_intersection,False,False,False,4,1,27.77057663443305,1.8498973713980782,True,False
43,D_PHASE_SHIELD,ID,141,stop_intersection,False,False,False,4,1,28.893197029233484,1.8196000821060603,True,False
43,D_PHASE_SHIELD,ID,142,stop_intersection,False,False,False,4,1,36.06115120445922,1.7067598860438276,True,False
43,D_PHASE_SHIELD,ID,143,stop_intersection,False,False,False,5,1,37.396843893136996,1.5426856550303372,True,False
43,D_PHASE_SHIELD,ID,144,stop_intersection,False,False,False,4,1,30.583864345686706,1.7663741739172683,True,False
43,D_PHASE_SHIELD,ID,145,stop_intersection,False,False,False,4,1,26.960731931201096,1.8117774691846635,True,False
43,D_PHASE_SHIELD,ID,146,stop_intersection,False,False,False,4,1,29.73550074306539,1.7763971001432648,True,False
43,D_PHASE_SHIELD,ID,147,stop_intersection,False,False,False,4,1,31.76495436742007,1.5980233215704198,True,False
43,D_PHASE_SHIELD,ID,148,stop_intersection,False,False,False,4,1,31.955940258748477,1.764674567259275,True,False
43,D_PHASE_SHIELD,ID,149,stop_intersection,False,False,False,4,1,28.204987719057637,1.8255018360084956,True,False
43,D_PHASE_SHIELD,ID,150,stop_intersection,False,False,False,12,1,27.935294296981304,1.5158526313801606,True,False
43,D_PHASE_SHIELD,ID,151,stop_intersection,False,False,False,19,1,27.2907226562125,1.3299604571527903,True,False
43,D_PHASE_SHIELD,ID,152,stop_intersection,False,False,False,17,1,20.508660091877296,1.4059055051907443,True,False
43,D_PHASE_SHIELD,ID,153,stop_intersection,False,False,False,17,1,20.54380505694988,1.4970288342711602,True,False
43,D_PHASE_SHIELD,ID,154,stop_intersection,False,False,False,17,1,27.801020033130573,1.3368247662484645,True,False
43,D_PHASE_SHIELD,ID,155,stop_intersection,False,False,False,22,1,21.819968990189757,1.3331659674147762,True,False
43,D_PHASE_SHIELD,ID,156,stop_intersection,False,False,False,20,1,27.802539507181137,1.313565342185589,True,False
43,D_PHASE_SHIELD,ID,157,stop_intersection,False,False,False,19,1,24.100124669188762,1.4137732546466093,True,False
43,D_PHASE_SHIELD,ID,158,stop_intersection,False,False,False,19,1,25.83022607545248,1.3516127694646514,True,False
43,D_PHASE_SHIELD,ID,159,stop_intersection,False,False,False,23,1,20.82706019514137,1.3470319539308546,True,False
43,D_PHASE_SHIELD,ID,160,stop_intersection,False,False,False,18,1,27.842190178229288,1.3423203812315572,True,False
43,D_PHASE_SHIELD,ID,161,stop_intersection,False,False,False,18,1,21.67999083305022,1.4565446082016693,True,False
43,D_PHASE_SHIELD,ID,162,stop_intersection,False,False,False,16,1,25.470721391906594,1.4439655526176745,True,False
43,D_PHASE_SHIELD,ID,163,stop_intersection,False,False,False,23,1,21.737051466246015,1.3309984754016195,True,False
43,D_PHASE_SHIELD,ID,164,stop_intersection,False,False,False,18,1,20.86845298337721,1.4530616248215455,True,False
43,D_PHASE_SHIELD,ID,165,stop_intersection,False,False,False,18,1,20.820338925031784,1.4246484884509336,True,False
43,D_PHASE_SHIELD,ID,166,stop_intersection,False,False,False,19,1,21.546525139527958,1.4227982904260035,True,False
43,D_PHASE_SHIELD,ID,167,stop_intersection,False,False,False,18,1,22.71275537934699,1.4117183901950818,True,False
43,D_PHASE_SHIELD,ID,168,stop_intersection,False,False,False,19,1,26.062342878403168,1.3320478719531317,True,False
43,D_PHASE_SHIELD,ID,169,stop_intersection,False,False,False,16,1,21.875416304149148,1.4592102858203428,True,False
43,D_PHASE_SHIELD,ID,170,stop_intersection,False,False,False,22,1,21.598796639536378,1.3543594455718995,True,False
43,D_PHASE_SHIELD,ID,171,stop_intersection,False,False,False,23,1,21.825093402454655,1.3314380343832999,True,False
43,D_PHASE_SHIELD,ID,172,stop_intersection,False,False,False,22,1,22.47012900742614,1.3550095652043819,True,False
43,D_PHASE_SHIELD,ID,173,stop_intersection,False,False,False,19,1,22.136762610028725,1.404060445937282,True,False
43,D_PHASE_SHIELD,ID,174,stop_intersection,False,False,False,18,1,27.610706668756336,1.380186296898086,True,False
43,D_PHASE_SHIELD,ID,175,stop_intersection,False,False,False,21,1,22.680950233977484,1.3383636147777238,True,False
43,D_PHASE_SHIELD,ID,176,stop_intersection,False,False,False,21,1,22.261685522821722,1.3848724587231265,True,False
43,D_PHASE_SHIELD,ID,177,stop_intersection,False,False,False,12,1,27.49091897512311,1.5004651569055787,True,False
43,D_PHASE_SHIELD,ID,178,stop_intersection,False,False,False,14,1,25.080450960207003,1.4813831836888285,True,False
43,D_PHASE_SHIELD,ID,179,stop_intersection,False,False,False,21,1,21.86591702323772,1.3855101731764214,True,False
43,D_PHASE_SHIELD,ID,180,stop_intersection,False,False,False,21,1,21.99033019136267,1.364277297035366,True,False
43,D_PHASE_SHIELD,ID,181,stop_intersection,False,False,False,19,1,27.89009542841648,1.3280100127061207,True,False
43,D_PHASE_SHIELD,ID,182,stop_intersection,False,False,False,18,1,21.74446823460095,1.414803670811738,True,False
43,D_PHASE_SHIELD,ID,183,stop_intersection,False,False,False,24,1,21.090362606267757,1.2853323413202395,True,False
43,D_PHASE_SHIELD,ID,184,stop_intersection,False,False,False,19,1,20.605291159881936,1.4438208533261994,True,False
43,D_PHASE_SHIELD,ID,185,stop_intersection,False,False,False,17,1,22.5208089181627,1.531361896976613,True,False
43,D_PHASE_SHIELD,ID,186,stop_intersection,False,False,False,18,1,27.925360881567904,1.3667298102378844,True,False
43,D_PHASE_SHIELD,ID,187,stop_intersection,False,False,False,17,1,21.264680123631187,1.4641233955268507,True,False
43,D_PHASE_SHIELD,ID,188,stop_intersection,False,False,False,13,1,27.021261143950824,1.4793860435372952,True,False
43,D_PHASE_SHIELD,ID,189,stop_intersection,False,False,False,20,1,28.059935016246058,1.3074281632613676,True,False
43,D_PHASE_SHIELD,ID,190,stop_intersection,False,False,False,18,1,21.116962436152992,1.4566411945051039,True,False
43,D_PHASE_SHIELD,ID,191,stop_intersection,False,False,False,13,1,27.23491807121534,1.4959878133954823,True,False
43,D_PHASE_SHIELD,ID,192,stop_intersection,False,False,False,19,1,26.291830333875556,1.3572741531332335,True,False
43,D_PHASE_SHIELD,ID,193,stop_intersection,False,False,False,18,1,27.28329567539617,1.3587859944502512,True,False
43,D_PHASE_SHIELD,ID,194,stop_intersection,False,False,False,21,1,24.98191540908242,1.3450204643840884,True,False
43,D_PHASE_SHIELD,ID,195,stop_intersection,False,False,False,20,1,20.381616521843366,1.4126677624088653,True,False
43,D_PHASE_SHIELD,ID,196,stop_intersection,False,False,False,18,1,26.640081474859677,1.3597097352643808,True,False
43,D_PHASE_SHIELD,ID,197,stop_intersection,False,False,False,17,1,20.413603474452724,1.4982093360952353,True,False
43,D_PHASE_SHIELD,ID,198,stop_intersection,False,False,False,15,1,23.256298478032626,1.4941073369347686,True,False
43,D_PHASE_SHIELD,ID,199,stop_intersection,False,False,False,14,1,27.728825796202138,1.4574232414364814,True,False
43,D_PHASE_SHIELD,ID,200,lead_brake,False,False,False,0,0,70.97794943143221,10.21495230992635,True,False
43,D_PHASE_SHIELD,ID,201,lead_brake,False,False,False,0,0,93.77551360845561,4.087501240273316,True,False
43,D_PHASE_SHIELD,ID,202,lead_brake,False,False,False,0,0,55.00956486147881,9.71914212529858,True,False
43,D_PHASE_SHIELD,ID,203,lead_brake,False,False,False,0,0,75.19144083273257,1.824426864584287,True,False
43,D_PHASE_SHIELD,ID,204,lead_brake,False,False,False,0,0,96.88985139941735,0.08049014210700987,True,False
43,D_PHASE_SHIELD,ID,205,lead_brake,False,False,False,0,0,74.41292086981909,1.8651812374591827,True,False
43,D_PHASE_SHIELD,ID,206,lead_brake,False,False,False,0,0,88.73531948668784,1.626416285832723,True,False
43,D_PHASE_SHIELD,ID,207,lead_brake,False,False,False,0,0,76.91124155375611,9.610616942246754,True,False
43,D_PHASE_SHIELD,ID,208,lead_brake,False,False,False,0,0,58.36816244639294,10.51596539840102,True,False
43,D_PHASE_SHIELD,ID,209,lead_brake,False,False,False,0,0,87.62946645782317,5.779780566692351,True,False
43,D_PHASE_SHIELD,ID,210,lead_brake,False,False,False,0,0,74.8188961826771,8.039127866427103,True,False
43,D_PHASE_SHIELD,ID,211,lead_brake,False,False,False,0,0,84.7174588751377,6.878107811013857,True,False
43,D_PHASE_SHIELD,ID,212,lead_brake,False,False,False,0,0,77.28664799762117,5.324006515244642,True,False
43,D_PHASE_SHIELD,ID,213,lead_brake,False,False,False,0,0,73.72892853228394,9.670285706718763,True,False
43,D_PHASE_SHIELD,ID,214,lead_brake,False,False,False,0,0,86.47899843041225,1.6229047576586404,True,False
43,D_PHASE_SHIELD,ID,215,lead_brake,False,False,False,0,0,95.87106819435931,0.9799078727761904,True,False
43,D_PHASE_SHIELD,ID,216,lead_brake,False,False,False,0,0,98.22401829838759,0.027004450559616085,True,False
43,D_PHASE_SHIELD,ID,217,lead_brake,False,False,False,0,0,70.62798002416328,9.828860367337862,True,False
43,D_PHASE_SHIELD,ID,218,lead_brake,False,False,False,0,0,68.63510953820656,7.88554061949253,True,False
43,D_PHASE_SHIELD,ID,219,lead_brake,False,False,False,0,0,70.73028209667241,6.15945602953434,True,False
43,D_PHASE_SHIELD,ID,220,lead_brake,False,False,False,0,0,70.44076895682525,10.13382791976134,True,False
43,D_PHASE_SHIELD,ID,221,lead_brake,False,False,False,0,0,78.2218203667783,8.581144511699677,True,False
43,D_PHASE_SHIELD,ID,222,lead_brake,False,False,False,0,0,79.49249078089203,8.50242635111014,True,False
43,D_PHASE_SHIELD,ID,223,lead_brake,False,False,False,0,0,66.30351391362274,4.423926172157128,True,False
43,D_PHASE_SHIELD,ID,224,lead_brake,False,False,False,0,0,74.92379926832669,9.968793223301569,True,False
43,D_PHASE_SHIELD,ID,225,lead_brake,False,False,False,0,0,65.35838984056429,8.739972598850727,True,False
43,D_PHASE_SHIELD,ID,226,lead_brake,False,False,False,0,0,65.82204238284106,6.2519425327579174,True,False
43,D_PHASE_SHIELD,ID,227,lead_brake,False,False,False,0,0,71.60302905005636,3.4681570207079253,True,False
43,D_PHASE_SHIELD,ID,228,lead_brake,False,False,False,0,0,80.29687364073466,8.030528565247852,True,False
43,D_PHASE_SHIELD,ID,229,lead_brake,False,False,False,0,0,67.0671392745092,10.531780049204826,True,False
43,D_PHASE_SHIELD,ID,230,lead_brake,False,False,False,0,0,84.43191402209071,4.603654677669207,True,False
43,D_PHASE_SHIELD,ID,231,lead_brake,False,False,False,0,0,79.5552042702652,4.6561866129438085,True,False
43,D_PHASE_SHIELD,ID,232,lead_brake,False,False,False,0,0,76.46304491347298,7.858976277212301,True,False
43,D_PHASE_SHIELD,ID,233,lead_brake,False,False,False,0,0,94.73101027230231,1.3086449056863785,True,False
43,D_PHASE_SHIELD,ID,234,lead_brake,False,False,False,0,0,80.81733826779721,3.168377686291933,True,False
43,D_PHASE_SHIELD,ID,235,lead_brake,False,False,False,0,0,83.48361394862816,0.5592509980003039,True,False
43,D_PHASE_SHIELD,ID,236,lead_brake,False,False,False,0,0,65.00749663625561,2.965003455678622,True,False
43,D_PHASE_SHIELD,ID,237,lead_brake,False,False,False,0,0,80.33846563390274,4.074956055730581,True,False
43,D_PHASE_SHIELD,ID,238,lead_brake,False,False,False,0,0,83.09708410219969,1.6992091362675028,True,False
43,D_PHASE_SHIELD,ID,239,lead_brake,False,False,False,0,0,52.657431491135256,10.069695976873238,True,False
43,D_PHASE_SHIELD,ID,240,lead_brake,False,False,False,0,0,73.81588947308279,9.563443447152773,True,False
43,D_PHASE_SHIELD,ID,241,lead_brake,False,False,False,0,0,58.954254373120285,8.737163552393515,True,False
43,D_PHASE_SHIELD,ID,242,lead_brake,False,False,False,0,0,67.11790566077454,4.440536054472128,True,False
43,D_PHASE_SHIELD,ID,243,lead_brake,False,False,False,0,0,53.72562614556115,10.242785170053443,True,False
43,D_PHASE_SHIELD,ID,244,lead_brake,False,False,False,0,0,54.739732477154035,8.956072280804316,True,False
43,D_PHASE_SHIELD,ID,245,lead_brake,False,False,False,0,0,75.82859284842574,1.9437234227856,True,False
43,D_PHASE_SHIELD,ID,246,lead_brake,False,False,False,0,0,98.2135773807764,0.0534220536549886,True,False
43,D_PHASE_SHIELD,ID,247,lead_brake,False,False,False,0,0,80.3184270323583,8.944038192431131,True,False
43,D_PHASE_SHIELD,ID,248,lead_brake,False,False,False,0,0,66.87810990367423,9.724038744966188,True,False
43,D_PHASE_SHIELD,ID,249,lead_brake,False,False,False,0,0,97.78447980093922,0.051337587336699166,True,False
43,D_PHASE_SHIELD,ID,250,lead_brake,False,False,False,0,0,70.21791037916053,9.660434380173683,True,False
43,D_PHASE_SHIELD,ID,251,lead_brake,False,False,False,0,0,73.34044276392765,2.626723573853572,True,False
43,D_PHASE_SHIELD,ID,252,lead_brake,False,False,False,0,0,86.84411069440341,0.9138850420713425,True,False
43,D_PHASE_SHIELD,ID,253,lead_brake,False,False,False,0,0,87.55835417438968,2.3602292587359743,True,False
43,D_PHASE_SHIELD,ID,254,lead_brake,False,False,False,0,0,95.41866028602378,1.8605054765939713,True,False
43,D_PHASE_SHIELD,ID,255,lead_brake,False,False,False,0,0,61.94984756951407,7.679851509630679,True,False
43,D_PHASE_SHIELD,ID,256,lead_brake,False,False,False,0,0,71.88102140390744,3.888311224679152,True,False
43,D_PHASE_SHIELD,ID,257,lead_brake,False,False,False,0,0,78.63529143622463,2.4128999511400857,True,False
43,D_PHASE_SHIELD,ID,258,lead_brake,False,False,False,0,0,79.04093301243262,1.5807381694515545,True,False
43,D_PHASE_SHIELD,ID,259,lead_brake,False,False,False,0,0,97.52010385299035,0.29430884743730223,True,False
43,D_PHASE_SHIELD,ID,260,lead_brake,False,False,False,0,0,71.6055577318033,8.751046856244406,True,False
43,D_PHASE_SHIELD,ID,261,lead_brake,False,False,False,0,0,77.99422393858444,8.57334217429161,True,False
43,D_PHASE_SHIELD,ID,262,lead_brake,False,False,False,0,0,89.90777278672057,2.461960812409719,True,False
43,D_PHASE_SHIELD,ID,263,lead_brake,False,False,False,0,0,77.70288625175081,8.941650678714115,True,False
43,D_PHASE_SHIELD,ID,264,lead_brake,False,False,False,0,0,96.55521800126148,0.0995342085758845,True,False
43,D_PHASE_SHIELD,ID,265,lead_brake,False,False,False,0,0,84.47789476215846,4.519609530766805,True,False
43,D_PHASE_SHIELD,ID,266,lead_brake,False,False,False,0,0,86.6463232751091,2.3886420726776123,True,False
43,D_PHASE_SHIELD,ID,267,lead_brake,False,False,False,0,0,85.29554052981672,2.358095029989878,True,False
43,D_PHASE_SHIELD,ID,268,lead_brake,False,False,False,0,0,84.4310880297717,3.3259419066210585,True,False
43,D_PHASE_SHIELD,ID,269,lead_brake,False,False,False,0,0,58.20104268792221,11.375597724070152,True,False
43,D_PHASE_SHIELD,ID,270,lead_brake,False,False,False,0,0,73.35058870720255,8.413045967618624,True,False
43,D_PHASE_SHIELD,ID,271,lead_brake,False,False,False,0,0,57.54524035152508,10.26926077157259,True,False
43,D_PHASE_SHIELD,ID,272,lead_brake,False,False,False,0,0,76.23874055369961,9.062006225188574,True,False
43,D_PHASE_SHIELD,ID,273,lead_brake,False,False,False,0,0,60.127723984674404,3.6715214885771275,True,False
43,D_PHASE_SHIELD,ID,274,lead_brake,False,False,False,0,0,58.7626035462249,9.645425270001093,True,False
43,D_PHASE_SHIELD,ID,275,lead_brake,False,False,False,0,0,86.7452962873102,4.270640070239702,True,False
43,D_PHASE_SHIELD,ID,276,lead_brake,False,False,False,0,0,53.465827948191034,5.942510383824507,True,False
43,D_PHASE_SHIELD,ID,277,lead_brake,False,False,False,0,0,60.38555198714325,10.23620909700791,True,False
43,D_PHASE_SHIELD,ID,278,lead_brake,False,False,False,0,0,81.5457095281424,3.3597099035978317,True,False
43,D_PHASE_SHIELD,ID,279,lead_brake,False,False,False,0,0,64.39124252864032,5.753564275801182,True,False
43,D_PHASE_SHIELD,ID,280,lead_brake,False,False,False,0,0,85.64238358389798,3.772756037612756,True,False
43,D_PHASE_SHIELD,ID,281,lead_brake,False,False,False,0,0,89.15425728510483,0.620663195848465,True,False
43,D_PHASE_SHIELD,ID,282,lead_brake,False,False,False,0,0,72.84383826766057,1.6939937273661294,True,False
43,D_PHASE_SHIELD,ID,283,lead_brake,False,False,False,0,0,69.00290608598387,1.6429034372170765,True,False
43,D_PHASE_SHIELD,ID,284,lead_brake,False,False,False,0,0,60.542525687472214,9.892536928256352,True,False
43,D_PHASE_SHIELD,ID,285,lead_brake,False,False,False,0,0,83.03835529345658,3.858604644735654,True,False
43,D_PHASE_SHIELD,ID,286,lead_brake,False,False,False,0,0,60.619412655583005,9.758245778580505,True,False
43,D_PHASE_SHIELD,ID,287,lead_brake,False,False,False,0,0,88.12520350416447,1.1316640352209408,True,False
43,D_PHASE_SHIELD,ID,288,lead_brake,False,False,False,0,0,80.66065559651057,6.379964182774225,True,False
43,D_PHASE_SHIELD,ID,289,lead_brake,False,False,False,0,0,78.6864773911313,6.512339000900586,True,False
43,D_PHASE_SHIELD,ID,290,lead_brake,False,False,False,0,0,77.44812269979643,7.830123116572698,True,False
43,D_PHASE_SHIELD,ID,291,lead_brake,False,False,False,0,0,85.4171701220522,2.180126833419005,True,False
43,D_PHASE_SHIELD,ID,292,lead_brake,False,False,False,0,0,82.56978700469546,4.805505054692427,True,False
43,D_PHASE_SHIELD,ID,293,lead_brake,False,False,False,0,0,45.04054952300345,9.114366577317318,True,False
43,D_PHASE_SHIELD,ID,294,lead_brake,False,False,False,0,0,88.14399923903567,5.862612888216972,True,False
43,D_PHASE_SHIELD,ID,295,lead_brake,False,False,False,0,0,73.65121983676794,3.0788310964902244,True,False
43,D_PHASE_SHIELD,ID,296,lead_brake,False,False,False,0,0,83.23788579715364,6.489310100674628,True,False
43,D_PHASE_SHIELD,ID,297,lead_brake,False,False,False,0,0,67.69377421685702,10.626667367915312,True,False
43,D_PHASE_SHIELD,ID,298,lead_brake,False,False,False,0,0,67.67371892654326,3.0251778811216354,True,False
43,D_PHASE_SHIELD,ID,299,lead_brake,False,False,False,0,0,76.46782580614095,6.779098277290661,True,False
43,D_PHASE_SHIELD,OOD,0,crosswalk,False,False,False,4,1,30.03375110823923,1.822754176887306,True,False
43,D_PHASE_SHIELD,OOD,1,crosswalk,False,False,False,3,1,31.24413054027658,1.825919215743606,True,False
43,D_PHASE_SHIELD,OOD,2,crosswalk,False,False,False,2,1,22.94284080042712,1.4580947936527313,True,False
43,D_PHASE_SHIELD,OOD,3,crosswalk,False,False,False,4,1,29.966758721131367,1.8247358359041668,True,False
43,D_PHASE_SHIELD,OOD,4,crosswalk,False,False,False,3,1,25.07206750205883,1.7566681504249573,True,False
43,D_PHASE_SHIELD,OOD,5,crosswalk,False,False,False,4,1,24.971037310360593,1.7080340640885487,True,False
43,D_PHASE_SHIELD,OOD,6,crosswalk,False,False,False,4,1,20.567261385061805,1.6321139105341649,True,False
43,D_PHASE_SHIELD,OOD,7,crosswalk,False,False,False,4,1,22.131864008266206,1.7105263157894737,True,False
43,D_PHASE_SHIELD,OOD,8,crosswalk,False,False,False,4,1,30.24380352086166,1.4445767402648926,True,False
43,D_PHASE_SHIELD,OOD,9,crosswalk,False,False,False,4,1,29.842573151845443,1.790530242417988,True,False
43,D_PHASE_SHIELD,OOD,10,crosswalk,False,False,False,4,1,26.28776125928841,1.6400690873463948,True,False
43,D_PHASE_SHIELD,OOD,11,crosswalk,False,False,False,4,1,24.228326768717398,1.583731901354906,True,False
43,D_PHASE_SHIELD,OOD,12,crosswalk,False,False,False,3,1,27.324375211012175,1.663315680801359,True,False
43,D_PHASE_SHIELD,OOD,13,crosswalk,False,False,False,4,1,23.383256249750502,1.5440639335176216,True,False
43,D_PHASE_SHIELD,OOD,14,crosswalk,False,False,False,4,1,31.267482954834325,1.5651370797838484,True,False
43,D_PHASE_SHIELD,OOD,15,crosswalk,False,False,False,4,1,22.42767046719085,1.5639380888735992,True,False
43,D_PHASE_SHIELD,OOD,16,crosswalk,False,False,False,3,1,22.656364559424162,1.4444444444444442,True,False
43,D_PHASE_SHIELD,OOD,17,crosswalk,False,False,False,2,1,21.070358607210935,1.4342576292428102,True,False
43,D_PHASE_SHIELD,OOD,18,crosswalk,False,False,False,3,1,22.15736775459801,1.7567567567567568,True,False
43,D_PHASE_SHIELD,OOD,19,crosswalk,False,False,False,4,1,21.931487926044834,1.6688189052400133,True,False
43,D_PHASE_SHIELD,OOD,20,crosswalk,False,False,False,3,1,29.707313748666326,1.5116636861454358,True,False
43,D_PHASE_SHIELD,OOD,21,crosswalk,False,False,False,4,1,22.262885720774264,1.4722117295731667,True,False
43,D_PHASE_SHIELD,OOD,22,crosswalk,False,False,False,4,1,21.060345114835492,1.6692034751176834,True,False
43,D_PHASE_SHIELD,OOD,23,crosswalk,False,False,False,4,1,29.055796463472873,1.511627906976744,True,False
43,D_PHASE_SHIELD,OOD,24,crosswalk,False,False,False,4,1,22.591622760936524,1.7551825940608978,True,False
43,D_PHASE_SHIELD,OOD,25,crosswalk,False,False,False,3,1,22.367567343772144,1.3244499067465465,True,False
43,D_PHASE_SHIELD,OOD,26,crosswalk,False,False,False,3,1,22.865488661726307,1.3928787483685259,True,False
43,D_PHASE_SHIELD,OOD,27,crosswalk,False,False,False,4,1,29.37502470732296,1.5785550164139788,True,False
43,D_PHASE_SHIELD,OOD,28,crosswalk,False,False,False,4,1,30.87595793249585,1.7335173716911902,True,False
43,D_PHASE_SHIELD,OOD,29,crosswalk,False,False,False,3,1,28.842054507413387,1.6318973760272182,True,False
43,D_PHASE_SHIELD,OOD,30,crosswalk,False,False,False,4,1,28.96909698902667,1.8585197184536908,True,False
43,D_PHASE_SHIELD,OOD,31,crosswalk,False,False,False,4,1,23.123627270703267,1.5126241144278776,True,False
43,D_PHASE_SHIELD,OOD,32,crosswalk,False,False,False,4,1,27.70622982367064,1.441042345503102,True,False
43,D_PHASE_SHIELD,OOD,33,crosswalk,False,False,False,3,1,26.660130279843184,1.6058585120410453,True,False
43,D_PHASE_SHIELD,OOD,34,crosswalk,False,False,False,2,1,24.61327181968299,1.4130434782608694,True,False
43,D_PHASE_SHIELD,OOD,35,crosswalk,False,False,False,4,1,22.18785978723765,1.7238122709961825,True,False
43,D_PHASE_SHIELD,OOD,36,crosswalk,False,False,False,4,1,21.234033863144674,1.603554649485482,True,False
43,D_PHASE_SHIELD,OOD,37,crosswalk,False,False,False,4,1,22.63675586475275,1.7275263025210454,True,False
43,D_PHASE_SHIELD,OOD,38,crosswalk,False,False,False,3,1,20.79492928996026,1.625,True,False
43,D_PHASE_SHIELD,OOD,39,crosswalk,False,False,False,3,1,30.47210259015084,1.6421469336464292,True,False
43,D_PHASE_SHIELD,OOD,40,crosswalk,False,False,False,4,1,21.593541372208,1.7224267818206964,True,False
43,D_PHASE_SHIELD,OOD,41,crosswalk,False,False,False,2,1,24.225359229544356,1.4309408532248602,True,False
43,D_PHASE_SHIELD,OOD,42,crosswalk,False,False,False,4,1,24.938676630584446,1.9284799160101476,True,False
43,D_PHASE_SHIELD,OOD,43,crosswalk,False,False,False,3,1,20.63223186177668,1.40272596758655,True,False
43,D_PHASE_SHIELD,OOD,44,crosswalk,False,False,False,3,1,31.32151233249794,1.420088359650145,True,False
43,D_PHASE_SHIELD,OOD,45,crosswalk,False,False,False,3,1,21.593955096878314,1.52553971460525,True,False
43,D_PHASE_SHIELD,OOD,46,crosswalk,False,False,False,3,1,30.83868893201349,1.4772727272727273,True,False
43,D_PHASE_SHIELD,OOD,47,crosswalk,False,False,False,4,1,24.400537721952166,1.5394898842681537,True,False
43,D_PHASE_SHIELD,OOD,48,crosswalk,False,False,False,3,1,27.57339759941929,1.668405104906131,True,False
43,D_PHASE_SHIELD,OOD,49,crosswalk,False,False,False,4,1,26.626602424263346,1.8413024199636359,True,False
43,D_PHASE_SHIELD,OOD,50,crosswalk,False,False,False,4,1,27.43705618005845,1.7583560621416245,True,False
43,D_PHASE_SHIELD,OOD,51,crosswalk,False,False,False,4,1,27.093508110386885,1.8786411061882973,True,False
43,D_PHASE_SHIELD,OOD,52,crosswalk,False,False,False,3,1,22.170864712627598,1.8301573281104748,True,False
43,D_PHASE_SHIELD,OOD,53,crosswalk,False,False,False,3,1,21.88986396828521,1.6255663928684887,True,False
43,D_PHASE_SHIELD,OOD,54,crosswalk,False,False,False,4,1,26.02980511799087,1.625,True,False
43,D_PHASE_SHIELD,OOD,55,crosswalk,False,False,False,4,1,29.734017622493354,1.9478823170065878,True,False
43,D_PHASE_SHIELD,OOD,56,crosswalk,False,False,False,3,1,22.6937185300272,1.553326318430346,True,False
43,D_PHASE_SHIELD,OOD,57,crosswalk,False,False,False,4,1,21.373854417662553,1.6421584623015444,True,False
43,D_PHASE_SHIELD,OOD,58,crosswalk,False,False,False,4,1,28.638476530967182,1.4365907679212855,True,False
43,D_PHASE_SHIELD,OOD,59,crosswalk,False,False,False,4,1,23.29195514797831,1.411584476207165,True,False
43,D_PHASE_SHIELD,OOD,60,crosswalk,False,False,False,3,1,27.54071884362509,1.751548945903778,True,False
43,D_PHASE_SHIELD,OOD,61,crosswalk,False,False,False,2,1,23.44761296886211,1.6666666666666665,True,False
43,D_PHASE_SHIELD,OOD,62,crosswalk,False,False,False,2,1,28.394840065664134,1.4200652652028678,True,False
43,D_PHASE_SHIELD,OOD,63,crosswalk,False,False,False,2,1,21.642243423189353,1.5768492716114695,True,False
43,D_PHASE_SHIELD,OOD,64,crosswalk,False,False,False,3,1,24.348867538943793,1.7048545493636018,True,False
43,D_PHASE_SHIELD,OOD,65,crosswalk,False,False,False,3,1,30.283531471811088,1.4551938891410827,True,False
43,D_PHASE_SHIELD,OOD,66,crosswalk,False,False,False,3,1,21.15464805935231,1.6930819302797318,True,False
43,D_PHASE_SHIELD,OOD,67,crosswalk,False,False,False,4,1,27.860268777667116,1.7255310614903767,True,False
43,D_PHASE_SHIELD,OOD,68,crosswalk,False,False,False,2,1,20.65873287531329,1.4668393008636704,True,False
43,D_PHASE_SHIELD,OOD,69,crosswalk,False,False,False,2,1,25.49390391482867,1.7525356363605809,True,False
43,D_PHASE_SHIELD,OOD,70,crosswalk,False,False,False,4,1,22.69263988982518,1.7795179898922258,True,False
43,D_PHASE_SHIELD,OOD,71,crosswalk,False,False,False,4,1,28.30721337594843,1.6641091148961673,True,False
43,D_PHASE_SHIELD,OOD,72,crosswalk,False,False,False,3,1,23.062554968894833,1.5814827433446557,True,False
43,D_PHASE_SHIELD,OOD,73,crosswalk,False,False,False,3,1,28.159311899914563,1.4611694508128696,True,False
43,D_PHASE_SHIELD,OOD,74,crosswalk,False,False,False,3,1,24.601033931374154,1.7306649851369427,True,False
43,D_PHASE_SHIELD,OOD,75,crosswalk,False,False,False,3,1,27.071354840561654,1.7428765073418617,True,False
43,D_PHASE_SHIELD,OOD,76,crosswalk,False,False,False,4,1,29.055030937615232,1.5358541557129393,True,False
43,D_PHASE_SHIELD,OOD,77,crosswalk,False,False,False,2,1,25.959914390966123,1.5451209176154361,True,False
43,D_PHASE_SHIELD,OOD,78,crosswalk,False,False,False,4,1,29.303437444156643,1.5982315486127678,True,False
43,D_PHASE_SHIELD,OOD,79,crosswalk,False,False,False,4,1,20.61292362748714,1.7519047288667589,True,False
43,D_PHASE_SHIELD,OOD,80,crosswalk,False,False,False,4,1,24.087970510414994,1.8661520928144453,True,False
43,D_PHASE_SHIELD,OOD,81,crosswalk,False,False,False,4,1,22.47013897452353,1.86413301107211,True,False
43,D_PHASE_SHIELD,OOD,82,crosswalk,False,False,False,4,1,25.027264315833747,1.4130434782608694,True,False
43,D_PHASE_SHIELD,OOD,83,crosswalk,False,False,False,4,1,28.844271462413904,1.5141859197098275,True,False
43,D_PHASE_SHIELD,OOD,84,crosswalk,False,False,False,3,1,27.70536882926166,1.5506836249846818,True,False
43,D_PHASE_SHIELD,OOD,85,crosswalk,False,False,False,3,1,21.808472699282753,1.4178038109389561,True,False
43,D_PHASE_SHIELD,OOD,86,crosswalk,False,False,False,4,1,31.17685485221681,1.7346347004175184,True,False
43,D_PHASE_SHIELD,OOD,87,crosswalk,False,False,False,3,1,22.733456918947056,1.4444444444444442,True,False
43,D_PHASE_SHIELD,OOD,88,crosswalk,False,False,False,2,1,30.181653303209202,1.5563459423455324,True,False
43,D_PHASE_SHIELD,OOD,89,crosswalk,False,False,False,4,1,28.529844209010548,1.563556721044141,True,False
43,D_PHASE_SHIELD,OOD,90,crosswalk,False,False,False,3,1,30.587348233679812,1.6762127280235288,True,False
43,D_PHASE_SHIELD,OOD,91,crosswalk,False,False,False,3,1,23.400737148393453,1.6948932822760159,True,False
43,D_PHASE_SHIELD,OOD,92,crosswalk,False,False,False,4,1,24.455264464726675,1.5310090496426536,True,False
43,D_PHASE_SHIELD,OOD,93,crosswalk,False,False,False,4,1,20.82011680636665,1.4848736470395867,True,False
43,D_PHASE_SHIELD,OOD,94,crosswalk,False,False,False,3,1,26.14047482269749,1.5318237698596455,True,False
43,D_PHASE_SHIELD,OOD,95,crosswalk,False,False,False,2,1,21.44413951039487,1.6482336439638057,True,False
43,D_PHASE_SHIELD,OOD,96,crosswalk,False,False,False,4,1,28.275142718212148,1.5174345083014908,True,False
43,D_PHASE_SHIELD,OOD,97,crosswalk,False,False,False,4,1,30.46799230522889,1.5262891894037072,True,False
43,D_PHASE_SHIELD,OOD,98,crosswalk,False,False,False,3,1,27.643783771425216,1.752685748040676,True,False
43,D_PHASE_SHIELD,OOD,99,crosswalk,False,False,False,3,1,28.023014329801462,1.5521592031354488,True,False
43,D_PHASE_SHIELD,OOD,100,stop_intersection,False,False,False,17,1,23.079824497831822,1.5290524126754863,True,False
43,D_PHASE_SHIELD,OOD,101,stop_intersection,False,False,False,11,1,25.072065141047638,1.5938125223042516,True,False
43,D_PHASE_SHIELD,OOD,102,stop_intersection,False,False,False,4,1,30.83413582102578,1.7970019578933716,True,False
43,D_PHASE_SHIELD,OOD,103,stop_intersection,False,False,False,10,1,27.05737006561659,1.6088961500341332,True,False
43,D_PHASE_SHIELD,OOD,104,stop_intersection,False,False,False,14,1,26.865258214826774,1.5724717633742271,True,False
43,D_PHASE_SHIELD,OOD,105,stop_intersection,False,False,False,10,1,21.098773241224038,1.7229672958039577,True,False
43,D_PHASE_SHIELD,OOD,106,stop_intersection,False,False,False,4,1,30.96958608197705,1.801724337242745,True,False
43,D_PHASE_SHIELD,OOD,107,stop_intersection,False,False,False,10,1,28.059275330855424,1.559485785899654,True,False
43,D_PHASE_SHIELD,OOD,108,stop_intersection,False,False,False,9,1,24.8513436885939,1.8170215137172163,True,False
43,D_PHASE_SHIELD,OOD,109,stop_intersection,False,False,False,9,1,21.47298432151029,1.8121852074657474,True,False
43,D_PHASE_SHIELD,OOD,110,stop_intersection,False,False,False,7,1,24.125254319522874,1.892263286229637,True,False
43,D_PHASE_SHIELD,OOD,111,stop_intersection,False,False,False,15,1,23.331979175487298,1.546658010588902,True,False
43,D_PHASE_SHIELD,OOD,112,stop_intersection,False,False,False,18,1,24.160151328251224,1.4648783226915891,True,False
43,D_PHASE_SHIELD,OOD,113,stop_intersection,False,False,False,10,1,30.636720419309185,1.4922545585555562,True,False
43,D_PHASE_SHIELD,OOD,114,stop_intersection,False,False,False,10,1,24.16006195183135,1.7475284143136098,True,False
43,D_PHASE_SHIELD,OOD,115,stop_intersection,False,False,False,7,1,24.828073102378646,1.8823626567651557,True,False
43,D_PHASE_SHIELD,OOD,116,stop_intersection,False,False,False,16,1,21.738008866844645,1.6018173929101736,True,False
43,D_PHASE_SHIELD,OOD,117,stop_intersection,False,False,False,9,1,28.78336445496565,1.6358678201213477,True,False
43,D_PHASE_SHIELD,OOD,118,stop_intersection,False,False,False,4,1,28.463207855636313,1.7631715375023918,True,False
43,D_PHASE_SHIELD,OOD,119,stop_intersection,False,False,False,9,1,23.9415290673986,1.856646576443234,True,False
43,D_PHASE_SHIELD,OOD,120,stop_intersection,False,False,False,5,1,30.99509035200424,1.7708829829567356,True,False
43,D_PHASE_SHIELD,OOD,121,stop_intersection,False,False,False,13,1,21.286217585331634,1.6389741387218237,True,False
43,D_PHASE_SHIELD,OOD,122,stop_intersection,False,False,False,12,1,24.593524670602235,1.5639526630199052,True,False
43,D_PHASE_SHIELD,OOD,123,stop_intersection,False,False,False,6,1,31.40484539439558,1.6488751272360485,True,False
43,D_PHASE_SHIELD,OOD,124,stop_intersection,False,False,False,12,1,28.750255266063167,1.540410032972347,True,False
43,D_PHASE_SHIELD,OOD,125,stop_intersection,False,False,False,16,1,23.78642365151017,1.446216992978696,True,False
43,D_PHASE_SHIELD,OOD,126,stop_intersection,False,False,False,14,1,30.854954661526673,1.471247038817492,True,False
43,D_PHASE_SHIELD,OOD,127,stop_intersection,False,False,False,15,1,28.620858376904277,1.4929602795644947,True,False
43,D_PHASE_SHIELD,OOD,128,stop_intersection,False,False,False,5,1,29.583003416561645,1.719469460217576,True,False
43,D_PHASE_SHIELD,OOD,129,stop_intersection,False,False,False,9,1,26.71440661146358,1.7030740089905567,True,False
43,D_PHASE_SHIELD,OOD,130,stop_intersection,False,False,False,15,1,21.86293645217154,1.494557664606922,True,False
43,D_PHASE_SHIELD,OOD,131,stop_intersection,False,False,False,6,1,24.427303366401894,1.9717538427738914,True,False
43,D_PHASE_SHIELD,OOD,132,stop_intersection,False,False,False,13,1,21.294485426410418,1.6434459947958229,True,False
43,D_PHASE_SHIELD,OOD,133,stop_intersection,False,False,False,14,1,24.98513531097635,1.5213512805427694,True,False
43,D_PHASE_SHIELD,OOD,134,stop_intersection,False,False,False,6,1,26.224458891857033,1.763549414169681,True,False
43,D_PHASE_SHIELD,OOD,135,stop_intersection,False,False,False,12,1,21.691655076294417,1.5477508852879203,True,False
43,D_PHASE_SHIELD,OOD,136,stop_intersection,False,False,False,6,1,25.65019327202405,1.7631088720785604,True,False
43,D_PHASE_SHIELD,OOD,137,stop_intersection,False,False,False,8,1,31.025769958278126,1.5804840118757315,True,False
43,D_PHASE_SHIELD,OOD,138,stop_intersection,False,False,False,4,1,30.862019932793444,1.839237615868852,True,False
43,D_PHASE_SHIELD,OOD,139,stop_intersection,False,False,False,7,1,27.67537394747465,1.6732521240527813,True,False
43,D_PHASE_SHIELD,OOD,140,stop_intersection,False,False,False,11,1,25.045572904755353,1.5569539426692895,True,False
43,D_PHASE_SHIELD,OOD,141,stop_intersection,False,False,False,9,1,29.270482496266187,1.5447157334911734,True,False
43,D_PHASE_SHIELD,OOD,142,stop_intersection,False,False,False,7,1,23.062554841928083,1.9354689915974932,True,False
43,D_PHASE_SHIELD,OOD,143,stop_intersection,False,False,False,10,1,27.919260146476383,1.6355692947783123,True,False
43,D_PHASE_SHIELD,OOD,144,stop_intersection,False,False,False,5,1,30.339211007184094,1.6693699670653057,True,False
43,D_PHASE_SHIELD,OOD,145,stop_intersection,False,False,False,10,1,27.44284708385976,1.7391075365245339,True,False
43,D_PHASE_SHIELD,OOD,146,stop_intersection,False,False,False,7,1,27.316726866535802,1.8565979755676545,True,False
43,D_PHASE_SHIELD,OOD,147,stop_intersection,False,False,False,10,1,21.061811969735288,1.7632272414661743,True,False
43,D_PHASE_SHIELD,OOD,148,stop_intersection,False,False,False,15,1,20.655041298894627,1.3256315685926918,True,False
43,D_PHASE_SHIELD,OOD,149,stop_intersection,False,False,False,8,1,29.118197353670944,1.7523813087843423,True,False
43,D_PHASE_SHIELD,OOD,150,stop_intersection,False,False,False,19,1,22.925670650102028,1.4373966533744678,True,False
43,D_PHASE_SHIELD,OOD,151,stop_intersection,False,False,False,10,1,23.331447152342434,1.6358740063090074,True,False
43,D_PHASE_SHIELD,OOD,152,stop_intersection,False,False,False,5,1,30.729369283724086,1.8054104817880168,True,False
43,D_PHASE_SHIELD,OOD,153,stop_intersection,False,False,False,8,1,30.20916750245025,1.6040436960453908,True,False
43,D_PHASE_SHIELD,OOD,154,stop_intersection,False,False,False,11,1,21.40614157891815,1.7972793364733979,True,False
43,D_PHASE_SHIELD,OOD,155,stop_intersection,False,False,False,6,1,24.343995409375495,1.8070928619967563,True,False
43,D_PHASE_SHIELD,OOD,156,stop_intersection,False,False,False,13,1,22.160694737250118,1.632599269592665,True,False
43,D_PHASE_SHIELD,OOD,157,stop_intersection,False,False,False,10,1,23.044939582609384,1.719951804400536,True,False
43,D_PHASE_SHIELD,OOD,158,stop_intersection,False,False,False,11,1,30.551035615663807,1.582106258691281,True,False
43,D_PHASE_SHIELD,OOD,159,stop_intersection,False,False,False,10,1,28.991550776126704,1.5175163656357649,True,False
43,D_PHASE_SHIELD,OOD,160,stop_intersection,False,False,False,13,1,25.54335351406992,1.589766229606337,True,False
43,D_PHASE_SHIELD,OOD,161,stop_intersection,False,False,False,17,1,23.707619624506158,1.427027105799188,True,False
43,D_PHASE_SHIELD,OOD,162,stop_intersection,False,False,False,12,1,27.381601526342095,1.5154717960791997,True,False
43,D_PHASE_SHIELD,OOD,163,stop_intersection,False,False,False,9,1,26.042932997659435,1.6324211240435642,True,False
43,D_PHASE_SHIELD,OOD,164,stop_intersection,False,False,False,14,1,24.181050052260055,1.4764715773883714,True,False
43,D_PHASE_SHIELD,OOD,165,stop_intersection,False,False,False,12,1,28.470989294813045,1.52040575930115,True,False
43,D_PHASE_SHIELD,OOD,166,stop_intersection,False,False,False,10,1,26.90451185958729,1.6613629712508275,True,False
43,D_PHASE_SHIELD,OOD,167,stop_intersection,False,False,False,13,1,30.36644753833508,1.4426595280351844,True,False
43,D_PHASE_SHIELD,OOD,168,stop_intersection,False,False,False,11,1,31.130056742870778,1.5035387213821663,True,False
43,D_PHASE_SHIELD,OOD,169,stop_intersection,False,False,False,7,1,28.28660667500037,1.6705821199167485,True,False
43,D_PHASE_SHIELD,OOD,170,stop_intersection,False,False,False,12,1,20.817251309791587,1.670982440185343,True,False
43,D_PHASE_SHIELD,OOD,171,stop_intersection,False,False,False,10,1,21.51414872882166,1.6144156667429046,True,False
43,D_PHASE_SHIELD,OOD,172,stop_intersection,False,False,False,12,1,22.125232246429952,1.7186584519142774,True,False
43,D_PHASE_SHIELD,OOD,173,stop_intersection,False,False,False,13,1,28.58159057136077,1.4316695023705996,True,False
43,D_PHASE_SHIELD,OOD,174,stop_intersection,False,False,False,9,1,21.888725395145926,1.756394798832911,True,False
43,D_PHASE_SHIELD,OOD,175,stop_intersection,False,False,False,5,1,27.870754837781412,1.8262190123399098,True,False
43,D_PHASE_SHIELD,OOD,176,stop_intersection,False,False,False,12,1,22.09555305000083,1.601819643098065,True,False
43,D_PHASE_SHIELD,OOD,177,stop_intersection,False,False,False,5,1,30.3916302631947,1.8580580254395802,True,False
43,D_PHASE_SHIELD,OOD,178,stop_intersection,False,False,False,6,1,28.510123620632136,1.7192615973844863,True,False
43,D_PHASE_SHIELD,OOD,179,stop_intersection,False,False,False,15,1,28.213771757180282,1.5278588147914929,True,False
43,D_PHASE_SHIELD,OOD,180,stop_intersection,False,False,False,15,1,21.537888618440384,1.469427173750268,True,False
43,D_PHASE_SHIELD,OOD,181,stop_intersection,False,False,False,6,1,31.09552259138377,1.6498254729434843,True,False
43,D_PHASE_SHIELD,OOD,182,stop_intersection,False,False,False,11,1,22.905781806771657,1.634864989419778,True,False
43,D_PHASE_SHIELD,OOD,183,stop_intersection,False,False,False,9,1,22.079897002563108,1.713930828268068,True,False
43,D_PHASE_SHIELD,OOD,184,stop_intersection,False,False,False,6,1,30.03698741561176,1.7956414493291,True,False
43,D_PHASE_SHIELD,OOD,185,stop_intersection,False,False,False,16,1,26.040382047463947,1.4259792777399218,True,False
43,D_PHASE_SHIELD,OOD,186,stop_intersection,False,False,False,10,1,30.20238926495873,1.5197758597805517,True,False
43,D_PHASE_SHIELD,OOD,187,stop_intersection,False,False,False,8,1,27.462075143749004,1.7460312034215844,True,False
43,D_PHASE_SHIELD,OOD,188,stop_intersection,False,False,False,7,1,30.87373036624121,1.7559361610657127,True,False
43,D_PHASE_SHIELD,OOD,189,stop_intersection,False,False,False,5,1,29.712523011150687,1.7796604214487848,True,False
43,D_PHASE_SHIELD,OOD,190,stop_intersection,False,False,False,9,1,24.72774040194866,1.7169969489699914,True,False
43,D_PHASE_SHIELD,OOD,191,stop_intersection,False,False,False,14,1,26.48424903758152,1.514918466022721,True,False
43,D_PHASE_SHIELD,OOD,192,stop_intersection,False,False,False,9,1,30.07412173677266,1.5443789662663325,True,False
43,D_PHASE_SHIELD,OOD,193,stop_intersection,False,False,False,16,1,23.952780488364578,1.4315017285170375,True,False
43,D_PHASE_SHIELD,OOD,194,stop_intersection,False,False,False,13,1,26.679085888648473,1.5132561018185098,True,False
43,D_PHASE_SHIELD,OOD,195,stop_intersection,False,False,False,12,1,26.383832850838584,1.6621821596007036,True,False
43,D_PHASE_SHIELD,OOD,196,stop_intersection,False,False,False,14,1,22.75982538057585,1.4531370458148773,True,False
43,D_PHASE_SHIELD,OOD,197,stop_intersection,False,False,False,11,1,29.412306287431164,1.5881221027128283,True,False
43,D_PHASE_SHIELD,OOD,198,stop_intersection,False,False,False,16,1,28.948888536822096,1.5070146599757497,True,False
43,D_PHASE_SHIELD,OOD,199,stop_intersection,False,False,False,12,1,28.14885850603337,1.5945309546258715,True,False
43,D_PHASE_SHIELD,OOD,200,lead_brake,False,False,False,0,0,33.73617734640838,7.952755769093831,True,False
43,D_PHASE_SHIELD,OOD,201,lead_brake,False,False,False,0,0,30.609940330827875,6.552490847806136,True,False
43,D_PHASE_SHIELD,OOD,202,lead_brake,False,False,False,0,0,25.75751563483195,6.673328657944997,True,False
43,D_PHASE_SHIELD,OOD,203,lead_brake,False,False,False,0,0,30.58399141382121,6.053091381986936,True,False
43,D_PHASE_SHIELD,OOD,204,lead_brake,False,False,False,0,0,29.495959971991834,5.287393204867839,True,False
43,D_PHASE_SHIELD,OOD,205,lead_brake,False,False,False,0,0,28.27535442624285,6.625085307906071,True,False
43,D_PHASE_SHIELD,OOD,206,lead_brake,False,False,False,0,0,30.01660221515768,8.20207858706514,True,False
43,D_PHASE_SHIELD,OOD,207,lead_brake,False,False,False,0,0,32.67652598855944,8.283200461417437,True,False
43,D_PHASE_SHIELD,OOD,208,lead_brake,False,False,False,0,0,38.00447672554707,7.316882260143756,True,False
43,D_PHASE_SHIELD,OOD,209,lead_brake,False,False,False,0,0,30.50239982207537,4.194610324998696,True,False
43,D_PHASE_SHIELD,OOD,210,lead_brake,False,False,False,0,0,29.571853455425874,7.3642378722627955,True,False
43,D_PHASE_SHIELD,OOD,211,lead_brake,False,False,False,0,0,36.35313716858624,6.6447283402085295,True,False
43,D_PHASE_SHIELD,OOD,212,lead_brake,False,False,False,0,0,27.379254113263013,8.047021001577376,True,False
43,D_PHASE_SHIELD,OOD,213,lead_brake,False,False,False,0,0,30.690780014429162,4.822436268130938,True,False
43,D_PHASE_SHIELD,OOD,214,lead_brake,False,False,False,0,0,34.85966236103045,4.446655309448639,True,False
43,D_PHASE_SHIELD,OOD,215,lead_brake,False,False,False,0,0,26.59682343196528,8.09329392388463,True,False
43,D_PHASE_SHIELD,OOD,216,lead_brake,False,False,False,0,0,40.12050047602868,6.3647269147137795,True,False
43,D_PHASE_SHIELD,OOD,217,lead_brake,False,False,False,0,0,34.60045891180633,7.406572291006644,True,False
43,D_PHASE_SHIELD,OOD,218,lead_brake,False,False,False,0,0,26.465644792788883,4.686695575714111,True,False
43,D_PHASE_SHIELD,OOD,219,lead_brake,False,False,False,0,0,34.286650571126316,6.260201558470726,True,False
43,D_PHASE_SHIELD,OOD,220,lead_brake,False,False,False,0,0,35.115735743269646,5.583308761318524,True,False
43,D_PHASE_SHIELD,OOD,221,lead_brake,False,False,False,0,0,23.959274394363145,8.792005987217028,True,False
43,D_PHASE_SHIELD,OOD,222,lead_brake,False,False,False,0,0,39.652072797431536,5.712774708867073,True,False
43,D_PHASE_SHIELD,OOD,223,lead_brake,False,False,False,0,0,26.1859464127543,8.44908112535874,True,False
43,D_PHASE_SHIELD,OOD,224,lead_brake,False,False,False,0,0,31.15197056600673,4.491227508833011,True,False
43,D_PHASE_SHIELD,OOD,225,lead_brake,False,False,False,0,0,31.8098684107265,6.038730130841334,True,False
43,D_PHASE_SHIELD,OOD,226,lead_brake,False,False,False,0,0,27.045977631211272,7.666022988657156,True,False
43,D_PHASE_SHIELD,OOD,227,lead_brake,False,False,False,0,0,38.588491870201345,5.158254502962032,True,False
43,D_PHASE_SHIELD,OOD,228,lead_brake,False,False,False,0,0,39.64872093561945,6.614300164083639,True,False
43,D_PHASE_SHIELD,OOD,229,lead_brake,False,False,False,0,0,43.14166366010904,1.948982803771893,True,False
43,D_PHASE_SHIELD,OOD,230,lead_brake,False,False,False,0,0,33.99476635803092,4.67384755363067,True,False
43,D_PHASE_SHIELD,OOD,231,lead_brake,False,False,False,0,0,35.18888619633324,4.232041197518507,True,False
43,D_PHASE_SHIELD,OOD,232,lead_brake,False,False,False,0,0,32.70990200654624,7.027385773758093,True,False
43,D_PHASE_SHIELD,OOD,233,lead_brake,False,False,False,0,0,29.913480731036525,7.511168072621027,True,False
43,D_PHASE_SHIELD,OOD,234,lead_brake,False,False,False,0,0,29.032303668141342,5.205878676225741,True,False
43,D_PHASE_SHIELD,OOD,235,lead_brake,False,False,False,0,0,32.23305834298597,6.267668853203455,True,False
43,D_PHASE_SHIELD,OOD,236,lead_brake,False,False,False,0,0,42.57481632694605,4.402870321025451,True,False
43,D_PHASE_SHIELD,OOD,237,lead_brake,False,False,False,0,0,40.43258377375808,5.114647877713044,True,False
43,D_PHASE_SHIELD,OOD,238,lead_brake,False,False,False,0,0,26.128031852692356,7.73095100497206,True,False
43,D_PHASE_SHIELD,OOD,239,lead_brake,False,False,False,0,0,34.3450953709935,2.721841483066479,True,False
43,D_PHASE_SHIELD,OOD,240,lead_brake,False,False,False,0,0,36.76112140879035,5.715532823155323,True,False
43,D_PHASE_SHIELD,OOD,241,lead_brake,False,False,False,0,0,25.656806144220816,4.612828213721514,True,False
43,D_PHASE_SHIELD,OOD,242,lead_brake,False,False,False,0,0,26.877743319942436,7.436437591910361,True,False
43,D_PHASE_SHIELD,OOD,243,lead_brake,False,False,False,0,0,30.983535875743986,6.907088714341323,True,False
43,D_PHASE_SHIELD,OOD,244,lead_brake,False,False,False,0,0,41.72946894794703,5.650824286043644,True,False
43,D_PHASE_SHIELD,OOD,245,lead_brake,False,False,False,0,0,43.55718443855647,5.763355075071256,True,False
43,D_PHASE_SHIELD,OOD,246,lead_brake,False,False,False,0,0,26.732140404424086,7.554401935388644,True,False
43,D_PHASE_SHIELD,OOD,247,lead_brake,False,False,False,0,0,31.369325012068156,6.695135762294133,True,False
43,D_PHASE_SHIELD,OOD,248,lead_brake,False,False,False,0,0,27.53112826417453,6.262169253081083,True,False
43,D_PHASE_SHIELD,OOD,249,lead_brake,False,False,False,0,0,23.90960299237306,7.523164463539918,True,False
43,D_PHASE_SHIELD,OOD,250,lead_brake,False,False,False,0,0,33.61713202536589,3.564119944969813,True,False
43,D_PHASE_SHIELD,OOD,251,lead_brake,False,False,False,0,0,30.897408653508748,7.157857973128557,True,False
43,D_PHASE_SHIELD,OOD,252,lead_brake,False,False,False,0,0,40.23187647848825,1.2743140632907548,True,False
43,D_PHASE_SHIELD,OOD,253,lead_brake,False,False,False,0,0,28.775054020136587,5.360971921434004,True,False
43,D_PHASE_SHIELD,OOD,254,lead_brake,False,False,False,0,0,28.12633468157968,5.94175067047278,True,False
43,D_PHASE_SHIELD,OOD,255,lead_brake,False,False,False,0,0,34.45395357554154,7.240213921914497,True,False
43,D_PHASE_SHIELD,OOD,256,lead_brake,False,False,False,0,0,24.92442921161651,6.821300252030293,True,False
43,D_PHASE_SHIELD,OOD,257,lead_brake,False,False,False,0,0,30.882220419786982,3.5581725984811783,True,False
43,D_PHASE_SHIELD,OOD,258,lead_brake,False,False,False,0,0,23.52867823348466,6.78842972094814,True,False
43,D_PHASE_SHIELD,OOD,259,lead_brake,False,False,False,0,0,43.22502462789414,3.1836469819148383,True,False
43,D_PHASE_SHIELD,OOD,260,lead_brake,False,False,False,0,0,34.719010245372814,4.113052564362684,True,False
43,D_PHASE_SHIELD,OOD,261,lead_brake,False,False,False,0,0,28.702852915646698,6.400865691403547,True,False
43,D_PHASE_SHIELD,OOD,262,lead_brake,False,False,False,0,0,38.41797770196907,2.439819313585758,True,False
43,D_PHASE_SHIELD,OOD,263,lead_brake,False,False,False,0,0,30.618670572717267,6.905992683023214,True,False
43,D_PHASE_SHIELD,OOD,264,lead_brake,False,False,False,0,0,44.6982086926699,7.927524115890264,True,False
43,D_PHASE_SHIELD,OOD,265,lead_brake,False,False,False,0,0,40.226888254015705,6.032480400055646,True,False
43,D_PHASE_SHIELD,OOD,266,lead_brake,False,False,False,0,0,32.35718660455174,8.022954422980547,True,False
43,D_PHASE_SHIELD,OOD,267,lead_brake,False,False,False,0,0,29.530593949900286,7.0318415115276975,True,False
43,D_PHASE_SHIELD,OOD,268,lead_brake,False,False,False,0,0,29.19960337718295,6.722556930035353,True,False
43,D_PHASE_SHIELD,OOD,269,lead_brake,False,False,False,0,0,31.53635932175328,6.9450411175688105,True,False
43,D_PHASE_SHIELD,OOD,270,lead_brake,False,False,False,0,0,25.508128055807607,7.468882646411657,True,False
43,D_PHASE_SHIELD,OOD,271,lead_brake,False,False,False,0,0,36.28447325856639,3.6713257382313405,True,False
43,D_PHASE_SHIELD,OOD,272,lead_brake,False,False,False,0,0,34.267485716540186,5.246132067094247,True,False
43,D_PHASE_SHIELD,OOD,273,lead_brake,False,False,False,0,0,34.82428931111082,7.9058498193820315,True,False
43,D_PHASE_SHIELD,OOD,274,lead_brake,False,False,False,0,0,37.249354262273066,7.206274757782618,True,False
43,D_PHASE_SHIELD,OOD,275,lead_brake,False,False,False,0,0,33.061714112572815,6.8849611940483255,True,False
43,D_PHASE_SHIELD,OOD,276,lead_brake,False,False,False,0,0,28.55409376364845,4.683186346044143,True,False
43,D_PHASE_SHIELD,OOD,277,lead_brake,False,False,False,0,0,29.5934375393391,5.201811303695043,True,False
43,D_PHASE_SHIELD,OOD,278,lead_brake,False,False,False,0,0,30.123988257910504,6.161799115439256,True,False
43,D_PHASE_SHIELD,OOD,279,lead_brake,False,False,False,0,0,38.77045144841079,7.07813506697615,True,False
43,D_PHASE_SHIELD,OOD,280,lead_brake,False,False,False,0,0,30.525215079222296,6.835219383239745,True,False
43,D_PHASE_SHIELD,OOD,281,lead_brake,False,False,False,0,0,31.41474135413764,7.561827643464008,True,False
43,D_PHASE_SHIELD,OOD,282,lead_brake,False,False,False,0,0,32.219087461201376,4.297753262023131,True,False
43,D_PHASE_SHIELD,OOD,283,lead_brake,False,False,False,0,0,36.565061546117036,8.858479270090658,True,False
43,D_PHASE_SHIELD,OOD,284,lead_brake,False,False,False,0,0,25.847579629758812,9.443686271707216,True,False
43,D_PHASE_SHIELD,OOD,285,lead_brake,False,False,False,0,0,35.31949440406323,6.82363644366463,True,False
43,D_PHASE_SHIELD,OOD,286,lead_brake,False,False,False,0,0,29.037147027629743,7.285990073035161,True,False
43,D_PHASE_SHIELD,OOD,287,lead_brake,False,False,False,0,0,32.56634783532442,3.7175194323062897,True,False
43,D_PHASE_SHIELD,OOD,288,lead_brake,False,False,False,0,0,26.644662103973246,5.918354629228513,True,False
43,D_PHASE_SHIELD,OOD,289,lead_brake,False,False,False,0,0,39.81548587078975,4.225831992924213,True,False
43,D_PHASE_SHIELD,OOD,290,lead_brake,False,False,False,0,0,33.70510596477898,5.25027464951078,True,False
43,D_PHASE_SHIELD,OOD,291,lead_brake,False,False,False,0,0,21.59749124348163,5.434745538979768,True,False
43,D_PHASE_SHIELD,OOD,292,lead_brake,False,False,False,0,0,36.13501510038068,2.3789677321910854,True,False
43,D_PHASE_SHIELD,OOD,293,lead_brake,False,False,False,0,0,25.430546433872824,9.029202500979105,True,False
43,D_PHASE_SHIELD,OOD,294,lead_brake,False,False,False,0,0,26.69075780665588,6.83449874818325,True,False
43,D_PHASE_SHIELD,OOD,295,lead_brake,False,False,False,0,0,28.228842180669293,5.357176368435224,True,False
43,D_PHASE_SHIELD,OOD,296,lead_brake,False,False,False,0,0,35.593610440485335,7.0960293747484675,True,False
43,D_PHASE_SHIELD,OOD,297,lead_brake,False,False,False,0,0,38.99368766915108,2.808888445297877,True,False
43,D_PHASE_SHIELD,OOD,298,lead_brake,False,False,False,0,0,21.194646883627804,8.023619045813877,True,False
43,D_PHASE_SHIELD,OOD,299,lead_brake,False,False,False,0,0,25.66767651629862,5.568384864677985,True,False
44,A_STATE,ID,0,crosswalk,False,False,False,0,0,30.265252241791266,2.2472908551042727,True,False
44,A_STATE,ID,1,crosswalk,False,False,False,0,0,34.84949456569372,0.5555120102750758,True,False
44,A_STATE,ID,2,crosswalk,False,False,False,0,0,32.77305196599954,2.193245762451128,True,False
44,A_STATE,ID,3,crosswalk,False,False,False,0,0,37.0368596819982,1.3136021776691726,True,False
44,A_STATE,ID,4,crosswalk,False,False,False,0,0,32.538183647011046,2.32892861420458,True,False
44,A_STATE,ID,5,crosswalk,False,False,False,0,0,32.932058290824585,2.192024109156235,True,False
44,A_STATE,ID,6,crosswalk,False,False,False,0,0,27.96199165607464,0.8024496207699964,True,False
44,A_STATE,ID,7,crosswalk,False,False,False,0,0,36.12030340002382,0.42384355794638395,True,False
44,A_STATE,ID,8,crosswalk,False,False,False,0,0,26.820133441574846,1.903395134469737,True,False
44,A_STATE,ID,9,crosswalk,False,False,False,0,0,38.64627098058546,0.5180993707229694,True,False
44,A_STATE,ID,10,crosswalk,False,False,False,0,0,35.5414616487676,2.0500566243477487,True,False
44,A_STATE,ID,11,crosswalk,False,False,False,0,0,28.581467795981787,1.9140501049431886,True,False
44,A_STATE,ID,12,crosswalk,False,False,False,0,0,27.959901667797528,2.349715770075196,True,False
44,A_STATE,ID,13,crosswalk,False,False,False,0,0,36.800863085441165,0.8322947032072326,True,False
44,A_STATE,ID,14,crosswalk,False,False,False,0,0,32.1130538778135,2.0294337471326194,True,False
44,A_STATE,ID,15,crosswalk,False,False,False,0,0,30.853182779246303,1.5360714710856738,True,False
44,A_STATE,ID,16,crosswalk,False,False,False,0,0,34.77716956619784,0.45799908990209753,True,False
44,A_STATE,ID,17,crosswalk,False,False,False,0,0,30.096303560429853,2.234818556092002,True,False
44,A_STATE,ID,18,crosswalk,False,False,False,0,0,36.11918825122988,0.5050812377816155,True,False
44,A_STATE,ID,19,crosswalk,False,False,False,0,0,34.107775011609874,0.507305393164808,True,False
44,A_STATE,ID,20,crosswalk,False,False,False,0,0,36.73519788147806,1.6578740358818322,True,False
44,A_STATE,ID,21,crosswalk,False,False,False,0,0,33.293568981941746,0.35925338287716324,True,False
44,A_STATE,ID,22,crosswalk,False,False,False,0,0,35.91031237339915,0.7556480347462322,True,False
44,A_STATE,ID,23,crosswalk,False,False,False,0,0,34.59448786420876,0.4892602882214954,True,False
44,A_STATE,ID,24,crosswalk,False,False,False,0,0,36.81436596473339,2.15828152683874,True,False
44,A_STATE,ID,25,crosswalk,False,False,False,0,0,37.000765421651835,1.9028069435929258,True,False
44,A_STATE,ID,26,crosswalk,False,False,False,0,0,33.517601502462654,0.9467671515250747,True,False
44,A_STATE,ID,27,crosswalk,False,False,False,0,0,32.22876960444738,0.940762179903686,True,False
44,A_STATE,ID,28,crosswalk,False,False,False,0,0,30.465985769743483,2.329712586575433,True,False
44,A_STATE,ID,29,crosswalk,False,False,False,0,0,37.224513563234375,0.42550247758626936,True,False
44,A_STATE,ID,30,crosswalk,False,False,False,0,0,27.298269423687675,1.8395872227847576,True,False
44,A_STATE,ID,31,crosswalk,False,False,False,0,0,37.95790109725484,0.42168864359458286,True,False
44,A_STATE,ID,32,crosswalk,False,False,False,0,0,30.583975133688863,2.2340312059968706,True,False
44,A_STATE,ID,33,crosswalk,False,False,False,0,0,26.59035142960834,1.7084967096646626,True,False
44,A_STATE,ID,34,crosswalk,False,False,False,0,0,27.761360406331832,2.212234820638384,True,False
44,A_STATE,ID,35,crosswalk,False,False,False,0,0,36.2472887975788,0.5105875944718719,True,False
44,A_STATE,ID,36,crosswalk,False,False,False,0,0,31.566775843374216,2.2585534236647864,True,False
44,A_STATE,ID,37,crosswalk,False,False,False,0,0,37.866186496005,0.4207885141173998,True,False
44,A_STATE,ID,38,crosswalk,False,False,False,0,0,34.631169092273126,0.4450940324560455,True,False
44,A_STATE,ID,39,crosswalk,False,False,False,0,0,30.448406855514733,1.9450889651974042,True,False
44,A_STATE,ID,40,crosswalk,False,False,False,0,0,35.12909986141129,0.4330012704367223,True,False
44,A_STATE,ID,41,crosswalk,False,False,False,0,0,38.4037809744077,0.9384739321346084,True,False
44,A_STATE,ID,42,crosswalk,False,False,False,0,0,37.914996090267515,1.2087616614997387,True,False
44,A_STATE,ID,43,crosswalk,False,False,False,0,0,31.32054442753808,2.023253997322172,True,False
44,A_STATE,ID,44,crosswalk,False,False,False,0,0,28.353198297808795,1.3697688840329647,True,False
44,A_STATE,ID,45,crosswalk,False,False,False,0,0,28.986924037104004,1.5686658840803873,True,False
44,A_STATE,ID,46,crosswalk,False,False,False,0,0,34.83885616952465,0.5001923255622387,True,False
44,A_STATE,ID,47,crosswalk,False,False,False,0,0,32.52870367675905,0.6129563756679233,True,False
44,A_STATE,ID,48,crosswalk,False,False,False,0,0,34.795178492895005,0.3915239400837732,True,False
44,A_STATE,ID,49,crosswalk,False,False,False,0,0,29.04216392104145,0.8889362465982373,True,False
44,A_STATE,ID,50,crosswalk,False,False,False,0,0,30.701696247476043,1.9293694694836934,True,False
44,A_STATE,ID,51,crosswalk,False,False,False,0,0,34.95720109183263,2.129203472286463,True,False
44,A_STATE,ID,52,crosswalk,False,False,False,0,0,38.41049574696389,1.7380467373067916,True,False
44,A_STATE,ID,53,crosswalk,False,False,False,0,0,35.77732627673177,2.2020054388452657,True,False
44,A_STATE,ID,54,crosswalk,False,False,False,0,0,37.654813253298556,1.853386500151828,True,False
44,A_STATE,ID,55,crosswalk,False,False,False,0,0,28.84568893664897,1.7401131455387389,True,False
44,A_STATE,ID,56,crosswalk,False,False,False,0,0,37.85266926129887,0.5071516436609355,True,False
44,A_STATE,ID,57,crosswalk,False,False,False,0,0,34.21880484388193,0.534762536175549,True,False
44,A_STATE,ID,58,crosswalk,False,False,False,0,0,31.7620903910031,2.267683121291074,True,False
44,A_STATE,ID,59,crosswalk,False,False,False,0,0,33.68808787059345,0.3812428912066895,True,False
44,A_STATE,ID,60,crosswalk,False,False,False,0,0,32.80803250586214,0.9429828338325023,True,False
44,A_STATE,ID,61,crosswalk,False,False,False,0,0,33.732964423256824,2.3225014216520568,True,False
44,A_STATE,ID,62,crosswalk,False,False,False,0,0,29.19241673518174,2.192722288045016,True,False
44,A_STATE,ID,63,crosswalk,False,False,False,0,0,37.37951272424446,2.075959964034458,True,False
44,A_STATE,ID,64,crosswalk,False,False,False,0,0,32.06433053061353,0.3805587144399231,True,False
44,A_STATE,ID,65,crosswalk,False,False,False,0,0,29.095489808574314,1.8912462393442788,True,False
44,A_STATE,ID,66,crosswalk,False,False,False,0,0,33.02876681291049,2.186311619437259,True,False
44,A_STATE,ID,67,crosswalk,False,False,False,0,0,33.15845064452364,2.120464771338131,True,False
44,A_STATE,ID,68,crosswalk,False,False,False,0,0,31.917197552013107,0.468896540813148,True,False
44,A_STATE,ID,69,crosswalk,False,False,False,0,0,29.55584455244295,2.035962499000809,True,False
44,A_STATE,ID,70,crosswalk,False,False,False,0,0,29.60088436737514,0.3998052566312253,True,False
44,A_STATE,ID,71,crosswalk,False,False,False,0,0,29.031808889740628,1.5105098326291357,True,False
44,A_STATE,ID,72,crosswalk,False,False,False,0,0,32.57206424408577,2.075938924469731,True,False
44,A_STATE,ID,73,crosswalk,False,False,False,0,0,36.12787523185347,2.142388283585509,True,False
44,A_STATE,ID,74,crosswalk,False,False,False,0,0,28.539285255567993,2.620817705204612,True,False
44,A_STATE,ID,75,crosswalk,False,False,False,0,0,26.479084495710595,1.9711210646412587,True,False
44,A_STATE,ID,76,crosswalk,False,False,False,0,0,34.332130682389405,2.20184300256812,True,False
44,A_STATE,ID,77,crosswalk,False,False,False,0,0,36.57539897600379,1.9886500983620465,True,False
44,A_STATE,ID,78,crosswalk,False,False,False,0,0,37.43349769184599,0.5871407145803624,True,False
44,A_STATE,ID,79,crosswalk,False,False,False,0,0,29.1842448355522,2.1294308238123594,True,False
44,A_STATE,ID,80,crosswalk,False,False,False,0,0,37.22691572778523,0.41357541680335996,True,False
44,A_STATE,ID,81,crosswalk,False,False,False,0,0,32.90425464464559,1.9643006020266076,True,False
44,A_STATE,ID,82,crosswalk,False,False,False,0,0,37.05221909348376,1.2905482202768326,True,False
44,A_STATE,ID,83,crosswalk,False,False,False,0,0,31.052775520281998,0.4106125918527444,True,False
44,A_STATE,ID,84,crosswalk,False,False,False,0,0,29.44485895895692,2.04211180860346,True,False
44,A_STATE,ID,85,crosswalk,False,False,False,0,0,37.87978615183508,0.4495310686204744,True,False
44,A_STATE,ID,86,crosswalk,False,False,False,0,0,33.595701766786426,2.219852591338365,True,False
44,A_STATE,ID,87,crosswalk,False,False,False,0,0,34.41281808667676,1.819699932821095,True,False
44,A_STATE,ID,88,crosswalk,False,False,False,0,0,35.450977185527975,2.1845319057288375,True,False
44,A_STATE,ID,89,crosswalk,False,False,False,0,0,30.589308217543326,2.330112259835005,True,False
44,A_STATE,ID,90,crosswalk,False,False,False,0,0,32.597495846210464,2.109439632166987,True,False
44,A_STATE,ID,91,crosswalk,False,False,False,0,0,36.662001528254024,0.37434412389993665,True,False
44,A_STATE,ID,92,crosswalk,False,False,False,0,0,30.516216765443936,2.297192830592394,True,False
44,A_STATE,ID,93,crosswalk,False,False,False,0,0,33.391000699424126,0.45351523019018625,True,False
44,A_STATE,ID,94,crosswalk,False,False,False,0,0,34.96021421822948,1.693211703002453,True,False
44,A_STATE,ID,95,crosswalk,False,False,False,0,0,36.78163004862382,2.160038578634461,True,False
44,A_STATE,ID,96,crosswalk,False,False,False,0,0,38.35024116596482,1.4310369672982588,True,False
44,A_STATE,ID,97,crosswalk,False,False,False,0,0,28.738628788682526,1.8298632899920144,True,False
44,A_STATE,ID,98,crosswalk,False,False,False,0,0,33.52767254026427,2.0412595796844233,True,False
44,A_STATE,ID,99,crosswalk,False,False,False,0,0,28.19919168434556,2.1926861717587425,True,False
44,A_STATE,ID,100,stop_intersection,False,False,False,0,1,33.05836641766987,1.3893955800591444,True,False
44,A_STATE,ID,101,stop_intersection,False,False,False,0,1,37.58047814887327,1.2691531347673992,True,False
44,A_STATE,ID,102,stop_intersection,False,False,False,0,1,27.95569372658114,1.268267050767556,True,False
44,A_STATE,ID,103,stop_intersection,False,False,False,0,1,34.06935688042054,1.282999473948811,True,False
44,A_STATE,ID,104,stop_intersection,False,False,False,0,1,31.03076851104918,1.3677208572626114,True,False
44,A_STATE,ID,105,stop_intersection,False,False,False,0,1,32.25969100163171,1.2999993708075546,True,False
44,A_STATE,ID,106,stop_intersection,False,False,False,0,1,29.988761320093374,1.4507508434747396,True,False
44,A_STATE,ID,107,stop_intersection,False,False,False,0,1,27.03706409338652,1.246777696487231,True,False
44,A_STATE,ID,108,stop_intersection,False,False,False,0,1,27.990987069635587,1.2957905653195503,True,False
44,A_STATE,ID,109,stop_intersection,False,False,False,0,1,30.81408605608467,1.2998560667037964,True,False
44,A_STATE,ID,110,stop_intersection,False,False,False,0,1,33.99773411243336,1.3296475013097127,True,False
44,A_STATE,ID,111,stop_intersection,False,False,False,0,1,29.0846237268657,1.2491514682769773,True,False
44,A_STATE,ID,112,stop_intersection,False,False,False,0,1,29.224977451387502,1.360215942064921,True,False
44,A_STATE,ID,113,stop_intersection,False,False,False,0,1,32.20661897935605,1.3545864224433897,True,False
44,A_STATE,ID,114,stop_intersection,False,False,False,0,1,30.979768306914913,1.3309023976325989,True,False
44,A_STATE,ID,115,stop_intersection,False,False,False,0,1,36.29285763466796,1.3831038844017756,True,False
44,A_STATE,ID,116,stop_intersection,False,False,False,0,1,33.90104739157376,1.374478790818191,True,False
44,A_STATE,ID,117,stop_intersection,False,False,False,0,1,34.98930545932816,1.292129641487485,True,False
44,A_STATE,ID,118,stop_intersection,False,False,False,0,1,36.03747748587667,1.2104618684812025,True,False
44,A_STATE,ID,119,stop_intersection,False,False,False,0,1,27.846551339539527,1.455643515329103,True,False
44,A_STATE,ID,120,stop_intersection,False,False,False,0,1,26.764656484915186,1.5104234880871241,True,False
44,A_STATE,ID,121,stop_intersection,False,False,False,0,1,37.011807110419966,1.1812294191784327,True,False
44,A_STATE,ID,122,stop_intersection,False,False,False,0,1,36.413348124885616,1.1687718629837036,True,False
44,A_STATE,ID,123,stop_intersection,False,False,False,0,1,28.628394290495244,1.3159436293137379,True,False
44,A_STATE,ID,124,stop_intersection,False,False,False,0,1,29.558250791267053,1.3893828266545345,True,False
44,A_STATE,ID,125,stop_intersection,False,False,False,0,1,32.81859348335223,1.4286477118730545,True,False
44,A_STATE,ID,126,stop_intersection,False,False,False,0,1,28.8145165012028,1.359512115779676,True,False
44,A_STATE,ID,127,stop_intersection,False,False,False,0,1,32.05585888007495,1.405896008014679,True,False
44,A_STATE,ID,128,stop_intersection,False,False,False,0,1,32.35570681120008,1.3531004801029112,True,False
44,A_STATE,ID,129,stop_intersection,False,False,False,0,1,31.614747284157673,1.4161624312400816,True,False
44,A_STATE,ID,130,stop_intersection,False,False,False,0,1,27.93064084347644,1.4163000018973098,True,False
44,A_STATE,ID,131,stop_intersection,False,False,False,0,1,27.374150131328875,1.4789808279759176,True,False
44,A_STATE,ID,132,stop_intersection,False,False,False,0,1,32.25635332726622,1.3458956480026245,True,False
44,A_STATE,ID,133,stop_intersection,False,False,False,0,1,33.13552249349964,1.2268019138380537,True,False
44,A_STATE,ID,134,stop_intersection,False,False,False,0,1,30.044392940990306,1.2243540403319568,True,False
44,A_STATE,ID,135,stop_intersection,False,False,False,0,1,33.42360317037919,1.3968880147468754,True,False
44,A_STATE,ID,136,stop_intersection,False,False,False,0,1,29.911846815690524,1.4867342459528068,True,False
44,A_STATE,ID,137,stop_intersection,False,False,False,0,1,33.82987884061274,1.3730687920640154,True,False
44,A_STATE,ID,138,stop_intersection,False,False,False,0,1,38.43766710789541,1.2999247691848062,True,False
44,A_STATE,ID,139,stop_intersection,False,False,False,0,1,26.93442250312343,1.4159412802876652,True,False
44,A_STATE,ID,140,stop_intersection,False,False,False,0,1,27.669611488618532,1.3808035850524902,True,False
44,A_STATE,ID,141,stop_intersection,False,False,False,0,1,28.79172985444258,1.4592236907858596,True,False
44,A_STATE,ID,142,stop_intersection,False,False,False,0,1,36.160550728883905,1.3356163388206845,True,False
44,A_STATE,ID,143,stop_intersection,False,False,False,0,1,37.58085312841348,1.2506958908504908,True,False
44,A_STATE,ID,144,stop_intersection,False,False,False,0,1,30.551333067048375,1.4166731100815992,True,False
44,A_STATE,ID,145,stop_intersection,False,False,False,0,1,26.799267800054587,1.3480141033997406,True,False
44,A_STATE,ID,146,stop_intersection,False,False,False,0,1,29.73747357146395,1.329971820116043,True,False
44,A_STATE,ID,147,stop_intersection,False,False,False,0,1,31.856820104555148,1.217189942087446,True,False
44,A_STATE,ID,148,stop_intersection,False,False,False,0,1,31.972934708310465,1.4116096049547193,True,False
44,A_STATE,ID,149,stop_intersection,False,False,False,0,1,28.054487489631473,1.5052653647757865,True,False
44,A_STATE,ID,150,stop_intersection,False,False,False,0,1,28.04900499589483,1.1930002272129059,True,False
44,A_STATE,ID,151,stop_intersection,False,False,False,0,1,27.586539938696554,0.9955281369826372,True,False
44,A_STATE,ID,152,stop_intersection,False,False,False,0,1,20.621350260417405,1.0336019098758698,True,False
44,A_STATE,ID,153,stop_intersection,False,False,False,0,1,20.62645714171566,1.0890690711411561,True,False
44,A_STATE,ID,154,stop_intersection,False,False,False,0,1,28.05881696011467,0.9988046407699586,True,False
44,A_STATE,ID,155,stop_intersection,False,False,False,0,1,22.07603055284753,0.9883890151977539,True,False
44,A_STATE,ID,156,stop_intersection,False,False,False,0,1,28.113050200800593,1.007623764184805,True,False
44,A_STATE,ID,157,stop_intersection,False,False,False,0,1,24.305277607570787,1.0427591328819592,True,False
44,A_STATE,ID,158,stop_intersection,False,False,False,0,1,26.093058900390403,0.9908456563949584,True,False
44,A_STATE,ID,159,stop_intersection,False,False,False,0,1,21.088525569305062,0.9672726392745971,True,False
44,A_STATE,ID,160,stop_intersection,False,False,False,0,1,28.131170219342124,0.9819503508362115,True,False
44,A_STATE,ID,161,stop_intersection,False,False,False,0,1,21.84984833118137,1.066509407499562,True,False
44,A_STATE,ID,162,stop_intersection,False,False,False,0,1,25.64941251373505,1.1384540407553962,True,False
44,A_STATE,ID,163,stop_intersection,False,False,False,0,1,22.019932342288964,0.9583323142107795,True,False
44,A_STATE,ID,164,stop_intersection,False,False,False,0,1,21.019532541854424,1.0307507540868677,True,False
44,A_STATE,ID,165,stop_intersection,False,False,False,0,1,20.97756507242294,1.0419768426153393,True,False
44,A_STATE,ID,166,stop_intersection,False,False,False,0,1,21.71269584486626,1.0481277805693605,True,False
44,A_STATE,ID,167,stop_intersection,False,False,False,0,1,22.867682255811076,1.016097994560891,True,False
44,A_STATE,ID,168,stop_intersection,False,False,False,0,1,26.351971668677642,0.9519459453283571,True,False
44,A_STATE,ID,169,stop_intersection,False,False,False,0,1,21.983674775792302,1.0612101289961073,True,False
44,A_STATE,ID,170,stop_intersection,False,False,False,0,1,21.854769521043266,0.9898140907287597,True,False
44,A_STATE,ID,171,stop_intersection,False,False,False,0,1,22.10709713536646,0.968825618426005,True,False
44,A_STATE,ID,172,stop_intersection,False,False,False,0,1,22.72791221070626,0.9939139127731323,True,False
44,A_STATE,ID,173,stop_intersection,False,False,False,0,1,22.31392181496135,1.0639236328449655,True,False
44,A_STATE,ID,174,stop_intersection,False,False,False,0,1,27.840498266539555,1.0673781317107531,True,False
44,A_STATE,ID,175,stop_intersection,False,False,False,0,1,22.937369293184886,0.9761916160583496,True,False
44,A_STATE,ID,176,stop_intersection,False,False,False,0,1,22.491570212126476,1.0197862921928873,True,False
44,A_STATE,ID,177,stop_intersection,False,False,False,0,1,27.61431149572227,1.1689217795025217,True,False
44,A_STATE,ID,178,stop_intersection,False,False,False,0,1,25.192359360204662,1.1810662258755076,True,False
44,A_STATE,ID,179,stop_intersection,False,False,False,0,1,22.097355253845016,0.9919784020404426,True,False
44,A_STATE,ID,180,stop_intersection,False,False,False,0,1,22.22496635870744,1.020218717808626,True,False
44,A_STATE,ID,181,stop_intersection,False,False,False,0,1,28.17283154378262,1.0274355318032058,True,False
44,A_STATE,ID,182,stop_intersection,False,False,False,0,1,21.89902532120758,1.0133578168584945,True,False
44,A_STATE,ID,183,stop_intersection,False,False,False,0,1,21.433903213804676,0.9221536264969752,True,False
44,A_STATE,ID,184,stop_intersection,False,False,False,0,1,20.759906180539712,1.0569238273993782,True,False
44,A_STATE,ID,185,stop_intersection,False,False,False,0,1,22.68113734568138,1.0596024342205212,True,False
44,A_STATE,ID,186,stop_intersection,False,False,False,0,1,28.18501240561375,1.0059285163879395,True,False
44,A_STATE,ID,187,stop_intersection,False,False,False,0,1,21.3664930473814,1.0510180791219075,True,False
44,A_STATE,ID,188,stop_intersection,False,False,False,0,1,27.148392333779896,1.1989618702368303,True,False
44,A_STATE,ID,189,stop_intersection,False,False,False,0,1,28.370213688577685,1.006469829724385,True,False
44,A_STATE,ID,190,stop_intersection,False,False,False,0,1,21.274526725525725,1.0464938049731047,True,False
44,A_STATE,ID,191,stop_intersection,False,False,False,0,1,27.362493930311377,1.1151610215504963,True,False
44,A_STATE,ID,192,stop_intersection,False,False,False,0,1,26.552624678104497,1.0015504717826844,True,False
44,A_STATE,ID,193,stop_intersection,False,False,False,0,1,27.54673830628864,0.9975476264953612,True,False
44,A_STATE,ID,194,stop_intersection,False,False,False,0,1,25.27224221127955,0.9817315082924039,True,False
44,A_STATE,ID,195,stop_intersection,False,False,False,0,1,20.536290537987874,1.01716954657372,True,False
44,A_STATE,ID,196,stop_intersection,False,False,False,0,1,26.906441950214862,0.9837068319320678,True,False
44,A_STATE,ID,197,stop_intersection,False,False,False,0,1,20.521778400273426,1.0860842059959064,True,False
44,A_STATE,ID,198,stop_intersection,False,False,False,0,1,23.363758738846947,1.1132384836673737,True,False
44,A_STATE,ID,199,stop_intersection,False,False,False,0,1,27.85209945964628,1.1567783488167656,True,False
44,A_STATE,ID,200,lead_brake,False,False,False,0,0,70.78134670310259,0.9036291452745596,True,False
44,A_STATE,ID,201,lead_brake,False,False,False,0,0,93.43114858154205,0.15414264798164368,True,False
44,A_STATE,ID,202,lead_brake,False,False,False,0,0,54.88189713181053,1.6072729139899213,True,False
44,A_STATE,ID,203,lead_brake,False,False,False,0,0,74.99261117615394,0.34712394202748936,True,False
44,A_STATE,ID,204,lead_brake,False,False,False,0,0,96.06405312279173,0.10133473031843701,True,False
44,A_STATE,ID,205,lead_brake,False,False,False,0,0,74.2237530484118,0.3111620405688882,True,False
44,A_STATE,ID,206,lead_brake,False,False,False,0,0,88.39029061892901,0.2791273879508177,True,False
44,A_STATE,ID,207,lead_brake,False,False,False,0,0,76.75090590886273,1.565384455025196,True,False
44,A_STATE,ID,208,lead_brake,False,False,False,0,0,58.233993334209835,2.0675659294550615,True,False
44,A_STATE,ID,209,lead_brake,False,False,False,0,0,87.31452439845525,0.4766477830708027,True,False
44,A_STATE,ID,210,lead_brake,False,False,False,0,0,74.74058823784276,0.9838410764932632,True,False
44,A_STATE,ID,211,lead_brake,False,False,False,0,0,84.55774692486538,0.7037400081753731,True,False
44,A_STATE,ID,212,lead_brake,False,False,False,0,0,77.1051415879389,0.26812246534973383,True,False
44,A_STATE,ID,213,lead_brake,False,False,False,0,0,73.65626432718727,2.0871580879514413,True,False
44,A_STATE,ID,214,lead_brake,False,False,False,0,0,86.19374737907573,0.28650988017519313,True,False
44,A_STATE,ID,215,lead_brake,False,False,False,0,0,95.46073710326078,0.24783707906802496,True,False
44,A_STATE,ID,216,lead_brake,False,False,False,0,0,96.93892322108148,0.06840265293916066,True,False
44,A_STATE,ID,217,lead_brake,False,False,False,0,0,70.53222311018095,0.9705575654904047,True,False
44,A_STATE,ID,218,lead_brake,False,False,False,0,0,68.58606701112699,1.9612827872236567,True,False
44,A_STATE,ID,219,lead_brake,False,False,False,0,0,70.63169301744142,0.24138434976339337,True,False
44,A_STATE,ID,220,lead_brake,False,False,False,0,0,70.2419558182211,1.191445323328177,True,False
44,A_STATE,ID,221,lead_brake,False,False,False,0,0,78.24284919588348,1.463056708375613,True,False
44,A_STATE,ID,222,lead_brake,False,False,False,0,0,79.43917444979598,0.7387132396300634,True,False
44,A_STATE,ID,223,lead_brake,False,False,False,0,0,66.11354376310727,1.7318727100888889,True,False
44,A_STATE,ID,224,lead_brake,False,False,False,0,0,74.85014257571004,0.1625967618698875,True,False
44,A_STATE,ID,225,lead_brake,False,False,False,0,0,65.18857510427995,2.427860801418622,True,False
44,A_STATE,ID,226,lead_brake,False,False,False,0,0,65.67485051657728,0.9741769731044769,True,False
44,A_STATE,ID,227,lead_brake,False,False,False,0,0,71.4230370606598,0.494729932397604,True,False
44,A_STATE,ID,228,lead_brake,False,False,False,0,0,80.080185975451,2.5049873180687423,True,False
44,A_STATE,ID,229,lead_brake,False,False,False,0,0,67.0064857255235,0.5261789560317993,True,False
44,A_STATE,ID,230,lead_brake,False,False,False,0,0,84.22813050118359,0.25182974835236865,True,False
44,A_STATE,ID,231,lead_brake,False,False,False,0,0,79.42333932903327,0.25376255406687653,True,False
44,A_STATE,ID,232,lead_brake,False,False,False,0,0,76.27387179656546,0.1930677903195222,True,False
44,A_STATE,ID,233,lead_brake,False,False,False,0,0,94.30743351949812,0.2529709016283353,True,False
44,A_STATE,ID,234,lead_brake,False,False,False,0,0,80.83095273592471,0.20097140346964198,True,False
44,A_STATE,ID,235,lead_brake,False,False,False,0,0,83.3733150419517,0.24951754386226335,True,False
44,A_STATE,ID,236,lead_brake,False,False,False,0,0,64.87481935728982,0.9639497535924116,True,False
44,A_STATE,ID,237,lead_brake,False,False,False,0,0,80.34716657108447,0.18795211364825568,True,False
44,A_STATE,ID,238,lead_brake,False,False,False,0,0,83.07681609106929,0.20044643556078273,True,False
44,A_STATE,ID,239,lead_brake,False,False,False,0,0,52.540844501523885,0.9511820624272028,True,False
44,A_STATE,ID,240,lead_brake,False,False,False,0,0,73.60467065778583,0.9596196040511131,True,False
44,A_STATE,ID,241,lead_brake,False,False,False,0,0,58.80838856975932,0.4790514272948106,True,False
44,A_STATE,ID,242,lead_brake,False,False,False,0,0,66.98666383834556,0.7655188615123429,True,False
44,A_STATE,ID,243,lead_brake,False,False,False,0,0,53.6101630888478,1.2583381707469623,True,False
44,A_STATE,ID,244,lead_brake,False,False,False,0,0,54.60635996573731,1.2945848579208055,True,False
44,A_STATE,ID,245,lead_brake,False,False,False,0,0,75.74305715372978,0.24888593951861063,True,False
44,A_STATE,ID,246,lead_brake,False,False,False,0,0,97.79447526901953,0.23106822619835535,True,False
44,A_STATE,ID,247,lead_brake,False,False,False,0,0,80.15786973664099,0.18421251668284336,True,False
44,A_STATE,ID,248,lead_brake,False,False,False,0,0,66.7495347016338,1.1279408906896908,True,False
44,A_STATE,ID,249,lead_brake,False,False,False,0,0,96.25845849904383,0.08686169981956482,True,False
44,A_STATE,ID,250,lead_brake,False,False,False,0,0,70.17640521063312,1.1335469173888364,True,False
44,A_STATE,ID,251,lead_brake,False,False,False,0,0,73.32499615317892,0.23656432703137395,True,False
44,A_STATE,ID,252,lead_brake,False,False,False,0,0,86.5215153149018,0.2672521447141965,True,False
44,A_STATE,ID,253,lead_brake,False,False,False,0,0,87.26380356290123,0.24058853338162103,True,False
44,A_STATE,ID,254,lead_brake,False,False,False,0,0,95.01702975209011,0.2522773096958796,True,False
44,A_STATE,ID,255,lead_brake,False,False,False,0,0,61.850063809055804,2.784626715816557,True,False
44,A_STATE,ID,256,lead_brake,False,False,False,0,0,71.70381662951286,0.4132480633755524,True,False
44,A_STATE,ID,257,lead_brake,False,False,False,0,0,78.4802068397248,0.9107585139572619,True,False
44,A_STATE,ID,258,lead_brake,False,False,False,0,0,78.83380493301082,0.8998548065622648,True,False
44,A_STATE,ID,259,lead_brake,False,False,False,0,0,96.68398538188946,0.07703704573214054,True,False
44,A_STATE,ID,260,lead_brake,False,False,False,0,0,71.4293361770397,0.7927986594537892,True,False
44,A_STATE,ID,261,lead_brake,False,False,False,0,0,77.88975382264705,0.7726659302910168,True,False
44,A_STATE,ID,262,lead_brake,False,False,False,0,0,89.60548189188435,0.27556253845492995,True,False
44,A_STATE,ID,263,lead_brake,False,False,False,0,0,77.484826074894,1.407220287869374,True,False
44,A_STATE,ID,264,lead_brake,False,False,False,0,0,95.17755360896895,0.13415732234716415,True,False
44,A_STATE,ID,265,lead_brake,False,False,False,0,0,84.15182352270932,0.27118137354652083,True,False
44,A_STATE,ID,266,lead_brake,False,False,False,0,0,86.33922787486506,0.2987078415850798,True,False
44,A_STATE,ID,267,lead_brake,False,False,False,0,0,85.02376595887478,0.26951606944203377,True,False
44,A_STATE,ID,268,lead_brake,False,False,False,0,0,84.22983686017956,0.2759531922638416,True,False
44,A_STATE,ID,269,lead_brake,False,False,False,0,0,58.12536528865945,1.304462141667803,True,False
44,A_STATE,ID,270,lead_brake,False,False,False,0,0,73.31795261430139,0.9611101299524307,True,False
44,A_STATE,ID,271,lead_brake,False,False,False,0,0,57.450442587141865,0.4344345691303412,True,False
44,A_STATE,ID,272,lead_brake,False,False,False,0,0,76.1469168135824,1.572438531865676,True,False
44,A_STATE,ID,273,lead_brake,False,False,False,0,0,59.99511994610806,0.9504165168230733,True,False
44,A_STATE,ID,274,lead_brake,False,False,False,0,0,58.621740312978936,0.9978725360706449,True,False
44,A_STATE,ID,275,lead_brake,False,False,False,0,0,86.4238422224641,0.37506856893499685,True,False
44,A_STATE,ID,276,lead_brake,False,False,False,0,0,53.33874994147642,1.5160398334264753,True,False
44,A_STATE,ID,277,lead_brake,False,False,False,0,0,60.24727051582374,1.1974651726583638,True,False
44,A_STATE,ID,278,lead_brake,False,False,False,0,0,81.31923289992083,0.39130672812461853,True,False
44,A_STATE,ID,279,lead_brake,False,False,False,0,0,64.22337150757075,1.5942766265943646,True,False
44,A_STATE,ID,280,lead_brake,False,False,False,0,0,85.37415763762061,0.1987859743336836,True,False
44,A_STATE,ID,281,lead_brake,False,False,False,0,0,89.05481957829905,0.1293745832517743,True,False
44,A_STATE,ID,282,lead_brake,False,False,False,0,0,72.70751232944329,0.3266669362783432,True,False
44,A_STATE,ID,283,lead_brake,False,False,False,0,0,68.85424780054487,0.25033438329895336,True,False
44,A_STATE,ID,284,lead_brake,False,False,False,0,0,60.4066684579414,0.8014260691901048,True,False
44,A_STATE,ID,285,lead_brake,False,False,False,0,0,83.00660818043737,0.1923687964056929,True,False
44,A_STATE,ID,286,lead_brake,False,False,False,0,0,60.50233460625111,6.85301785202076,True,False
44,A_STATE,ID,287,lead_brake,False,False,False,0,0,87.8881096141532,0.2742712510128816,True,False
44,A_STATE,ID,288,lead_brake,False,False,False,0,0,80.45617657940187,0.9085970806578795,True,False
44,A_STATE,ID,289,lead_brake,False,False,False,0,0,78.43578613434734,0.5880423920849959,True,False
44,A_STATE,ID,290,lead_brake,False,False,False,0,0,77.26408952215239,0.5355214575926462,True,False
44,A_STATE,ID,291,lead_brake,False,False,False,0,0,85.11059997377049,0.28066468611359596,True,False
44,A_STATE,ID,292,lead_brake,False,False,False,0,0,82.44284275661516,0.26516598214705783,True,False
44,A_STATE,ID,293,lead_brake,False,False,False,0,0,44.93308582089106,7.161060179273287,True,False
44,A_STATE,ID,294,lead_brake,False,False,False,0,0,87.89106597823726,0.43872578690449393,True,False
44,A_STATE,ID,295,lead_brake,False,False,False,0,0,73.50023344397191,0.2540720291435718,True,False
44,A_STATE,ID,296,lead_brake,False,False,False,0,0,82.981757751796,0.36658089607954025,True,False
44,A_STATE,ID,297,lead_brake,False,False,False,0,0,67.51396443863602,1.4922046115001042,True,False
44,A_STATE,ID,298,lead_brake,False,False,False,0,0,67.5327779553178,0.262247771024704,True,False
44,A_STATE,ID,299,lead_brake,False,False,False,0,0,76.26391369830817,2.31975453471144,True,False
44,A_STATE,OOD,0,crosswalk,False,False,False,0,0,30.413731313308368,1.4319944381713867,True,False
44,A_STATE,OOD,1,crosswalk,False,False,False,0,0,31.567496115718313,1.340652054006403,True,False
44,A_STATE,OOD,2,crosswalk,False,False,False,0,1,22.86721464803543,1.0295881876131383,True,False
44,A_STATE,OOD,3,crosswalk,False,False,False,0,1,29.81472326283886,1.4897085108408115,True,False
44,A_STATE,OOD,4,crosswalk,False,False,False,0,1,24.910797575484168,1.2062982870982242,True,False
44,A_STATE,OOD,5,crosswalk,False,False,False,0,1,24.650475088952383,1.3507524932303079,True,False
44,A_STATE,OOD,6,crosswalk,False,False,False,0,1,20.508387728717913,1.0999334239682486,True,False
44,A_STATE,OOD,7,crosswalk,False,False,False,0,1,21.81619452879326,1.1829877544093776,True,False
44,A_STATE,OOD,8,crosswalk,False,False,False,0,1,30.77542151571554,0.9678372806972927,True,False
44,A_STATE,OOD,9,crosswalk,False,False,False,0,0,29.65235608390709,1.5533000230789185,True,False
44,A_STATE,OOD,10,crosswalk,False,False,False,0,1,25.967274475371887,1.1248287631244194,True,False
44,A_STATE,OOD,11,crosswalk,False,False,False,0,1,24.783953615640566,1.0961527359194871,True,False
44,A_STATE,OOD,12,crosswalk,False,False,False,0,1,27.201403371149723,1.1667008776413768,True,False
44,A_STATE,OOD,13,crosswalk,False,False,False,0,1,24.08711521177173,1.1922752079756362,True,False
44,A_STATE,OOD,14,crosswalk,False,False,False,0,0,31.444766443115768,1.0619779330928152,True,False
44,A_STATE,OOD,15,crosswalk,False,False,False,0,1,22.28377786956075,1.2334190956924271,True,False
44,A_STATE,OOD,16,crosswalk,False,False,False,0,1,23.264457364217762,0.9949087036980522,True,False
44,A_STATE,OOD,17,crosswalk,False,False,False,0,1,21.782368115388778,0.9028039195320823,True,False
44,A_STATE,OOD,18,crosswalk,False,False,False,0,1,21.856238738554808,1.1501074499554103,True,False
44,A_STATE,OOD,19,crosswalk,False,False,False,0,1,22.61424345472147,1.1410140423547654,True,False
44,A_STATE,OOD,20,crosswalk,False,False,False,0,1,29.612168273845832,1.0660990033038826,True,False
44,A_STATE,OOD,21,crosswalk,False,False,False,0,1,22.957281144778293,1.1588631246400916,True,False
44,A_STATE,OOD,22,crosswalk,False,False,False,0,1,20.773423896558096,1.1423892241257887,True,False
44,A_STATE,OOD,23,crosswalk,False,False,False,0,1,29.51818291524945,1.0226441538611124,True,False
44,A_STATE,OOD,24,crosswalk,False,False,False,0,1,22.456777583284534,1.1963384775888353,True,False
44,A_STATE,OOD,25,crosswalk,False,False,False,0,1,22.25821213906235,0.9068908423862674,True,False
44,A_STATE,OOD,26,crosswalk,False,False,False,0,1,22.558069904332672,0.9610238075256347,True,False
44,A_STATE,OOD,27,crosswalk,False,False,False,0,1,29.960470291522363,1.2894796936408333,True,False
44,A_STATE,OOD,28,crosswalk,False,False,False,0,0,31.144594909242304,1.3983341424088729,True,False
44,A_STATE,OOD,29,crosswalk,False,False,False,0,1,28.518436087326627,1.0837239027023315,True,False
44,A_STATE,OOD,30,crosswalk,False,False,False,0,0,29.107404604492665,1.3367811721913954,True,False
44,A_STATE,OOD,31,crosswalk,False,False,False,0,1,22.95542340927534,1.227729386753506,True,False
44,A_STATE,OOD,32,crosswalk,False,False,False,0,1,28.14173612420002,1.0251702951348345,True,False
44,A_STATE,OOD,33,crosswalk,False,False,False,0,1,27.118767261032485,1.0430549412238888,True,False
44,A_STATE,OOD,34,crosswalk,False,False,False,0,1,25.25662587590507,0.9158867338429325,True,False
44,A_STATE,OOD,35,crosswalk,False,False,False,0,1,22.03106517081261,1.1732606376920427,True,False
44,A_STATE,OOD,36,crosswalk,False,False,False,0,1,21.05061771345835,1.078290505842729,True,False
44,A_STATE,OOD,37,crosswalk,False,False,False,0,1,22.559946216923958,1.3927802129795677,True,False
44,A_STATE,OOD,38,crosswalk,False,False,False,0,1,21.481160894824004,0.9966606944799423,True,False
44,A_STATE,OOD,39,crosswalk,False,False,False,0,1,30.90635171381425,1.0350179104577928,True,False
44,A_STATE,OOD,40,crosswalk,False,False,False,0,1,21.386721201789683,1.0945026931308564,True,False
44,A_STATE,OOD,41,crosswalk,False,False,False,0,1,23.982894598282343,1.0047604279084639,True,False
44,A_STATE,OOD,42,crosswalk,False,False,False,0,1,24.749946275885463,1.4149954130775049,True,False
44,A_STATE,OOD,43,crosswalk,False,False,False,0,1,20.543909641823078,0.9371703549435264,True,False
44,A_STATE,OOD,44,crosswalk,False,False,False,0,1,31.18670698777808,0.9976580739021301,True,False
44,A_STATE,OOD,45,crosswalk,False,False,False,0,1,21.412280494154565,1.1165827383165774,True,False
44,A_STATE,OOD,46,crosswalk,False,False,False,0,1,30.61789969675594,1.0266786952351414,True,False
44,A_STATE,OOD,47,crosswalk,False,False,False,0,1,25.107394033882837,1.284906728701158,True,False
44,A_STATE,OOD,48,crosswalk,False,False,False,0,1,27.453934097188892,1.166136202059294,True,False
44,A_STATE,OOD,49,crosswalk,False,False,False,0,1,26.54780517314229,1.3623945777480666,True,False
44,A_STATE,OOD,50,crosswalk,False,False,False,0,0,27.194988625613416,1.4124999326818128,True,False
44,A_STATE,OOD,51,crosswalk,False,False,False,0,1,26.88814065663039,1.4044837768261247,True,False
44,A_STATE,OOD,52,crosswalk,False,False,False,0,1,22.112186722650797,1.436862561263536,True,False
44,A_STATE,OOD,53,crosswalk,False,False,False,0,1,21.8322760976795,1.120798687140147,True,False
44,A_STATE,OOD,54,crosswalk,False,False,False,0,0,26.336528680209423,1.1171088720622815,True,False
44,A_STATE,OOD,55,crosswalk,False,False,False,0,1,29.61741568919164,1.6205014326633551,True,False
44,A_STATE,OOD,56,crosswalk,False,False,False,0,1,23.363154280864237,1.0843708348828691,True,False
44,A_STATE,OOD,57,crosswalk,False,False,False,0,1,21.230210307316078,1.120481729507446,True,False
44,A_STATE,OOD,58,crosswalk,False,False,False,0,1,29.065379268179605,1.021608646879805,True,False
44,A_STATE,OOD,59,crosswalk,False,False,False,0,1,23.974417853137773,1.0776805370411973,True,False
44,A_STATE,OOD,60,crosswalk,False,False,False,0,1,27.61572497516415,1.243657163671545,True,False
44,A_STATE,OOD,61,crosswalk,False,False,False,0,1,23.214155084206475,1.123763824764051,True,False
44,A_STATE,OOD,62,crosswalk,False,False,False,0,1,28.196748459835526,0.9996445443895128,True,False
44,A_STATE,OOD,63,crosswalk,False,False,False,0,1,22.30421937184844,1.0012153299843392,True,False
44,A_STATE,OOD,64,crosswalk,False,False,False,0,1,24.044886170829205,1.2314858039220173,True,False
44,A_STATE,OOD,65,crosswalk,False,False,False,0,1,30.09615614483041,1.0205478559840808,True,False
44,A_STATE,OOD,66,crosswalk,False,False,False,0,1,21.269507264580728,1.1568549819863758,True,False
44,A_STATE,OOD,67,crosswalk,False,False,False,0,1,27.685121094247208,1.4274260808121075,True,False
44,A_STATE,OOD,68,crosswalk,False,False,False,0,1,21.299030297631784,0.8913166685537858,True,False
44,A_STATE,OOD,69,crosswalk,False,False,False,0,1,25.399117250588095,1.2304437160491943,True,False
44,A_STATE,OOD,70,crosswalk,False,False,False,0,1,22.589935372264314,1.3365471363067627,True,False
44,A_STATE,OOD,71,crosswalk,False,False,False,0,1,28.089404961178772,1.2880615578141323,True,False
44,A_STATE,OOD,72,crosswalk,False,False,False,0,1,22.832689170167008,1.08147257566452,True,False
44,A_STATE,OOD,73,crosswalk,False,False,False,0,1,28.018134959396313,1.037355986508456,True,False
44,A_STATE,OOD,74,crosswalk,False,False,False,0,1,24.549185867554964,1.244290868441264,True,False
44,A_STATE,OOD,75,crosswalk,False,False,False,0,1,26.91414037227969,1.4404004659408178,True,False
44,A_STATE,OOD,76,crosswalk,False,False,False,0,1,28.770894192363315,1.2142553277637647,True,False
44,A_STATE,OOD,77,crosswalk,False,False,False,0,1,25.860493137473952,1.1056322004736923,True,False
44,A_STATE,OOD,78,crosswalk,False,False,False,0,1,29.9861254516613,1.031402755867351,True,False
44,A_STATE,OOD,79,crosswalk,False,False,False,0,1,20.559096332958596,1.2195212012383996,True,False
44,A_STATE,OOD,80,crosswalk,False,False,False,0,1,23.95553972827014,1.2758297186631422,True,False
44,A_STATE,OOD,81,crosswalk,False,False,False,0,1,22.466743101589998,1.4689739362189642,True,False
44,A_STATE,OOD,82,crosswalk,False,False,False,0,1,25.48317521218037,0.946534716564676,True,False
44,A_STATE,OOD,83,crosswalk,False,False,False,0,1,29.513312722958535,1.0128422405408777,True,False
44,A_STATE,OOD,84,crosswalk,False,False,False,0,1,27.693876236119657,1.0965714852015178,True,False
44,A_STATE,OOD,85,crosswalk,False,False,False,0,1,21.673393690105648,0.970895701065296,True,False
44,A_STATE,OOD,86,crosswalk,False,False,False,0,1,31.329240761216006,1.2937845022250443,True,False
44,A_STATE,OOD,87,crosswalk,False,False,False,0,1,23.43277876788533,0.948152118259006,True,False
44,A_STATE,OOD,88,crosswalk,False,False,False,0,1,30.176241700305305,1.0770885473073915,True,False
44,A_STATE,OOD,89,crosswalk,False,False,False,0,1,29.105487184518108,1.0657493735468664,True,False
44,A_STATE,OOD,90,crosswalk,False,False,False,0,1,30.589198081173773,1.178115346492865,True,False
44,A_STATE,OOD,91,crosswalk,False,False,False,0,1,23.381844559227545,1.2066965301831563,True,False
44,A_STATE,OOD,92,crosswalk,False,False,False,0,1,25.1496339727629,1.1417807000023978,True,False
44,A_STATE,OOD,93,crosswalk,False,False,False,0,1,20.852699663146453,1.0648481686447941,True,False
44,A_STATE,OOD,94,crosswalk,False,False,False,0,1,26.65731643441181,1.1652798238007918,True,False
44,A_STATE,OOD,95,crosswalk,False,False,False,0,1,22.1204225642889,1.0459888898409329,True,False
44,A_STATE,OOD,96,crosswalk,False,False,False,0,1,28.71100908704245,1.0130171443140783,True,False
44,A_STATE,OOD,97,crosswalk,False,False,False,0,1,31.089129810339053,1.2349056249315087,True,False
44,A_STATE,OOD,98,crosswalk,False,False,False,0,1,27.550976371212634,1.2454052460499299,True,False
44,A_STATE,OOD,99,crosswalk,False,False,False,0,1,28.632804984309615,1.2583232444265615,True,False
44,A_STATE,OOD,100,stop_intersection,False,False,False,0,1,23.709465521847253,1.4060071652962103,True,False
44,A_STATE,OOD,101,stop_intersection,False,False,False,0,1,25.04984588882246,0.916028462705158,True,False
44,A_STATE,OOD,102,stop_intersection,False,False,False,0,1,30.725694800331155,1.398635083123257,True,False
44,A_STATE,OOD,103,stop_intersection,False,False,False,0,1,27.173448853251934,1.4749850119863235,True,False
44,A_STATE,OOD,104,stop_intersection,False,False,False,0,1,27.266233071672715,1.4817524650557474,True,False
44,A_STATE,OOD,105,stop_intersection,False,False,False,0,1,21.002305432761077,1.6337479043027592,True,False
44,A_STATE,OOD,106,stop_intersection,False,False,False,0,1,30.853826155108447,1.391288842025556,True,False
44,A_STATE,OOD,107,stop_intersection,False,False,False,0,1,28.058294097938187,0.8531370427873399,True,False
44,A_STATE,OOD,108,stop_intersection,False,False,False,0,1,24.657845097074798,2.0550484337457795,True,False
44,A_STATE,OOD,109,stop_intersection,False,False,False,0,0,21.7324063830807,1.7020938462681239,True,False
44,A_STATE,OOD,110,stop_intersection,False,False,False,0,1,23.963778994789443,1.7300699816809761,True,False
44,A_STATE,OOD,111,stop_intersection,False,False,False,0,0,22.984511768506607,1.4805352215676806,True,False
44,A_STATE,OOD,112,stop_intersection,False,False,False,0,0,23.834048760426633,1.412706190927161,True,False
44,A_STATE,OOD,113,stop_intersection,False,False,False,0,1,30.72435510952355,1.181355525146831,True,False
44,A_STATE,OOD,114,stop_intersection,False,False,False,0,0,23.93382652217789,1.8011148716952348,True,False
44,A_STATE,OOD,115,stop_intersection,False,False,False,0,1,24.664491279162988,1.395192130191906,True,False
44,A_STATE,OOD,116,stop_intersection,False,False,False,0,0,21.634424142755723,1.7447811489303906,True,False
44,A_STATE,OOD,117,stop_intersection,False,False,False,0,1,28.7349521733168,1.5244885378105695,True,False
44,A_STATE,OOD,118,stop_intersection,False,False,False,0,1,28.305723898000785,1.3515087805296244,True,False
44,A_STATE,OOD,119,stop_intersection,False,False,False,0,1,24.24751555577098,1.96747619356658,True,False
44,A_STATE,OOD,120,stop_intersection,False,False,False,0,1,30.99338223323879,1.0291611353556314,True,False
44,A_STATE,OOD,121,stop_intersection,False,False,False,0,1,21.346360043404616,1.5736022889614103,True,False
44,A_STATE,OOD,122,stop_intersection,False,False,False,0,1,24.61935259152564,1.2591416079823563,True,False
44,A_STATE,OOD,123,stop_intersection,False,False,False,0,1,31.38433083627357,1.29802568256855,True,False
44,A_STATE,OOD,124,stop_intersection,False,False,False,0,1,28.795179818183215,1.310293161591818,True,False
44,A_STATE,OOD,125,stop_intersection,False,False,False,0,1,23.942109086931254,1.1465648545159233,True,False
44,A_STATE,OOD,126,stop_intersection,False,False,False,0,1,31.27685022070831,1.406347816405089,True,False
44,A_STATE,OOD,127,stop_intersection,False,False,False,0,1,28.948342064725047,0.9059141705865444,True,False
44,A_STATE,OOD,128,stop_intersection,False,False,False,0,1,29.474435313548696,1.398938941328149,True,False
44,A_STATE,OOD,129,stop_intersection,False,False,False,0,0,26.30260760086337,1.7098166440662583,True,False
44,A_STATE,OOD,130,stop_intersection,False,False,False,0,1,21.9578401287199,1.151035331016363,True,False
44,A_STATE,OOD,131,stop_intersection,False,False,False,0,1,24.241193641652394,1.7585871026322646,True,False
44,A_STATE,OOD,132,stop_intersection,False,False,False,0,1,21.503509903395106,1.4617992024414421,True,False
44,A_STATE,OOD,133,stop_intersection,False,False,False,0,0,25.409083164713444,1.5504620899987775,True,False
44,A_STATE,OOD,134,stop_intersection,False,False,False,0,1,26.049791038166994,1.3392225310609145,True,False
44,A_STATE,OOD,135,stop_intersection,False,False,False,0,1,21.63659462601934,1.2074154462569797,True,False
44,A_STATE,OOD,136,stop_intersection,False,False,False,0,1,25.477411552676003,1.3333347037031844,True,False
44,A_STATE,OOD,137,stop_intersection,False,False,False,0,1,30.897501709439823,0.884104054024879,True,False
44,A_STATE,OOD,138,stop_intersection,False,False,False,0,1,30.755443338178353,1.2863620167428795,True,False
44,A_STATE,OOD,139,stop_intersection,False,False,False,0,1,27.6064395588049,1.286710561850132,True,False
44,A_STATE,OOD,140,stop_intersection,False,False,False,0,1,25.100002694448357,1.160392661889394,True,False
44,A_STATE,OOD,141,stop_intersection,False,False,False,0,1,29.35354166069884,1.176875067311664,True,False
44,A_STATE,OOD,142,stop_intersection,False,False,False,0,1,22.682230232747965,1.7194155520863001,True,False
44,A_STATE,OOD,143,stop_intersection,False,False,False,0,1,27.742289394935906,1.597816915046878,True,False
44,A_STATE,OOD,144,stop_intersection,False,False,False,0,1,30.30054599138691,1.3026896715164185,True,False
44,A_STATE,OOD,145,stop_intersection,False,False,False,0,1,27.4242512550236,1.971211972690764,True,False
44,A_STATE,OOD,146,stop_intersection,False,False,False,0,1,27.041359575132585,1.769923897166001,True,False
44,A_STATE,OOD,147,stop_intersection,False,False,False,0,1,20.891352357567698,1.3213003809387618,True,False
44,A_STATE,OOD,148,stop_intersection,False,False,False,0,1,20.72661803019281,1.0182500204869678,True,False
44,A_STATE,OOD,149,stop_intersection,False,False,False,0,1,29.22310326525665,1.1715576121973437,True,False
44,A_STATE,OOD,150,stop_intersection,False,False,False,0,1,23.557743464693736,1.3929565846110166,True,False
44,A_STATE,OOD,151,stop_intersection,False,False,False,0,1,23.223952336723215,1.3172893775136847,True,False
44,A_STATE,OOD,152,stop_intersection,False,False,False,0,1,30.618322675484613,1.3958712628013208,True,False
44,A_STATE,OOD,153,stop_intersection,False,False,False,0,1,30.236426554520044,1.2986335231036674,True,False
44,A_STATE,OOD,154,stop_intersection,False,False,False,0,0,21.69255500511276,1.782996786965264,True,False
44,A_STATE,OOD,155,stop_intersection,False,False,False,0,1,24.1199009727326,1.3727230495876734,True,False
44,A_STATE,OOD,156,stop_intersection,False,False,False,0,0,22.173520058325742,1.646267873700708,True,False
44,A_STATE,OOD,157,stop_intersection,False,False,False,0,1,23.079951625383792,1.7327379239232916,True,False
44,A_STATE,OOD,158,stop_intersection,False,False,False,0,1,30.36670852619012,1.1289564858783374,True,False
44,A_STATE,OOD,159,stop_intersection,False,False,False,0,1,29.082027093317414,1.2111970435741335,True,False
44,A_STATE,OOD,160,stop_intersection,False,False,False,0,1,25.840824486932608,1.5162315184161774,True,False
44,A_STATE,OOD,161,stop_intersection,False,False,False,0,1,23.88525477711375,1.1190960199936577,True,False
44,A_STATE,OOD,162,stop_intersection,False,False,False,0,1,27.4661128473719,1.226798559344092,True,False
44,A_STATE,OOD,163,stop_intersection,False,False,False,0,1,26.015463787451765,1.230124771595001,True,False
44,A_STATE,OOD,164,stop_intersection,False,False,False,0,1,24.287006559357692,1.177608544050261,True,False
44,A_STATE,OOD,165,stop_intersection,False,False,False,0,1,28.397560763439763,1.464462090622295,True,False
44,A_STATE,OOD,166,stop_intersection,False,False,False,0,1,26.783974747122244,1.614812508225441,True,False
44,A_STATE,OOD,167,stop_intersection,False,False,False,0,1,30.522072430531466,1.1512713976528333,True,False
44,A_STATE,OOD,168,stop_intersection,False,False,False,0,1,31.244019123208382,1.2098451636054297,True,False
44,A_STATE,OOD,169,stop_intersection,False,False,False,0,1,28.21815625061992,1.3090131221673424,True,False
44,A_STATE,OOD,170,stop_intersection,False,False,False,0,1,20.74966816677509,1.240890561006008,True,False
44,A_STATE,OOD,171,stop_intersection,False,False,False,0,1,21.34959201421185,1.269285215719326,True,False
44,A_STATE,OOD,172,stop_intersection,False,False,False,0,0,22.37527524463023,1.7619174396669541,True,False
44,A_STATE,OOD,173,stop_intersection,False,False,False,0,1,28.712568305537324,1.0850497561952341,True,False
44,A_STATE,OOD,174,stop_intersection,False,False,False,0,0,21.536800547766802,1.9289449942963461,True,False
44,A_STATE,OOD,175,stop_intersection,False,False,False,0,1,27.650204906281832,1.4497955640157063,True,False
44,A_STATE,OOD,176,stop_intersection,False,False,False,0,0,21.907264958317416,1.846194968215729,True,False
44,A_STATE,OOD,177,stop_intersection,False,False,False,0,1,30.26428087315687,1.4505258757014607,True,False
44,A_STATE,OOD,178,stop_intersection,False,False,False,0,1,28.40657317607253,1.4058796512453178,True,False
44,A_STATE,OOD,179,stop_intersection,False,False,False,0,1,28.646758288157493,1.426018782607887,True,False
44,A_STATE,OOD,180,stop_intersection,False,False,False,0,1,21.599082649367148,1.1313575364294506,True,False
44,A_STATE,OOD,181,stop_intersection,False,False,False,0,1,31.078969138597117,1.326052963733673,True,False
44,A_STATE,OOD,182,stop_intersection,False,False,False,0,1,22.88944703230692,1.224237933754921,True,False
44,A_STATE,OOD,183,stop_intersection,False,False,False,0,1,21.963609028116124,1.2724195028606213,True,False
44,A_STATE,OOD,184,stop_intersection,False,False,False,0,1,30.025505156257054,1.529971305714097,True,False
44,A_STATE,OOD,185,stop_intersection,False,False,False,0,1,26.201957201675874,1.1019345988398013,True,False
44,A_STATE,OOD,186,stop_intersection,False,False,False,0,1,30.22171539504296,1.488969867879694,True,False
44,A_STATE,OOD,187,stop_intersection,False,False,False,0,1,27.20544404730124,1.5000685395264042,True,False
44,A_STATE,OOD,188,stop_intersection,False,False,False,0,1,30.87217333405784,1.0443241331312392,True,False
44,A_STATE,OOD,189,stop_intersection,False,False,False,0,1,29.595867990680297,1.3993924542477256,True,False
44,A_STATE,OOD,190,stop_intersection,False,False,False,0,1,24.457840755000024,1.610771745443344,True,False
44,A_STATE,OOD,191,stop_intersection,False,False,False,0,1,27.06824600188216,1.4762980424695544,True,False
44,A_STATE,OOD,192,stop_intersection,False,False,False,0,1,30.151574082511388,1.165465698685757,True,False
44,A_STATE,OOD,193,stop_intersection,False,False,False,0,1,24.10994842660166,1.1325544383790758,True,False
44,A_STATE,OOD,194,stop_intersection,False,False,False,0,1,26.768507322116662,1.2125411005907278,True,False
44,A_STATE,OOD,195,stop_intersection,False,False,False,0,1,26.555648306037895,1.5250304995513544,True,False
44,A_STATE,OOD,196,stop_intersection,False,False,False,0,1,22.837266112393927,1.1677431492578416,True,False
44,A_STATE,OOD,197,stop_intersection,False,False,False,0,1,29.63834912302198,1.5025702402705237,True,False
44,A_STATE,OOD,198,stop_intersection,False,False,False,0,1,29.24871568058218,1.3836161403552345,True,False
44,A_STATE,OOD,199,stop_intersection,False,False,False,0,1,28.10348686659586,0.9965156979031032,True,False
44,A_STATE,OOD,200,lead_brake,False,False,False,0,0,33.70687330227342,2.802152067112426,True,False
44,A_STATE,OOD,201,lead_brake,False,False,False,0,0,30.614880658047564,3.9768017154807844,True,False
44,A_STATE,OOD,202,lead_brake,False,False,False,0,0,25.771794961926492,3.3073710836470127,True,False
44,A_STATE,OOD,203,lead_brake,False,False,False,0,0,30.541327304352762,1.5946148801594973,True,False
44,A_STATE,OOD,204,lead_brake,False,False,False,0,0,29.49765599921112,4.11596228616933,True,False
44,A_STATE,OOD,205,lead_brake,False,False,False,0,0,28.28465648658618,4.136859632407625,True,False
44,A_STATE,OOD,206,lead_brake,False,False,False,0,0,29.998246903406304,2.8218847879519062,True,False
44,A_STATE,OOD,207,lead_brake,False,False,False,0,0,32.63077502233839,2.552242146804929,True,False
44,A_STATE,OOD,208,lead_brake,False,False,False,0,0,37.958962698033446,4.403533412454029,True,False
44,A_STATE,OOD,209,lead_brake,False,False,False,0,0,30.487437067378735,2.0422452247391143,True,False
44,A_STATE,OOD,210,lead_brake,False,False,False,0,0,29.576227551372437,4.719051674629251,True,False
44,A_STATE,OOD,211,lead_brake,False,False,False,0,0,36.2810978604853,2.16815583097438,True,False
44,A_STATE,OOD,212,lead_brake,False,False,False,0,0,27.398063036775735,5.639538752535978,True,False
44,A_STATE,OOD,213,lead_brake,False,False,False,0,0,30.675317088436255,2.1023017140105362,True,False
44,A_STATE,OOD,214,lead_brake,False,False,False,0,0,34.80937949929104,2.2270551193505526,True,False
44,A_STATE,OOD,215,lead_brake,False,False,False,0,0,26.621009688828472,4.857102616069217,True,False
44,A_STATE,OOD,216,lead_brake,False,False,False,0,0,40.059770944718245,4.027913192597528,True,False
44,A_STATE,OOD,217,lead_brake,False,False,False,0,0,34.551658574901545,0.7604894492154319,True,False
44,A_STATE,OOD,218,lead_brake,False,False,False,0,0,26.454677876406542,2.0320619735866785,True,False
44,A_STATE,OOD,219,lead_brake,False,False,False,0,0,34.25062820156275,2.328528077031175,True,False
44,A_STATE,OOD,220,lead_brake,False,False,False,0,0,35.11114277593823,2.861312984799345,True,False
44,A_STATE,OOD,221,lead_brake,False,False,False,0,0,24.017381313182387,2.480541523856421,True,False
44,A_STATE,OOD,222,lead_brake,False,False,False,0,0,39.58270121877545,3.359950269572437,True,False
44,A_STATE,OOD,223,lead_brake,False,False,False,0,0,26.212019150962195,4.763611736086507,True,False
44,A_STATE,OOD,224,lead_brake,False,False,False,0,0,31.10840953716857,1.8388848683486383,True,False
44,A_STATE,OOD,225,lead_brake,False,False,False,0,0,31.78120077853412,3.415094083175063,True,False
44,A_STATE,OOD,226,lead_brake,False,False,False,0,0,27.028639878928644,1.2950920431564252,True,False
44,A_STATE,OOD,227,lead_brake,False,False,False,0,0,38.54743659883655,2.912331052745382,True,False
44,A_STATE,OOD,228,lead_brake,False,False,False,0,0,39.572632816619226,1.5912260506302116,True,False
44,A_STATE,OOD,229,lead_brake,False,False,False,0,0,43.026905630268175,1.3164044953882694,True,False
44,A_STATE,OOD,230,lead_brake,False,False,False,0,0,33.9637634650301,3.895410190646847,True,False
44,A_STATE,OOD,231,lead_brake,False,False,False,0,0,35.176585086192205,3.3328386675566435,True,False
44,A_STATE,OOD,232,lead_brake,False,False,False,0,0,32.66890510306716,2.1414152091989913,True,False
44,A_STATE,OOD,233,lead_brake,False,False,False,0,0,29.92970298987998,4.0878667592381435,True,False
44,A_STATE,OOD,234,lead_brake,False,False,False,0,0,29.013033923983556,2.165582795316974,True,False
44,A_STATE,OOD,235,lead_brake,False,False,False,0,0,32.19162252654901,1.330220825349291,True,False
44,A_STATE,OOD,236,lead_brake,False,False,False,0,0,42.480138606540876,3.88906511819611,True,False
44,A_STATE,OOD,237,lead_brake,False,False,False,0,0,40.362538720693244,2.282005937770009,True,False
44,A_STATE,OOD,238,lead_brake,False,False,False,0,0,26.147149991430325,2.6781988715132075,True,False
44,A_STATE,OOD,239,lead_brake,False,False,False,0,0,34.296541222021446,1.5480125391234951,True,False
44,A_STATE,OOD,240,lead_brake,False,False,False,0,0,36.69934993971136,2.156932343107959,True,False
44,A_STATE,OOD,241,lead_brake,False,False,False,0,0,25.663719739755678,2.253255789168179,True,False
44,A_STATE,OOD,242,lead_brake,False,False,False,0,0,26.91157340891548,2.0911565013229847,True,False
44,A_STATE,OOD,243,lead_brake,False,False,False,0,0,30.992718943535174,4.591424716946979,True,False
44,A_STATE,OOD,244,lead_brake,False,False,False,0,0,41.63475672334432,1.472741273852686,True,False
44,A_STATE,OOD,245,lead_brake,False,False,False,0,0,43.44636934377246,1.8392474769304195,True,False
44,A_STATE,OOD,246,lead_brake,False,False,False,0,0,26.753119835248604,2.416564942648013,True,False
44,A_STATE,OOD,247,lead_brake,False,False,False,0,0,31.33505184049425,1.8231511184324818,True,False
44,A_STATE,OOD,248,lead_brake,False,False,False,0,0,27.56716506528924,3.35467532929033,True,False
44,A_STATE,OOD,249,lead_brake,False,False,False,0,0,23.965070875237256,5.176991943580409,True,False
44,A_STATE,OOD,250,lead_brake,False,False,False,0,0,33.571164470319815,2.84102145768702,True,False
44,A_STATE,OOD,251,lead_brake,False,False,False,0,0,30.867961824845416,1.426827037706971,True,False
44,A_STATE,OOD,252,lead_brake,False,False,False,0,0,40.13120459626862,1.226374663412571,True,False
44,A_STATE,OOD,253,lead_brake,False,False,False,0,0,28.750130068957784,2.9712575941036143,True,False
44,A_STATE,OOD,254,lead_brake,False,False,False,0,0,28.1338358709904,2.9853710016856585,True,False
44,A_STATE,OOD,255,lead_brake,False,False,False,0,0,34.406892530669765,1.5101576056331394,True,False
44,A_STATE,OOD,256,lead_brake,False,False,False,0,0,25.00926860556005,2.9973991792649026,True,False
44,A_STATE,OOD,257,lead_brake,False,False,False,0,0,30.846044105880058,2.3058232373247542,True,False
44,A_STATE,OOD,258,lead_brake,False,False,False,0,0,23.57603405189789,1.8907885138566296,True,False
44,A_STATE,OOD,259,lead_brake,False,False,False,0,0,43.11520697094501,1.0227691220740476,True,False
44,A_STATE,OOD,260,lead_brake,False,False,False,0,0,34.68594152735665,1.6956829459716876,True,False
44,A_STATE,OOD,261,lead_brake,False,False,False,0,0,28.69493372854793,1.3120668983707824,True,False
44,A_STATE,OOD,262,lead_brake,False,False,False,0,0,38.349127415068075,2.2194494338085256,True,False
44,A_STATE,OOD,263,lead_brake,False,False,False,0,0,30.638094735336047,4.5301672937348485,True,False
44,A_STATE,OOD,264,lead_brake,False,False,False,0,0,44.58278903409836,1.894302252680063,True,False
44,A_STATE,OOD,265,lead_brake,False,False,False,0,0,40.14858442264706,1.8731056222071247,True,False
44,A_STATE,OOD,266,lead_brake,False,False,False,0,0,32.3314297975225,5.214500842615962,True,False
44,A_STATE,OOD,267,lead_brake,False,False,False,0,0,29.520962804005748,2.83880413758258,True,False
44,A_STATE,OOD,268,lead_brake,False,False,False,0,0,29.211764379342103,4.84889738758405,True,False
44,A_STATE,OOD,269,lead_brake,False,False,False,0,0,31.499646075944202,1.911193169032534,True,False
44,A_STATE,OOD,270,lead_brake,False,False,False,0,0,25.52757592591314,1.9650851475695768,True,False
44,A_STATE,OOD,271,lead_brake,False,False,False,0,0,36.21701822445942,4.175850219403704,True,False
44,A_STATE,OOD,272,lead_brake,False,False,False,0,0,34.22388198604043,2.072716570769747,True,False
44,A_STATE,OOD,273,lead_brake,False,False,False,0,0,34.770291705369786,2.284295814111829,True,False
44,A_STATE,OOD,274,lead_brake,False,False,False,0,0,37.17974258221248,1.5494340937584639,True,False
44,A_STATE,OOD,275,lead_brake,False,False,False,0,0,33.07474732767836,2.726255719239513,True,False
44,A_STATE,OOD,276,lead_brake,False,False,False,0,0,28.553015832572154,2.4829833364735046,True,False
44,A_STATE,OOD,277,lead_brake,False,False,False,0,0,29.59593549638988,4.346803546572724,True,False
44,A_STATE,OOD,278,lead_brake,False,False,False,0,0,30.115104004557626,3.3813517112284894,True,False
44,A_STATE,OOD,279,lead_brake,False,False,False,0,0,38.72652393940835,2.116165129157404,True,False
44,A_STATE,OOD,280,lead_brake,False,False,False,0,0,30.49689230311329,2.6967720134804645,True,False
44,A_STATE,OOD,281,lead_brake,False,False,False,0,0,31.410414037071156,2.7553382745633517,True,False
44,A_STATE,OOD,282,lead_brake,False,False,False,0,0,32.179181560693216,1.9552512411028147,True,False
44,A_STATE,OOD,283,lead_brake,False,False,False,0,0,36.513296282328604,0.5107868863269686,True,False
44,A_STATE,OOD,284,lead_brake,False,False,False,0,0,25.9078575441637,4.618545486902197,True,False
44,A_STATE,OOD,285,lead_brake,False,False,False,0,0,35.28350887747169,2.7576814560840526,True,False
44,A_STATE,OOD,286,lead_brake,False,False,False,0,0,29.005622853416323,1.6447009971986215,True,False
44,A_STATE,OOD,287,lead_brake,False,False,False,0,0,32.55701151471555,3.1185467150062323,True,False
44,A_STATE,OOD,288,lead_brake,False,False,False,0,0,26.66787503814689,2.301577314424018,True,False
44,A_STATE,OOD,289,lead_brake,False,False,False,0,0,39.716374789427974,2.9622214691092568,True,False
44,A_STATE,OOD,290,lead_brake,False,False,False,0,0,33.695366195528834,3.5227609655509386,True,False
44,A_STATE,OOD,291,lead_brake,False,False,False,0,0,21.677204465568053,1.8615351089586814,True,False
44,A_STATE,OOD,292,lead_brake,False,False,False,0,0,36.08678753602348,1.8359669257576265,True,False
44,A_STATE,OOD,293,lead_brake,False,False,False,0,0,25.452696453242837,4.276151477359235,True,False
44,A_STATE,OOD,294,lead_brake,False,False,False,0,0,26.705577978995553,2.7039897243181863,True,False
44,A_STATE,OOD,295,lead_brake,False,False,False,0,0,28.205719560980757,1.5652989043543735,True,False
44,A_STATE,OOD,296,lead_brake,False,False,False,0,0,35.54539512082207,2.39941945237418,True,False
44,A_STATE,OOD,297,lead_brake,False,False,False,0,0,38.983482663035986,1.8875089256713786,True,False
44,A_STATE,OOD,298,lead_brake,False,False,False,0,0,21.25238119201961,1.4439950219045083,True,False
44,A_STATE,OOD,299,lead_brake,False,False,False,0,0,25.6737953898054,1.2878215567519264,True,False
44,B_COC,ID,0,crosswalk,False,False,False,0,0,30.009228015841018,2.1777325868606567,True,False
44,B_COC,ID,1,crosswalk,False,False,False,0,0,35.0235108585712,0.46549360267817974,True,False
44,B_COC,ID,2,crosswalk,False,False,False,0,0,32.5338473351478,2.2336148335175077,True,False
44,B_COC,ID,3,crosswalk,False,False,False,0,0,37.18978078523726,1.2925825624362282,True,False
44,B_COC,ID,4,crosswalk,False,False,False,0,0,32.194169152591954,2.257112223993648,True,False
44,B_COC,ID,5,crosswalk,False,False,False,0,0,32.620228185043025,2.1340336942154425,True,False
44,B_COC,ID,6,crosswalk,False,False,False,0,0,28.01561840898019,0.8060205355286598,True,False
44,B_COC,ID,7,crosswalk,False,False,False,0,0,36.036575710116864,0.5108893879999717,True,False
44,B_COC,ID,8,crosswalk,False,False,False,0,0,26.936562734730515,1.8850970009098882,True,False
44,B_COC,ID,9,crosswalk,False,False,False,0,0,38.647146431814974,0.7168884885807831,True,False
44,B_COC,ID,10,crosswalk,False,False,False,0,0,35.40375948590577,2.096169130957645,True,False
44,B_COC,ID,11,crosswalk,False,False,False,0,0,29.899465121641178,1.8755607760470845,True,False
44,B_COC,ID,12,crosswalk,False,False,False,0,0,27.740444795155483,2.4804197330223885,True,False
44,B_COC,ID,13,crosswalk,False,False,False,0,0,36.941641543857614,0.6768476793711836,True,False
44,B_COC,ID,14,crosswalk,False,False,False,0,0,31.927060683829474,1.9683210800091424,True,False
44,B_COC,ID,15,crosswalk,False,False,False,0,0,30.817633591288057,1.4979247729244984,True,False
44,B_COC,ID,16,crosswalk,False,False,False,0,0,34.57169852901862,0.5321097780357708,True,False
44,B_COC,ID,17,crosswalk,False,False,False,0,0,29.840539167815482,2.167834531177174,True,False
44,B_COC,ID,18,crosswalk,False,False,False,0,0,35.95357757482207,0.638449823572522,True,False
44,B_COC,ID,19,crosswalk,False,False,False,0,0,33.94507686710695,0.5560309304432435,True,False
44,B_COC,ID,20,crosswalk,False,False,False,0,0,36.7542062422812,1.7408077636112769,True,False
44,B_COC,ID,21,crosswalk,False,False,False,0,0,33.337576852943705,0.4095306879152422,True,False
44,B_COC,ID,22,crosswalk,False,False,False,0,0,36.04908132398816,0.6727761548498402,True,False
44,B_COC,ID,23,crosswalk,False,False,False,0,0,34.47826029094065,0.6138612578312556,True,False
44,B_COC,ID,24,crosswalk,False,False,False,0,0,36.587674357794555,2.135286989311377,True,False
44,B_COC,ID,25,crosswalk,False,False,False,0,0,36.9577866027882,1.9725105228523412,True,False
44,B_COC,ID,26,crosswalk,False,False,False,0,0,33.6299562923977,0.9469100909138267,True,False
44,B_COC,ID,27,crosswalk,False,False,False,0,0,32.252420637528495,0.850988332182169,True,False
44,B_COC,ID,28,crosswalk,False,False,False,0,0,30.277923067922153,2.3879818226161755,True,False
44,B_COC,ID,29,crosswalk,False,False,False,0,0,37.161921938899916,0.5120965987443924,True,False
44,B_COC,ID,30,crosswalk,False,False,False,0,0,27.15172293975375,1.9798612743616102,True,False
44,B_COC,ID,31,crosswalk,False,False,False,0,0,38.04216084485688,0.5426127385968963,True,False
44,B_COC,ID,32,crosswalk,False,False,False,0,0,30.388689643086607,2.3337583988904953,True,False
44,B_COC,ID,33,crosswalk,False,False,False,0,0,26.684770931628222,1.6998155415058136,True,False
44,B_COC,ID,34,crosswalk,False,False,False,0,0,27.487564373664675,2.158170228912717,True,False
44,B_COC,ID,35,crosswalk,False,False,False,0,0,36.39888625402658,0.4688030729691187,True,False
44,B_COC,ID,36,crosswalk,False,False,False,0,0,32.87025332851621,2.1480692987856655,True,False
44,B_COC,ID,37,crosswalk,False,False,False,0,0,37.89614926910456,0.5173345049843192,True,False
44,B_COC,ID,38,crosswalk,False,False,False,0,0,34.5195750347057,0.44540476215922314,True,False
44,B_COC,ID,39,crosswalk,False,False,False,0,0,30.290446167937006,1.8814301490783691,True,False
44,B_COC,ID,40,crosswalk,False,False,False,0,0,34.99873017399563,0.5302406750295473,True,False
44,B_COC,ID,41,crosswalk,False,False,False,0,0,38.63101474463663,0.8803715681036313,True,False
44,B_COC,ID,42,crosswalk,False,False,False,0,0,38.14895201146296,1.2579967230558393,True,False
44,B_COC,ID,43,crosswalk,False,False,False,0,0,31.182686269039074,2.1376224644482136,True,False
44,B_COC,ID,44,crosswalk,False,False,False,0,0,28.365695157165554,1.4358172182821565,True,False
44,B_COC,ID,45,crosswalk,False,False,False,0,0,28.918326956992498,1.7432812246538343,True,False
44,B_COC,ID,46,crosswalk,False,False,False,0,0,34.57671069146977,0.6069359857411611,True,False
44,B_COC,ID,47,crosswalk,False,False,False,0,0,32.49993132892882,0.6937166852386374,True,False
44,B_COC,ID,48,crosswalk,False,False,False,0,0,34.78510265444095,0.47294784499251324,True,False
44,B_COC,ID,49,crosswalk,False,False,False,0,0,29.094100360913238,0.9068605646883185,True,False
44,B_COC,ID,50,crosswalk,False,False,False,0,0,30.478030411618647,1.8811404705047607,True,False
44,B_COC,ID,51,crosswalk,False,False,False,0,0,34.678342251516085,2.076541775216659,True,False
44,B_COC,ID,52,crosswalk,False,False,False,0,0,38.525912205250236,1.7936123583627783,True,False
44,B_COC,ID,53,crosswalk,False,False,False,0,0,35.6504717708948,2.2274382006038316,True,False
44,B_COC,ID,54,crosswalk,False,False,False,0,0,37.61157107324914,1.9175929622724652,True,False
44,B_COC,ID,55,crosswalk,False,False,False,0,0,28.731496662436136,1.9049820587748572,True,False
44,B_COC,ID,56,crosswalk,False,False,False,0,0,37.81035782834122,0.6777388975024223,True,False
44,B_COC,ID,57,crosswalk,False,False,False,0,0,34.05407797117701,0.6884020306169987,True,False
44,B_COC,ID,58,crosswalk,False,False,False,0,0,33.0377714283653,2.154600335204083,True,False
44,B_COC,ID,59,crosswalk,False,False,False,0,0,33.63760718342223,0.4144520296350769,True,False
44,B_COC,ID,60,crosswalk,False,False,False,0,0,32.82261852150383,0.8014399968087673,True,False
44,B_COC,ID,61,crosswalk,False,False,False,0,0,33.44914635445448,2.3029889301820234,True,False
44,B_COC,ID,62,crosswalk,False,False,False,0,0,29.012412151025764,2.137415354902094,True,False
44,B_COC,ID,63,crosswalk,False,False,False,0,0,37.234170363211476,2.0927518978714943,True,False
44,B_COC,ID,64,crosswalk,False,False,False,0,0,32.00791977994131,0.40315874852240086,True,False
44,B_COC,ID,65,crosswalk,False,False,False,0,0,29.291598211780183,1.8794541557629902,True,False
44,B_COC,ID,66,crosswalk,False,False,False,0,0,32.717697401871135,2.1355955561865927,True,False
44,B_COC,ID,67,crosswalk,False,False,False,0,0,32.917382384748,2.128348836432332,True,False
44,B_COC,ID,68,crosswalk,False,False,False,0,0,31.852745403337188,0.5780771076679229,True,False
44,B_COC,ID,69,crosswalk,False,False,False,0,0,29.303818321601074,2.0436497845432973,True,False
44,B_COC,ID,70,crosswalk,False,False,False,0,0,29.577734196631674,0.42625978961586947,True,False
44,B_COC,ID,71,crosswalk,False,False,False,0,0,28.98147278302304,1.6818951637971968,True,False
44,B_COC,ID,72,crosswalk,False,False,False,0,0,32.3953857632818,2.1521426330913194,True,False
44,B_COC,ID,73,crosswalk,False,False,False,0,0,35.887780896178235,2.121401329835256,True,False
44,B_COC,ID,74,crosswalk,False,False,False,0,0,28.20241273944255,2.606415442730251,True,False
44,B_COC,ID,75,crosswalk,False,False,False,0,0,26.328230910705784,1.925675950267098,True,False
44,B_COC,ID,76,crosswalk,False,False,False,0,0,35.63699975912456,2.1115086786448956,True,False
44,B_COC,ID,77,crosswalk,False,False,False,0,0,36.514349320886694,2.0470840111374855,True,False
44,B_COC,ID,78,crosswalk,False,False,False,0,0,37.5611827498884,0.6419249251484871,True,False
44,B_COC,ID,79,crosswalk,False,False,False,0,0,29.03229086655043,2.3004563858634546,True,False
44,B_COC,ID,80,crosswalk,False,False,False,0,0,37.34602977350951,0.49314506351947784,True,False
44,B_COC,ID,81,crosswalk,False,False,False,0,0,32.759676815403836,2.046818972929664,True,False
44,B_COC,ID,82,crosswalk,False,False,False,0,0,37.23192932814814,1.2245279076424511,True,False
44,B_COC,ID,83,crosswalk,False,False,False,0,0,30.967911712424954,0.4309325204009101,True,False
44,B_COC,ID,84,crosswalk,False,False,False,0,0,29.185311144826137,2.0432382212443785,True,False
44,B_COC,ID,85,crosswalk,False,False,False,0,0,37.7480937723828,0.5743395043132097,True,False
44,B_COC,ID,86,crosswalk,False,False,False,0,0,33.273443499383774,2.1552679784919904,True,False
44,B_COC,ID,87,crosswalk,False,False,False,0,0,34.33767120429174,1.8869326111267914,True,False
44,B_COC,ID,88,crosswalk,False,False,False,0,0,35.229653795669975,2.1862381502338075,True,False
44,B_COC,ID,89,crosswalk,False,False,False,0,0,30.350365994910863,2.3997452333569527,True,False
44,B_COC,ID,90,crosswalk,False,False,False,0,0,32.34739511376475,2.1002744656542074,True,False
44,B_COC,ID,91,crosswalk,False,False,False,0,0,36.64794543597685,0.45411755144596094,True,False
44,B_COC,ID,92,crosswalk,False,False,False,0,0,30.293222391705164,2.3810083866119385,True,False
44,B_COC,ID,93,crosswalk,False,False,False,0,0,33.25377159340766,0.5480726808309555,True,False
44,B_COC,ID,94,crosswalk,False,False,False,0,0,34.88995252180143,1.7977575600147246,True,False
44,B_COC,ID,95,crosswalk,False,False,False,0,0,36.55257607179,2.1360136133929095,True,False
44,B_COC,ID,96,crosswalk,False,False,False,0,0,38.549621103092036,1.4214570350621059,True,False
44,B_COC,ID,97,crosswalk,False,False,False,0,0,28.847953587862555,1.8444885810216267,True,False
44,B_COC,ID,98,crosswalk,False,False,False,0,0,33.34152928726568,2.095121261866196,True,False
44,B_COC,ID,99,crosswalk,False,False,False,0,0,27.90359862826284,2.1631137813840593,True,False
44,B_COC,ID,100,stop_intersection,False,False,False,0,1,33.15484205850324,1.2882118399550273,True,False
44,B_COC,ID,101,stop_intersection,False,False,False,0,1,37.647646050024875,1.1866006740303925,True,False
44,B_COC,ID,102,stop_intersection,False,False,False,0,1,28.07011911619882,1.1640690863132477,True,False
44,B_COC,ID,103,stop_intersection,False,False,False,0,1,34.11935077347765,1.116073408792185,True,False
44,B_COC,ID,104,stop_intersection,False,False,False,0,1,31.16756828035777,1.26287567615509,True,False
44,B_COC,ID,105,stop_intersection,False,False,False,0,1,32.35950870619008,1.222703398727789,True,False
44,B_COC,ID,106,stop_intersection,False,False,False,0,1,30.204341677704548,1.3573847632659108,True,False
44,B_COC,ID,107,stop_intersection,False,False,False,0,1,27.164985749160632,1.1919996677300868,True,False
44,B_COC,ID,108,stop_intersection,False,False,False,0,1,28.117364456384372,1.2253042062123616,True,False
44,B_COC,ID,109,stop_intersection,False,False,False,0,1,30.926110751361882,1.1897633969783783,True,False
44,B_COC,ID,110,stop_intersection,False,False,False,0,1,34.09746166839377,1.2540913479668752,True,False
44,B_COC,ID,111,stop_intersection,False,False,False,0,1,29.182418388387617,1.1680691838264463,True,False
44,B_COC,ID,112,stop_intersection,False,False,False,0,1,29.38169893169001,1.2876410362048025,True,False
44,B_COC,ID,113,stop_intersection,False,False,False,0,1,32.33679664664603,1.2552638053894043,True,False
44,B_COC,ID,114,stop_intersection,False,False,False,0,1,31.09601492882167,1.2442088723182678,True,False
44,B_COC,ID,115,stop_intersection,False,False,False,0,1,36.38598258638819,1.300397501105354,True,False
44,B_COC,ID,116,stop_intersection,False,False,False,0,1,34.00551601754395,1.204298734664917,True,False
44,B_COC,ID,117,stop_intersection,False,False,False,0,1,35.065239740677335,1.1954916091192336,True,False
44,B_COC,ID,118,stop_intersection,False,False,False,0,1,36.083030239980815,1.1218141967600042,True,False
44,B_COC,ID,119,stop_intersection,False,False,False,0,1,28.097748801621442,1.3526536322928764,True,False
44,B_COC,ID,120,stop_intersection,False,False,False,0,1,27.044973228318852,1.3520623864354313,True,False
44,B_COC,ID,121,stop_intersection,False,False,False,0,1,37.072397375515195,1.1210537227717312,True,False
44,B_COC,ID,122,stop_intersection,False,False,False,0,1,36.46974768009191,1.1103552308949556,True,False
44,B_COC,ID,123,stop_intersection,False,False,False,0,1,28.75095739519517,1.2009243476085174,True,False
44,B_COC,ID,124,stop_intersection,False,False,False,0,1,29.77204130454411,1.3234536585054897,True,False
44,B_COC,ID,125,stop_intersection,False,False,False,0,1,32.98054010161118,1.3429897874593735,True,False
44,B_COC,ID,126,stop_intersection,False,False,False,0,1,29.02044836930893,1.3043865090922304,True,False
44,B_COC,ID,127,stop_intersection,False,False,False,0,1,32.20688142934653,1.3040056228637693,True,False
44,B_COC,ID,128,stop_intersection,False,False,False,0,1,32.47085471342057,1.2524661494464409,True,False
44,B_COC,ID,129,stop_intersection,False,False,False,0,1,31.75389102946083,1.3352234214544294,True,False
44,B_COC,ID,130,stop_intersection,False,False,False,0,1,28.125178745056783,1.3139311890853078,True,False
44,B_COC,ID,131,stop_intersection,False,False,False,0,1,27.620697074367577,1.3613527529948466,True,False
44,B_COC,ID,132,stop_intersection,False,False,False,0,1,32.36319742195988,1.189501634458216,True,False
44,B_COC,ID,133,stop_intersection,False,False,False,0,1,33.21706804178966,1.1916682266053698,True,False
44,B_COC,ID,134,stop_intersection,False,False,False,0,1,30.09969009059116,1.134638670014172,True,False
44,B_COC,ID,135,stop_intersection,False,False,False,0,1,33.56479873494723,1.3656650632619856,True,False
44,B_COC,ID,136,stop_intersection,False,False,False,0,1,30.141039557799836,1.370829845729627,True,False
44,B_COC,ID,137,stop_intersection,False,False,False,0,1,33.98019684051958,1.3372156322002409,True,False
44,B_COC,ID,138,stop_intersection,False,False,False,0,1,38.49854567542214,1.1695149811831387,True,False
44,B_COC,ID,139,stop_intersection,False,False,False,0,1,27.171890478143837,1.345823809907243,True,False
44,B_COC,ID,140,stop_intersection,False,False,False,0,1,27.84705898646323,1.303361779765079,True,False
44,B_COC,ID,141,stop_intersection,False,False,False,0,1,28.999347766586048,1.341108036668677,True,False
44,B_COC,ID,142,stop_intersection,False,False,False,0,1,36.27205277272135,1.312093734741211,True,False
44,B_COC,ID,143,stop_intersection,False,False,False,0,1,37.62322689605766,1.1712415085898504,True,False
44,B_COC,ID,144,stop_intersection,False,False,False,0,1,30.736651525724714,1.3206313817928998,True,False
44,B_COC,ID,145,stop_intersection,False,False,False,0,1,27.020321048698467,1.2970568682696366,True,False
44,B_COC,ID,146,stop_intersection,False,False,False,0,1,29.857578033372285,1.2551947236061094,True,False
44,B_COC,ID,147,stop_intersection,False,False,False,0,1,31.91062252087977,1.1202983345304216,True,False
44,B_COC,ID,148,stop_intersection,False,False,False,0,1,32.12075508625636,1.3257351815700529,True,False
44,B_COC,ID,149,stop_intersection,False,False,False,0,1,28.307270894085043,1.3826560329746556,True,False
44,B_COC,ID,150,stop_intersection,False,False,False,0,1,28.11779644515108,1.150021187283776,True,False
44,B_COC,ID,151,stop_intersection,False,False,False,0,1,27.671284280256266,0.9695019587582233,True,False
44,B_COC,ID,152,stop_intersection,False,False,False,0,1,20.672832176204267,0.9662752903320572,True,False
44,B_COC,ID,153,stop_intersection,False,False,False,0,1,20.74828659992774,1.0498177336359564,True,False
44,B_COC,ID,154,stop_intersection,False,False,False,0,1,28.177618471789778,0.976415842026472,True,False
44,B_COC,ID,155,stop_intersection,False,False,False,0,1,22.144113287491944,0.9358953475952149,True,False
44,B_COC,ID,156,stop_intersection,False,False,False,0,1,28.199435537728654,0.9715601801872253,True,False
44,B_COC,ID,157,stop_intersection,False,False,False,0,1,24.405696170050103,1.0136162505174677,True,False
44,B_COC,ID,158,stop_intersection,False,False,False,0,1,26.213205240857437,0.9643114730715752,True,False
44,B_COC,ID,159,stop_intersection,False,False,False,0,1,21.185701984182238,0.930229727178812,True,False
44,B_COC,ID,160,stop_intersection,False,False,False,0,1,28.246359545859406,0.9587657911812558,True,False
44,B_COC,ID,161,stop_intersection,False,False,False,0,1,21.913066186388992,1.0278913119564885,True,False
44,B_COC,ID,162,stop_intersection,False,False,False,0,1,25.696250180850086,1.0857976001241931,True,False
44,B_COC,ID,163,stop_intersection,False,False,False,0,1,22.12747890566098,0.9205020562398667,True,False
44,B_COC,ID,164,stop_intersection,False,False,False,0,1,21.16810734063212,0.9944528778610021,True,False
44,B_COC,ID,165,stop_intersection,False,False,False,0,1,21.03426620887788,0.9770570993423462,True,False
44,B_COC,ID,166,stop_intersection,False,False,False,0,1,21.78319175375991,0.9939191442854861,True,False
44,B_COC,ID,167,stop_intersection,False,False,False,0,1,23.00848631203828,0.9896450632430137,True,False
44,B_COC,ID,168,stop_intersection,False,False,False,0,1,26.467352129372067,0.9343307713667551,True,False
44,B_COC,ID,169,stop_intersection,False,False,False,0,1,22.106643169393777,1.0260685293210876,True,False
44,B_COC,ID,170,stop_intersection,False,False,False,0,1,21.931571738370327,0.9396220564842224,True,False
44,B_COC,ID,171,stop_intersection,False,False,False,0,1,22.180688485459946,0.92872748187944,True,False
44,B_COC,ID,172,stop_intersection,False,False,False,0,1,22.824122082847737,0.9574394702911376,True,False
44,B_COC,ID,173,stop_intersection,False,False,False,0,1,22.362853086655957,1.010042149969872,True,False
44,B_COC,ID,174,stop_intersection,False,False,False,0,1,27.938181742491082,1.022068087999918,True,False
44,B_COC,ID,175,stop_intersection,False,False,False,0,1,23.03013272787065,0.9430672645568847,True,False
44,B_COC,ID,176,stop_intersection,False,False,False,0,1,22.587252867140574,0.9736532216169397,True,False
44,B_COC,ID,177,stop_intersection,False,False,False,0,1,27.68614001914952,1.138809404589913,True,False
44,B_COC,ID,178,stop_intersection,False,False,False,0,1,25.24629085754009,1.1305367269299247,True,False
44,B_COC,ID,179,stop_intersection,False,False,False,0,1,22.209506090692734,0.9538221039942332,True,False
44,B_COC,ID,180,stop_intersection,False,False,False,0,1,22.287624823504274,0.9667031862297837,True,False
44,B_COC,ID,181,stop_intersection,False,False,False,0,1,28.261895151609455,0.993354788013533,True,False
44,B_COC,ID,182,stop_intersection,False,False,False,0,1,22.02703695380652,0.9810670964578364,True,False
44,B_COC,ID,183,stop_intersection,False,False,False,0,1,21.522815011656007,0.8865191844793465,True,False
44,B_COC,ID,184,stop_intersection,False,False,False,0,1,20.866099970304948,1.0005185113328954,True,False
44,B_COC,ID,185,stop_intersection,False,False,False,0,1,22.77414671281953,1.0269271809121836,True,False
44,B_COC,ID,186,stop_intersection,False,False,False,0,1,28.303746330129897,0.9869405806064605,True,False
44,B_COC,ID,187,stop_intersection,False,False,False,0,1,21.51541548763382,1.0196357982026205,True,False
44,B_COC,ID,188,stop_intersection,False,False,False,0,1,27.199664774630634,1.1483087864789094,True,False
44,B_COC,ID,189,stop_intersection,False,False,False,0,1,28.4563269187912,0.9687659602898818,True,False
44,B_COC,ID,190,stop_intersection,False,False,False,0,1,21.373251202034524,1.0062575340270996,True,False
44,B_COC,ID,191,stop_intersection,False,False,False,0,1,27.457854561620827,1.0896655635701284,True,False
44,B_COC,ID,192,stop_intersection,False,False,False,0,1,26.667096010796097,0.975477311015129,True,False
44,B_COC,ID,193,stop_intersection,False,False,False,0,1,27.668976937313595,0.9758438795804977,True,False
44,B_COC,ID,194,stop_intersection,False,False,False,0,1,25.374950180714116,0.9504715944914256,True,False
44,B_COC,ID,195,stop_intersection,False,False,False,0,1,20.66255215365493,0.9802245412101136,True,False
44,B_COC,ID,196,stop_intersection,False,False,False,0,1,27.006164888007405,0.9587324842810631,True,False
44,B_COC,ID,197,stop_intersection,False,False,False,0,1,20.603876432174253,1.014909789982167,True,False
44,B_COC,ID,198,stop_intersection,False,False,False,0,1,23.471923348778358,1.0732291477986355,True,False
44,B_COC,ID,199,stop_intersection,False,False,False,0,1,27.932867808346174,1.1111000304420788,True,False
44,B_COC,ID,200,lead_brake,False,False,False,0,0,70.73240427572821,0.76112662255764,True,False
44,B_COC,ID,201,lead_brake,False,False,False,0,0,93.10142512440683,0.18385972579320273,True,False
44,B_COC,ID,202,lead_brake,False,False,False,0,0,54.87859481272344,0.5572252422571181,True,False
44,B_COC,ID,203,lead_brake,False,False,False,0,0,74.90555175644008,0.3000645687182744,True,False
44,B_COC,ID,204,lead_brake,False,False,False,0,0,94.87708818321984,0.116574311008056,True,False
44,B_COC,ID,205,lead_brake,False,False,False,0,0,74.12925276004454,0.2813954452673594,True,False
44,B_COC,ID,206,lead_brake,False,False,False,0,0,88.26114273263047,0.29982060442368186,True,False
44,B_COC,ID,207,lead_brake,False,False,False,0,0,76.77291378352295,0.7807217290004094,True,False
44,B_COC,ID,208,lead_brake,False,False,False,0,0,58.224630170984454,1.0765670239925385,True,False
44,B_COC,ID,209,lead_brake,False,False,False,0,0,87.33841598437157,0.42132862657308573,True,False
44,B_COC,ID,210,lead_brake,False,False,False,0,0,74.80127470632482,0.7840340013305345,True,False
44,B_COC,ID,211,lead_brake,False,False,False,0,0,84.71152824129481,0.5408941954374313,True,False
44,B_COC,ID,212,lead_brake,False,False,False,0,0,77.02464978915802,0.2594086031119029,True,False
44,B_COC,ID,213,lead_brake,False,False,False,0,0,73.69512769637649,1.6433666224280992,True,False
44,B_COC,ID,214,lead_brake,False,False,False,0,0,86.1317422897034,0.27982121706008906,True,False
44,B_COC,ID,215,lead_brake,False,False,False,0,0,95.56718690976481,0.26434591412544245,True,False
44,B_COC,ID,216,lead_brake,False,False,False,0,0,95.81136631846432,0.10373181601365407,True,False
44,B_COC,ID,217,lead_brake,False,False,False,0,0,70.53579494575095,1.1591899804770947,True,False
44,B_COC,ID,218,lead_brake,False,False,False,0,0,68.52938179216693,1.9760504352549713,True,False
44,B_COC,ID,219,lead_brake,False,False,False,0,0,70.55953580479654,0.2386085266868273,True,False
44,B_COC,ID,220,lead_brake,False,False,False,0,0,70.18059334813071,0.9623673657576243,True,False
44,B_COC,ID,221,lead_brake,False,False,False,0,0,78.48166204432478,0.8726084282000859,True,False
44,B_COC,ID,222,lead_brake,False,False,False,0,0,79.59602455878459,0.7172837009032568,True,False
44,B_COC,ID,223,lead_brake,False,False,False,0,0,66.08814965175709,0.9429888154069582,True,False
44,B_COC,ID,224,lead_brake,False,False,False,0,0,74.81949770482531,0.14790731420119602,True,False
44,B_COC,ID,225,lead_brake,False,False,False,0,0,65.17631976797293,1.7400457337498665,True,False
44,B_COC,ID,226,lead_brake,False,False,False,0,0,65.60897515196079,0.8837625881036122,True,False
44,B_COC,ID,227,lead_brake,False,False,False,0,0,71.34760080767097,0.35664657751719153,True,False
44,B_COC,ID,228,lead_brake,False,False,False,0,0,80.01595232250162,0.9164789368708928,True,False
44,B_COC,ID,229,lead_brake,False,False,False,0,0,66.9486288337722,0.4182010193665822,True,False
44,B_COC,ID,230,lead_brake,False,False,False,0,0,84.20120644611383,0.23353383441766104,True,False
44,B_COC,ID,231,lead_brake,False,False,False,0,0,79.36239793070322,0.2477374275525411,True,False
44,B_COC,ID,232,lead_brake,False,False,False,0,0,76.19897130614748,0.23797383159399033,True,False
44,B_COC,ID,233,lead_brake,False,False,False,0,0,94.30581841359343,0.2570908615986506,True,False
44,B_COC,ID,234,lead_brake,False,False,False,0,0,80.87642219790216,0.18950662513573963,True,False
44,B_COC,ID,235,lead_brake,False,False,False,0,0,83.33809687863267,0.23265836884578067,True,False
44,B_COC,ID,236,lead_brake,False,False,False,0,0,64.8008713435074,0.38351118937134737,True,False
44,B_COC,ID,237,lead_brake,False,False,False,0,0,80.34272879904888,0.17039697120587027,True,False
44,B_COC,ID,238,lead_brake,False,False,False,0,0,83.09149521277965,0.1887082407871882,True,False
44,B_COC,ID,239,lead_brake,False,False,False,0,0,52.54345380020012,0.7005723888675371,True,False
44,B_COC,ID,240,lead_brake,False,False,False,0,0,73.55595963952148,0.5692349088688691,True,False
44,B_COC,ID,241,lead_brake,False,False,False,0,0,58.78103412221574,0.6309095844626426,True,False
44,B_COC,ID,242,lead_brake,False,False,False,0,0,66.91429934939367,0.3656634017825126,True,False
44,B_COC,ID,243,lead_brake,False,False,False,0,0,53.60874733756938,1.1701121951142945,True,False
44,B_COC,ID,244,lead_brake,False,False,False,0,0,54.612653002228,1.8806206534306207,True,False
44,B_COC,ID,245,lead_brake,False,False,False,0,0,75.66755183810557,0.24583578606446585,True,False
44,B_COC,ID,246,lead_brake,False,False,False,0,0,97.78160376578563,0.2485609526435534,True,False
44,B_COC,ID,247,lead_brake,False,False,False,0,0,80.09397175384248,0.1920338173707326,True,False
44,B_COC,ID,248,lead_brake,False,False,False,0,0,66.68472810779097,0.45769533763329184,True,False
44,B_COC,ID,249,lead_brake,False,False,False,0,0,94.80163562494495,0.11078461756308872,True,False
44,B_COC,ID,250,lead_brake,False,False,False,0,0,70.23535265653234,0.8874814907709757,True,False
44,B_COC,ID,251,lead_brake,False,False,False,0,0,73.30586003652522,0.2329196495314439,True,False
44,B_COC,ID,252,lead_brake,False,False,False,0,0,86.56827636050672,0.2675314818819364,True,False
44,B_COC,ID,253,lead_brake,False,False,False,0,0,87.26992654849514,0.22900604953368503,True,False
44,B_COC,ID,254,lead_brake,False,False,False,0,0,94.85038441862122,0.2578524947166443,True,False
44,B_COC,ID,255,lead_brake,False,False,False,0,0,61.826308075535984,2.1682974273959794,True,False
44,B_COC,ID,256,lead_brake,False,False,False,0,0,71.62973426902172,0.2871902957558632,True,False
44,B_COC,ID,257,lead_brake,False,False,False,0,0,78.56673808416669,0.7661353846391041,True,False
44,B_COC,ID,258,lead_brake,False,False,False,0,0,78.84394311226085,0.514662392437458,True,False
44,B_COC,ID,259,lead_brake,False,False,False,0,0,95.39401270115675,0.11079488943020502,True,False
44,B_COC,ID,260,lead_brake,False,False,False,0,0,71.39345873665414,0.9173863356312115,True,False
44,B_COC,ID,261,lead_brake,False,False,False,0,0,78.04657123059026,0.9672784631450971,True,False
44,B_COC,ID,262,lead_brake,False,False,False,0,0,89.48936459492039,0.26339652389287943,True,False
44,B_COC,ID,263,lead_brake,False,False,False,0,0,77.44353891337238,0.6068015520771344,True,False
44,B_COC,ID,264,lead_brake,False,False,False,0,0,93.8228051992805,0.15370149910449982,True,False
44,B_COC,ID,265,lead_brake,False,False,False,0,0,84.12838992238039,0.2659909725189209,True,False
44,B_COC,ID,266,lead_brake,False,False,False,0,0,86.27244052126004,0.288252683977286,True,False
44,B_COC,ID,267,lead_brake,False,False,False,0,0,85.01007381889167,0.2574334815144539,True,False
44,B_COC,ID,268,lead_brake,False,False,False,0,0,84.17940066787571,0.26469223697980243,True,False
44,B_COC,ID,269,lead_brake,False,False,False,0,0,58.11129092770757,1.6948901377618313,True,False
44,B_COC,ID,270,lead_brake,False,False,False,0,0,73.45279598789804,0.5806246946255366,True,False
44,B_COC,ID,271,lead_brake,False,False,False,0,0,57.410982448426076,0.44605822116136545,True,False
44,B_COC,ID,272,lead_brake,False,False,False,0,0,76.20597604139908,0.8598235175013542,True,False
44,B_COC,ID,273,lead_brake,False,False,False,0,0,59.97389914061211,0.6276415934165319,True,False
44,B_COC,ID,274,lead_brake,False,False,False,0,0,58.613954139195705,1.4854947005709012,True,False
44,B_COC,ID,275,lead_brake,False,False,False,0,0,86.23375529296413,0.30733969807624817,True,False
44,B_COC,ID,276,lead_brake,False,False,False,0,0,53.352306203284094,0.9547829230626423,True,False
44,B_COC,ID,277,lead_brake,False,False,False,0,0,60.2411867277343,0.7087805047631264,True,False
44,B_COC,ID,278,lead_brake,False,False,False,0,0,81.33320015680212,0.31005723029375076,True,False
44,B_COC,ID,279,lead_brake,False,False,False,0,0,64.20254686348945,1.0883648805320263,True,False
44,B_COC,ID,280,lead_brake,False,False,False,0,0,85.26377135467003,0.21956533193588257,True,False
44,B_COC,ID,281,lead_brake,False,False,False,0,0,89.10021704058502,0.1250206083059311,True,False
44,B_COC,ID,282,lead_brake,False,False,False,0,0,72.62826003018662,0.24763884147008258,True,False
44,B_COC,ID,283,lead_brake,False,False,False,0,0,68.78887758030093,0.24418891221284866,True,False
44,B_COC,ID,284,lead_brake,False,False,False,0,0,60.34962034504236,1.0304052693148453,True,False
44,B_COC,ID,285,lead_brake,False,False,False,0,0,83.02018869954729,0.1723661310970783,True,False
44,B_COC,ID,286,lead_brake,False,False,False,0,0,60.47520546232756,6.5360626590748625,True,False
44,B_COC,ID,287,lead_brake,False,False,False,0,0,87.84440303449774,0.26605981091658276,True,False
44,B_COC,ID,288,lead_brake,False,False,False,0,0,80.4753561585704,0.4814737836519877,True,False
44,B_COC,ID,289,lead_brake,False,False,False,0,0,78.35076008439815,0.33578150222698844,True,False
44,B_COC,ID,290,lead_brake,False,False,False,0,0,77.2079200520508,0.3158274044593175,True,False
44,B_COC,ID,291,lead_brake,False,False,False,0,0,85.031147217835,0.288933460911115,True,False
44,B_COC,ID,292,lead_brake,False,False,False,0,0,82.36050457100683,0.25541225820779795,True,False
44,B_COC,ID,293,lead_brake,False,False,False,0,0,45.00946307919184,8.033491246402264,True,False
44,B_COC,ID,294,lead_brake,False,False,False,0,0,88.04767051769119,0.33617806682984036,True,False
44,B_COC,ID,295,lead_brake,False,False,False,0,0,73.42388551830894,0.24481595555941263,True,False
44,B_COC,ID,296,lead_brake,False,False,False,0,0,82.97719564838283,0.3158578847845395,True,False
44,B_COC,ID,297,lead_brake,False,False,False,0,0,67.4579393819833,0.679461879034837,True,False
44,B_COC,ID,298,lead_brake,False,False,False,0,0,67.46236967408093,0.2414862314860026,True,False
44,B_COC,ID,299,lead_brake,False,False,False,0,0,76.32535272777072,1.2391449237863221,True,False
44,B_COC,OOD,0,crosswalk,False,False,False,0,0,29.853116403390672,1.4970184774959787,True,False
44,B_COC,OOD,1,crosswalk,False,False,False,0,0,31.95408878638448,1.3256364039012363,True,False
44,B_COC,OOD,2,crosswalk,True,True,False,0,1,23.487298826406686,1.012968377369206,True,True
44,B_COC,OOD,3,crosswalk,False,False,False,0,1,29.634905218769177,1.3288566062138192,True,False
44,B_COC,OOD,4,crosswalk,False,False,False,0,1,25.730065540955522,1.1431606222943562,True,False
44,B_COC,OOD,5,crosswalk,False,False,False,0,1,25.16820394073244,1.3050725488435655,True,False
44,B_COC,OOD,6,crosswalk,False,False,False,0,1,20.546334693096803,1.0829661447893488,True,False
44,B_COC,OOD,7,crosswalk,False,False,False,0,0,22.719271238373892,1.2118593328877498,True,False
44,B_COC,OOD,8,crosswalk,False,False,False,0,1,30.70842043591121,0.9852748049630058,True,False
44,B_COC,OOD,9,crosswalk,False,False,False,0,1,29.92897083526902,1.432804026101765,True,False
44,B_COC,OOD,10,crosswalk,False,False,False,0,1,26.457550077763152,1.1229511651964414,True,False
44,B_COC,OOD,11,crosswalk,False,False,False,0,1,24.463459436507453,1.1378505171799076,True,False
44,B_COC,OOD,12,crosswalk,True,True,False,0,0,27.618500623091965,1.1617445301365208,True,True
44,B_COC,OOD,13,crosswalk,False,False,False,0,1,23.435832833256097,1.1861662113148232,True,False
44,B_COC,OOD,14,crosswalk,False,False,False,0,0,31.64006585363773,1.108243523574457,True,False
44,B_COC,OOD,15,crosswalk,False,False,False,0,1,22.25629584631887,1.1374162470406675,True,False
44,B_COC,OOD,16,crosswalk,False,False,False,0,1,22.552512555000398,1.039947470029195,True,False
44,B_COC,OOD,17,crosswalk,False,False,False,0,1,21.268836356625982,0.8974563382392705,True,False
44,B_COC,OOD,18,crosswalk,False,False,False,0,1,22.549953134637633,1.1022608147727118,True,False
44,B_COC,OOD,19,crosswalk,False,False,False,0,1,21.927408882096444,1.206783904206185,True,False
44,B_COC,OOD,20,crosswalk,True,True,False,0,1,30.321676469584673,1.0313460300135058,True,True
44,B_COC,OOD,21,crosswalk,False,False,False,0,1,22.282332474327088,1.1405754121749296,True,False
44,B_COC,OOD,22,crosswalk,False,False,False,0,1,21.031917417816945,1.1873449832201004,True,False
44,B_COC,OOD,23,crosswalk,False,False,False,0,0,28.83124443575367,1.0833040873209636,True,False
44,B_COC,OOD,24,crosswalk,False,False,False,0,1,22.258024135526895,1.1713489872771639,True,False
44,B_COC,OOD,25,crosswalk,True,True,False,0,1,22.916613982065364,0.9011573073538867,True,True
44,B_COC,OOD,26,crosswalk,True,True,False,0,1,23.14364316996732,0.931543403201633,True,True
44,B_COC,OOD,27,crosswalk,False,False,False,0,1,29.567743603078675,1.2205630346484806,True,False
44,B_COC,OOD,28,crosswalk,False,False,False,0,0,30.70097202929874,1.4057650115038895,True,False
44,B_COC,OOD,29,crosswalk,False,False,False,0,1,28.916488091851562,1.0710965114277462,True,False
44,B_COC,OOD,30,crosswalk,False,False,False,0,0,28.822535777352265,1.333213891301836,True,False
44,B_COC,OOD,31,crosswalk,False,False,False,0,1,22.785901313643052,1.1441342986148335,True,False
44,B_COC,OOD,32,crosswalk,False,False,False,0,1,28.118865922195443,1.0614811726238416,True,False
44,B_COC,OOD,33,crosswalk,False,False,False,0,1,26.72757865002591,1.1810559928417204,True,False
44,B_COC,OOD,34,crosswalk,False,False,False,0,1,24.780212275779576,0.8971272044711642,True,False
44,B_COC,OOD,35,crosswalk,False,False,False,0,1,22.023736817792482,1.1993989279103834,True,False
44,B_COC,OOD,36,crosswalk,False,False,False,0,1,21.049929469767175,1.1092060440116458,True,False
44,B_COC,OOD,37,crosswalk,False,False,False,0,1,22.963685355631256,1.3375242704000228,True,False
44,B_COC,OOD,38,crosswalk,False,False,False,0,1,20.926122904963997,1.0022583833107581,True,False
44,B_COC,OOD,39,crosswalk,False,False,False,0,0,30.960695453201613,1.1562654157964194,True,False
44,B_COC,OOD,40,crosswalk,False,False,False,0,1,21.44190567253088,1.178514993814535,True,False
44,B_COC,OOD,41,crosswalk,True,True,False,0,1,24.58784942813157,0.9722765467383644,True,True
44,B_COC,OOD,42,crosswalk,False,False,False,0,1,25.019389779091,1.3607957424261632,True,False
44,B_COC,OOD,43,crosswalk,True,True,False,0,1,21.090892314004968,0.8944509452895114,True,True
44,B_COC,OOD,44,crosswalk,True,True,False,0,1,31.944371215284434,0.970755063969156,True,True
44,B_COC,OOD,45,crosswalk,False,False,False,0,1,21.342658836666665,1.0732119942599154,True,False
44,B_COC,OOD,46,crosswalk,True,True,False,0,1,31.304944777853116,0.9955308049224144,True,True
44,B_COC,OOD,47,crosswalk,False,False,False,0,1,24.426256463295115,1.2489821423183787,True,False
44,B_COC,OOD,48,crosswalk,True,True,False,0,0,27.99694537676333,1.1630736170588312,True,True
44,B_COC,OOD,49,crosswalk,False,False,False,0,0,27.138766808530697,1.2867698073387146,True,False
44,B_COC,OOD,50,crosswalk,False,False,False,0,1,27.40299977743532,1.3468658279728245,True,False
44,B_COC,OOD,51,crosswalk,False,False,False,0,1,27.057304773541816,1.3323506880551577,True,False
44,B_COC,OOD,52,crosswalk,False,False,False,0,1,21.971013609241993,1.3383744752559905,True,False
44,B_COC,OOD,53,crosswalk,True,True,False,0,1,22.38348492161473,1.0934381186962128,True,True
44,B_COC,OOD,54,crosswalk,False,False,False,0,0,26.193780763362362,1.146635055541992,True,False
44,B_COC,OOD,55,crosswalk,False,False,False,0,1,29.546778851010217,1.430380403995514,True,False
44,B_COC,OOD,56,crosswalk,False,False,False,0,1,22.595931779472828,1.1242898120436557,True,False
44,B_COC,OOD,57,crosswalk,False,False,False,0,1,21.19597565686862,1.102015889533188,True,False
44,B_COC,OOD,58,crosswalk,False,False,False,0,1,28.984038674956956,1.0470004791909076,True,False
44,B_COC,OOD,59,crosswalk,False,False,False,0,1,23.11203364337598,1.0732373214782551,True,False
44,B_COC,OOD,60,crosswalk,True,True,False,0,0,27.24905801843775,1.2788304941994801,True,True
44,B_COC,OOD,61,crosswalk,True,True,False,0,1,23.752204375799813,1.081573586714895,True,True
44,B_COC,OOD,62,crosswalk,True,True,False,0,1,28.870506973970667,0.9706420236163669,True,True
44,B_COC,OOD,63,crosswalk,False,False,False,0,1,21.75983990684339,0.9817926287651061,True,False
44,B_COC,OOD,64,crosswalk,False,False,False,0,1,24.171867286758122,1.207943461662115,True,False
44,B_COC,OOD,65,crosswalk,True,True,False,0,1,30.792540599816093,0.9938909790732643,True,True
44,B_COC,OOD,66,crosswalk,False,False,False,0,1,21.512968190852277,1.1589039377868176,True,False
44,B_COC,OOD,67,crosswalk,False,False,False,0,1,27.658738593902726,1.270701006054878,True,False
44,B_COC,OOD,68,crosswalk,False,False,False,0,1,20.76473287393071,0.8884244325549103,True,False
44,B_COC,OOD,69,crosswalk,True,False,False,0,0,25.187638953508404,1.262125478071325,True,True
44,B_COC,OOD,70,crosswalk,False,False,False,0,1,22.467190748966754,1.3095017064076202,True,False
44,B_COC,OOD,71,crosswalk,False,False,False,0,1,28.001063053989654,1.2211314334788104,True,False
44,B_COC,OOD,72,crosswalk,True,True,False,0,1,23.38474574613157,1.0406485795974731,True,True
44,B_COC,OOD,73,crosswalk,True,True,False,0,1,28.706985764482567,1.001052287491885,True,True
44,B_COC,OOD,74,crosswalk,True,True,False,0,0,24.825667843311134,1.2327152490615845,True,True
44,B_COC,OOD,75,crosswalk,False,False,False,0,1,26.768645410879465,1.328190231695771,True,False
44,B_COC,OOD,76,crosswalk,False,False,False,0,1,28.718646176773376,1.1209725731230795,True,False
44,B_COC,OOD,77,crosswalk,True,True,False,0,1,26.493366564769147,1.065846100086119,True,True
44,B_COC,OOD,78,crosswalk,False,False,False,0,1,29.45944892436948,1.039244480092417,True,False
44,B_COC,OOD,79,crosswalk,False,False,False,0,1,20.35116019548675,1.1649005292426973,True,False
44,B_COC,OOD,80,crosswalk,False,False,False,0,1,23.75820402325659,1.2628371380269525,True,False
44,B_COC,OOD,81,crosswalk,False,False,False,0,1,22.3548878979904,1.3605486276822212,True,False
44,B_COC,OOD,82,crosswalk,False,False,False,0,1,25.148900034925745,0.98247524836789,True,False
44,B_COC,OOD,83,crosswalk,False,False,False,0,1,28.823186758173236,1.0030825225555378,True,False
44,B_COC,OOD,84,crosswalk,True,True,False,0,1,27.43548990114776,1.09455431379923,True,True
44,B_COC,OOD,85,crosswalk,True,True,False,0,1,22.258775808666698,0.9475802212226682,True,True
44,B_COC,OOD,86,crosswalk,False,False,False,0,0,31.259253631050903,1.2670180583611512,True,False
44,B_COC,OOD,87,crosswalk,False,False,False,0,1,22.94042230498296,0.9301567077636719,True,False
44,B_COC,OOD,88,crosswalk,True,True,False,0,1,29.96666184544972,1.0833415389060974,True,True
44,B_COC,OOD,89,crosswalk,False,False,False,0,1,28.946826919901497,1.085830109063969,True,False
44,B_COC,OOD,90,crosswalk,True,True,False,0,0,30.41617101565972,1.206439314661799,True,True
44,B_COC,OOD,91,crosswalk,True,True,False,0,1,23.082506474683903,1.2101230110440935,True,True
44,B_COC,OOD,92,crosswalk,False,False,False,0,1,24.467520709662757,1.1397023995717366,True,False
44,B_COC,OOD,93,crosswalk,False,False,False,0,1,21.050059851369625,1.0158561237833716,True,False
44,B_COC,OOD,94,crosswalk,False,False,False,0,1,26.400391614158714,1.1776239975639011,True,False
44,B_COC,OOD,95,crosswalk,False,False,False,0,1,21.56284539055503,1.026660831351029,True,False
44,B_COC,OOD,96,crosswalk,False,False,False,0,1,28.747455138890764,1.08908123748247,True,False
44,B_COC,OOD,97,crosswalk,False,False,False,0,1,30.517627386107705,1.1831244148991324,True,False
44,B_COC,OOD,98,crosswalk,False,False,False,0,1,27.552320896327412,1.194936769083142,True,False
44,B_COC,OOD,99,crosswalk,False,False,False,0,1,28.097545524682822,1.2031726085621377,True,False
44,B_COC,OOD,100,stop_intersection,False,False,False,0,1,23.705448041890822,1.8351449611339161,True,False
44,B_COC,OOD,101,stop_intersection,False,False,False,0,1,25.76057550986325,1.2549041883618222,True,False
44,B_COC,OOD,102,stop_intersection,False,False,False,0,1,30.878732038750215,1.3755057516850924,True,False
44,B_COC,OOD,103,stop_intersection,False,False,False,0,1,27.614416722182895,1.6122100461613047,True,False
44,B_COC,OOD,104,stop_intersection,False,False,False,0,1,26.60340201749994,1.9469293003732506,True,False
44,B_COC,OOD,105,stop_intersection,False,False,False,0,1,21.716212502119305,1.732837854196196,True,False
44,B_COC,OOD,106,stop_intersection,False,False,False,0,1,31.00561279196763,1.38908409758618,True,False
44,B_COC,OOD,107,stop_intersection,False,False,False,0,1,27.66033607569027,1.235037801357416,True,False
44,B_COC,OOD,108,stop_intersection,False,False,False,0,1,24.43497833567354,1.7322111244385057,True,False
44,B_COC,OOD,109,stop_intersection,False,False,False,0,1,21.530731794716452,1.7244517175774825,True,False
44,B_COC,OOD,110,stop_intersection,False,False,False,0,1,23.720701146669775,1.7991214369734128,True,False
44,B_COC,OOD,111,stop_intersection,False,False,False,0,1,24.04336050679201,1.811224696587543,True,False
44,B_COC,OOD,112,stop_intersection,False,False,False,0,1,24.836312373421364,1.79255798776099,True,False
44,B_COC,OOD,113,stop_intersection,False,False,False,0,1,30.809560703936533,1.1615654352036389,True,False
44,B_COC,OOD,114,stop_intersection,False,False,False,0,1,24.18051679396796,1.6640368271619081,True,False
44,B_COC,OOD,115,stop_intersection,False,False,False,0,1,24.856425394997906,1.3309590880935256,True,False
44,B_COC,OOD,116,stop_intersection,False,False,False,0,1,21.470322534112483,1.8168289711078007,True,False
44,B_COC,OOD,117,stop_intersection,False,False,False,0,1,28.46051596852758,1.7242572120591706,True,False
44,B_COC,OOD,118,stop_intersection,False,False,False,0,1,28.433668530164518,1.317269582497446,True,False
44,B_COC,OOD,119,stop_intersection,False,False,False,0,1,23.597465292200177,1.7887001919249692,True,False
44,B_COC,OOD,120,stop_intersection,False,False,False,0,1,30.673441230852784,1.449089286228021,True,False
44,B_COC,OOD,121,stop_intersection,False,False,False,0,1,20.982659008499414,2.0469994165680623,True,False
44,B_COC,OOD,122,stop_intersection,False,False,False,0,1,24.709366912845397,1.2049860052946137,True,False
44,B_COC,OOD,123,stop_intersection,False,False,False,0,1,31.451551254530813,1.274504244327545,True,False
44,B_COC,OOD,124,stop_intersection,False,False,False,0,1,28.36099787206544,1.7312508821487427,True,False
44,B_COC,OOD,125,stop_intersection,False,False,False,0,1,23.987484141633423,1.0914065572950575,True,False
44,B_COC,OOD,126,stop_intersection,False,False,False,0,1,31.515291946344966,1.6482472082353987,True,False
44,B_COC,OOD,127,stop_intersection,False,False,False,0,1,28.311840342938595,1.3102575678091781,True,False
44,B_COC,OOD,128,stop_intersection,False,False,False,0,1,29.61662242015803,1.3542797847797996,True,False
44,B_COC,OOD,129,stop_intersection,False,False,False,0,1,26.361804341386907,1.6810656268641633,True,False
44,B_COC,OOD,130,stop_intersection,False,False,False,0,1,22.019724140644165,1.0907022897587266,True,False
44,B_COC,OOD,131,stop_intersection,False,False,False,0,1,24.04247880776243,1.8383292314854074,True,False
44,B_COC,OOD,132,stop_intersection,False,False,False,0,0,21.365653177036194,1.7612710408866405,True,False
44,B_COC,OOD,133,stop_intersection,False,False,False,0,1,25.69225873279933,1.6683358178948455,True,False
44,B_COC,OOD,134,stop_intersection,False,False,False,0,1,26.208854634296415,1.307720139219954,True,False
44,B_COC,OOD,135,stop_intersection,False,False,False,0,1,21.77443711818251,1.1560330826502578,True,False
44,B_COC,OOD,136,stop_intersection,False,False,False,0,1,25.63203684956673,1.2918618885246482,True,False
44,B_COC,OOD,137,stop_intersection,False,False,False,0,1,31.643397736484552,1.281249878498224,True,False
44,B_COC,OOD,138,stop_intersection,False,False,False,0,1,30.52079663159808,1.7024128701951768,True,False
44,B_COC,OOD,139,stop_intersection,False,False,False,0,1,27.71513228481097,1.2581869883415024,True,False
44,B_COC,OOD,140,stop_intersection,False,False,False,0,1,25.198407924270157,1.1322699682343573,True,False
44,B_COC,OOD,141,stop_intersection,False,False,False,0,1,29.43480815196294,1.1543044465225796,True,False
44,B_COC,OOD,142,stop_intersection,False,False,False,0,1,22.728023259118764,1.8086306005716324,True,False
44,B_COC,OOD,143,stop_intersection,False,False,False,0,1,28.486179605382233,1.7605087876319885,True,False
44,B_COC,OOD,144,stop_intersection,False,False,False,0,1,30.3819373478253,1.3108096367273574,True,False
44,B_COC,OOD,145,stop_intersection,False,False,False,0,1,27.025894139458728,1.6105812456872728,True,False
44,B_COC,OOD,146,stop_intersection,False,False,False,0,1,27.871133705322105,2.0096347303617565,True,False
44,B_COC,OOD,147,stop_intersection,False,False,False,0,1,21.08805021174387,1.2701254277615932,True,False
44,B_COC,OOD,148,stop_intersection,False,False,False,0,1,20.80640317947652,0.9597926906176976,True,False
44,B_COC,OOD,149,stop_intersection,False,False,False,0,1,29.663239939985385,1.4033145705858865,True,False
44,B_COC,OOD,150,stop_intersection,False,False,False,0,0,23.244909612449174,1.856296755697416,True,False
44,B_COC,OOD,151,stop_intersection,False,False,False,0,1,23.39154304601461,1.2771938349071301,True,False
44,B_COC,OOD,152,stop_intersection,False,False,False,0,1,30.77184880646514,1.3952142941324333,True,False
44,B_COC,OOD,153,stop_intersection,False,False,False,0,1,30.321106398154406,1.2651904763244999,True,False
44,B_COC,OOD,154,stop_intersection,False,False,False,0,1,21.034416848357615,1.7145133018493652,True,False
44,B_COC,OOD,155,stop_intersection,False,False,False,0,1,24.34093233805269,1.330924265914493,True,False
44,B_COC,OOD,156,stop_intersection,False,False,False,0,1,22.71369931006114,1.5199994390661067,True,False
44,B_COC,OOD,157,stop_intersection,False,False,False,0,1,23.663621775969062,1.8020075316331823,True,False
44,B_COC,OOD,158,stop_intersection,False,False,False,0,1,30.252590257107766,1.5759285713763944,True,False
44,B_COC,OOD,159,stop_intersection,False,False,False,0,1,29.159398804415055,1.1835329303907793,True,False
44,B_COC,OOD,160,stop_intersection,False,False,False,0,1,25.225007217883626,1.67954961840923,True,False
44,B_COC,OOD,161,stop_intersection,False,False,False,0,1,23.932770098338672,1.0658470314481983,True,False
44,B_COC,OOD,162,stop_intersection,False,False,False,0,1,27.549574581800904,1.177017051120137,True,False
44,B_COC,OOD,163,stop_intersection,False,False,False,0,1,26.127769808344922,1.2012267764657736,True,False
44,B_COC,OOD,164,stop_intersection,False,False,False,0,1,24.34931268698042,1.1405280024506323,True,False
44,B_COC,OOD,165,stop_intersection,False,False,False,0,1,29.101233690870433,1.8482529022255723,True,False
44,B_COC,OOD,166,stop_intersection,False,False,False,0,1,27.54727087264196,1.8549959963940559,True,False
44,B_COC,OOD,167,stop_intersection,False,False,False,0,1,30.61881137760261,1.1276987923876098,True,False
44,B_COC,OOD,168,stop_intersection,False,False,False,0,1,31.319128077406837,1.1893372576345096,True,False
44,B_COC,OOD,169,stop_intersection,False,False,False,0,1,28.33236755167589,1.2811150000645561,True,False
44,B_COC,OOD,170,stop_intersection,False,False,False,0,1,20.90174487276731,1.192200888807957,True,False
44,B_COC,OOD,171,stop_intersection,False,False,False,0,1,21.55283258396729,1.2127221476387333,True,False
44,B_COC,OOD,172,stop_intersection,False,False,False,0,1,21.756636030755928,1.6088495346216054,True,False
44,B_COC,OOD,173,stop_intersection,False,False,False,0,1,28.828431726388853,1.0674637539879135,True,False
44,B_COC,OOD,174,stop_intersection,False,False,False,0,1,21.440419514743194,1.7426443596680958,True,False
44,B_COC,OOD,175,stop_intersection,False,False,False,0,1,27.893939988282334,1.4209032555421193,True,False
44,B_COC,OOD,176,stop_intersection,False,False,False,0,1,21.81076771028924,1.784833876982979,True,False
44,B_COC,OOD,177,stop_intersection,False,False,False,0,1,30.019889290569473,1.7013702034950255,True,False
44,B_COC,OOD,178,stop_intersection,False,False,False,0,1,28.561448761807377,1.352035277768185,True,False
44,B_COC,OOD,179,stop_intersection,False,False,False,0,1,28.897199904348557,1.8436424148843644,True,False
44,B_COC,OOD,180,stop_intersection,False,False,False,0,1,21.671558429951062,1.0692699324517023,True,False
44,B_COC,OOD,181,stop_intersection,False,False,False,0,1,31.16938562025809,1.2979886084794996,True,False
44,B_COC,OOD,182,stop_intersection,False,False,False,0,1,23.010122775007616,1.1819930505007505,True,False
44,B_COC,OOD,183,stop_intersection,False,False,False,0,1,22.13445070314433,1.2261418802173514,True,False
44,B_COC,OOD,184,stop_intersection,False,False,False,0,1,29.6262884489298,1.690333829476283,True,False
44,B_COC,OOD,185,stop_intersection,False,False,False,0,1,26.244758643114373,1.095581469328507,True,False
44,B_COC,OOD,186,stop_intersection,False,False,False,0,1,29.839130256044495,1.6712845159026812,True,False
44,B_COC,OOD,187,stop_intersection,False,False,False,0,1,28.113036415960405,1.9588595761193168,True,False
44,B_COC,OOD,188,stop_intersection,False,False,False,0,1,31.42339678026856,1.3217438459396362,True,False
44,B_COC,OOD,189,stop_intersection,False,False,False,0,1,29.7379619630677,1.3588100358059532,True,False
44,B_COC,OOD,190,stop_intersection,False,False,False,0,1,25.362382276514833,2.064496793530204,True,False
44,B_COC,OOD,191,stop_intersection,False,False,False,0,1,26.238945853771888,1.8564131359259286,True,False
44,B_COC,OOD,192,stop_intersection,False,False,False,0,1,30.223690927169237,1.1513283121031384,True,False
44,B_COC,OOD,193,stop_intersection,False,False,False,0,1,24.15429719176627,1.0880025095409818,True,False
44,B_COC,OOD,194,stop_intersection,False,False,False,0,1,26.837419588870276,1.1742696096730787,True,False
44,B_COC,OOD,195,stop_intersection,False,False,False,0,1,26.9269244543555,1.762932576239109,True,False
44,B_COC,OOD,196,stop_intersection,False,False,False,0,1,22.916620993218615,1.1316652525038946,True,False
44,B_COC,OOD,197,stop_intersection,False,False,False,0,1,29.13788402440126,1.614386889169801,True,False
44,B_COC,OOD,198,stop_intersection,False,False,False,0,1,29.1310022907265,1.8745863761590875,True,False
44,B_COC,OOD,199,stop_intersection,False,False,False,0,1,28.829769498640296,1.4216639679305405,True,False
44,B_COC,OOD,200,lead_brake,False,False,False,0,0,33.85959198176861,1.8679004441946745,True,False
44,B_COC,OOD,201,lead_brake,False,False,False,0,0,30.785255030239302,5.159797957787911,True,False
44,B_COC,OOD,202,lead_brake,False,False,False,0,0,25.950649262753256,3.6162553696582713,True,False
44,B_COC,OOD,203,lead_brake,False,False,False,0,0,30.682393375445802,0.8829289910693963,True,False
44,B_COC,OOD,204,lead_brake,False,False,False,0,0,29.666564058212096,2.5384745871027308,True,False
44,B_COC,OOD,205,lead_brake,False,False,False,0,0,28.454715646990078,5.354731057460109,True,False
44,B_COC,OOD,206,lead_brake,False,False,False,0,0,30.15370507820123,1.8013944327831268,True,False
44,B_COC,OOD,207,lead_brake,False,False,False,0,0,32.767060494552595,1.5834871294597785,True,False
44,B_COC,OOD,208,lead_brake,False,False,False,0,0,38.09585010790679,4.721830430751045,True,False
44,B_COC,OOD,209,lead_brake,False,False,False,0,0,30.64888013278363,2.0207000747323036,True,False
44,B_COC,OOD,210,lead_brake,False,False,False,0,0,29.74570054260056,4.532534111912051,True,False
44,B_COC,OOD,211,lead_brake,False,False,False,0,0,36.39082935526964,2.2512547789762416,True,False
44,B_COC,OOD,212,lead_brake,False,False,False,0,0,27.57799861473453,6.460227819159627,True,False
44,B_COC,OOD,213,lead_brake,False,False,False,0,0,30.83592628839979,3.0575298927724357,True,False
44,B_COC,OOD,214,lead_brake,False,False,False,0,0,34.941652109657454,2.089417999610305,True,False
44,B_COC,OOD,215,lead_brake,False,False,False,0,0,26.800666201826516,6.366829132040341,True,False
44,B_COC,OOD,216,lead_brake,False,False,False,0,0,40.181329574253354,2.1798575433592,True,False
44,B_COC,OOD,217,lead_brake,False,False,False,0,0,34.69126957580444,0.7466078475117683,True,False
44,B_COC,OOD,218,lead_brake,False,False,False,0,0,26.62021791400873,1.4633702312906582,True,False
44,B_COC,OOD,219,lead_brake,False,False,False,0,0,34.39831245337784,2.6291034730772176,True,False
44,B_COC,OOD,220,lead_brake,False,False,False,0,0,35.265858246758874,3.2475209031254053,True,False
44,B_COC,OOD,221,lead_brake,False,False,False,0,0,24.206677253097276,3.4769379142671824,True,False
44,B_COC,OOD,222,lead_brake,False,False,False,0,0,39.711965546770905,4.141534665599465,True,False
44,B_COC,OOD,223,lead_brake,False,False,False,0,0,26.393056744855887,5.587066336845357,True,False
44,B_COC,OOD,224,lead_brake,False,False,False,0,0,31.242053797783672,1.4110868672529855,True,False
44,B_COC,OOD,225,lead_brake,False,False,False,0,0,31.93166548361391,2.718606939539313,True,False
44,B_COC,OOD,226,lead_brake,False,False,False,0,0,27.187826336920235,1.0929618651668231,True,False
44,B_COC,OOD,227,lead_brake,False,False,False,0,0,38.68371014688083,2.5815728741387525,True,False
44,B_COC,OOD,228,lead_brake,False,False,False,0,0,39.68250799897965,1.0844854513804119,True,False
44,B_COC,OOD,229,lead_brake,False,False,False,0,0,43.13665348350998,1.1465546960632005,True,False
44,B_COC,OOD,230,lead_brake,False,False,False,0,0,34.11091985766401,3.6512951472153263,True,False
44,B_COC,OOD,231,lead_brake,False,False,False,0,0,35.32950609015235,3.55896520242095,True,False
44,B_COC,OOD,232,lead_brake,False,False,False,0,0,32.802507158527334,1.6324241583546002,True,False
44,B_COC,OOD,233,lead_brake,False,False,False,0,0,30.104219666209048,3.926962474361062,True,False
44,B_COC,OOD,234,lead_brake,False,False,False,0,0,29.16931768718362,1.8262675770868857,True,False
44,B_COC,OOD,235,lead_brake,False,False,False,0,0,32.3356837960111,1.0770122688263655,True,False
44,B_COC,OOD,236,lead_brake,False,False,False,0,0,42.59834259092806,3.96150227698187,True,False
44,B_COC,OOD,237,lead_brake,False,False,False,0,0,40.47404349955525,2.3293646679570275,True,False
44,B_COC,OOD,238,lead_brake,False,False,False,0,0,26.331678626239324,2.445461543276906,True,False
44,B_COC,OOD,239,lead_brake,False,False,False,0,0,34.4391451269244,1.2164596014966567,True,False
44,B_COC,OOD,240,lead_brake,False,False,False,0,0,36.829925903827,1.8372485128541787,True,False
44,B_COC,OOD,241,lead_brake,False,False,False,0,0,25.841892606867525,1.8613670064757266,True,False
44,B_COC,OOD,242,lead_brake,False,False,False,0,0,27.09909576512763,2.824478064353267,True,False
44,B_COC,OOD,243,lead_brake,False,False,False,0,0,31.163237050837658,6.147336597243945,True,False
44,B_COC,OOD,244,lead_brake,False,False,False,0,0,41.75043593809009,1.6157144581278164,True,False
44,B_COC,OOD,245,lead_brake,False,False,False,0,0,43.5559908518195,1.521948662896951,True,False
44,B_COC,OOD,246,lead_brake,False,False,False,0,0,26.940428527584707,2.6288225545237456,True,False
44,B_COC,OOD,247,lead_brake,False,False,False,0,0,31.479233679572953,1.7158273458480835,True,False
44,B_COC,OOD,248,lead_brake,False,False,False,0,0,27.757421632663135,2.491953255608678,True,False
44,B_COC,OOD,249,lead_brake,False,False,False,0,0,24.157471449511597,5.97429186788698,True,False
44,B_COC,OOD,250,lead_brake,False,False,False,0,0,33.71134958446509,2.226221722240249,True,False
44,B_COC,OOD,251,lead_brake,False,False,False,0,0,31.011948815744255,1.1809842629979055,True,False
44,B_COC,OOD,252,lead_brake,False,False,False,0,0,40.22578376590707,1.447823146979014,True,False
44,B_COC,OOD,253,lead_brake,False,False,False,0,0,28.902802243828756,2.1501625614861646,True,False
44,B_COC,OOD,254,lead_brake,False,False,False,0,0,28.311819271066994,3.2391252381106215,True,False
44,B_COC,OOD,255,lead_brake,False,False,False,0,0,34.534891965736925,1.552360874911149,True,False
44,B_COC,OOD,256,lead_brake,False,False,True,0,0,25.20704345881939,3.574975072095791,True,False
44,B_COC,OOD,257,lead_brake,False,False,False,0,0,30.990972457669777,1.3953330932805934,True,False
44,B_COC,OOD,258,lead_brake,False,False,False,0,0,23.76915100247685,1.6250200203309455,True,False
44,B_COC,OOD,259,lead_brake,False,False,False,0,0,43.22525612026455,1.1958884907265503,True,False
44,B_COC,OOD,260,lead_brake,False,False,False,0,0,34.82448643418145,2.0225668909649053,True,False
44,B_COC,OOD,261,lead_brake,False,False,False,0,0,28.857762789698494,1.4758145951976378,True,False
44,B_COC,OOD,262,lead_brake,False,False,False,0,0,38.45401971245521,2.047781123469273,True,False
44,B_COC,OOD,263,lead_brake,False,False,False,0,0,30.812444564778833,5.9532920724401865,True,False
44,B_COC,OOD,264,lead_brake,False,False,False,0,0,44.68737640857699,1.1658705982069173,True,False
44,B_COC,OOD,265,lead_brake,False,False,False,0,0,40.25766737449077,1.263237447788318,True,False
44,B_COC,OOD,266,lead_brake,False,False,False,0,0,32.47976834472242,4.6046420484781265,True,False
44,B_COC,OOD,267,lead_brake,False,False,False,0,0,29.68162469630065,2.5918455676486096,True,False
44,B_COC,OOD,268,lead_brake,False,False,False,0,0,29.385799110134183,6.220211496576666,True,False
44,B_COC,OOD,269,lead_brake,False,False,False,0,0,31.645929736028183,1.1739069825659194,True,False
44,B_COC,OOD,270,lead_brake,False,False,False,0,0,25.711944997784173,1.2112031988799572,True,False
44,B_COC,OOD,271,lead_brake,False,False,False,0,0,36.336821855765145,3.7362200015534954,True,False
44,B_COC,OOD,272,lead_brake,False,False,False,0,0,34.36184564654882,2.099731777484218,True,False
44,B_COC,OOD,273,lead_brake,False,False,False,0,0,34.898169479608384,1.5513035766780374,True,False
44,B_COC,OOD,274,lead_brake,False,False,False,0,0,37.29379672340612,1.1434837461759646,True,False
44,B_COC,OOD,275,lead_brake,False,False,False,0,0,33.24680869799154,2.730113103985786,True,False
44,B_COC,OOD,276,lead_brake,False,False,False,0,0,28.722627799480144,2.9727116450667377,True,False
44,B_COC,OOD,277,lead_brake,False,False,False,0,0,29.770314297378032,3.137136405954758,True,False
44,B_COC,OOD,278,lead_brake,False,False,False,0,0,30.278999243940635,4.496738667910297,True,False
44,B_COC,OOD,279,lead_brake,False,False,False,0,0,38.86488056212665,3.026657923435171,True,False
44,B_COC,OOD,280,lead_brake,False,False,False,0,0,30.646754369918668,1.6313103275994458,True,False
44,B_COC,OOD,281,lead_brake,False,False,False,0,0,31.57757197603585,1.8898002114146946,True,False
44,B_COC,OOD,282,lead_brake,False,False,False,0,0,32.32148536872666,1.3503570767740407,True,False
44,B_COC,OOD,283,lead_brake,False,False,False,0,0,36.65188018754122,0.7400028618673483,True,False
44,B_COC,OOD,284,lead_brake,False,False,False,0,0,26.09771384898804,5.376105963562925,True,False
44,B_COC,OOD,285,lead_brake,False,False,False,0,0,35.41657642440555,3.2117214308430753,True,False
44,B_COC,OOD,286,lead_brake,False,False,False,0,0,29.15426745109571,1.383402549351255,True,False
44,B_COC,OOD,287,lead_brake,False,False,False,0,0,32.715314426086586,3.678616428126891,True,False
44,B_COC,OOD,288,lead_brake,False,False,False,0,0,26.85310711564859,3.124653858443101,True,False
44,B_COC,OOD,289,lead_brake,False,False,False,0,0,39.81285837943482,2.357562504708767,True,False
44,B_COC,OOD,290,lead_brake,False,False,False,0,0,33.85253603616271,3.8011006520440183,True,False
44,B_COC,OOD,291,lead_brake,False,False,True,0,0,21.875169322192647,2.599228703106443,True,False
44,B_COC,OOD,292,lead_brake,False,False,False,0,0,36.21770236535959,2.014310272410512,True,False
44,B_COC,OOD,293,lead_brake,False,False,False,0,0,25.635664350784662,3.66533179829518,True,False
44,B_COC,OOD,294,lead_brake,False,False,False,0,0,26.884553966578945,2.688780506451925,True,False
44,B_COC,OOD,295,lead_brake,False,False,False,0,0,28.364041188657257,1.2641140222549436,True,False
44,B_COC,OOD,296,lead_brake,False,False,False,0,0,35.67673849298822,2.1840271800756454,True,False
44,B_COC,OOD,297,lead_brake,False,False,False,0,0,39.1294129879406,3.334167373056213,True,False
44,B_COC,OOD,298,lead_brake,False,False,False,0,0,21.449043679407268,1.0643512352059286,True,False
44,B_COC,OOD,299,lead_brake,False,False,False,0,0,25.849382802818393,1.4644326530396938,True,False
44,C_LEGACY_CONTRACT,ID,0,crosswalk,False,False,False,0,0,30.06145199686386,2.162706838412718,True,False
44,C_LEGACY_CONTRACT,ID,1,crosswalk,False,False,False,0,0,35.113654516419444,0.4405581299215555,True,False
44,C_LEGACY_CONTRACT,ID,2,crosswalk,False,False,False,0,0,32.64783999251121,2.241085422309962,True,False
44,C_LEGACY_CONTRACT,ID,3,crosswalk,False,False,False,0,0,37.043268754650654,1.5014437845219735,True,False
44,C_LEGACY_CONTRACT,ID,4,crosswalk,False,False,False,0,0,32.274744268868695,2.299803461540829,True,False
44,C_LEGACY_CONTRACT,ID,5,crosswalk,False,False,False,0,0,32.802024731025384,2.155769188766894,True,False
44,C_LEGACY_CONTRACT,ID,6,crosswalk,False,False,False,0,0,28.353225679906423,0.6355005306632895,True,False
44,C_LEGACY_CONTRACT,ID,7,crosswalk,False,False,False,0,0,36.005394426970724,0.40138601635893184,True,False
44,C_LEGACY_CONTRACT,ID,8,crosswalk,False,False,False,0,0,26.83507385600356,1.855789785799773,True,False
44,C_LEGACY_CONTRACT,ID,9,crosswalk,False,False,False,0,0,38.29692063660555,0.3934662602841854,True,False
44,C_LEGACY_CONTRACT,ID,10,crosswalk,False,False,False,0,0,35.36237076511026,2.1676909810175062,True,False
44,C_LEGACY_CONTRACT,ID,11,crosswalk,False,False,False,0,0,29.06758372010173,1.9867962937463413,True,False
44,C_LEGACY_CONTRACT,ID,12,crosswalk,False,False,False,0,0,27.98129907157417,2.4888357755384947,True,False
44,C_LEGACY_CONTRACT,ID,13,crosswalk,False,False,False,0,0,36.76802652304607,0.8329229666428132,True,False
44,C_LEGACY_CONTRACT,ID,14,crosswalk,False,False,False,0,0,32.10595045672147,1.9514022270838418,True,False
44,C_LEGACY_CONTRACT,ID,15,crosswalk,False,False,False,0,0,30.783341398009384,1.763087413028667,True,False
44,C_LEGACY_CONTRACT,ID,16,crosswalk,False,False,False,0,0,34.69710832138227,0.4422462528402155,True,False
44,C_LEGACY_CONTRACT,ID,17,crosswalk,False,False,False,0,0,29.94285035460595,2.1401566537943753,True,False
44,C_LEGACY_CONTRACT,ID,18,crosswalk,False,False,False,0,0,35.979233456361044,0.44050664419219604,True,False
44,C_LEGACY_CONTRACT,ID,19,crosswalk,False,False,False,0,0,33.98323258585074,0.4459363154389641,True,False
44,C_LEGACY_CONTRACT,ID,20,crosswalk,False,False,False,0,0,36.730635358262056,1.9115554075688124,True,False
44,C_LEGACY_CONTRACT,ID,21,crosswalk,False,False,False,0,0,33.47248868448656,0.3986375195824582,True,False
44,C_LEGACY_CONTRACT,ID,22,crosswalk,False,False,False,0,0,36.04452003369423,0.734295874186184,True,False
44,C_LEGACY_CONTRACT,ID,23,crosswalk,False,False,False,0,0,34.55038429776335,0.4491516770351501,True,False
44,C_LEGACY_CONTRACT,ID,24,crosswalk,False,False,False,0,0,36.534626366697594,2.168803218131264,True,False
44,C_LEGACY_CONTRACT,ID,25,crosswalk,False,False,False,0,0,38.48630780037994,1.9858705632388591,True,False
44,C_LEGACY_CONTRACT,ID,26,crosswalk,False,False,False,0,0,33.70599972333702,0.9777484123002398,True,False
44,C_LEGACY_CONTRACT,ID,27,crosswalk,False,False,False,0,0,32.27009163055112,0.964593693614006,True,False
44,C_LEGACY_CONTRACT,ID,28,crosswalk,False,False,False,0,0,31.76501597651889,2.4666358968243,True,False
44,C_LEGACY_CONTRACT,ID,29,crosswalk,False,False,False,0,0,37.12437488088386,0.37970441281795503,True,False
44,C_LEGACY_CONTRACT,ID,30,crosswalk,False,False,False,0,0,26.194637429566818,2.0584419761833392,True,False
44,C_LEGACY_CONTRACT,ID,31,crosswalk,False,False,False,0,0,38.05299165388385,0.39997262569765246,True,False
44,C_LEGACY_CONTRACT,ID,32,crosswalk,False,False,False,0,0,30.4489492815153,2.4232022473588586,True,False
44,C_LEGACY_CONTRACT,ID,33,crosswalk,False,False,False,0,0,27.15380308958577,1.7542527119318643,True,False
44,C_LEGACY_CONTRACT,ID,34,crosswalk,False,False,False,0,0,27.99486956780415,2.181604029167266,True,False
44,C_LEGACY_CONTRACT,ID,35,crosswalk,False,False,False,0,0,36.46365204889982,0.4499819067617257,True,False
44,C_LEGACY_CONTRACT,ID,36,crosswalk,False,False,False,0,0,32.659465631528825,2.168139996735946,True,False
44,C_LEGACY_CONTRACT,ID,37,crosswalk,False,False,False,0,0,37.940306331948,0.40839703132708866,True,False
44,C_LEGACY_CONTRACT,ID,38,crosswalk,False,False,False,0,0,34.56763360197635,0.4200041456067044,True,False
44,C_LEGACY_CONTRACT,ID,39,crosswalk,False,False,False,0,0,30.718828772580704,1.9050796578327813,True,False
44,C_LEGACY_CONTRACT,ID,40,crosswalk,False,False,False,0,0,34.91947293496681,0.4281335745168769,True,False
44,C_LEGACY_CONTRACT,ID,41,crosswalk,False,False,False,0,0,38.493943550807444,0.9877316964169343,True,False
44,C_LEGACY_CONTRACT,ID,42,crosswalk,False,False,False,0,0,38.09349827706508,1.398284676671028,True,False
44,C_LEGACY_CONTRACT,ID,43,crosswalk,False,False,False,0,0,31.196250034699013,2.333253748714924,True,False
44,C_LEGACY_CONTRACT,ID,44,crosswalk,False,False,False,0,0,28.474306790272625,1.586861643526289,True,False
44,C_LEGACY_CONTRACT,ID,45,crosswalk,False,False,False,0,0,29.38910837790882,1.7122005511607443,True,False
44,C_LEGACY_CONTRACT,ID,46,crosswalk,False,False,False,0,0,34.70333787137554,0.4455756786323729,True,False
44,C_LEGACY_CONTRACT,ID,47,crosswalk,False,False,False,0,0,32.42247654948268,0.6639556292640536,True,False
44,C_LEGACY_CONTRACT,ID,48,crosswalk,False,False,False,0,0,34.90087461028868,0.4168704799983812,True,False
44,C_LEGACY_CONTRACT,ID,49,crosswalk,False,False,False,0,0,29.32457594369169,0.8771413878390663,True,False
44,C_LEGACY_CONTRACT,ID,50,crosswalk,False,False,False,0,0,31.10564751187235,1.9231208351751168,True,False
44,C_LEGACY_CONTRACT,ID,51,crosswalk,False,False,False,0,0,34.74202090818355,2.106009547909101,True,False
44,C_LEGACY_CONTRACT,ID,52,crosswalk,False,False,False,0,0,38.19002853234228,2.063459167661874,True,False
44,C_LEGACY_CONTRACT,ID,53,crosswalk,False,False,False,0,0,35.40093502326039,2.334067498926412,True,False
44,C_LEGACY_CONTRACT,ID,54,crosswalk,False,False,False,0,0,37.50812697054461,2.058291551657021,True,False
44,C_LEGACY_CONTRACT,ID,55,crosswalk,False,False,False,0,0,29.251758756576187,1.8853007407770268,True,False
44,C_LEGACY_CONTRACT,ID,56,crosswalk,False,False,False,0,0,37.73891267357001,0.4274758425625888,True,False
44,C_LEGACY_CONTRACT,ID,57,crosswalk,False,False,False,0,0,34.09179445785453,0.46897814422845835,True,False
44,C_LEGACY_CONTRACT,ID,58,crosswalk,False,False,False,0,0,32.89885868913313,2.1921186473058616,True,False
44,C_LEGACY_CONTRACT,ID,59,crosswalk,False,False,False,0,0,33.55837404985287,0.40679237764814624,True,False
44,C_LEGACY_CONTRACT,ID,60,crosswalk,False,False,False,0,0,32.785855330504205,0.9512975625693798,True,False
44,C_LEGACY_CONTRACT,ID,61,crosswalk,False,False,False,0,0,33.416217908221206,2.3437424715269692,True,False
44,C_LEGACY_CONTRACT,ID,62,crosswalk,False,False,False,0,0,29.04407684944772,2.090402922847054,True,False
44,C_LEGACY_CONTRACT,ID,63,crosswalk,False,False,False,0,0,37.13782111253724,2.1537690213881433,True,False
44,C_LEGACY_CONTRACT,ID,64,crosswalk,False,False,False,0,0,31.985880421735217,0.4126224429769949,True,False
44,C_LEGACY_CONTRACT,ID,65,crosswalk,False,False,False,0,0,28.934577847376453,1.8399746219317117,True,False
44,C_LEGACY_CONTRACT,ID,66,crosswalk,False,False,False,0,0,32.92828665934984,2.145878886399062,True,False
44,C_LEGACY_CONTRACT,ID,67,crosswalk,False,False,False,0,0,33.13658769807293,2.126686359229295,True,False
44,C_LEGACY_CONTRACT,ID,68,crosswalk,False,False,False,0,0,31.975713552373357,0.4707589410245418,True,False
44,C_LEGACY_CONTRACT,ID,69,crosswalk,False,False,False,0,0,29.879266989008112,2.0881214873357252,True,False
44,C_LEGACY_CONTRACT,ID,70,crosswalk,False,False,False,0,0,29.802412687613128,0.43774184957146645,True,False
44,C_LEGACY_CONTRACT,ID,71,crosswalk,False,False,False,0,0,29.434437582874214,1.644602408189149,True,False
44,C_LEGACY_CONTRACT,ID,72,crosswalk,False,False,False,0,0,32.52644611694835,2.196762825108387,True,False
44,C_LEGACY_CONTRACT,ID,73,crosswalk,False,False,False,0,0,35.91840145205592,2.1430325446029506,True,False
44,C_LEGACY_CONTRACT,ID,74,crosswalk,False,False,False,0,0,28.2713190478551,2.6220729554954327,True,False
44,C_LEGACY_CONTRACT,ID,75,crosswalk,False,False,False,0,0,27.1106723312609,1.9991541721604085,True,False
44,C_LEGACY_CONTRACT,ID,76,crosswalk,False,False,False,0,0,35.495754187973176,2.17593335856994,True,False
44,C_LEGACY_CONTRACT,ID,77,crosswalk,False,False,False,0,0,37.957359687119066,2.0943250957255564,True,False
44,C_LEGACY_CONTRACT,ID,78,crosswalk,False,False,False,0,0,37.38219722138952,0.5888274803080342,True,False
44,C_LEGACY_CONTRACT,ID,79,crosswalk,False,False,False,0,0,29.151805303197726,2.4226309447304195,True,False
44,C_LEGACY_CONTRACT,ID,80,crosswalk,False,False,False,0,0,38.35381414852796,0.3668152111080976,True,False
44,C_LEGACY_CONTRACT,ID,81,crosswalk,False,False,False,0,0,32.976678648350976,2.0648271145056123,True,False
44,C_LEGACY_CONTRACT,ID,82,crosswalk,False,False,False,0,0,36.963491674293635,1.4239101518284192,True,False
44,C_LEGACY_CONTRACT,ID,83,crosswalk,False,False,False,0,0,31.038509449595715,0.4376735680160068,True,False
44,C_LEGACY_CONTRACT,ID,84,crosswalk,False,False,False,0,0,29.782139397946317,2.08709526468407,True,False
44,C_LEGACY_CONTRACT,ID,85,crosswalk,False,False,False,0,0,37.81068990003442,0.4238592606523762,True,False
44,C_LEGACY_CONTRACT,ID,86,crosswalk,False,False,False,0,0,33.409382726726385,2.1889264752035555,True,False
44,C_LEGACY_CONTRACT,ID,87,crosswalk,False,False,False,0,0,34.307672360025805,2.0986786687915973,True,False
44,C_LEGACY_CONTRACT,ID,88,crosswalk,False,False,False,0,0,35.186774518798295,2.2388067096471786,True,False
44,C_LEGACY_CONTRACT,ID,89,crosswalk,False,False,False,0,0,30.402555780376453,2.459009145386517,True,False
44,C_LEGACY_CONTRACT,ID,90,crosswalk,False,False,False,0,0,32.639325237928375,2.111581952675529,True,False
44,C_LEGACY_CONTRACT,ID,91,crosswalk,False,False,False,0,0,36.3337711541711,0.376688140630722,True,False
44,C_LEGACY_CONTRACT,ID,92,crosswalk,False,False,False,0,0,30.356603183026564,2.444449226371944,True,False
44,C_LEGACY_CONTRACT,ID,93,crosswalk,False,False,False,0,0,33.408546962947526,0.4671874784287952,True,False
44,C_LEGACY_CONTRACT,ID,94,crosswalk,False,False,False,0,0,35.15461260336681,1.8204215027391908,True,False
44,C_LEGACY_CONTRACT,ID,95,crosswalk,False,False,False,0,0,36.50228261547401,2.17135830471913,True,False
44,C_LEGACY_CONTRACT,ID,96,crosswalk,False,False,False,0,0,38.25780716708204,1.6647140681743622,True,False
44,C_LEGACY_CONTRACT,ID,97,crosswalk,False,False,False,0,0,28.781485671493115,1.7758623758951821,True,False
44,C_LEGACY_CONTRACT,ID,98,crosswalk,False,False,False,0,0,33.50774223396375,2.112478488327368,True,False
44,C_LEGACY_CONTRACT,ID,99,crosswalk,False,False,False,0,0,28.47261066935475,2.1912138164043427,True,False
44,C_LEGACY_CONTRACT,ID,100,stop_intersection,False,False,False,0,1,33.14720535594238,1.658773899078369,True,False
44,C_LEGACY_CONTRACT,ID,101,stop_intersection,False,False,False,0,1,37.642623928953064,1.4255579738389879,True,False
44,C_LEGACY_CONTRACT,ID,102,stop_intersection,False,False,False,0,1,28.137505849355,1.4767067096172233,True,False
44,C_LEGACY_CONTRACT,ID,103,stop_intersection,False,False,False,0,1,34.123748372650006,1.4704384122576033,True,False
44,C_LEGACY_CONTRACT,ID,104,stop_intersection,False,False,False,0,1,31.18418312694495,1.3853676196856375,True,False
44,C_LEGACY_CONTRACT,ID,105,stop_intersection,False,False,False,0,1,32.35348596777897,1.623099371790886,True,False
44,C_LEGACY_CONTRACT,ID,106,stop_intersection,False,False,False,0,1,30.200419945924132,1.7320457728285537,True,False
44,C_LEGACY_CONTRACT,ID,107,stop_intersection,False,False,False,0,1,27.23383267582109,1.473758440268667,True,False
44,C_LEGACY_CONTRACT,ID,108,stop_intersection,False,False,False,0,1,28.187693250506115,1.3964107789491353,True,False
44,C_LEGACY_CONTRACT,ID,109,stop_intersection,False,False,False,0,1,30.929970838172164,1.701833269534967,True,False
44,C_LEGACY_CONTRACT,ID,110,stop_intersection,False,False,False,0,1,34.091984135798356,1.380428061252687,True,False
44,C_LEGACY_CONTRACT,ID,111,stop_intersection,False,False,False,0,1,29.205651312122452,1.6619667487266736,True,False
44,C_LEGACY_CONTRACT,ID,112,stop_intersection,False,False,False,0,1,29.387735218473686,1.7401600668304844,True,False
44,C_LEGACY_CONTRACT,ID,113,stop_intersection,False,False,False,0,1,32.33034478669538,1.7143405706454544,True,False
44,C_LEGACY_CONTRACT,ID,114,stop_intersection,False,False,False,0,1,31.135744861666304,1.4354910758825448,True,False
44,C_LEGACY_CONTRACT,ID,115,stop_intersection,False,False,False,0,1,36.34594285532896,1.5936365581694103,True,False
44,C_LEGACY_CONTRACT,ID,116,stop_intersection,False,False,False,0,1,33.98418448110242,1.5993697759581775,True,False
44,C_LEGACY_CONTRACT,ID,117,stop_intersection,False,False,False,0,1,35.07593962630526,1.4393106757140741,True,False
44,C_LEGACY_CONTRACT,ID,118,stop_intersection,False,False,False,0,1,36.08983176498974,1.397005707718605,True,False
44,C_LEGACY_CONTRACT,ID,119,stop_intersection,False,False,False,0,1,28.101102890021615,1.8188011315133836,True,False
44,C_LEGACY_CONTRACT,ID,120,stop_intersection,False,False,False,0,1,27.09327478797188,1.5748387740717995,True,False
44,C_LEGACY_CONTRACT,ID,121,stop_intersection,False,False,False,0,1,37.044635383019056,1.3988781381737103,True,False
44,C_LEGACY_CONTRACT,ID,122,stop_intersection,False,False,False,0,1,36.43830836762858,1.4426446909254247,True,False
44,C_LEGACY_CONTRACT,ID,123,stop_intersection,False,False,False,0,1,28.817077968407006,1.475737330160643,True,False
44,C_LEGACY_CONTRACT,ID,124,stop_intersection,False,False,False,0,1,29.76762825936126,1.7676193005329854,True,False
44,C_LEGACY_CONTRACT,ID,125,stop_intersection,False,False,False,0,1,32.96710018255668,1.482132505147885,True,False
44,C_LEGACY_CONTRACT,ID,126,stop_intersection,False,False,False,0,1,29.023455265845207,1.7728088192037632,True,False
44,C_LEGACY_CONTRACT,ID,127,stop_intersection,False,False,False,0,1,32.17048995881958,1.6735244255799513,True,False
44,C_LEGACY_CONTRACT,ID,128,stop_intersection,False,False,False,0,1,32.47754597793072,1.309865027666092,True,False
44,C_LEGACY_CONTRACT,ID,129,stop_intersection,False,False,False,0,1,31.76881072591106,1.4769642169658952,True,False
44,C_LEGACY_CONTRACT,ID,130,stop_intersection,False,False,False,0,1,28.170312970918722,1.4913736646239821,True,False
44,C_LEGACY_CONTRACT,ID,131,stop_intersection,False,False,False,0,1,27.627150768272358,1.8175876637299855,True,False
44,C_LEGACY_CONTRACT,ID,132,stop_intersection,False,False,False,0,1,32.39352762459415,1.5168840438127518,True,False
44,C_LEGACY_CONTRACT,ID,133,stop_intersection,False,False,False,0,1,33.20247092111409,1.424035472529275,True,False
44,C_LEGACY_CONTRACT,ID,134,stop_intersection,False,False,False,0,1,30.17112191437898,1.2839898616075514,True,False
44,C_LEGACY_CONTRACT,ID,135,stop_intersection,False,False,False,0,1,33.542640016242046,1.4765137583017347,True,False
44,C_LEGACY_CONTRACT,ID,136,stop_intersection,False,False,False,0,1,30.113954961257445,1.7787550430040102,True,False
44,C_LEGACY_CONTRACT,ID,137,stop_intersection,False,False,False,0,1,33.944200471768646,1.4720600396394727,True,False
44,C_LEGACY_CONTRACT,ID,138,stop_intersection,False,False,False,0,1,38.49356094374794,1.3046774198842603,True,False
44,C_LEGACY_CONTRACT,ID,139,stop_intersection,False,False,False,0,1,27.186764816054954,1.8860386808713276,True,False
44,C_LEGACY_CONTRACT,ID,140,stop_intersection,False,False,False,0,1,27.91118206623999,1.4503310661058169,True,False
44,C_LEGACY_CONTRACT,ID,141,stop_intersection,False,False,False,0,1,29.03189211840222,1.4217683270170882,True,False
44,C_LEGACY_CONTRACT,ID,142,stop_intersection,False,False,False,0,1,36.240011115079824,1.5226839664505747,True,False
44,C_LEGACY_CONTRACT,ID,143,stop_intersection,False,False,False,0,1,37.61577361939361,1.3478727096861058,True,False
44,C_LEGACY_CONTRACT,ID,144,stop_intersection,False,False,False,0,1,30.71394608137303,1.6136616621261985,True,False
44,C_LEGACY_CONTRACT,ID,145,stop_intersection,False,False,False,0,1,27.07743297367201,1.6955219043625724,True,False
44,C_LEGACY_CONTRACT,ID,146,stop_intersection,False,False,False,0,1,29.892479837104204,1.4501413779380994,True,False
44,C_LEGACY_CONTRACT,ID,147,stop_intersection,False,False,False,0,1,31.9372664958819,1.4611706355722938,True,False
44,C_LEGACY_CONTRACT,ID,148,stop_intersection,False,False,False,0,1,32.085726662886856,1.7970307973714974,True,False
44,C_LEGACY_CONTRACT,ID,149,stop_intersection,False,False,False,0,1,28.32911173198091,1.6454699469937217,True,False
44,C_LEGACY_CONTRACT,ID,150,stop_intersection,False,False,False,0,1,28.11310858103946,1.433589526198127,True,False
44,C_LEGACY_CONTRACT,ID,151,stop_intersection,False,False,False,0,1,27.66526389868711,1.157243485544242,True,False
44,C_LEGACY_CONTRACT,ID,152,stop_intersection,False,False,False,0,1,20.661412542698812,1.3413569873029534,True,False
44,C_LEGACY_CONTRACT,ID,153,stop_intersection,False,False,False,0,1,20.726376193280892,1.1921867592768236,True,False
44,C_LEGACY_CONTRACT,ID,154,stop_intersection,False,False,False,0,1,28.135519423424185,1.241488516330719,True,False
44,C_LEGACY_CONTRACT,ID,155,stop_intersection,False,False,False,0,1,22.14256551083489,1.2147710204124451,True,False
44,C_LEGACY_CONTRACT,ID,156,stop_intersection,False,False,False,0,1,28.206750478160217,1.2315067305014682,True,False
44,C_LEGACY_CONTRACT,ID,157,stop_intersection,False,False,False,0,1,24.37301406025524,1.1434683327873547,True,False
44,C_LEGACY_CONTRACT,ID,158,stop_intersection,False,False,False,0,1,26.175057127013183,1.089641773700714,True,False
44,C_LEGACY_CONTRACT,ID,159,stop_intersection,False,False,False,0,1,21.16445864388276,1.0466305255889892,True,False
44,C_LEGACY_CONTRACT,ID,160,stop_intersection,False,False,False,0,1,28.216370497607485,1.2168236690409042,True,False
44,C_LEGACY_CONTRACT,ID,161,stop_intersection,False,False,False,0,1,21.879197496469754,1.3934355326320813,True,False
44,C_LEGACY_CONTRACT,ID,162,stop_intersection,False,False,False,0,1,25.695603824694906,1.2311514823333076,True,False
44,C_LEGACY_CONTRACT,ID,163,stop_intersection,False,False,False,0,1,22.103805663723563,1.1529406612994624,True,False
44,C_LEGACY_CONTRACT,ID,164,stop_intersection,False,False,False,0,1,21.06390122082386,1.4139387788979902,True,False
44,C_LEGACY_CONTRACT,ID,165,stop_intersection,False,False,False,0,1,21.022344608082708,1.1963640981250339,True,False
44,C_LEGACY_CONTRACT,ID,166,stop_intersection,False,False,False,0,1,21.75927716748782,1.2366046677244469,True,False
44,C_LEGACY_CONTRACT,ID,167,stop_intersection,False,False,False,0,1,22.939726890013,1.1244792507049883,True,False
44,C_LEGACY_CONTRACT,ID,168,stop_intersection,False,False,False,0,1,26.433382519075778,1.2178489624285231,True,False
44,C_LEGACY_CONTRACT,ID,169,stop_intersection,False,False,False,0,1,22.06087040774701,1.3201636605792573,True,False
44,C_LEGACY_CONTRACT,ID,170,stop_intersection,False,False,False,0,1,21.922765828397186,1.2339613676071166,True,False
44,C_LEGACY_CONTRACT,ID,171,stop_intersection,False,False,False,0,1,22.180133622825576,1.2315597370559093,True,False
44,C_LEGACY_CONTRACT,ID,172,stop_intersection,False,False,False,0,1,22.810617939117932,1.0245418906211852,True,False
44,C_LEGACY_CONTRACT,ID,173,stop_intersection,False,False,False,0,1,22.334422049522978,1.3424200326838391,True,False
44,C_LEGACY_CONTRACT,ID,174,stop_intersection,False,False,False,0,1,27.91955958312925,1.1256742720701256,True,False
44,C_LEGACY_CONTRACT,ID,175,stop_intersection,False,False,False,0,1,23.006587574653704,1.2417979955673217,True,False
44,C_LEGACY_CONTRACT,ID,176,stop_intersection,False,False,False,0,1,22.564496048212238,1.1048232535926663,True,False
44,C_LEGACY_CONTRACT,ID,177,stop_intersection,False,False,False,0,1,27.67062168104662,1.4834934202107515,True,False
44,C_LEGACY_CONTRACT,ID,178,stop_intersection,False,False,False,0,1,25.237300481575,1.4810345525091344,True,False
44,C_LEGACY_CONTRACT,ID,179,stop_intersection,False,False,False,0,1,22.16885338552953,1.102791538043898,True,False
44,C_LEGACY_CONTRACT,ID,180,stop_intersection,False,False,False,0,1,22.267240710890466,1.3184806765342243,True,False
44,C_LEGACY_CONTRACT,ID,181,stop_intersection,False,False,False,0,1,28.252712485183586,1.2793071012870938,True,False
44,C_LEGACY_CONTRACT,ID,182,stop_intersection,False,False,False,0,1,21.961124380582056,1.2282393080122926,True,False
44,C_LEGACY_CONTRACT,ID,183,stop_intersection,False,False,False,0,1,21.482626568414936,1.2546860598600829,True,False
44,C_LEGACY_CONTRACT,ID,184,stop_intersection,False,False,False,0,1,20.828777059481922,1.1853870879048884,True,False
44,C_LEGACY_CONTRACT,ID,185,stop_intersection,False,False,False,0,1,22.743797614606375,1.2417208241379778,True,False
44,C_LEGACY_CONTRACT,ID,186,stop_intersection,False,False,False,0,1,28.273010787951748,1.0793879151344299,True,False
44,C_LEGACY_CONTRACT,ID,187,stop_intersection,False,False,False,0,1,21.460759739417078,1.1911716991000705,True,False
44,C_LEGACY_CONTRACT,ID,188,stop_intersection,False,False,False,0,1,27.20943701354532,1.3456185162067413,True,False
44,C_LEGACY_CONTRACT,ID,189,stop_intersection,False,False,False,0,1,28.47190803439264,1.1562298238277435,True,False
44,C_LEGACY_CONTRACT,ID,190,stop_intersection,False,False,False,0,1,21.31942623003625,1.3746519710706628,True,False
44,C_LEGACY_CONTRACT,ID,191,stop_intersection,False,False,False,0,1,27.451096428699223,1.2711344427532618,True,False
44,C_LEGACY_CONTRACT,ID,192,stop_intersection,False,False,False,0,1,26.639288384816915,1.048465049266815,True,False
44,C_LEGACY_CONTRACT,ID,193,stop_intersection,False,False,False,0,1,27.631455428008948,1.0705770611763,True,False
44,C_LEGACY_CONTRACT,ID,194,stop_intersection,False,False,False,0,1,25.364686969955542,1.033073114413841,True,False
44,C_LEGACY_CONTRACT,ID,195,stop_intersection,False,False,False,0,1,20.600945486934393,1.1448510022873575,True,False
44,C_LEGACY_CONTRACT,ID,196,stop_intersection,False,False,False,0,1,26.976910020188548,1.1749343514442443,True,False
44,C_LEGACY_CONTRACT,ID,197,stop_intersection,False,False,False,0,1,20.55986112586082,1.478255824609236,True,False
44,C_LEGACY_CONTRACT,ID,198,stop_intersection,False,False,False,0,1,23.45951463131822,1.2338791516694154,True,False
44,C_LEGACY_CONTRACT,ID,199,stop_intersection,False,False,False,0,1,27.926352536086466,1.2807275586658053,True,False
44,C_LEGACY_CONTRACT,ID,200,lead_brake,False,False,False,0,0,71.05693215456405,8.71857542792956,True,False
44,C_LEGACY_CONTRACT,ID,201,lead_brake,False,False,False,0,0,93.9138530003279,4.327932268381119,True,False
44,C_LEGACY_CONTRACT,ID,202,lead_brake,False,False,False,0,0,55.0283457445824,10.659581951176126,True,False
44,C_LEGACY_CONTRACT,ID,203,lead_brake,False,False,False,0,0,75.24877282102257,5.830891756961743,True,False
44,C_LEGACY_CONTRACT,ID,204,lead_brake,False,False,False,0,0,97.41060479348462,0.09978217103828986,True,False
44,C_LEGACY_CONTRACT,ID,205,lead_brake,False,False,False,0,0,74.46226923220539,3.0743010646353164,True,False
44,C_LEGACY_CONTRACT,ID,206,lead_brake,False,False,False,0,0,88.89651929600069,3.3256033125023046,True,False
44,C_LEGACY_CONTRACT,ID,207,lead_brake,False,False,False,0,0,77.01088334928707,9.399099585910639,True,False
44,C_LEGACY_CONTRACT,ID,208,lead_brake,False,False,False,0,0,58.38706100948001,11.608723429342112,True,False
44,C_LEGACY_CONTRACT,ID,209,lead_brake,False,False,False,0,0,87.80611116819998,5.292254089067379,True,False
44,C_LEGACY_CONTRACT,ID,210,lead_brake,False,False,False,0,0,74.94811290701321,8.960124820470808,True,False
44,C_LEGACY_CONTRACT,ID,211,lead_brake,False,False,False,0,0,84.87807820785359,5.7543458926181,True,False
44,C_LEGACY_CONTRACT,ID,212,lead_brake,False,False,False,0,0,77.30015647878098,6.190073229372501,True,False
44,C_LEGACY_CONTRACT,ID,213,lead_brake,False,False,False,0,0,73.87099266579399,9.352600609262783,True,False
44,C_LEGACY_CONTRACT,ID,214,lead_brake,False,False,False,0,0,86.59386602733662,4.579935835674405,True,False
44,C_LEGACY_CONTRACT,ID,215,lead_brake,False,False,False,0,0,96.09615339584616,0.728168669467171,True,False
44,C_LEGACY_CONTRACT,ID,216,lead_brake,False,False,False,0,0,98.79726057916885,0.04198848580320676,True,False
44,C_LEGACY_CONTRACT,ID,217,lead_brake,False,False,False,0,0,70.73669621357756,8.589537913600603,True,False
44,C_LEGACY_CONTRACT,ID,218,lead_brake,False,False,False,0,0,68.5794198145659,2.0749937488387027,True,False
44,C_LEGACY_CONTRACT,ID,219,lead_brake,False,False,False,0,0,70.71501084897257,5.789350915700197,True,False
44,C_LEGACY_CONTRACT,ID,220,lead_brake,False,False,False,0,0,70.52583175218118,9.701197609305382,True,False
44,C_LEGACY_CONTRACT,ID,221,lead_brake,False,False,False,0,0,78.33002497109108,8.419266059994698,True,False
44,C_LEGACY_CONTRACT,ID,222,lead_brake,False,False,False,0,0,79.62299599932344,7.69777554149429,True,False
44,C_LEGACY_CONTRACT,ID,223,lead_brake,False,False,False,0,0,66.33964182736598,7.821670550853013,True,False
44,C_LEGACY_CONTRACT,ID,224,lead_brake,False,False,False,0,0,74.92003585690904,9.19480249285698,True,False
44,C_LEGACY_CONTRACT,ID,225,lead_brake,False,False,False,0,0,65.3884219115139,11.626840016494194,True,False
44,C_LEGACY_CONTRACT,ID,226,lead_brake,False,False,False,0,0,65.88039801414772,6.439441812535127,True,False
44,C_LEGACY_CONTRACT,ID,227,lead_brake,False,False,False,0,0,71.65483640914081,6.625260862211386,True,False
44,C_LEGACY_CONTRACT,ID,228,lead_brake,False,False,False,0,0,80.4749844125099,1.4040190509210029,True,False
44,C_LEGACY_CONTRACT,ID,229,lead_brake,False,False,False,0,0,67.05460383455598,10.197181972364584,True,False
44,C_LEGACY_CONTRACT,ID,230,lead_brake,False,False,False,0,0,84.491222245219,2.3115730291853347,True,False
44,C_LEGACY_CONTRACT,ID,231,lead_brake,False,False,False,0,0,79.6008166383273,3.123178963238994,True,False
44,C_LEGACY_CONTRACT,ID,232,lead_brake,False,False,False,0,0,76.5336361343287,1.2235494429866471,True,False
44,C_LEGACY_CONTRACT,ID,233,lead_brake,False,False,False,0,0,94.95984814824965,2.1634432431310415,True,False
44,C_LEGACY_CONTRACT,ID,234,lead_brake,False,False,False,0,0,80.85027699918437,2.9671911237140494,True,False
44,C_LEGACY_CONTRACT,ID,235,lead_brake,False,False,False,0,0,83.56070404361171,4.1435416135936975,True,False
44,C_LEGACY_CONTRACT,ID,236,lead_brake,False,False,False,0,0,65.02618771587213,1.3537773887316387,True,False
44,C_LEGACY_CONTRACT,ID,237,lead_brake,False,False,False,0,0,80.38614418051021,5.05454808846116,True,False
44,C_LEGACY_CONTRACT,ID,238,lead_brake,False,False,False,0,0,83.14550376021985,1.2058993584165971,True,False
44,C_LEGACY_CONTRACT,ID,239,lead_brake,False,False,False,0,0,52.66648826886582,10.837220904727777,True,False
44,C_LEGACY_CONTRACT,ID,240,lead_brake,False,False,False,0,0,73.89588716832012,9.224369971081613,True,False
44,C_LEGACY_CONTRACT,ID,241,lead_brake,False,False,False,0,0,58.974355872901256,6.914433648188909,True,False
44,C_LEGACY_CONTRACT,ID,242,lead_brake,False,False,False,0,0,67.13292361488563,5.057018363848329,True,False
44,C_LEGACY_CONTRACT,ID,243,lead_brake,False,False,False,0,0,53.74213244188291,11.990517020225523,True,False
44,C_LEGACY_CONTRACT,ID,244,lead_brake,False,False,False,0,0,54.755826043795224,10.26549627756079,True,False
44,C_LEGACY_CONTRACT,ID,245,lead_brake,False,False,False,0,0,75.85199433000949,2.5259495923916497,True,False
44,C_LEGACY_CONTRACT,ID,246,lead_brake,False,False,False,0,0,98.58350509814919,0.06945566150049368,True,False
44,C_LEGACY_CONTRACT,ID,247,lead_brake,False,False,False,0,0,80.33385249023813,9.182270805040995,True,False
44,C_LEGACY_CONTRACT,ID,248,lead_brake,False,False,False,0,0,66.93165297802872,9.999459417536855,True,False
44,C_LEGACY_CONTRACT,ID,249,lead_brake,False,False,False,0,0,98.4647284938689,0.07021594420075415,True,False
44,C_LEGACY_CONTRACT,ID,250,lead_brake,False,False,False,0,0,70.306626559336,9.573429947098097,True,False
44,C_LEGACY_CONTRACT,ID,251,lead_brake,False,False,False,0,0,73.36980648427016,4.295154655973116,True,False
44,C_LEGACY_CONTRACT,ID,252,lead_brake,False,False,False,0,0,86.94688630069297,4.396974253157774,True,False
44,C_LEGACY_CONTRACT,ID,253,lead_brake,False,False,False,0,0,87.62126913276235,5.415614624818166,True,False
44,C_LEGACY_CONTRACT,ID,254,lead_brake,False,False,False,0,0,95.76174567158475,2.189254472653071,True,False
44,C_LEGACY_CONTRACT,ID,255,lead_brake,False,False,False,0,0,61.955888479772916,7.7762699990222846,True,False
44,C_LEGACY_CONTRACT,ID,256,lead_brake,False,False,False,0,0,71.92714649760596,2.5910075213760133,True,False
44,C_LEGACY_CONTRACT,ID,257,lead_brake,False,False,False,0,0,78.75663298247699,5.002803461626171,True,False
44,C_LEGACY_CONTRACT,ID,258,lead_brake,False,False,False,0,0,79.15969686216792,8.235161217550436,True,False
44,C_LEGACY_CONTRACT,ID,259,lead_brake,False,False,False,0,0,97.96566878372737,0.3670167758439978,True,False
44,C_LEGACY_CONTRACT,ID,260,lead_brake,False,False,False,0,0,71.6995670292934,9.834663624564806,True,False
44,C_LEGACY_CONTRACT,ID,261,lead_brake,False,False,False,0,0,78.09092330381273,7.963841541359821,True,False
44,C_LEGACY_CONTRACT,ID,262,lead_brake,False,False,False,0,0,90.0742751113613,2.696070698400338,True,False
44,C_LEGACY_CONTRACT,ID,263,lead_brake,False,False,False,0,0,77.83938435824531,7.971258436640103,True,False
44,C_LEGACY_CONTRACT,ID,264,lead_brake,False,False,False,0,0,97.31369443188619,0.11902312313516934,True,False
44,C_LEGACY_CONTRACT,ID,265,lead_brake,False,False,False,0,0,84.57103862322863,0.5428928261001905,True,False
44,C_LEGACY_CONTRACT,ID,266,lead_brake,False,False,False,0,0,86.75868321104838,5.517108661433061,True,False
44,C_LEGACY_CONTRACT,ID,267,lead_brake,False,False,False,0,0,85.3658726066643,5.060834969083468,True,False
44,C_LEGACY_CONTRACT,ID,268,lead_brake,False,False,False,0,0,84.52786132413112,2.4379356369997063,True,False
44,C_LEGACY_CONTRACT,ID,269,lead_brake,False,False,False,0,0,58.241391406014024,12.35460330545902,True,False
44,C_LEGACY_CONTRACT,ID,270,lead_brake,False,False,False,0,0,73.45018724771731,8.826080807174245,True,False
44,C_LEGACY_CONTRACT,ID,271,lead_brake,False,False,False,0,0,57.56395846698895,11.59905075530211,True,False
44,C_LEGACY_CONTRACT,ID,272,lead_brake,False,False,False,0,0,76.37998607478309,8.485432525475819,True,False
44,C_LEGACY_CONTRACT,ID,273,lead_brake,False,False,False,0,0,60.13544325965723,8.472029487912852,True,False
44,C_LEGACY_CONTRACT,ID,274,lead_brake,False,False,False,0,0,58.79183252743663,9.952685070534546,True,False
44,C_LEGACY_CONTRACT,ID,275,lead_brake,False,False,False,0,0,86.86885581873061,3.944734745348493,True,False
44,C_LEGACY_CONTRACT,ID,276,lead_brake,False,False,False,0,0,53.47365139398796,3.542089181020856,True,False
44,C_LEGACY_CONTRACT,ID,277,lead_brake,False,False,False,0,0,60.41170807287289,10.23244302223126,True,False
44,C_LEGACY_CONTRACT,ID,278,lead_brake,False,False,False,0,0,81.66469202887433,4.042232858017087,True,False
44,C_LEGACY_CONTRACT,ID,279,lead_brake,False,False,False,0,0,64.4272285740903,6.75412495744725,True,False
44,C_LEGACY_CONTRACT,ID,280,lead_brake,False,False,False,0,0,85.7267562235541,1.1561246185253065,True,False
44,C_LEGACY_CONTRACT,ID,281,lead_brake,False,False,False,0,0,89.20626953344201,0.7414661521712937,True,False
44,C_LEGACY_CONTRACT,ID,282,lead_brake,False,False,False,0,0,72.85816564593352,4.029081232845783,True,False
44,C_LEGACY_CONTRACT,ID,283,lead_brake,False,False,False,0,0,69.02493354117968,2.6123383169372874,True,False
44,C_LEGACY_CONTRACT,ID,284,lead_brake,False,False,False,0,0,60.55258528019606,12.129122937719027,True,False
44,C_LEGACY_CONTRACT,ID,285,lead_brake,False,False,False,0,0,83.08458464722719,4.106986749296387,True,False
44,C_LEGACY_CONTRACT,ID,286,lead_brake,False,False,False,0,0,60.63494054143729,10.347525636355082,True,False
44,C_LEGACY_CONTRACT,ID,287,lead_brake,False,False,False,0,0,88.26765937571666,3.344343150655428,True,False
44,C_LEGACY_CONTRACT,ID,288,lead_brake,False,False,False,0,0,80.77500714819229,8.08845042437315,True,False
44,C_LEGACY_CONTRACT,ID,289,lead_brake,False,False,False,0,0,78.77998623543242,1.2320043543974557,True,False
44,C_LEGACY_CONTRACT,ID,290,lead_brake,False,False,False,0,0,77.55598873341005,6.478313016394774,True,False
44,C_LEGACY_CONTRACT,ID,291,lead_brake,False,False,False,0,0,85.53573078909022,4.081364880005518,True,False
44,C_LEGACY_CONTRACT,ID,292,lead_brake,False,False,False,0,0,82.6305332229595,2.535960719299813,True,False
44,C_LEGACY_CONTRACT,ID,293,lead_brake,False,False,False,0,0,45.02967792063217,12.358432429532208,True,False
44,C_LEGACY_CONTRACT,ID,294,lead_brake,False,False,False,0,0,88.3189126379572,2.924598277856906,True,False
44,C_LEGACY_CONTRACT,ID,295,lead_brake,False,False,False,0,0,73.64619963310307,3.8165563289076085,True,False
44,C_LEGACY_CONTRACT,ID,296,lead_brake,False,False,False,0,0,83.38437310276508,5.227173371240497,True,False
44,C_LEGACY_CONTRACT,ID,297,lead_brake,False,False,False,0,0,67.77090168045099,4.404735433558622,True,False
44,C_LEGACY_CONTRACT,ID,298,lead_brake,False,False,False,0,0,67.66763906345693,4.810158009330431,True,False
44,C_LEGACY_CONTRACT,ID,299,lead_brake,False,False,False,0,0,76.55581530369815,4.5702462655802565,True,False
44,C_LEGACY_CONTRACT,OOD,0,crosswalk,False,False,False,0,1,30.36044560969995,2.015260055258467,True,False
44,C_LEGACY_CONTRACT,OOD,1,crosswalk,False,False,False,0,0,31.610358870554244,1.9103993806574078,True,False
44,C_LEGACY_CONTRACT,OOD,2,crosswalk,False,False,False,0,1,23.30129865913017,1.3213721343449183,True,False
44,C_LEGACY_CONTRACT,OOD,3,crosswalk,False,False,False,0,1,30.356367098793854,1.6539713953222548,True,False
44,C_LEGACY_CONTRACT,OOD,4,crosswalk,False,False,False,0,1,25.461217665276603,1.4419261552393436,True,False
44,C_LEGACY_CONTRACT,OOD,5,crosswalk,False,False,False,0,1,25.34406047847724,1.5093482108343215,True,False
44,C_LEGACY_CONTRACT,OOD,6,crosswalk,False,False,False,0,1,20.942994513176608,1.3660416548902337,True,False
44,C_LEGACY_CONTRACT,OOD,7,crosswalk,False,False,False,0,1,22.53517755379947,1.4745895486128957,True,False
44,C_LEGACY_CONTRACT,OOD,8,crosswalk,False,False,False,0,1,30.626004771056678,1.5020820299784343,True,False
44,C_LEGACY_CONTRACT,OOD,9,crosswalk,False,False,False,0,1,30.220565198463028,1.7732998101334823,True,False
44,C_LEGACY_CONTRACT,OOD,10,crosswalk,False,False,False,0,1,26.685999411544113,1.4194499310993014,True,False
44,C_LEGACY_CONTRACT,OOD,11,crosswalk,False,False,False,0,1,24.59982124144109,1.597405352243563,True,False
44,C_LEGACY_CONTRACT,OOD,12,crosswalk,False,False,False,0,1,27.700186000082013,1.3696871048364883,True,False
44,C_LEGACY_CONTRACT,OOD,13,crosswalk,False,False,False,0,1,23.757048076108916,1.2825886969980986,True,False
44,C_LEGACY_CONTRACT,OOD,14,crosswalk,False,False,False,0,1,31.672006657267204,1.4661146913255965,True,False
44,C_LEGACY_CONTRACT,OOD,15,crosswalk,False,False,False,0,1,22.797348727351103,1.3160198800107266,True,False
44,C_LEGACY_CONTRACT,OOD,16,crosswalk,False,False,False,0,1,23.04419287827201,1.2329966757032607,True,False
44,C_LEGACY_CONTRACT,OOD,17,crosswalk,False,False,False,0,1,21.429164050240836,1.2071444500576365,True,False
44,C_LEGACY_CONTRACT,OOD,18,crosswalk,False,False,False,0,1,22.529835426895644,1.4417682467280206,True,False
44,C_LEGACY_CONTRACT,OOD,19,crosswalk,False,False,False,0,1,22.285410043905205,1.5476190476190477,True,False
44,C_LEGACY_CONTRACT,OOD,20,crosswalk,False,False,False,0,1,30.088672157720637,1.3075378130782733,True,False
44,C_LEGACY_CONTRACT,OOD,21,crosswalk,False,False,False,0,1,22.63219118432457,1.300141526305157,True,False
44,C_LEGACY_CONTRACT,OOD,22,crosswalk,False,False,False,0,1,21.44043994253461,1.5767271369695661,True,False
44,C_LEGACY_CONTRACT,OOD,23,crosswalk,False,False,False,0,1,29.414336861824143,1.6254342434018156,True,False
44,C_LEGACY_CONTRACT,OOD,24,crosswalk,False,False,False,0,1,22.955207239025714,1.5238981538040692,True,False
44,C_LEGACY_CONTRACT,OOD,25,crosswalk,False,False,False,0,1,22.71333999075499,1.2080308716330264,True,False
44,C_LEGACY_CONTRACT,OOD,26,crosswalk,False,False,False,0,1,23.227225431901864,1.1211919395819954,True,False
44,C_LEGACY_CONTRACT,OOD,27,crosswalk,False,False,False,0,1,29.768617223388546,1.4182012495787246,True,False
44,C_LEGACY_CONTRACT,OOD,28,crosswalk,False,False,False,0,1,31.26476846524848,1.5891573826471963,True,False
44,C_LEGACY_CONTRACT,OOD,29,crosswalk,False,False,False,0,1,29.236510874805496,1.5281492367733356,True,False
44,C_LEGACY_CONTRACT,OOD,30,crosswalk,False,False,False,0,1,29.30960817146192,1.953919384930585,True,False
44,C_LEGACY_CONTRACT,OOD,31,crosswalk,False,False,False,0,1,23.484426151033723,1.5980854857227074,True,False
44,C_LEGACY_CONTRACT,OOD,32,crosswalk,False,False,False,0,1,28.0447785052479,1.5927325513051904,True,False
44,C_LEGACY_CONTRACT,OOD,33,crosswalk,False,False,False,0,1,27.017107653478973,1.5878281942227992,True,False
44,C_LEGACY_CONTRACT,OOD,34,crosswalk,False,False,False,0,1,24.97742376078445,1.2309028791344683,True,False
44,C_LEGACY_CONTRACT,OOD,35,crosswalk,False,False,False,0,1,22.552367232565658,1.616802527460941,True,False
44,C_LEGACY_CONTRACT,OOD,36,crosswalk,False,False,False,0,1,21.62733756510577,1.365656554698944,True,False
44,C_LEGACY_CONTRACT,OOD,37,crosswalk,False,False,False,0,1,23.006077690837976,1.5526239764996064,True,False
44,C_LEGACY_CONTRACT,OOD,38,crosswalk,False,False,False,0,1,21.164837622183725,1.3456836342811584,True,False
44,C_LEGACY_CONTRACT,OOD,39,crosswalk,False,False,False,0,1,30.864457004778153,1.4624559311639695,True,False
44,C_LEGACY_CONTRACT,OOD,40,crosswalk,False,False,False,0,1,21.95769329238928,1.5489594014578085,True,False
44,C_LEGACY_CONTRACT,OOD,41,crosswalk,False,False,False,0,1,24.59341179124962,1.2027310795254176,True,False
44,C_LEGACY_CONTRACT,OOD,42,crosswalk,False,False,False,0,1,25.303960337524167,1.6811415476676743,True,False
44,C_LEGACY_CONTRACT,OOD,43,crosswalk,False,False,False,0,1,20.985856462770446,1.2860680581667485,True,False
44,C_LEGACY_CONTRACT,OOD,44,crosswalk,False,False,False,0,1,31.705365177842772,1.1950192299294977,True,False
44,C_LEGACY_CONTRACT,OOD,45,crosswalk,False,False,False,0,1,21.989049208665755,1.2594287192567866,True,False
44,C_LEGACY_CONTRACT,OOD,46,crosswalk,False,False,False,0,1,31.228520368725317,1.203024983406067,True,False
44,C_LEGACY_CONTRACT,OOD,47,crosswalk,False,False,False,0,1,24.772628953518222,1.6025148332118988,True,False
44,C_LEGACY_CONTRACT,OOD,48,crosswalk,False,False,False,0,1,27.938213203836746,1.5050895397479718,True,False
44,C_LEGACY_CONTRACT,OOD,49,crosswalk,False,False,False,0,1,26.99579380588906,1.870682976747814,True,False
44,C_LEGACY_CONTRACT,OOD,50,crosswalk,False,False,False,0,1,27.77616809230053,1.9413664373191626,True,False
44,C_LEGACY_CONTRACT,OOD,51,crosswalk,False,False,False,0,1,27.49937806029268,1.5300846397876737,True,False
44,C_LEGACY_CONTRACT,OOD,52,crosswalk,False,False,False,0,1,22.57206776180366,1.4645041448947709,True,False
44,C_LEGACY_CONTRACT,OOD,53,crosswalk,False,False,False,0,1,22.2584488238179,1.388247601083807,True,False
44,C_LEGACY_CONTRACT,OOD,54,crosswalk,False,False,False,0,1,26.114935841313233,1.4841355942189693,True,False
44,C_LEGACY_CONTRACT,OOD,55,crosswalk,False,False,False,0,1,30.125821855405714,1.6849840879440308,True,False
44,C_LEGACY_CONTRACT,OOD,56,crosswalk,False,False,False,0,1,23.091791497464563,1.3131116989047027,True,False
44,C_LEGACY_CONTRACT,OOD,57,crosswalk,False,False,False,0,1,21.757367608906428,1.3157380728617958,True,False
44,C_LEGACY_CONTRACT,OOD,58,crosswalk,False,False,False,0,1,29.01803915716623,1.327894253933683,True,False
44,C_LEGACY_CONTRACT,OOD,59,crosswalk,False,False,False,0,1,23.6760689493505,1.3165835370408725,True,False
44,C_LEGACY_CONTRACT,OOD,60,crosswalk,False,False,False,0,1,27.890047819639886,1.6927643982987655,True,False
44,C_LEGACY_CONTRACT,OOD,61,crosswalk,False,False,False,0,1,23.782874146492585,1.6666666666666665,True,False
44,C_LEGACY_CONTRACT,OOD,62,crosswalk,False,False,False,0,1,28.73444075583479,1.4307732685752534,True,False
44,C_LEGACY_CONTRACT,OOD,63,crosswalk,False,False,False,0,1,21.97366546286147,1.5853658536585364,True,False
44,C_LEGACY_CONTRACT,OOD,64,crosswalk,False,False,False,0,1,24.75603232631076,1.3938669825709142,True,False
44,C_LEGACY_CONTRACT,OOD,65,crosswalk,False,False,False,0,1,30.669974800718407,1.217700163523356,True,False
44,C_LEGACY_CONTRACT,OOD,66,crosswalk,False,False,False,0,1,21.52062905693399,1.514194779098034,True,False
44,C_LEGACY_CONTRACT,OOD,67,crosswalk,False,False,False,0,1,28.242930177092127,1.5904880199167464,True,False
44,C_LEGACY_CONTRACT,OOD,68,crosswalk,False,False,False,0,1,21.000899431775643,1.3477696071971546,True,False
44,C_LEGACY_CONTRACT,OOD,69,crosswalk,False,False,False,0,1,25.8493794346272,1.5723233609586147,True,False
44,C_LEGACY_CONTRACT,OOD,70,crosswalk,False,False,False,0,1,23.066952886934047,1.818262927043132,True,False
44,C_LEGACY_CONTRACT,OOD,71,crosswalk,False,False,False,0,1,28.681589246438268,1.6839286989786408,True,False
44,C_LEGACY_CONTRACT,OOD,72,crosswalk,False,False,False,0,1,23.42919448768048,1.3918602175828887,True,False
44,C_LEGACY_CONTRACT,OOD,73,crosswalk,False,False,False,0,1,28.53123568225152,1.3132060368855794,True,False
44,C_LEGACY_CONTRACT,OOD,74,crosswalk,False,False,False,0,1,24.973496211811458,1.4124654595916335,True,False
44,C_LEGACY_CONTRACT,OOD,75,crosswalk,False,False,False,0,1,27.475213409428118,1.5632637776434422,True,False
44,C_LEGACY_CONTRACT,OOD,76,crosswalk,False,False,False,0,1,29.460393852069323,1.3684301680706916,True,False
44,C_LEGACY_CONTRACT,OOD,77,crosswalk,False,False,False,0,1,26.334203963874117,1.3375346575464522,True,False
44,C_LEGACY_CONTRACT,OOD,78,crosswalk,False,False,False,0,1,29.7043214916703,1.4540251141244713,True,False
44,C_LEGACY_CONTRACT,OOD,79,crosswalk,False,False,False,0,1,20.981790180223193,1.4921131978432336,True,False
44,C_LEGACY_CONTRACT,OOD,80,crosswalk,False,False,False,0,1,24.473187534748483,1.5406550839543343,True,False
44,C_LEGACY_CONTRACT,OOD,81,crosswalk,False,False,False,0,1,22.850858427010245,1.5754848221937814,True,False
44,C_LEGACY_CONTRACT,OOD,82,crosswalk,False,False,False,0,1,25.37239990134175,1.5103142157844875,True,False
44,C_LEGACY_CONTRACT,OOD,83,crosswalk,False,False,False,0,1,29.2477047009223,1.3556810565616773,True,False
44,C_LEGACY_CONTRACT,OOD,84,crosswalk,False,False,False,0,1,28.051368307704827,1.551452085029247,True,False
44,C_LEGACY_CONTRACT,OOD,85,crosswalk,False,False,False,0,1,22.17491869658594,1.1583855003118515,True,False
44,C_LEGACY_CONTRACT,OOD,86,crosswalk,False,False,False,0,1,31.560125322081795,1.7452953457832336,True,False
44,C_LEGACY_CONTRACT,OOD,87,crosswalk,False,False,False,0,1,23.09622750832946,1.1930865711636012,True,False
44,C_LEGACY_CONTRACT,OOD,88,crosswalk,False,False,False,0,1,30.565269483927473,1.3275164501233534,True,False
44,C_LEGACY_CONTRACT,OOD,89,crosswalk,False,False,False,0,1,28.89533157467306,1.6670517034308854,True,False
44,C_LEGACY_CONTRACT,OOD,90,crosswalk,False,False,False,0,1,30.927612366779726,1.6909748762845993,True,False
44,C_LEGACY_CONTRACT,OOD,91,crosswalk,False,False,False,0,1,23.772506595803463,1.4023150463361995,True,False
44,C_LEGACY_CONTRACT,OOD,92,crosswalk,False,False,False,0,1,24.835676468365765,1.6000687934103466,True,False
44,C_LEGACY_CONTRACT,OOD,93,crosswalk,False,False,False,0,1,21.201586166581876,1.1865937879139725,True,False
44,C_LEGACY_CONTRACT,OOD,94,crosswalk,False,False,False,0,1,26.52031691748204,1.32788791604664,True,False
44,C_LEGACY_CONTRACT,OOD,95,crosswalk,False,False,False,0,1,21.785636925313288,1.6298761123265975,True,False
44,C_LEGACY_CONTRACT,OOD,96,crosswalk,False,False,False,0,1,28.621625425259648,1.6578236291574877,True,False
44,C_LEGACY_CONTRACT,OOD,97,crosswalk,False,False,False,0,1,30.870037594170782,1.4648036929694088,True,False
44,C_LEGACY_CONTRACT,OOD,98,crosswalk,False,False,False,0,1,28.042454170680962,1.5435303337872026,True,False
44,C_LEGACY_CONTRACT,OOD,99,crosswalk,False,False,False,0,1,28.416723019867543,1.3852178272993667,True,False
44,C_LEGACY_CONTRACT,OOD,100,stop_intersection,False,False,False,0,1,23.25450840874131,1.1968828042348225,True,False
44,C_LEGACY_CONTRACT,OOD,101,stop_intersection,False,False,False,0,1,25.2386937110632,1.8500450834995363,True,False
44,C_LEGACY_CONTRACT,OOD,102,stop_intersection,False,False,False,0,1,30.950264624483967,1.7964705905398806,True,False
44,C_LEGACY_CONTRACT,OOD,103,stop_intersection,False,False,False,0,1,27.61642154285137,1.6940197348594666,True,False
44,C_LEGACY_CONTRACT,OOD,104,stop_intersection,False,False,False,0,1,27.03147206228487,1.5327528390017422,True,False
44,C_LEGACY_CONTRACT,OOD,105,stop_intersection,False,False,False,0,1,21.180837730513936,1.2403304999073346,True,False
44,C_LEGACY_CONTRACT,OOD,106,stop_intersection,False,False,False,0,1,31.07908970561504,1.792421276504929,True,False
44,C_LEGACY_CONTRACT,OOD,107,stop_intersection,False,False,False,0,1,28.198228397220618,1.3514710749898635,True,False
44,C_LEGACY_CONTRACT,OOD,108,stop_intersection,False,False,False,0,1,25.274615214991826,1.6180656379774996,True,False
44,C_LEGACY_CONTRACT,OOD,109,stop_intersection,False,False,False,0,0,21.732069138347565,1.6558175823754733,True,False
44,C_LEGACY_CONTRACT,OOD,110,stop_intersection,False,False,False,0,1,24.207852418676616,1.4777863853507571,True,False
44,C_LEGACY_CONTRACT,OOD,111,stop_intersection,False,False,False,0,1,23.535122219468846,1.5971418266946618,True,False
44,C_LEGACY_CONTRACT,OOD,112,stop_intersection,False,False,False,0,1,24.35500378546035,1.1354937242425005,True,False
44,C_LEGACY_CONTRACT,OOD,113,stop_intersection,False,False,False,0,1,30.83484913424649,1.2501939995722335,True,False
44,C_LEGACY_CONTRACT,OOD,114,stop_intersection,False,False,False,0,0,24.53039550935998,1.7528288311472064,True,False
44,C_LEGACY_CONTRACT,OOD,115,stop_intersection,False,False,False,0,1,24.959653206155608,1.5154047108985282,True,False
44,C_LEGACY_CONTRACT,OOD,116,stop_intersection,False,False,False,0,1,22.079913632010847,1.696274017178735,True,False
44,C_LEGACY_CONTRACT,OOD,117,stop_intersection,False,False,False,0,1,28.895472253736042,1.560608923435211,True,False
44,C_LEGACY_CONTRACT,OOD,118,stop_intersection,False,False,False,0,1,28.563174667535577,1.5492245635470827,True,False
44,C_LEGACY_CONTRACT,OOD,119,stop_intersection,False,False,False,0,1,23.560025082894427,1.834652465250757,True,False
44,C_LEGACY_CONTRACT,OOD,120,stop_intersection,False,False,False,0,1,31.134899257534755,1.562330065629421,True,False
44,C_LEGACY_CONTRACT,OOD,121,stop_intersection,False,False,False,0,1,21.40654072897395,1.3411948233842848,True,False
44,C_LEGACY_CONTRACT,OOD,122,stop_intersection,False,False,False,0,1,24.7640235170758,1.2224253648664891,True,False
44,C_LEGACY_CONTRACT,OOD,123,stop_intersection,False,False,False,0,1,31.57048562004175,1.4522172957658768,True,False
44,C_LEGACY_CONTRACT,OOD,124,stop_intersection,False,False,False,0,1,28.93391668877143,1.5726278271786,True,False
44,C_LEGACY_CONTRACT,OOD,125,stop_intersection,False,False,False,0,1,23.972583184942202,1.364231679174635,True,False
44,C_LEGACY_CONTRACT,OOD,126,stop_intersection,False,False,False,0,1,31.05271483086927,1.3196152837380117,True,False
44,C_LEGACY_CONTRACT,OOD,127,stop_intersection,False,False,False,0,1,28.881536228782043,1.530178092096163,True,False
44,C_LEGACY_CONTRACT,OOD,128,stop_intersection,False,False,False,0,1,29.7121669930466,1.6543716349099813,True,False
44,C_LEGACY_CONTRACT,OOD,129,stop_intersection,False,False,False,0,0,26.639468012165835,2.081975238887887,True,False
44,C_LEGACY_CONTRACT,OOD,130,stop_intersection,False,False,False,0,1,22.027771865343766,1.4029468769250912,True,False
44,C_LEGACY_CONTRACT,OOD,131,stop_intersection,False,False,False,0,1,24.489295902636627,1.7925298384257726,True,False
44,C_LEGACY_CONTRACT,OOD,132,stop_intersection,False,False,False,0,1,21.41973602721135,1.328693366632229,True,False
44,C_LEGACY_CONTRACT,OOD,133,stop_intersection,False,False,False,0,1,25.365345680190373,1.6843131115270216,True,False
44,C_LEGACY_CONTRACT,OOD,134,stop_intersection,False,False,False,0,1,26.35679647562398,1.5122539932663375,True,False
44,C_LEGACY_CONTRACT,OOD,135,stop_intersection,False,False,False,0,1,21.83535970986876,1.2238073540039551,True,False
44,C_LEGACY_CONTRACT,OOD,136,stop_intersection,False,False,False,0,1,25.790042535820042,1.4508965047630102,True,False
44,C_LEGACY_CONTRACT,OOD,137,stop_intersection,False,False,False,0,1,31.174652934163944,1.374861512865339,True,False
44,C_LEGACY_CONTRACT,OOD,138,stop_intersection,False,False,False,0,1,30.980893884914813,1.99543192198402,True,False
44,C_LEGACY_CONTRACT,OOD,139,stop_intersection,False,False,False,0,1,27.831904422095253,1.3579611136363103,True,False
44,C_LEGACY_CONTRACT,OOD,140,stop_intersection,False,False,False,0,1,25.20624520459036,1.4989981906754628,True,False
44,C_LEGACY_CONTRACT,OOD,141,stop_intersection,False,False,False,0,1,29.46703847950807,1.3387165374534074,True,False
44,C_LEGACY_CONTRACT,OOD,142,stop_intersection,False,False,False,0,1,22.610269767472367,1.521791289834415,True,False
44,C_LEGACY_CONTRACT,OOD,143,stop_intersection,False,False,False,0,1,28.027188595687544,1.7032004274973056,True,False
44,C_LEGACY_CONTRACT,OOD,144,stop_intersection,False,False,False,0,1,30.47812368610116,1.5495047660974355,True,False
44,C_LEGACY_CONTRACT,OOD,145,stop_intersection,False,False,False,0,1,27.955562971513714,1.4805777231231332,True,False
44,C_LEGACY_CONTRACT,OOD,146,stop_intersection,False,False,False,0,1,27.458003456512603,1.583722845928089,True,False
44,C_LEGACY_CONTRACT,OOD,147,stop_intersection,False,False,False,0,1,21.186795917550434,1.4832310902105794,True,False
44,C_LEGACY_CONTRACT,OOD,148,stop_intersection,False,False,False,0,1,20.804215858746765,1.2124633647146679,True,False
44,C_LEGACY_CONTRACT,OOD,149,stop_intersection,False,False,False,0,1,28.750952142421234,2.232901304960251,True,False
44,C_LEGACY_CONTRACT,OOD,150,stop_intersection,False,False,False,0,1,23.10530877438452,1.0650274740613024,True,False
44,C_LEGACY_CONTRACT,OOD,151,stop_intersection,False,False,False,0,1,23.46920088477642,1.271825119068748,True,False
44,C_LEGACY_CONTRACT,OOD,152,stop_intersection,False,False,False,0,1,30.86888620356666,1.6264529002679362,True,False
44,C_LEGACY_CONTRACT,OOD,153,stop_intersection,False,False,False,0,1,30.352220247629486,1.5555412885619373,True,False
44,C_LEGACY_CONTRACT,OOD,154,stop_intersection,False,False,False,0,0,21.49089977770559,2.025425039433144,True,False
44,C_LEGACY_CONTRACT,OOD,155,stop_intersection,False,False,False,0,1,24.445692985772965,1.732734524541431,True,False
44,C_LEGACY_CONTRACT,OOD,156,stop_intersection,False,False,False,0,1,21.947968502279924,1.7190797775983808,True,False
44,C_LEGACY_CONTRACT,OOD,157,stop_intersection,False,False,False,0,1,23.178629951387784,1.9812001131082835,True,False
44,C_LEGACY_CONTRACT,OOD,158,stop_intersection,False,False,False,0,1,30.726468538964607,1.4216110179590624,True,False
44,C_LEGACY_CONTRACT,OOD,159,stop_intersection,False,False,False,0,1,29.168255684311948,1.4734905265098392,True,False
44,C_LEGACY_CONTRACT,OOD,160,stop_intersection,False,False,False,0,1,25.98318764293152,1.713434642269498,True,False
44,C_LEGACY_CONTRACT,OOD,161,stop_intersection,False,False,False,0,1,23.905653159524434,1.3943853067315142,True,False
44,C_LEGACY_CONTRACT,OOD,162,stop_intersection,False,False,False,0,1,27.578632226630045,1.2201328610264977,True,False
44,C_LEGACY_CONTRACT,OOD,163,stop_intersection,False,False,False,0,1,26.204881993576123,1.347686842083931,True,False
44,C_LEGACY_CONTRACT,OOD,164,stop_intersection,False,False,False,0,1,24.338453381560917,1.4613774834677231,True,False
44,C_LEGACY_CONTRACT,OOD,165,stop_intersection,False,False,False,0,1,28.61613230881039,1.5279182114384389,True,False
44,C_LEGACY_CONTRACT,OOD,166,stop_intersection,False,False,False,0,1,27.005924130137778,1.6818106480133839,True,False
44,C_LEGACY_CONTRACT,OOD,167,stop_intersection,False,False,False,0,1,30.610558873134643,1.1487090198890022,True,False
44,C_LEGACY_CONTRACT,OOD,168,stop_intersection,False,False,False,0,1,31.345067841936313,1.217519383538853,True,False
44,C_LEGACY_CONTRACT,OOD,169,stop_intersection,False,False,False,0,1,28.44289112796531,1.3464179864296546,True,False
44,C_LEGACY_CONTRACT,OOD,170,stop_intersection,False,False,False,0,1,20.95991608954368,1.3874412347108889,True,False
44,C_LEGACY_CONTRACT,OOD,171,stop_intersection,False,False,False,0,1,21.64358292009278,1.2480353866074536,True,False
44,C_LEGACY_CONTRACT,OOD,172,stop_intersection,False,False,False,0,0,22.559805436534788,1.7076958294369673,True,False
44,C_LEGACY_CONTRACT,OOD,173,stop_intersection,False,False,False,0,1,28.80473636596672,1.1592125503913215,True,False
44,C_LEGACY_CONTRACT,OOD,174,stop_intersection,False,False,False,0,1,21.648124837356924,1.9767207162720815,True,False
44,C_LEGACY_CONTRACT,OOD,175,stop_intersection,False,False,False,0,1,27.99359556169918,1.6154351664914024,True,False
44,C_LEGACY_CONTRACT,OOD,176,stop_intersection,False,False,False,0,1,22.422862534623444,1.8071412237790914,True,False
44,C_LEGACY_CONTRACT,OOD,177,stop_intersection,False,False,False,0,1,30.488888492555525,1.6946394540168144,True,False
44,C_LEGACY_CONTRACT,OOD,178,stop_intersection,False,False,False,0,1,28.650425006339624,1.5167822335895738,True,False
44,C_LEGACY_CONTRACT,OOD,179,stop_intersection,False,False,False,0,1,28.414017804424304,1.4259896718937417,True,False
44,C_LEGACY_CONTRACT,OOD,180,stop_intersection,False,False,False,0,1,21.708585019314878,1.1556741027604966,True,False
44,C_LEGACY_CONTRACT,OOD,181,stop_intersection,False,False,False,0,1,31.25457554010236,1.4988552629947662,True,False
44,C_LEGACY_CONTRACT,OOD,182,stop_intersection,False,False,False,0,1,23.029019902226345,1.6323686391115189,True,False
44,C_LEGACY_CONTRACT,OOD,183,stop_intersection,False,False,False,0,1,22.20566873037839,1.591696378431822,True,False
44,C_LEGACY_CONTRACT,OOD,184,stop_intersection,False,False,False,0,1,30.132408750904247,1.5968955033703853,True,False
44,C_LEGACY_CONTRACT,OOD,185,stop_intersection,False,False,False,0,1,26.22158053209051,1.398169890693996,True,False
44,C_LEGACY_CONTRACT,OOD,186,stop_intersection,False,False,False,0,1,30.34921824717871,1.3866243667380753,True,False
44,C_LEGACY_CONTRACT,OOD,187,stop_intersection,False,False,False,0,1,27.569678599498587,1.8852393721279344,True,False
44,C_LEGACY_CONTRACT,OOD,188,stop_intersection,False,False,False,0,0,30.78189454638255,2.0130973270064905,True,False
44,C_LEGACY_CONTRACT,OOD,189,stop_intersection,False,False,False,0,1,29.850821753392868,1.563586721549163,True,False
44,C_LEGACY_CONTRACT,OOD,190,stop_intersection,False,False,False,0,1,24.86300506022778,1.6000853400481374,True,False
44,C_LEGACY_CONTRACT,OOD,191,stop_intersection,False,False,False,0,1,26.640089249127662,1.4412283102671304,True,False
44,C_LEGACY_CONTRACT,OOD,192,stop_intersection,False,False,False,0,1,30.280133630550413,1.2199730512707732,True,False
44,C_LEGACY_CONTRACT,OOD,193,stop_intersection,False,False,False,0,1,24.135728172642516,1.3971125019921196,True,False
44,C_LEGACY_CONTRACT,OOD,194,stop_intersection,False,False,False,0,1,26.8688589794253,1.2731337408686794,True,False
44,C_LEGACY_CONTRACT,OOD,195,stop_intersection,False,False,False,0,1,26.516815705334636,1.2726831726911592,True,False
44,C_LEGACY_CONTRACT,OOD,196,stop_intersection,False,False,False,0,1,22.92388429458886,1.2579241714307239,True,False
44,C_LEGACY_CONTRACT,OOD,197,stop_intersection,False,False,False,0,1,29.857955463399236,1.7573241108939759,True,False
44,C_LEGACY_CONTRACT,OOD,198,stop_intersection,False,False,False,0,1,29.17950364867026,1.5125811488732046,True,False
44,C_LEGACY_CONTRACT,OOD,199,stop_intersection,False,False,False,0,1,28.353826987626576,1.2235764132605658,True,False
44,C_LEGACY_CONTRACT,OOD,200,lead_brake,False,False,False,0,0,33.74902775421736,10.02849493982891,True,False
44,C_LEGACY_CONTRACT,OOD,201,lead_brake,False,False,False,0,0,30.624348708534903,4.997351385653019,True,False
44,C_LEGACY_CONTRACT,OOD,202,lead_brake,False,False,False,0,0,25.772243650269647,6.258249004061024,True,False
44,C_LEGACY_CONTRACT,OOD,203,lead_brake,False,False,False,0,0,30.59068292308293,9.681719937051335,True,False
44,C_LEGACY_CONTRACT,OOD,204,lead_brake,False,False,False,0,0,29.508275535700378,6.8222140812625485,True,False
44,C_LEGACY_CONTRACT,OOD,205,lead_brake,False,False,False,0,0,28.28609202284409,6.224151449898879,True,False
44,C_LEGACY_CONTRACT,OOD,206,lead_brake,False,False,False,0,0,30.025430991040395,10.46948212943971,True,False
44,C_LEGACY_CONTRACT,OOD,207,lead_brake,False,False,False,0,0,32.68396220182929,9.33187425447007,True,False
44,C_LEGACY_CONTRACT,OOD,208,lead_brake,False,False,False,0,0,38.00592314326615,8.734521121407548,True,False
44,C_LEGACY_CONTRACT,OOD,209,lead_brake,False,False,False,0,0,30.510893887106757,9.044948307797313,True,False
44,C_LEGACY_CONTRACT,OOD,210,lead_brake,False,False,False,0,0,29.581691081346666,11.60787778099378,True,False
44,C_LEGACY_CONTRACT,OOD,211,lead_brake,False,False,False,0,0,36.36381945110858,9.902276818640528,True,False
44,C_LEGACY_CONTRACT,OOD,212,lead_brake,False,False,False,0,0,27.39274715674535,8.341689244533578,True,False
44,C_LEGACY_CONTRACT,OOD,213,lead_brake,False,False,False,0,0,30.702540650922735,4.414762798075874,True,False
44,C_LEGACY_CONTRACT,OOD,214,lead_brake,False,False,False,0,0,34.86819415311978,6.757542320216695,True,False
44,C_LEGACY_CONTRACT,OOD,215,lead_brake,False,False,False,0,0,26.608702536192112,7.821735136210918,True,False
44,C_LEGACY_CONTRACT,OOD,216,lead_brake,False,False,False,0,0,40.1302778432182,6.180081765477856,True,False
44,C_LEGACY_CONTRACT,OOD,217,lead_brake,False,False,False,0,0,34.61379970006645,2.4005096306403475,True,False
44,C_LEGACY_CONTRACT,OOD,218,lead_brake,False,False,False,0,0,26.475890770801552,7.208262199535966,True,False
44,C_LEGACY_CONTRACT,OOD,219,lead_brake,False,False,False,0,0,34.297687037858935,6.5945997300247345,True,False
44,C_LEGACY_CONTRACT,OOD,220,lead_brake,False,False,False,0,0,35.126946989521684,8.245186533158023,True,False
44,C_LEGACY_CONTRACT,OOD,221,lead_brake,False,False,False,0,0,23.976415470540523,12.437840272982916,True,False
44,C_LEGACY_CONTRACT,OOD,222,lead_brake,False,False,False,0,0,39.663649989082394,9.100535182282329,True,False
44,C_LEGACY_CONTRACT,OOD,223,lead_brake,False,False,False,0,0,26.196991732490293,8.057009160518646,True,False
44,C_LEGACY_CONTRACT,OOD,224,lead_brake,False,False,False,0,0,31.15338299164397,10.986244505271316,True,False
44,C_LEGACY_CONTRACT,OOD,225,lead_brake,False,False,False,0,0,31.82162645784527,7.488975441083312,True,False
44,C_LEGACY_CONTRACT,OOD,226,lead_brake,False,False,False,0,0,27.053769028410283,9.324267984057466,True,False
44,C_LEGACY_CONTRACT,OOD,227,lead_brake,False,False,False,0,0,38.59413357321096,8.760695500920216,True,False
44,C_LEGACY_CONTRACT,OOD,228,lead_brake,False,False,False,0,0,39.65620670009308,9.353484959031144,True,False
44,C_LEGACY_CONTRACT,OOD,229,lead_brake,False,False,False,0,0,43.15419909462336,2.198861020927628,True,False
44,C_LEGACY_CONTRACT,OOD,230,lead_brake,False,False,False,0,0,34.002907955614816,5.728379496683676,True,False
44,C_LEGACY_CONTRACT,OOD,231,lead_brake,False,False,False,0,0,35.20208131642942,4.709936298429966,True,False
44,C_LEGACY_CONTRACT,OOD,232,lead_brake,False,False,False,0,0,32.71933048457862,9.8825151634713,True,False
44,C_LEGACY_CONTRACT,OOD,233,lead_brake,False,False,False,0,0,29.922544820841384,11.234215717141826,True,False
44,C_LEGACY_CONTRACT,OOD,234,lead_brake,False,False,False,0,0,29.04176691721377,7.9174919333308935,True,False
44,C_LEGACY_CONTRACT,OOD,235,lead_brake,False,False,False,0,0,32.244420590453075,3.020714422067006,True,False
44,C_LEGACY_CONTRACT,OOD,236,lead_brake,False,False,False,0,0,42.588224264308806,3.762585992614428,True,False
44,C_LEGACY_CONTRACT,OOD,237,lead_brake,False,False,False,0,0,40.44444132956475,4.3071068078279495,True,False
44,C_LEGACY_CONTRACT,OOD,238,lead_brake,False,False,False,0,0,26.140554793179014,10.586756237472096,True,False
44,C_LEGACY_CONTRACT,OOD,239,lead_brake,False,False,False,0,0,34.356268501118294,3.828660924608508,True,False
44,C_LEGACY_CONTRACT,OOD,240,lead_brake,False,False,False,0,0,36.776547634303576,2.51434376835823,True,False
44,C_LEGACY_CONTRACT,OOD,241,lead_brake,False,False,False,0,0,25.666308426884992,8.076854999487598,True,False
44,C_LEGACY_CONTRACT,OOD,242,lead_brake,False,False,False,0,0,26.895128004251813,8.669895900413392,True,False
44,C_LEGACY_CONTRACT,OOD,243,lead_brake,False,False,False,0,0,30.995187566867813,6.572960504020254,True,False
44,C_LEGACY_CONTRACT,OOD,244,lead_brake,False,False,False,0,0,41.735261716097575,9.304503246520955,True,False
44,C_LEGACY_CONTRACT,OOD,245,lead_brake,False,False,False,0,0,43.56363419622182,7.639402333647013,True,False
44,C_LEGACY_CONTRACT,OOD,246,lead_brake,False,False,False,0,0,26.747847409611957,6.096848209698995,True,False
44,C_LEGACY_CONTRACT,OOD,247,lead_brake,False,False,False,0,0,31.37512749972461,7.732860876247287,True,False
44,C_LEGACY_CONTRACT,OOD,248,lead_brake,False,False,False,0,0,27.528994294658958,8.280101781710982,True,False
44,C_LEGACY_CONTRACT,OOD,249,lead_brake,False,False,False,0,0,23.92945175363359,7.767633604506652,True,False
44,C_LEGACY_CONTRACT,OOD,250,lead_brake,False,False,False,0,0,33.62595437326021,8.306735625490546,True,False
44,C_LEGACY_CONTRACT,OOD,251,lead_brake,False,False,False,0,0,30.912070506226154,4.591904293745756,True,False
44,C_LEGACY_CONTRACT,OOD,252,lead_brake,False,False,False,0,0,40.23563871159652,9.624466765671968,True,False
44,C_LEGACY_CONTRACT,OOD,253,lead_brake,False,False,False,0,0,28.78638770841061,6.879192705576618,True,False
44,C_LEGACY_CONTRACT,OOD,254,lead_brake,False,False,False,0,0,28.14217515721342,8.481425459807118,True,False
44,C_LEGACY_CONTRACT,OOD,255,lead_brake,False,False,False,0,0,34.4605174132933,8.943736161415774,True,False
44,C_LEGACY_CONTRACT,OOD,256,lead_brake,False,False,False,0,0,24.959010788127795,11.088210602290928,True,False
44,C_LEGACY_CONTRACT,OOD,257,lead_brake,False,False,False,0,0,30.889029128246115,6.2700699878235655,True,False
44,C_LEGACY_CONTRACT,OOD,258,lead_brake,False,False,False,0,0,23.548270174349582,11.146796761080621,True,False
44,C_LEGACY_CONTRACT,OOD,259,lead_brake,False,False,False,0,0,43.2359423157573,4.824665686115622,True,False
44,C_LEGACY_CONTRACT,OOD,260,lead_brake,False,False,False,0,0,34.72096401596563,9.629641981174547,True,False
44,C_LEGACY_CONTRACT,OOD,261,lead_brake,False,False,False,0,0,28.71766596090997,6.118501253426075,True,False
44,C_LEGACY_CONTRACT,OOD,262,lead_brake,False,False,False,0,0,38.444279017619415,7.954877811173598,True,False
44,C_LEGACY_CONTRACT,OOD,263,lead_brake,False,False,False,0,0,30.630540992249323,7.492427311837672,True,False
44,C_LEGACY_CONTRACT,OOD,264,lead_brake,False,False,False,0,0,44.70241125628349,10.55098040898641,True,False
44,C_LEGACY_CONTRACT,OOD,265,lead_brake,False,False,False,0,0,40.23448138284591,9.683324886485934,True,False
44,C_LEGACY_CONTRACT,OOD,266,lead_brake,False,False,False,0,0,32.362151971570924,11.389653516933322,True,False
44,C_LEGACY_CONTRACT,OOD,267,lead_brake,False,False,False,0,0,29.541086070210923,9.731672575697303,True,False
44,C_LEGACY_CONTRACT,OOD,268,lead_brake,False,False,False,0,0,29.209001042519727,8.67680704407394,True,False
44,C_LEGACY_CONTRACT,OOD,269,lead_brake,False,False,False,0,0,31.54087921744098,9.76765220426023,True,False
44,C_LEGACY_CONTRACT,OOD,270,lead_brake,False,False,False,0,0,25.518211623605755,10.93391552940011,True,False
44,C_LEGACY_CONTRACT,OOD,271,lead_brake,False,False,False,0,0,36.294022762488844,3.2376687402526536,True,False
44,C_LEGACY_CONTRACT,OOD,272,lead_brake,False,False,False,0,0,34.27556244594213,8.943616130078832,True,False
44,C_LEGACY_CONTRACT,OOD,273,lead_brake,False,False,False,0,0,34.82977322818326,10.616785072411098,True,False
44,C_LEGACY_CONTRACT,OOD,274,lead_brake,False,False,False,0,0,37.26569838374412,2.502096716935436,True,False
44,C_LEGACY_CONTRACT,OOD,275,lead_brake,False,False,False,0,0,33.06979748655154,9.026555869107446,True,False
44,C_LEGACY_CONTRACT,OOD,276,lead_brake,False,False,False,0,0,28.566300140662968,7.1885606938352185,True,False
44,C_LEGACY_CONTRACT,OOD,277,lead_brake,False,False,False,0,0,29.60643181301652,7.9866955286512775,True,False
44,C_LEGACY_CONTRACT,OOD,278,lead_brake,False,False,False,0,0,30.135463269542367,7.761670884986718,True,False
44,C_LEGACY_CONTRACT,OOD,279,lead_brake,False,False,False,0,0,38.77229983314867,12.566240557779867,True,False
44,C_LEGACY_CONTRACT,OOD,280,lead_brake,False,False,False,0,0,30.537492359016532,6.360583478584886,True,False
44,C_LEGACY_CONTRACT,OOD,281,lead_brake,False,False,False,0,0,31.423692676424963,7.383294738208253,True,False
44,C_LEGACY_CONTRACT,OOD,282,lead_brake,False,False,False,0,0,32.22877578955695,5.401821693405508,True,False
44,C_LEGACY_CONTRACT,OOD,283,lead_brake,False,False,False,0,0,36.57385995037852,11.15373284680148,True,False
44,C_LEGACY_CONTRACT,OOD,284,lead_brake,False,False,False,0,0,25.865286494235015,12.228565586109955,True,False
44,C_LEGACY_CONTRACT,OOD,285,lead_brake,False,False,False,0,0,35.325698573604825,9.520947881663838,True,False
44,C_LEGACY_CONTRACT,OOD,286,lead_brake,False,False,False,0,0,29.044901865872895,10.568388755743703,True,False
44,C_LEGACY_CONTRACT,OOD,287,lead_brake,False,False,False,0,0,32.57583151314378,7.639950000370542,True,False
44,C_LEGACY_CONTRACT,OOD,288,lead_brake,False,False,False,0,0,26.65835407065592,6.565565720200539,True,False
44,C_LEGACY_CONTRACT,OOD,289,lead_brake,False,False,False,0,0,39.82725535060094,4.647951441506544,True,False
44,C_LEGACY_CONTRACT,OOD,290,lead_brake,False,False,False,0,0,33.71247255453378,9.106010681018232,True,False
44,C_LEGACY_CONTRACT,OOD,291,lead_brake,False,False,False,0,0,21.626522950828072,5.312092738846937,True,False
44,C_LEGACY_CONTRACT,OOD,292,lead_brake,False,False,False,0,0,36.139899123302015,9.040952906633416,True,False
44,C_LEGACY_CONTRACT,OOD,293,lead_brake,False,False,False,0,0,25.43937702128969,13.167815588414667,True,False
44,C_LEGACY_CONTRACT,OOD,294,lead_brake,False,False,False,0,0,26.699965702873563,10.119927871351441,True,False
44,C_LEGACY_CONTRACT,OOD,295,lead_brake,False,False,False,0,0,28.237846136465688,7.863213696206609,True,False
44,C_LEGACY_CONTRACT,OOD,296,lead_brake,False,False,False,0,0,35.60527169949579,5.736685888220865,True,False
44,C_LEGACY_CONTRACT,OOD,297,lead_brake,False,False,False,0,0,38.99836714271516,4.403174122795462,True,False
44,C_LEGACY_CONTRACT,OOD,298,lead_brake,False,False,False,0,0,21.21447063395979,10.608288398012519,True,False
44,C_LEGACY_CONTRACT,OOD,299,lead_brake,False,False,False,0,0,25.679440117527225,7.976625559851526,True,False
44,C2_PHASE_CONTRACT,ID,0,crosswalk,False,False,False,0,0,30.015731643141287,2.13452703573487,True,False
44,C2_PHASE_CONTRACT,ID,1,crosswalk,False,False,False,0,0,35.08517866187361,0.4887711132566134,True,False
44,C2_PHASE_CONTRACT,ID,2,crosswalk,False,False,False,0,0,32.46798851566308,2.128081748431379,True,False
44,C2_PHASE_CONTRACT,ID,3,crosswalk,False,False,False,0,0,37.18436929488631,1.5348393502442732,True,False
44,C2_PHASE_CONTRACT,ID,4,crosswalk,False,False,False,0,0,32.13038570306135,2.2389915585517883,True,False
44,C2_PHASE_CONTRACT,ID,5,crosswalk,False,False,False,0,0,32.671923578962975,2.1074827533701193,True,False
44,C2_PHASE_CONTRACT,ID,6,crosswalk,False,False,False,0,0,28.18600940278393,0.6849830656459457,True,False
44,C2_PHASE_CONTRACT,ID,7,crosswalk,False,False,False,0,0,36.00385407844092,0.413400928179423,True,False
44,C2_PHASE_CONTRACT,ID,8,crosswalk,False,False,False,0,0,26.75502020705489,1.886708114458167,True,False
44,C2_PHASE_CONTRACT,ID,9,crosswalk,False,False,False,0,0,38.60530715101594,0.4434795056780179,True,False
44,C2_PHASE_CONTRACT,ID,10,crosswalk,False,False,False,0,0,35.289463462730666,2.0897311077493685,True,False
44,C2_PHASE_CONTRACT,ID,11,crosswalk,False,False,False,0,0,28.783435428752327,1.8887896835803986,True,False
44,C2_PHASE_CONTRACT,ID,12,crosswalk,False,False,False,0,0,27.740731833243323,2.3503060874186064,True,False
44,C2_PHASE_CONTRACT,ID,13,crosswalk,False,False,False,0,0,37.014950782336165,0.9290662340142509,True,False
44,C2_PHASE_CONTRACT,ID,14,crosswalk,False,False,False,0,0,32.06410960183828,1.9367183620731034,True,False
44,C2_PHASE_CONTRACT,ID,15,crosswalk,False,False,False,0,0,30.769619050019713,1.7085589076343335,True,False
44,C2_PHASE_CONTRACT,ID,16,crosswalk,False,False,False,0,0,34.805182666523905,0.4637681557373567,True,False
44,C2_PHASE_CONTRACT,ID,17,crosswalk,False,False,False,0,0,29.88883334010247,2.1196730570359663,True,False
44,C2_PHASE_CONTRACT,ID,18,crosswalk,False,False,False,0,0,36.350443858685836,0.512374738852183,True,False
44,C2_PHASE_CONTRACT,ID,19,crosswalk,False,False,False,0,0,34.01088701597193,0.46587230807000934,True,False
44,C2_PHASE_CONTRACT,ID,20,crosswalk,False,False,False,0,0,36.722026145699616,1.8394393722216287,True,False
44,C2_PHASE_CONTRACT,ID,21,crosswalk,False,False,False,0,0,33.42023971585552,0.40666115672692005,True,False
44,C2_PHASE_CONTRACT,ID,22,crosswalk,False,False,False,0,0,36.16314086513909,0.8178039672582046,True,False
44,C2_PHASE_CONTRACT,ID,23,crosswalk,False,False,False,0,0,34.759555805941474,0.4972224150385175,True,False
44,C2_PHASE_CONTRACT,ID,24,crosswalk,False,False,False,0,0,36.42567292799834,2.0899888003865876,True,False
44,C2_PHASE_CONTRACT,ID,25,crosswalk,False,False,False,0,0,38.45883017648513,1.9210570760071277,True,False
44,C2_PHASE_CONTRACT,ID,26,crosswalk,False,False,False,0,0,33.64755538646075,0.9670511429960077,True,False
44,C2_PHASE_CONTRACT,ID,27,crosswalk,False,False,False,0,0,32.28218027051081,0.9932420104742049,True,False
44,C2_PHASE_CONTRACT,ID,28,crosswalk,False,False,False,0,0,31.661432532385486,2.350229423493147,True,False
44,C2_PHASE_CONTRACT,ID,29,crosswalk,False,False,False,0,0,37.14486778954045,0.3941214084625244,True,False
44,C2_PHASE_CONTRACT,ID,30,crosswalk,False,False,False,0,0,27.48379251196406,1.8739201202988625,True,False
44,C2_PHASE_CONTRACT,ID,31,crosswalk,False,False,False,0,0,38.366951910534894,0.447905994951725,True,False
44,C2_PHASE_CONTRACT,ID,32,crosswalk,False,False,False,0,0,31.862786643699792,2.1863180647293725,True,False
44,C2_PHASE_CONTRACT,ID,33,crosswalk,False,False,False,0,0,27.044607176807396,1.7684753239154816,True,False
44,C2_PHASE_CONTRACT,ID,34,crosswalk,False,False,False,0,0,27.848761282615477,2.148406079837254,True,False
44,C2_PHASE_CONTRACT,ID,35,crosswalk,False,False,False,0,0,36.57059819739967,0.5144229593376318,True,False
44,C2_PHASE_CONTRACT,ID,36,crosswalk,False,False,False,0,0,32.66449578611466,2.1614382837129673,True,False
44,C2_PHASE_CONTRACT,ID,37,crosswalk,False,False,False,0,0,38.29010501040574,0.46570594732960063,True,False
44,C2_PHASE_CONTRACT,ID,38,crosswalk,False,False,False,0,0,34.55903879064114,0.4351007549659065,True,False
44,C2_PHASE_CONTRACT,ID,39,crosswalk,False,False,False,0,0,30.64562824895092,1.8918424844741821,True,False
44,C2_PHASE_CONTRACT,ID,40,crosswalk,False,False,False,0,0,34.91808912052764,0.4453571983005689,True,False
44,C2_PHASE_CONTRACT,ID,41,crosswalk,False,False,False,0,0,38.69492217510663,1.1063506950934727,True,False
44,C2_PHASE_CONTRACT,ID,42,crosswalk,False,False,False,0,0,38.2143518750339,1.4310738801956175,True,False
44,C2_PHASE_CONTRACT,ID,43,crosswalk,False,False,False,0,0,31.061452694589065,2.1884868685156103,True,False
44,C2_PHASE_CONTRACT,ID,44,crosswalk,False,False,False,0,0,28.360773294831542,1.5108316474490695,True,False
44,C2_PHASE_CONTRACT,ID,45,crosswalk,False,False,False,0,0,29.151743368198623,1.6140154784634,True,False
44,C2_PHASE_CONTRACT,ID,46,crosswalk,False,False,False,0,0,34.932508723902565,0.5032495160897573,True,False
44,C2_PHASE_CONTRACT,ID,47,crosswalk,False,False,False,0,0,32.64944543626044,0.7490012794733047,True,False
44,C2_PHASE_CONTRACT,ID,48,crosswalk,False,False,False,0,0,34.920386702387276,0.4334450286367665,True,False
44,C2_PHASE_CONTRACT,ID,49,crosswalk,False,False,False,0,0,29.19034955356833,0.8922391306412847,True,False
44,C2_PHASE_CONTRACT,ID,50,crosswalk,False,False,False,0,0,30.95463307427138,1.889817826449871,True,False
44,C2_PHASE_CONTRACT,ID,51,crosswalk,False,False,False,0,0,34.66716841895054,2.0908919473489127,True,False
44,C2_PHASE_CONTRACT,ID,52,crosswalk,False,False,False,0,0,38.31595194344339,2.028640839068786,True,False
44,C2_PHASE_CONTRACT,ID,53,crosswalk,False,False,False,0,0,35.36548089539734,2.246229282834313,True,False
44,C2_PHASE_CONTRACT,ID,54,crosswalk,False,False,False,0,0,37.487904749378714,1.988403140567243,True,False
44,C2_PHASE_CONTRACT,ID,55,crosswalk,False,False,False,0,0,28.989260524896984,1.7842146701046397,True,False
44,C2_PHASE_CONTRACT,ID,56,crosswalk,False,False,False,0,0,38.151485584132175,0.47147528014399787,True,False
44,C2_PHASE_CONTRACT,ID,57,crosswalk,False,False,False,0,0,34.37853818890622,0.509539395570755,True,False
44,C2_PHASE_CONTRACT,ID,58,crosswalk,False,False,False,0,0,32.889363885659776,2.1766777530960413,True,False
44,C2_PHASE_CONTRACT,ID,59,crosswalk,False,False,False,0,0,33.45137995984712,0.4132198639537977,True,False
44,C2_PHASE_CONTRACT,ID,60,crosswalk,False,False,False,0,0,32.8702160887939,1.0207851454615593,True,False
44,C2_PHASE_CONTRACT,ID,61,crosswalk,False,False,False,0,0,33.27212596144052,2.2479344091632147,True,False
44,C2_PHASE_CONTRACT,ID,62,crosswalk,False,False,False,0,0,29.00709698997639,2.084916206923398,True,False
44,C2_PHASE_CONTRACT,ID,63,crosswalk,False,False,False,0,0,37.066864854806525,2.0678312315916023,True,False
44,C2_PHASE_CONTRACT,ID,64,crosswalk,False,False,False,0,0,31.82105459850268,0.412787144834345,True,False
44,C2_PHASE_CONTRACT,ID,65,crosswalk,False,False,False,0,0,28.868524549856772,1.8737479050954182,True,False
44,C2_PHASE_CONTRACT,ID,66,crosswalk,False,False,False,0,0,32.76389325403159,2.087897820317227,True,False
44,C2_PHASE_CONTRACT,ID,67,crosswalk,False,False,False,0,0,32.93549408099128,2.0180274675721708,True,False
44,C2_PHASE_CONTRACT,ID,68,crosswalk,False,False,False,0,0,31.99310799470812,0.48825463652610773,True,False
44,C2_PHASE_CONTRACT,ID,69,crosswalk,False,False,False,0,0,29.616986717358753,1.9874770871617577,True,False
44,C2_PHASE_CONTRACT,ID,70,crosswalk,False,False,False,0,0,29.69426269516206,0.4376654326915741,True,False
44,C2_PHASE_CONTRACT,ID,71,crosswalk,False,False,False,0,0,29.209514702716383,1.5546683869546367,True,False
44,C2_PHASE_CONTRACT,ID,72,crosswalk,False,False,False,0,0,32.351639546686634,2.076131352646784,True,False
44,C2_PHASE_CONTRACT,ID,73,crosswalk,False,False,False,0,0,35.794547292045095,2.0633338329692683,True,False
44,C2_PHASE_CONTRACT,ID,74,crosswalk,False,False,False,0,0,28.063072446035108,2.506205235656939,True,False
44,C2_PHASE_CONTRACT,ID,75,crosswalk,False,False,False,0,0,26.95844017844127,1.9709851525046609,True,False
44,C2_PHASE_CONTRACT,ID,76,crosswalk,False,False,False,0,0,35.474743162738115,2.1567542105913162,True,False
44,C2_PHASE_CONTRACT,ID,77,crosswalk,False,False,False,0,0,37.940382960169856,2.0253915324186287,True,False
44,C2_PHASE_CONTRACT,ID,78,crosswalk,False,False,False,0,0,37.7311002605618,0.698896050453186,True,False
44,C2_PHASE_CONTRACT,ID,79,crosswalk,False,False,False,0,0,28.953833992135145,2.27375394125518,True,False
44,C2_PHASE_CONTRACT,ID,80,crosswalk,False,False,False,0,0,38.262214703557476,0.3759713012438554,True,False
44,C2_PHASE_CONTRACT,ID,81,crosswalk,False,False,False,0,0,32.78593727661504,1.947280175012091,True,False
44,C2_PHASE_CONTRACT,ID,82,crosswalk,False,False,False,0,0,37.181485620816126,1.5109064091335644,True,False
44,C2_PHASE_CONTRACT,ID,83,crosswalk,False,False,False,0,0,30.92116741941323,0.4344925284385681,True,False
44,C2_PHASE_CONTRACT,ID,84,crosswalk,False,False,False,0,0,29.520375018206558,1.9953937286680394,True,False
44,C2_PHASE_CONTRACT,ID,85,crosswalk,False,False,False,0,0,36.51146324330905,0.49275503239848395,True,False
44,C2_PHASE_CONTRACT,ID,86,crosswalk,False,False,False,0,0,33.26795201557622,2.127165120580922,True,False
44,C2_PHASE_CONTRACT,ID,87,crosswalk,False,False,False,0,0,34.25766959347622,2.0013279620219357,True,False
44,C2_PHASE_CONTRACT,ID,88,crosswalk,False,False,False,0,0,35.07535956428498,2.144609874357348,True,False
44,C2_PHASE_CONTRACT,ID,89,crosswalk,False,False,False,0,0,30.223404264788293,2.331064833328128,True,False
44,C2_PHASE_CONTRACT,ID,90,crosswalk,False,False,False,0,0,32.423516530452716,2.0035228457139884,True,False
44,C2_PHASE_CONTRACT,ID,91,crosswalk,False,False,False,0,0,36.209079410543914,0.38729414343833923,True,False
44,C2_PHASE_CONTRACT,ID,92,crosswalk,False,False,False,0,0,30.176955247323175,2.314399514347315,True,False
44,C2_PHASE_CONTRACT,ID,93,crosswalk,False,False,False,0,0,33.476138666928684,0.4874691012359801,True,False
44,C2_PHASE_CONTRACT,ID,94,crosswalk,False,False,False,0,0,34.973229132920935,1.7107589393854141,True,False
44,C2_PHASE_CONTRACT,ID,95,crosswalk,False,False,False,0,0,36.392131291797895,2.089245021343231,True,False
44,C2_PHASE_CONTRACT,ID,96,crosswalk,False,False,False,0,0,38.45390992453595,1.6954330192959826,True,False
44,C2_PHASE_CONTRACT,ID,97,crosswalk,False,False,False,0,0,28.726717345210616,1.8085084110498428,True,False
44,C2_PHASE_CONTRACT,ID,98,crosswalk,False,False,False,0,0,33.32810473086132,1.998871041704779,True,False
44,C2_PHASE_CONTRACT,ID,99,crosswalk,False,False,False,0,0,28.268469530562715,2.1497563095319836,True,False
44,C2_PHASE_CONTRACT,ID,100,stop_intersection,False,False,False,0,1,33.15554144810152,1.3153135049633862,True,False
44,C2_PHASE_CONTRACT,ID,101,stop_intersection,False,False,False,0,1,37.62825897933926,1.5317688385645547,True,False
44,C2_PHASE_CONTRACT,ID,102,stop_intersection,False,False,False,0,1,28.12644547892465,1.375327293689434,True,False
44,C2_PHASE_CONTRACT,ID,103,stop_intersection,False,False,False,0,1,34.10552417144761,1.2873133115990216,True,False
44,C2_PHASE_CONTRACT,ID,104,stop_intersection,False,False,False,0,1,31.171451396603047,1.5282054436512482,True,False
44,C2_PHASE_CONTRACT,ID,105,stop_intersection,False,False,False,0,1,32.351827824973874,1.3365270742555941,True,False
44,C2_PHASE_CONTRACT,ID,106,stop_intersection,False,False,False,0,1,30.210111236779543,1.479425947917135,True,False
44,C2_PHASE_CONTRACT,ID,107,stop_intersection,False,False,False,0,1,27.299200350569063,1.4792335974542716,True,False
44,C2_PHASE_CONTRACT,ID,108,stop_intersection,False,False,False,0,1,28.15573778960009,1.5340553145659597,True,False
44,C2_PHASE_CONTRACT,ID,109,stop_intersection,False,False,False,0,1,30.946806967599116,1.3053634166717527,True,False
44,C2_PHASE_CONTRACT,ID,110,stop_intersection,False,False,False,0,1,34.06945406287089,1.5065174713367369,True,False
44,C2_PHASE_CONTRACT,ID,111,stop_intersection,False,False,False,0,1,29.21595554317008,1.2661592960357664,True,False
44,C2_PHASE_CONTRACT,ID,112,stop_intersection,False,False,False,0,1,29.39472230038882,1.3519962628682454,True,False
44,C2_PHASE_CONTRACT,ID,113,stop_intersection,False,False,False,0,1,32.33608927165642,1.3819821029901505,True,False
44,C2_PHASE_CONTRACT,ID,114,stop_intersection,False,False,False,0,1,31.11018610500851,1.5465355072266014,True,False
44,C2_PHASE_CONTRACT,ID,115,stop_intersection,False,False,False,0,1,36.363447438330084,1.31883191210883,True,False
44,C2_PHASE_CONTRACT,ID,116,stop_intersection,False,False,False,0,1,33.9988616672637,1.3347218240179666,True,False
44,C2_PHASE_CONTRACT,ID,117,stop_intersection,False,False,False,0,1,35.05875932297007,1.5725598538794168,True,False
44,C2_PHASE_CONTRACT,ID,118,stop_intersection,False,False,False,0,1,36.08162832289304,1.3093101701071097,True,False
44,C2_PHASE_CONTRACT,ID,119,stop_intersection,False,False,False,0,1,28.121749713666247,1.390784511695037,True,False
44,C2_PHASE_CONTRACT,ID,120,stop_intersection,False,False,False,0,1,27.091494721779732,1.4630366365114846,True,False
44,C2_PHASE_CONTRACT,ID,121,stop_intersection,False,False,False,0,1,37.04163616014441,1.2503917650742964,True,False
44,C2_PHASE_CONTRACT,ID,122,stop_intersection,False,False,False,0,1,36.44295192768048,1.223447485403581,True,False
44,C2_PHASE_CONTRACT,ID,123,stop_intersection,False,False,False,0,1,28.775654260802597,1.4087851230914776,True,False
44,C2_PHASE_CONTRACT,ID,124,stop_intersection,False,False,False,0,1,29.784976619184484,1.3922574488740218,True,False
44,C2_PHASE_CONTRACT,ID,125,stop_intersection,False,False,False,0,1,32.94728755899625,1.6521199238605988,True,False
44,C2_PHASE_CONTRACT,ID,126,stop_intersection,False,False,False,0,1,29.045575122023966,1.37001517571901,True,False
44,C2_PHASE_CONTRACT,ID,127,stop_intersection,False,False,False,0,1,32.19047631770058,1.3336948603391645,True,False
44,C2_PHASE_CONTRACT,ID,128,stop_intersection,False,False,False,0,1,32.45968986402004,1.4818532913923261,True,False
44,C2_PHASE_CONTRACT,ID,129,stop_intersection,False,False,False,0,1,31.744820479875955,1.5555578011732833,True,False
44,C2_PHASE_CONTRACT,ID,130,stop_intersection,False,False,False,0,1,28.163289128583983,1.4691090422707633,True,False
44,C2_PHASE_CONTRACT,ID,131,stop_intersection,False,False,False,0,1,27.647733874477225,1.3903677785718762,True,False
44,C2_PHASE_CONTRACT,ID,132,stop_intersection,False,False,False,0,1,32.387918111072956,1.410869017243385,True,False
44,C2_PHASE_CONTRACT,ID,133,stop_intersection,False,False,False,0,1,33.19536012730003,1.3160225607099987,True,False
44,C2_PHASE_CONTRACT,ID,134,stop_intersection,False,False,False,0,1,30.14092889486967,1.4700077176094055,True,False
44,C2_PHASE_CONTRACT,ID,135,stop_intersection,False,False,False,0,1,33.5245538456549,1.4915337413549423,True,False
44,C2_PHASE_CONTRACT,ID,136,stop_intersection,False,False,False,0,1,30.13862995083856,1.3660617564853867,True,False
44,C2_PHASE_CONTRACT,ID,137,stop_intersection,False,False,False,0,1,33.933301772115975,1.484938994050026,True,False
44,C2_PHASE_CONTRACT,ID,138,stop_intersection,False,False,False,0,1,38.47506915300625,1.4482917757921439,True,False
44,C2_PHASE_CONTRACT,ID,139,stop_intersection,False,False,False,0,1,27.202648538956304,1.4595459602974554,True,False
44,C2_PHASE_CONTRACT,ID,140,stop_intersection,False,False,False,0,1,27.880370829143203,1.644760209160882,True,False
44,C2_PHASE_CONTRACT,ID,141,stop_intersection,False,False,False,0,1,29.015436514564257,1.5944472358033461,True,False
44,C2_PHASE_CONTRACT,ID,142,stop_intersection,False,False,False,0,1,36.30496650784336,1.5378459052341737,True,False
44,C2_PHASE_CONTRACT,ID,143,stop_intersection,False,False,False,0,1,37.60144279954843,1.4312280443581666,True,False
44,C2_PHASE_CONTRACT,ID,144,stop_intersection,False,False,False,0,1,30.727773482176595,1.4003326036991217,True,False
44,C2_PHASE_CONTRACT,ID,145,stop_intersection,False,False,False,0,1,27.063975731272556,1.4841595211544552,True,False
44,C2_PHASE_CONTRACT,ID,146,stop_intersection,False,False,False,0,1,29.870679671649455,1.5050745621705666,True,False
44,C2_PHASE_CONTRACT,ID,147,stop_intersection,False,False,False,0,1,31.915194295702808,1.2949796659605843,True,False
44,C2_PHASE_CONTRACT,ID,148,stop_intersection,False,False,False,0,1,32.10523023964238,1.3540730327367783,True,False
44,C2_PHASE_CONTRACT,ID,149,stop_intersection,False,False,False,0,1,28.306129285802115,1.4946707036044145,True,False
44,C2_PHASE_CONTRACT,ID,150,stop_intersection,False,False,False,0,1,28.090442227754153,1.2060706723820078,True,False
44,C2_PHASE_CONTRACT,ID,151,stop_intersection,False,False,False,0,1,27.539498072059498,1.0047639468136955,True,False
44,C2_PHASE_CONTRACT,ID,152,stop_intersection,False,False,False,0,1,20.634390342024993,1.0287653519348665,True,False
44,C2_PHASE_CONTRACT,ID,153,stop_intersection,False,False,False,0,1,20.664558509705614,1.30469564687122,True,False
44,C2_PHASE_CONTRACT,ID,154,stop_intersection,False,False,False,0,1,28.02503076040643,1.0851051449775695,True,False
44,C2_PHASE_CONTRACT,ID,155,stop_intersection,False,False,False,0,1,22.024264780323346,0.9969843983650207,True,False
44,C2_PHASE_CONTRACT,ID,156,stop_intersection,False,False,False,0,1,28.05100749523624,1.011566210251588,True,False
44,C2_PHASE_CONTRACT,ID,157,stop_intersection,False,False,False,0,1,24.28961019023891,1.239946261048317,True,False
44,C2_PHASE_CONTRACT,ID,158,stop_intersection,False,False,False,0,1,26.062900443359588,1.0799548745155334,True,False
44,C2_PHASE_CONTRACT,ID,159,stop_intersection,False,False,False,0,1,21.021272848337187,1.1846221208572387,True,False
44,C2_PHASE_CONTRACT,ID,160,stop_intersection,False,False,False,0,1,28.077883591987984,1.0656245549519856,True,False
44,C2_PHASE_CONTRACT,ID,161,stop_intersection,False,False,False,0,1,21.846801141794458,1.1072202739508255,True,False
44,C2_PHASE_CONTRACT,ID,162,stop_intersection,False,False,False,0,1,25.65799068092302,1.0928165653477544,True,False
44,C2_PHASE_CONTRACT,ID,163,stop_intersection,False,False,False,0,1,21.962420567635515,1.025243787204518,True,False
44,C2_PHASE_CONTRACT,ID,164,stop_intersection,False,False,False,0,1,21.033379878665542,1.1165057187495024,True,False
44,C2_PHASE_CONTRACT,ID,165,stop_intersection,False,False,False,0,1,20.97895421892339,1.0817787183655632,True,False
44,C2_PHASE_CONTRACT,ID,166,stop_intersection,False,False,False,0,1,21.68210079589852,1.1174641010609079,True,False
44,C2_PHASE_CONTRACT,ID,167,stop_intersection,False,False,False,0,1,22.867850199976743,1.2104862547935322,True,False
44,C2_PHASE_CONTRACT,ID,168,stop_intersection,False,False,False,0,1,26.295381405914334,1.0391684256347955,True,False
44,C2_PHASE_CONTRACT,ID,169,stop_intersection,False,False,False,0,1,22.00894046113072,1.1383255455229018,True,False
44,C2_PHASE_CONTRACT,ID,170,stop_intersection,False,False,False,0,1,21.802131640937247,1.0293341159820557,True,False
44,C2_PHASE_CONTRACT,ID,171,stop_intersection,False,False,False,0,1,22.050278437301948,0.9994178192288268,True,False
44,C2_PHASE_CONTRACT,ID,172,stop_intersection,False,False,False,0,1,22.678533294441543,1.1599494338035583,True,False
44,C2_PHASE_CONTRACT,ID,173,stop_intersection,False,False,False,0,1,22.297195105627758,1.0367083295862725,True,False
44,C2_PHASE_CONTRACT,ID,174,stop_intersection,False,False,False,0,1,27.827259786562873,1.1960332126033548,True,False
44,C2_PHASE_CONTRACT,ID,175,stop_intersection,False,False,False,0,1,22.89020036967882,1.0359069228172302,True,False
44,C2_PHASE_CONTRACT,ID,176,stop_intersection,False,False,False,0,1,22.466438785836292,1.1065097730986926,True,False
44,C2_PHASE_CONTRACT,ID,177,stop_intersection,False,False,False,0,1,27.66471762275411,1.1815584247762505,True,False
44,C2_PHASE_CONTRACT,ID,178,stop_intersection,False,False,False,0,1,25.227743979545703,1.1509762162511998,True,False
44,C2_PHASE_CONTRACT,ID,179,stop_intersection,False,False,False,0,1,22.067034035182612,1.1247216195476297,True,False
44,C2_PHASE_CONTRACT,ID,180,stop_intersection,False,False,False,0,1,22.192858508935743,1.0063080763330263,True,False
44,C2_PHASE_CONTRACT,ID,181,stop_intersection,False,False,False,0,1,28.137387419555893,1.0117495644326302,True,False
44,C2_PHASE_CONTRACT,ID,182,stop_intersection,False,False,False,0,1,21.886988927402584,1.1011872519838048,True,False
44,C2_PHASE_CONTRACT,ID,183,stop_intersection,False,False,False,0,1,21.319018769302136,0.9959135720363029,True,False
44,C2_PHASE_CONTRACT,ID,184,stop_intersection,False,False,False,0,1,20.769733564869945,1.1926700110020845,True,False
44,C2_PHASE_CONTRACT,ID,185,stop_intersection,False,False,False,0,1,22.714203727567984,1.18705109409664,True,False
44,C2_PHASE_CONTRACT,ID,186,stop_intersection,False,False,False,0,1,28.156812688100146,1.1738144397735595,True,False
44,C2_PHASE_CONTRACT,ID,187,stop_intersection,False,False,False,0,1,21.398204572338106,1.256605373488532,True,False
44,C2_PHASE_CONTRACT,ID,188,stop_intersection,False,False,False,0,1,27.19122941968707,1.1483819782733917,True,False
44,C2_PHASE_CONTRACT,ID,189,stop_intersection,False,False,False,0,1,28.32859990511384,1.0853437162362611,True,False
44,C2_PHASE_CONTRACT,ID,190,stop_intersection,False,False,False,0,1,21.281277107887497,1.0907928192097207,True,False
44,C2_PHASE_CONTRACT,ID,191,stop_intersection,False,False,False,0,1,27.4209292988399,1.1515092584821913,True,False
44,C2_PHASE_CONTRACT,ID,192,stop_intersection,False,False,False,0,1,26.523179436727773,1.1210324883460998,True,False
44,C2_PHASE_CONTRACT,ID,193,stop_intersection,False,False,False,0,1,27.521849902969585,1.0939792275428772,True,False
44,C2_PHASE_CONTRACT,ID,194,stop_intersection,False,False,False,0,1,25.21834530134451,1.0945912085327447,True,False
44,C2_PHASE_CONTRACT,ID,195,stop_intersection,False,False,False,0,1,20.526871610717386,1.1941869208153257,True,False
44,C2_PHASE_CONTRACT,ID,196,stop_intersection,False,False,False,0,1,26.8766856206219,1.0283413887023924,True,False
44,C2_PHASE_CONTRACT,ID,197,stop_intersection,False,False,False,0,1,20.543144532058854,1.130509078502655,True,False
44,C2_PHASE_CONTRACT,ID,198,stop_intersection,False,False,False,0,1,23.415235671686304,1.2427077374675055,True,False
44,C2_PHASE_CONTRACT,ID,199,stop_intersection,False,False,False,0,1,27.88496309422376,1.3341791497336493,True,False
44,C2_PHASE_CONTRACT,ID,200,lead_brake,False,False,False,0,0,70.95084059540726,10.249007077887654,True,False
44,C2_PHASE_CONTRACT,ID,201,lead_brake,False,False,False,0,0,93.72972509726887,1.9930958859622476,True,False
44,C2_PHASE_CONTRACT,ID,202,lead_brake,False,False,False,0,0,54.96933184345305,10.849981481830278,True,False
44,C2_PHASE_CONTRACT,ID,203,lead_brake,False,False,False,0,0,75.14921674956231,1.5424696405728657,True,False
44,C2_PHASE_CONTRACT,ID,204,lead_brake,False,False,False,0,0,97.31804917713563,0.07668393260488907,True,False
44,C2_PHASE_CONTRACT,ID,205,lead_brake,False,False,False,0,0,74.37397039995274,2.7555827970306077,True,False
44,C2_PHASE_CONTRACT,ID,206,lead_brake,False,False,False,0,0,88.71379730185404,0.6353443562984465,True,False
44,C2_PHASE_CONTRACT,ID,207,lead_brake,False,False,False,0,0,76.88695029336465,9.77081103188296,True,False
44,C2_PHASE_CONTRACT,ID,208,lead_brake,False,False,False,0,0,58.32531897537255,11.96947146952152,True,False
44,C2_PHASE_CONTRACT,ID,209,lead_brake,False,False,False,0,0,87.64425103836668,4.458945052698254,True,False
44,C2_PHASE_CONTRACT,ID,210,lead_brake,False,False,False,0,0,74.80715824847509,1.0770519034316142,True,False
44,C2_PHASE_CONTRACT,ID,211,lead_brake,False,False,False,0,0,84.69298675190225,6.629724181567629,True,False
44,C2_PHASE_CONTRACT,ID,212,lead_brake,False,False,False,0,0,77.23980467667033,3.84976477175951,True,False
44,C2_PHASE_CONTRACT,ID,213,lead_brake,False,False,False,0,0,73.67200654422885,9.856908529996872,True,False
44,C2_PHASE_CONTRACT,ID,214,lead_brake,False,False,False,0,0,86.44313717689737,1.3300348545114198,True,False
44,C2_PHASE_CONTRACT,ID,215,lead_brake,False,False,False,0,0,95.90085161030261,0.7515292484313248,True,False
44,C2_PHASE_CONTRACT,ID,216,lead_brake,False,False,False,0,0,98.29400647483757,0.02366253174841404,True,False
44,C2_PHASE_CONTRACT,ID,217,lead_brake,False,False,False,0,0,70.56539352955357,10.898543251057466,True,False
44,C2_PHASE_CONTRACT,ID,218,lead_brake,False,False,False,0,0,68.58197307451982,7.0788913089782,True,False
44,C2_PHASE_CONTRACT,ID,219,lead_brake,False,False,False,0,0,70.67841105419727,6.355370293060939,True,False
44,C2_PHASE_CONTRACT,ID,220,lead_brake,False,False,False,0,0,70.4155471332224,10.051395709315935,True,False
44,C2_PHASE_CONTRACT,ID,221,lead_brake,False,False,False,0,0,78.15433189535965,7.917380555222431,True,False
44,C2_PHASE_CONTRACT,ID,222,lead_brake,False,False,False,0,0,79.44728065380659,8.305075304582715,True,False
44,C2_PHASE_CONTRACT,ID,223,lead_brake,False,False,False,0,0,66.26329948613665,8.932859486589829,True,False
44,C2_PHASE_CONTRACT,ID,224,lead_brake,False,False,False,0,0,74.88163358541476,8.211652994155884,True,False
44,C2_PHASE_CONTRACT,ID,225,lead_brake,False,False,False,0,0,65.32141154556585,6.649666220570603,True,False
44,C2_PHASE_CONTRACT,ID,226,lead_brake,False,False,False,0,0,65.76344206612278,10.52653067310651,True,False
44,C2_PHASE_CONTRACT,ID,227,lead_brake,False,False,False,0,0,71.5610261480999,2.712385511646668,True,False
44,C2_PHASE_CONTRACT,ID,228,lead_brake,False,False,False,0,0,80.28746478097504,7.952046008159717,True,False
44,C2_PHASE_CONTRACT,ID,229,lead_brake,False,False,False,0,0,67.03200736943035,9.091072010497252,True,False
44,C2_PHASE_CONTRACT,ID,230,lead_brake,False,False,False,0,0,84.39495920498929,4.450322130074103,True,False
44,C2_PHASE_CONTRACT,ID,231,lead_brake,False,False,False,0,0,79.52138363108702,3.2331058209141093,True,False
44,C2_PHASE_CONTRACT,ID,232,lead_brake,False,False,False,0,0,76.4406352789574,2.887712488571802,True,False
44,C2_PHASE_CONTRACT,ID,233,lead_brake,False,False,False,0,0,94.73859830471181,1.055512947961688,True,False
44,C2_PHASE_CONTRACT,ID,234,lead_brake,False,False,False,0,0,80.76274766319392,2.2182601056993003,True,False
44,C2_PHASE_CONTRACT,ID,235,lead_brake,False,False,False,0,0,83.44969925808894,1.0759653896093369,True,False
44,C2_PHASE_CONTRACT,ID,236,lead_brake,False,False,False,0,0,64.95817348752817,7.41380902690192,True,False
44,C2_PHASE_CONTRACT,ID,237,lead_brake,False,False,False,0,0,80.30440818941968,2.847589833041032,True,False
44,C2_PHASE_CONTRACT,ID,238,lead_brake,False,False,False,0,0,83.04969571219502,0.9008348987748225,True,False
44,C2_PHASE_CONTRACT,ID,239,lead_brake,False,False,False,0,0,52.611263847170974,10.651375616590181,True,False
44,C2_PHASE_CONTRACT,ID,240,lead_brake,False,False,False,0,0,73.79876555134562,8.904483790198961,True,False
44,C2_PHASE_CONTRACT,ID,241,lead_brake,False,False,False,0,0,58.910867015676644,10.36169985619684,True,False
44,C2_PHASE_CONTRACT,ID,242,lead_brake,False,False,False,0,0,67.07692650144917,4.271520113572478,True,False
44,C2_PHASE_CONTRACT,ID,243,lead_brake,False,False,False,0,0,53.67485821705021,12.734401941299437,True,False
44,C2_PHASE_CONTRACT,ID,244,lead_brake,False,False,False,0,0,54.70113237581345,9.59567626651066,True,False
44,C2_PHASE_CONTRACT,ID,245,lead_brake,False,False,False,0,0,75.78293037781683,4.540745886663595,True,False
44,C2_PHASE_CONTRACT,ID,246,lead_brake,False,False,False,0,0,98.33272266790274,0.04880658537149429,True,False
44,C2_PHASE_CONTRACT,ID,247,lead_brake,False,False,False,0,0,80.27621301373023,7.391886139909426,True,False
44,C2_PHASE_CONTRACT,ID,248,lead_brake,False,False,False,0,0,66.83128934715279,9.915305740510423,True,False
44,C2_PHASE_CONTRACT,ID,249,lead_brake,False,False,False,0,0,97.86291373322871,0.04832801036536693,True,False
44,C2_PHASE_CONTRACT,ID,250,lead_brake,False,False,False,0,0,70.1500862935077,8.438916989912588,True,False
44,C2_PHASE_CONTRACT,ID,251,lead_brake,False,False,False,0,0,73.30354692547324,2.233790516232451,True,False
44,C2_PHASE_CONTRACT,ID,252,lead_brake,False,False,False,0,0,86.81900677705798,0.9051531155904133,True,False
44,C2_PHASE_CONTRACT,ID,253,lead_brake,False,False,False,0,0,87.52766417284238,2.5987268599371114,True,False
44,C2_PHASE_CONTRACT,ID,254,lead_brake,False,False,False,0,0,95.42390292029033,0.900552828485767,True,False
44,C2_PHASE_CONTRACT,ID,255,lead_brake,False,False,False,0,0,61.91701187600565,6.252674685170253,True,False
44,C2_PHASE_CONTRACT,ID,256,lead_brake,False,False,False,0,0,71.84049060636636,5.613785230865081,True,False
44,C2_PHASE_CONTRACT,ID,257,lead_brake,False,False,False,0,0,78.56592153108068,8.264691237360239,True,False
44,C2_PHASE_CONTRACT,ID,258,lead_brake,False,False,False,0,0,78.9896421451039,7.765796376392245,True,False
44,C2_PHASE_CONTRACT,ID,259,lead_brake,False,False,False,0,0,97.34888560587474,0.1388810637096564,True,False
44,C2_PHASE_CONTRACT,ID,260,lead_brake,False,False,False,0,0,71.5882840836083,4.677978604100644,True,False
44,C2_PHASE_CONTRACT,ID,261,lead_brake,False,False,False,0,0,77.95836973629885,7.6075787004083395,True,False
44,C2_PHASE_CONTRACT,ID,262,lead_brake,False,False,False,0,0,89.86826304714278,0.39921247710784274,True,False
44,C2_PHASE_CONTRACT,ID,263,lead_brake,False,False,False,0,0,77.68869275862289,8.075450373192629,True,False
44,C2_PHASE_CONTRACT,ID,264,lead_brake,False,False,False,0,0,96.7363640279623,0.09767467466493447,True,False
44,C2_PHASE_CONTRACT,ID,265,lead_brake,False,False,False,0,0,84.45104633960867,5.04270296016087,True,False
44,C2_PHASE_CONTRACT,ID,266,lead_brake,False,False,False,0,0,86.61331869422386,2.9054467541476092,True,False
44,C2_PHASE_CONTRACT,ID,267,lead_brake,False,False,False,0,0,85.25754668655937,3.1277564950287338,True,False
44,C2_PHASE_CONTRACT,ID,268,lead_brake,False,False,False,0,0,84.39876069369883,1.4145804916818934,True,False
44,C2_PHASE_CONTRACT,ID,269,lead_brake,False,False,False,0,0,58.140870724424204,11.34935279438893,True,False
44,C2_PHASE_CONTRACT,ID,270,lead_brake,False,False,False,0,0,73.29280712293973,9.25191003580888,True,False
44,C2_PHASE_CONTRACT,ID,271,lead_brake,False,False,False,0,0,57.48338123497083,10.91862703859806,True,False
44,C2_PHASE_CONTRACT,ID,272,lead_brake,False,False,False,0,0,76.1948684622275,9.278344895069797,True,False
44,C2_PHASE_CONTRACT,ID,273,lead_brake,False,False,False,0,0,60.088238972083516,3.541985551516215,True,False
44,C2_PHASE_CONTRACT,ID,274,lead_brake,False,False,False,0,0,58.72697618893567,10.498049331208069,True,False
44,C2_PHASE_CONTRACT,ID,275,lead_brake,False,False,False,0,0,86.72113029449888,2.6131982629497843,True,False
44,C2_PHASE_CONTRACT,ID,276,lead_brake,False,False,False,0,0,53.41964745339077,10.411733530461788,True,False
44,C2_PHASE_CONTRACT,ID,277,lead_brake,False,False,False,0,0,60.34611107893473,11.094204361240068,True,False
44,C2_PHASE_CONTRACT,ID,278,lead_brake,False,False,False,0,0,81.49611541342163,6.181317876713971,True,False
44,C2_PHASE_CONTRACT,ID,279,lead_brake,False,False,False,0,0,64.34654477910013,9.883583600322405,True,False
44,C2_PHASE_CONTRACT,ID,280,lead_brake,False,False,False,0,0,85.6191948480553,1.5155952579031386,True,False
44,C2_PHASE_CONTRACT,ID,281,lead_brake,False,False,False,0,0,89.10233246173127,0.48777160048484797,True,False
44,C2_PHASE_CONTRACT,ID,282,lead_brake,False,False,False,0,0,72.7964936807369,0.9973684052626292,True,False
44,C2_PHASE_CONTRACT,ID,283,lead_brake,False,False,False,0,0,68.96263856729958,2.7241226161519685,True,False
44,C2_PHASE_CONTRACT,ID,284,lead_brake,False,False,False,0,0,60.490871669681056,11.069892257452011,True,False
44,C2_PHASE_CONTRACT,ID,285,lead_brake,False,False,False,0,0,82.99699112493185,2.7145075146108866,True,False
44,C2_PHASE_CONTRACT,ID,286,lead_brake,False,False,False,0,0,60.574237799993135,10.54682338113586,True,False
44,C2_PHASE_CONTRACT,ID,287,lead_brake,False,False,False,0,0,88.09665043522853,1.1559343039989471,True,False
44,C2_PHASE_CONTRACT,ID,288,lead_brake,False,False,False,0,0,80.64024590130244,0.3820263650268316,True,False
44,C2_PHASE_CONTRACT,ID,289,lead_brake,False,False,False,0,0,78.66196455285704,5.372934779773156,True,False
44,C2_PHASE_CONTRACT,ID,290,lead_brake,False,False,False,0,0,77.41088702732249,6.3257084644089145,True,False
44,C2_PHASE_CONTRACT,ID,291,lead_brake,False,False,False,0,0,85.3866391163419,0.9055522630612054,True,False
44,C2_PHASE_CONTRACT,ID,292,lead_brake,False,False,False,0,0,82.51732640083245,2.6536275700976453,True,False
44,C2_PHASE_CONTRACT,ID,293,lead_brake,False,False,False,0,0,44.9964942544625,11.114879601324597,True,False
44,C2_PHASE_CONTRACT,ID,294,lead_brake,False,False,False,0,0,88.13664282550741,5.270633429288864,True,False
44,C2_PHASE_CONTRACT,ID,295,lead_brake,False,False,False,0,0,73.59760505795121,4.504682672520478,True,False
44,C2_PHASE_CONTRACT,ID,296,lead_brake,False,False,False,0,0,83.21883408678647,4.408175193394223,True,False
44,C2_PHASE_CONTRACT,ID,297,lead_brake,False,False,False,0,0,67.66162327529138,10.352320084969202,True,False
44,C2_PHASE_CONTRACT,ID,298,lead_brake,False,False,False,0,0,67.62943366796704,3.347116323808829,True,False
44,C2_PHASE_CONTRACT,ID,299,lead_brake,False,False,False,0,0,76.42681360490614,8.755111311251918,True,False
44,C2_PHASE_CONTRACT,OOD,0,crosswalk,False,False,False,0,0,30.08144970183654,1.9956510596805148,True,False
44,C2_PHASE_CONTRACT,OOD,1,crosswalk,False,False,False,0,0,31.648254941829805,1.412204293643727,True,False
44,C2_PHASE_CONTRACT,OOD,2,crosswalk,False,False,False,0,1,22.947924439035575,1.1539915275006067,True,False
44,C2_PHASE_CONTRACT,OOD,3,crosswalk,False,False,False,0,1,30.305001167346106,1.423371150380089,True,False
44,C2_PHASE_CONTRACT,OOD,4,crosswalk,False,False,False,0,1,25.254687720183398,1.2050685286521912,True,False
44,C2_PHASE_CONTRACT,OOD,5,crosswalk,False,False,False,0,1,24.970345410404995,1.433213580222357,True,False
44,C2_PHASE_CONTRACT,OOD,6,crosswalk,False,False,False,0,1,20.533945908567617,1.2859040972861375,True,False
44,C2_PHASE_CONTRACT,OOD,7,crosswalk,False,False,False,0,1,22.130329268430636,1.3555374114136947,True,False
44,C2_PHASE_CONTRACT,OOD,8,crosswalk,False,False,False,0,1,30.2479094639711,1.0903250376383462,True,False
44,C2_PHASE_CONTRACT,OOD,9,crosswalk,False,False,False,0,1,29.64093957285267,1.4916879879800895,True,False
44,C2_PHASE_CONTRACT,OOD,10,crosswalk,False,False,False,0,1,26.30509145083721,1.213637345603534,True,False
44,C2_PHASE_CONTRACT,OOD,11,crosswalk,False,False,False,0,1,24.251312057697987,1.4960096085943826,True,False
44,C2_PHASE_CONTRACT,OOD,12,crosswalk,False,False,False,0,1,27.411834324888844,1.5059718107565856,True,False
44,C2_PHASE_CONTRACT,OOD,13,crosswalk,False,False,False,0,1,23.35252141727686,1.2161926342093425,True,False
44,C2_PHASE_CONTRACT,OOD,14,crosswalk,False,False,False,0,1,31.34561996218366,1.3364812447911216,True,False
44,C2_PHASE_CONTRACT,OOD,15,crosswalk,False,False,False,0,1,22.394666049743442,1.2630085742219965,True,False
44,C2_PHASE_CONTRACT,OOD,16,crosswalk,False,False,False,0,1,22.63428039147091,1.1755609909693399,True,False
44,C2_PHASE_CONTRACT,OOD,17,crosswalk,False,False,False,0,1,21.05688652382118,1.2173047932711514,True,False
44,C2_PHASE_CONTRACT,OOD,18,crosswalk,False,False,False,0,1,22.204788319621667,1.5349483489990234,True,False
44,C2_PHASE_CONTRACT,OOD,19,crosswalk,False,False,False,0,1,21.916657596987392,1.3273230762708754,True,False
44,C2_PHASE_CONTRACT,OOD,20,crosswalk,False,False,False,0,1,29.7289770303888,1.3775545358657837,True,False
44,C2_PHASE_CONTRACT,OOD,21,crosswalk,False,False,False,0,1,22.2327683068308,1.1928087570097134,True,False
44,C2_PHASE_CONTRACT,OOD,22,crosswalk,False,False,False,0,1,21.03881970410618,1.3273666873574257,True,False
44,C2_PHASE_CONTRACT,OOD,23,crosswalk,False,False,False,0,1,29.101654592729677,1.3969662577606912,True,False
44,C2_PHASE_CONTRACT,OOD,24,crosswalk,False,False,False,0,0,23.31775071518708,1.3182470860869384,True,False
44,C2_PHASE_CONTRACT,OOD,25,crosswalk,False,False,False,0,1,22.351648772764086,1.2390277543001704,True,False
44,C2_PHASE_CONTRACT,OOD,26,crosswalk,False,False,False,0,1,22.84985882228744,1.2385366273962932,True,False
44,C2_PHASE_CONTRACT,OOD,27,crosswalk,False,False,False,0,1,29.374904457496513,1.539921734644019,True,False
44,C2_PHASE_CONTRACT,OOD,28,crosswalk,False,False,False,0,1,31.011245651591874,1.7693471297239645,True,False
44,C2_PHASE_CONTRACT,OOD,29,crosswalk,False,False,False,0,1,29.078199628619007,1.1285162249276803,True,False
44,C2_PHASE_CONTRACT,OOD,30,crosswalk,False,False,False,0,0,29.20992875602049,1.4579591240201677,True,False
44,C2_PHASE_CONTRACT,OOD,31,crosswalk,False,False,False,0,1,23.096722026136007,1.341938049249027,True,False
44,C2_PHASE_CONTRACT,OOD,32,crosswalk,False,False,False,0,1,27.70859909077702,1.466990916625313,True,False
44,C2_PHASE_CONTRACT,OOD,33,crosswalk,False,False,False,0,1,26.712819451252813,1.7635358833685155,True,False
44,C2_PHASE_CONTRACT,OOD,34,crosswalk,False,False,False,0,1,24.606641837390335,1.1814681343410325,True,False
44,C2_PHASE_CONTRACT,OOD,35,crosswalk,False,False,False,0,1,22.37792079729296,1.4047094902326895,True,False
44,C2_PHASE_CONTRACT,OOD,36,crosswalk,False,False,False,0,1,21.206807188522433,1.322814895047082,True,False
44,C2_PHASE_CONTRACT,OOD,37,crosswalk,False,False,False,0,1,22.616425770504243,1.342820135446695,True,False
44,C2_PHASE_CONTRACT,OOD,38,crosswalk,False,False,False,0,1,20.801388790568488,1.4106584787368774,True,False
44,C2_PHASE_CONTRACT,OOD,39,crosswalk,False,False,False,0,1,30.565734609775312,1.6443328062693277,True,False
44,C2_PHASE_CONTRACT,OOD,40,crosswalk,False,False,False,0,1,21.586256040597917,1.3290620751159135,True,False
44,C2_PHASE_CONTRACT,OOD,41,crosswalk,False,False,False,0,1,24.218340649604357,1.2154049475987752,True,False
44,C2_PHASE_CONTRACT,OOD,42,crosswalk,False,False,False,0,1,25.05688968754198,1.4226005054437196,True,False
44,C2_PHASE_CONTRACT,OOD,43,crosswalk,False,False,False,0,1,20.645409015188772,1.2106321790279486,True,False
44,C2_PHASE_CONTRACT,OOD,44,crosswalk,False,False,False,0,1,31.329368105079578,1.2641147096106347,True,False
44,C2_PHASE_CONTRACT,OOD,45,crosswalk,False,False,False,0,1,21.630997397656106,1.323697934759424,True,False
44,C2_PHASE_CONTRACT,OOD,46,crosswalk,False,False,False,0,1,30.886175891479958,1.296954263340343,True,False
44,C2_PHASE_CONTRACT,OOD,47,crosswalk,False,False,False,0,1,24.38419833100221,1.357599530707706,True,False
44,C2_PHASE_CONTRACT,OOD,48,crosswalk,False,False,False,0,1,27.656883883659837,1.582385760087233,True,False
44,C2_PHASE_CONTRACT,OOD,49,crosswalk,False,False,False,0,1,26.97994443359078,1.3599811494350433,True,False
44,C2_PHASE_CONTRACT,OOD,50,crosswalk,False,False,False,0,1,27.227906707336544,1.3439213101928298,True,False
44,C2_PHASE_CONTRACT,OOD,51,crosswalk,False,False,False,0,1,27.331371631849777,1.429420956876129,True,False
44,C2_PHASE_CONTRACT,OOD,52,crosswalk,False,False,False,0,1,22.391085617179655,1.4234870672225952,True,False
44,C2_PHASE_CONTRACT,OOD,53,crosswalk,False,False,False,0,1,21.925749037981333,1.4836854628614475,True,False
44,C2_PHASE_CONTRACT,OOD,54,crosswalk,False,False,False,0,1,25.471791882944977,1.1173367500305176,True,False
44,C2_PHASE_CONTRACT,OOD,55,crosswalk,False,False,False,0,1,29.91379973922148,1.4848166108131406,True,False
44,C2_PHASE_CONTRACT,OOD,56,crosswalk,False,False,False,0,1,22.675456593417167,1.2760410475176434,True,False
44,C2_PHASE_CONTRACT,OOD,57,crosswalk,False,False,False,0,1,21.389787814823766,1.3585969740929809,True,False
44,C2_PHASE_CONTRACT,OOD,58,crosswalk,False,False,False,0,1,28.633605633153664,1.587245375552076,True,False
44,C2_PHASE_CONTRACT,OOD,59,crosswalk,False,False,False,0,1,23.251084412584667,1.1221287225155119,True,False
44,C2_PHASE_CONTRACT,OOD,60,crosswalk,False,False,False,0,1,27.621911037023732,1.6876172235137537,True,False
44,C2_PHASE_CONTRACT,OOD,61,crosswalk,False,False,False,0,1,23.491123036722392,1.325822304456662,True,False
44,C2_PHASE_CONTRACT,OOD,62,crosswalk,False,False,False,0,1,28.40263050872692,1.1696811862613843,True,False
44,C2_PHASE_CONTRACT,OOD,63,crosswalk,False,False,False,0,1,21.654487209832304,1.2548027968988185,True,False
44,C2_PHASE_CONTRACT,OOD,64,crosswalk,False,False,False,0,1,24.309557957493457,1.3046334302702614,True,False
44,C2_PHASE_CONTRACT,OOD,65,crosswalk,False,False,False,0,1,30.306583310502234,1.314586427476671,True,False
44,C2_PHASE_CONTRACT,OOD,66,crosswalk,False,False,False,0,1,21.226450846440592,1.2859826264902947,True,False
44,C2_PHASE_CONTRACT,OOD,67,crosswalk,False,False,False,0,1,27.835734070702955,1.4024647606743705,True,False
44,C2_PHASE_CONTRACT,OOD,68,crosswalk,False,False,False,0,1,20.64632317090127,1.1991988122463226,True,False
44,C2_PHASE_CONTRACT,OOD,69,crosswalk,False,False,False,0,1,25.609268611808194,1.4300982533274469,True,False
44,C2_PHASE_CONTRACT,OOD,70,crosswalk,False,False,False,0,1,23.055847402716637,1.4398255753211486,True,False
44,C2_PHASE_CONTRACT,OOD,71,crosswalk,False,False,False,0,1,28.540822692112442,1.3790168477730316,True,False
44,C2_PHASE_CONTRACT,OOD,72,crosswalk,False,False,False,0,1,23.07147794483145,1.4924872357670853,True,False
44,C2_PHASE_CONTRACT,OOD,73,crosswalk,False,False,False,0,1,28.165269672878917,1.3671361605326333,True,False
44,C2_PHASE_CONTRACT,OOD,74,crosswalk,False,False,False,0,1,24.678643726549623,1.5178437329627372,True,False
44,C2_PHASE_CONTRACT,OOD,75,crosswalk,False,False,False,0,1,27.385023317827788,1.413201620802283,True,False
44,C2_PHASE_CONTRACT,OOD,76,crosswalk,False,False,False,0,1,29.010996883082452,1.2599000081102898,True,False
44,C2_PHASE_CONTRACT,OOD,77,crosswalk,False,False,False,0,1,25.980139011566663,1.2769897778828938,True,False
44,C2_PHASE_CONTRACT,OOD,78,crosswalk,False,False,False,0,1,29.36863144592133,1.0928845608776265,True,False
44,C2_PHASE_CONTRACT,OOD,79,crosswalk,False,False,False,0,0,21.282490407058045,1.3631691890103474,True,False
44,C2_PHASE_CONTRACT,OOD,80,crosswalk,False,False,False,0,1,24.523939696489727,1.344452269375324,True,False
44,C2_PHASE_CONTRACT,OOD,81,crosswalk,False,False,False,0,1,22.85124460516059,1.4207722533207672,True,False
44,C2_PHASE_CONTRACT,OOD,82,crosswalk,False,False,False,0,1,25.020042221012332,1.2674612584321394,True,False
44,C2_PHASE_CONTRACT,OOD,83,crosswalk,False,False,False,0,1,28.793147343278132,1.0468021812646284,True,False
44,C2_PHASE_CONTRACT,OOD,84,crosswalk,False,False,False,0,1,27.72570590499366,1.3667047162388646,True,False
44,C2_PHASE_CONTRACT,OOD,85,crosswalk,False,False,False,0,1,21.805796707164163,1.2636235569204604,True,False
44,C2_PHASE_CONTRACT,OOD,86,crosswalk,False,False,False,0,1,31.35056830907453,1.4543261975049973,True,False
44,C2_PHASE_CONTRACT,OOD,87,crosswalk,False,False,False,0,1,22.721290833987425,1.3255061043633354,True,False
44,C2_PHASE_CONTRACT,OOD,88,crosswalk,False,False,False,0,1,30.202079958869273,1.2812917747280812,True,False
44,C2_PHASE_CONTRACT,OOD,89,crosswalk,False,False,False,0,1,28.55147914781551,1.260395091633464,True,False
44,C2_PHASE_CONTRACT,OOD,90,crosswalk,False,False,False,0,1,30.717621646912868,1.4333543330430982,True,False
44,C2_PHASE_CONTRACT,OOD,91,crosswalk,False,False,False,0,1,23.453883333197446,1.5230091681351532,True,False
44,C2_PHASE_CONTRACT,OOD,92,crosswalk,False,False,False,0,1,24.445531600235775,1.2055763602256775,True,False
44,C2_PHASE_CONTRACT,OOD,93,crosswalk,False,False,False,0,1,20.78109170597174,1.145588830113411,True,False
44,C2_PHASE_CONTRACT,OOD,94,crosswalk,False,False,False,0,1,26.134378051415894,1.5154950515083645,True,False
44,C2_PHASE_CONTRACT,OOD,95,crosswalk,False,False,False,0,1,21.472261085746265,1.3361732165018716,True,False
44,C2_PHASE_CONTRACT,OOD,96,crosswalk,False,False,False,0,1,28.313874957216186,1.4964141402133675,True,False
44,C2_PHASE_CONTRACT,OOD,97,crosswalk,False,False,False,0,1,30.483187117880412,1.4089962298219854,True,False
44,C2_PHASE_CONTRACT,OOD,98,crosswalk,False,False,False,0,1,27.876750713356344,1.2096501141786575,True,False
44,C2_PHASE_CONTRACT,OOD,99,crosswalk,False,False,False,0,1,28.01651971877451,1.3971066604489863,True,False
44,C2_PHASE_CONTRACT,OOD,100,stop_intersection,False,False,False,0,1,23.493764782554976,2.5315930114852057,True,False
44,C2_PHASE_CONTRACT,OOD,101,stop_intersection,False,False,False,0,1,25.218895753601423,2.3595600542814834,True,False
44,C2_PHASE_CONTRACT,OOD,102,stop_intersection,False,False,False,0,1,30.96772730363169,1.4148479072671187,True,False
44,C2_PHASE_CONTRACT,OOD,103,stop_intersection,False,False,False,0,1,27.089407485872982,2.7470374360997623,True,False
44,C2_PHASE_CONTRACT,OOD,104,stop_intersection,False,False,False,0,1,27.009910071331056,1.6569470885125073,True,False
44,C2_PHASE_CONTRACT,OOD,105,stop_intersection,False,False,False,0,1,21.106288653582286,3.1228278359261954,True,False
44,C2_PHASE_CONTRACT,OOD,106,stop_intersection,False,False,False,0,1,31.085901123552325,1.4627168209929213,True,False
44,C2_PHASE_CONTRACT,OOD,107,stop_intersection,False,False,False,0,1,28.12027257354219,2.4116897900053793,True,False
44,C2_PHASE_CONTRACT,OOD,108,stop_intersection,False,False,False,0,1,24.857576802008595,3.705626010894775,True,False
44,C2_PHASE_CONTRACT,OOD,109,stop_intersection,False,False,False,0,1,21.914223387998724,3.224583864212036,True,False
44,C2_PHASE_CONTRACT,OOD,110,stop_intersection,False,False,False,0,1,24.12131169989418,3.0008695613254197,True,False
44,C2_PHASE_CONTRACT,OOD,111,stop_intersection,False,False,False,0,1,23.874984441695027,2.558705542575229,True,False
44,C2_PHASE_CONTRACT,OOD,112,stop_intersection,False,False,False,0,1,24.259024595348777,2.603197766710882,True,False
44,C2_PHASE_CONTRACT,OOD,113,stop_intersection,False,False,False,0,1,30.811166644627832,1.2080786851319398,True,False
44,C2_PHASE_CONTRACT,OOD,114,stop_intersection,False,False,False,0,1,24.18120931638554,4.319405489497714,True,False
44,C2_PHASE_CONTRACT,OOD,115,stop_intersection,False,False,False,0,1,24.937118856892898,1.5825650659767356,True,False
44,C2_PHASE_CONTRACT,OOD,116,stop_intersection,False,False,False,0,1,22.3605237774053,4.168960431287455,True,False
44,C2_PHASE_CONTRACT,OOD,117,stop_intersection,False,False,False,0,1,28.81375455811532,2.7019604975762572,True,False
44,C2_PHASE_CONTRACT,OOD,118,stop_intersection,False,False,False,0,1,28.549275568900867,1.6321693884359822,True,False
44,C2_PHASE_CONTRACT,OOD,119,stop_intersection,False,False,False,0,1,23.952341655676594,3.7826232002540063,True,False
44,C2_PHASE_CONTRACT,OOD,120,stop_intersection,False,False,False,0,1,30.553143470733836,1.421624102243563,True,False
44,C2_PHASE_CONTRACT,OOD,121,stop_intersection,False,False,False,0,1,21.91151496722763,2.3218255694955583,True,False
44,C2_PHASE_CONTRACT,OOD,122,stop_intersection,False,False,False,0,1,24.730348077919437,1.3396527418276156,True,False
44,C2_PHASE_CONTRACT,OOD,123,stop_intersection,False,False,False,0,1,31.559311490049026,1.5176751911640167,True,False
44,C2_PHASE_CONTRACT,OOD,124,stop_intersection,False,False,False,0,1,28.81848518255355,1.481333153192387,True,False
44,C2_PHASE_CONTRACT,OOD,125,stop_intersection,False,False,False,0,1,23.955054207548102,1.0939026673634846,True,False
44,C2_PHASE_CONTRACT,OOD,126,stop_intersection,False,False,False,0,1,30.94616771910868,2.677596978684689,True,False
44,C2_PHASE_CONTRACT,OOD,127,stop_intersection,False,False,False,0,1,28.326243362565382,2.2723077154821816,True,False
44,C2_PHASE_CONTRACT,OOD,128,stop_intersection,False,False,False,0,1,29.707920555497022,1.4276396443969324,True,False
44,C2_PHASE_CONTRACT,OOD,129,stop_intersection,False,False,False,0,1,26.744826942626005,3.70016204274219,True,False
44,C2_PHASE_CONTRACT,OOD,130,stop_intersection,False,False,False,0,1,21.994292047238062,1.1658641072206717,True,False
44,C2_PHASE_CONTRACT,OOD,131,stop_intersection,False,False,False,0,1,24.617114962238578,3.152676210847012,True,False
44,C2_PHASE_CONTRACT,OOD,132,stop_intersection,False,False,False,0,1,21.5094222432528,3.3049900956997056,True,False
44,C2_PHASE_CONTRACT,OOD,133,stop_intersection,False,False,False,0,1,25.214115892816864,3.6241127649943032,True,False
44,C2_PHASE_CONTRACT,OOD,134,stop_intersection,False,False,False,0,1,26.333928184633393,1.6197927578075513,True,False
44,C2_PHASE_CONTRACT,OOD,135,stop_intersection,False,False,False,0,1,21.801309194315746,1.3296388853818941,True,False
44,C2_PHASE_CONTRACT,OOD,136,stop_intersection,False,False,False,0,1,25.771864406992044,1.4873187606399123,True,False
44,C2_PHASE_CONTRACT,OOD,137,stop_intersection,False,False,False,0,1,31.476462259975513,1.7734166915002074,True,False
44,C2_PHASE_CONTRACT,OOD,138,stop_intersection,False,False,False,0,1,30.920468752403448,1.6529001986108174,True,False
44,C2_PHASE_CONTRACT,OOD,139,stop_intersection,False,False,False,0,1,27.80660327186017,1.4902392411843324,True,False
44,C2_PHASE_CONTRACT,OOD,140,stop_intersection,False,False,False,0,1,25.188976520083944,1.2395410594486054,True,False
44,C2_PHASE_CONTRACT,OOD,141,stop_intersection,False,False,False,0,1,29.438485521809366,1.4035852288090904,True,False
44,C2_PHASE_CONTRACT,OOD,142,stop_intersection,False,False,False,0,1,23.059038768406374,3.0806905724281486,True,False
44,C2_PHASE_CONTRACT,OOD,143,stop_intersection,False,False,False,0,1,27.499446060648594,2.2265211670171645,True,False
44,C2_PHASE_CONTRACT,OOD,144,stop_intersection,False,False,False,0,1,30.487900779779878,1.3344901035993528,True,False
44,C2_PHASE_CONTRACT,OOD,145,stop_intersection,False,False,False,0,1,27.462892495160915,4.367977342707046,True,False
44,C2_PHASE_CONTRACT,OOD,146,stop_intersection,False,False,False,0,1,27.330453402445254,1.908229903170937,True,False
44,C2_PHASE_CONTRACT,OOD,147,stop_intersection,False,False,False,0,1,21.176157587418665,1.4757432808747162,True,False
44,C2_PHASE_CONTRACT,OOD,148,stop_intersection,False,False,False,0,1,20.771218300927877,0.983185243038904,True,False
44,C2_PHASE_CONTRACT,OOD,149,stop_intersection,False,False,False,0,1,29.140959068498614,2.7312131447994963,True,False
44,C2_PHASE_CONTRACT,OOD,150,stop_intersection,False,False,False,0,1,23.06334232354611,2.0584710816974225,True,False
44,C2_PHASE_CONTRACT,OOD,151,stop_intersection,False,False,False,0,1,23.442951397911745,1.4000427330795087,True,False
44,C2_PHASE_CONTRACT,OOD,152,stop_intersection,False,False,False,0,1,30.86400162662016,1.6120493573111456,True,False
44,C2_PHASE_CONTRACT,OOD,153,stop_intersection,False,False,False,0,1,30.364712917226754,1.2772192024603124,True,False
44,C2_PHASE_CONTRACT,OOD,154,stop_intersection,False,False,False,0,1,21.048937872299373,4.894830783208211,True,False
44,C2_PHASE_CONTRACT,OOD,155,stop_intersection,False,False,False,0,1,24.457389002263426,1.4118675722016227,True,False
44,C2_PHASE_CONTRACT,OOD,156,stop_intersection,False,False,False,0,1,22.192839779149892,3.905688524246216,True,False
44,C2_PHASE_CONTRACT,OOD,157,stop_intersection,False,False,False,0,1,23.06097827325131,3.161008427309435,True,False
44,C2_PHASE_CONTRACT,OOD,158,stop_intersection,False,False,False,0,1,31.049346059823623,1.52881991031558,True,False
44,C2_PHASE_CONTRACT,OOD,159,stop_intersection,False,False,False,0,1,29.1532116831946,1.2487363815307617,True,False
44,C2_PHASE_CONTRACT,OOD,160,stop_intersection,False,False,False,0,1,25.594682366608893,3.471354842185974,True,False
44,C2_PHASE_CONTRACT,OOD,161,stop_intersection,False,False,False,0,1,23.88441954856658,1.0769051831701526,True,False
44,C2_PHASE_CONTRACT,OOD,162,stop_intersection,False,False,False,0,1,27.54574287560645,1.267214445180671,True,False
44,C2_PHASE_CONTRACT,OOD,163,stop_intersection,False,False,False,0,1,26.171839512183496,1.474175840616226,True,False
44,C2_PHASE_CONTRACT,OOD,164,stop_intersection,False,False,False,0,1,24.33209924263524,1.1330513552177783,True,False
44,C2_PHASE_CONTRACT,OOD,165,stop_intersection,False,False,False,0,1,28.980890528640373,1.5392561798745934,True,False
44,C2_PHASE_CONTRACT,OOD,166,stop_intersection,False,False,False,0,1,26.5238729441378,1.725924579720748,True,False
44,C2_PHASE_CONTRACT,OOD,167,stop_intersection,False,False,False,0,1,30.571145553974684,1.1938070732614268,True,False
44,C2_PHASE_CONTRACT,OOD,168,stop_intersection,False,False,False,0,1,31.312500920299655,1.3051943345503372,True,False
44,C2_PHASE_CONTRACT,OOD,169,stop_intersection,False,False,False,0,1,28.41936793052791,1.486693039918557,True,False
44,C2_PHASE_CONTRACT,OOD,170,stop_intersection,False,False,False,0,1,20.941363821694235,1.3968696349706404,True,False
44,C2_PHASE_CONTRACT,OOD,171,stop_intersection,False,False,False,0,1,21.6174058136952,1.3288390374666936,True,False
44,C2_PHASE_CONTRACT,OOD,172,stop_intersection,False,False,False,0,0,22.011407392949465,3.2949003655659523,True,False
44,C2_PHASE_CONTRACT,OOD,173,stop_intersection,False,False,False,0,1,28.762897154100095,1.1908979001252546,True,False
44,C2_PHASE_CONTRACT,OOD,174,stop_intersection,False,False,False,0,0,21.77554983763231,2.579481508050646,True,False
44,C2_PHASE_CONTRACT,OOD,175,stop_intersection,False,False,False,0,1,27.99317964942863,1.4277832955121994,True,False
44,C2_PHASE_CONTRACT,OOD,176,stop_intersection,False,False,False,0,1,22.11917200964151,3.777086053575788,True,False
44,C2_PHASE_CONTRACT,OOD,177,stop_intersection,False,False,False,0,1,30.845347715832077,2.2050137783205783,True,False
44,C2_PHASE_CONTRACT,OOD,178,stop_intersection,False,False,False,0,1,28.649291917721104,1.3366508954449703,True,False
44,C2_PHASE_CONTRACT,OOD,179,stop_intersection,False,False,False,0,1,28.37920497478567,1.5944575680338817,True,False
44,C2_PHASE_CONTRACT,OOD,180,stop_intersection,False,False,False,0,1,21.663161286444417,1.2660246590773263,True,False
44,C2_PHASE_CONTRACT,OOD,181,stop_intersection,False,False,False,0,1,31.24492838715696,1.524669572710991,True,False
44,C2_PHASE_CONTRACT,OOD,182,stop_intersection,False,False,False,0,1,23.031973007050166,1.2707880139350891,True,False
44,C2_PHASE_CONTRACT,OOD,183,stop_intersection,False,False,False,0,1,22.184290870070704,1.3442894345835634,True,False
44,C2_PHASE_CONTRACT,OOD,184,stop_intersection,False,False,False,0,1,30.049288976377582,2.617562267374485,True,False
44,C2_PHASE_CONTRACT,OOD,185,stop_intersection,False,False,False,0,1,26.199859989033783,1.1184634592222131,True,False
44,C2_PHASE_CONTRACT,OOD,186,stop_intersection,False,False,False,0,1,29.864450486640685,2.4398044877582126,True,False
44,C2_PHASE_CONTRACT,OOD,187,stop_intersection,False,False,False,0,1,27.79434277912534,1.6596240951464727,True,False
44,C2_PHASE_CONTRACT,OOD,188,stop_intersection,False,False,False,0,1,30.895974123702665,2.6792972224454084,True,False
44,C2_PHASE_CONTRACT,OOD,189,stop_intersection,False,False,False,0,1,29.841307621548818,1.6148277070071244,True,False
44,C2_PHASE_CONTRACT,OOD,190,stop_intersection,False,False,False,0,1,24.747583105135924,1.6119740511241711,True,False
44,C2_PHASE_CONTRACT,OOD,191,stop_intersection,False,False,False,0,1,26.80406556589685,2.1547139899598227,True,False
44,C2_PHASE_CONTRACT,OOD,192,stop_intersection,False,False,False,0,1,30.249383397358468,1.3393040867738943,True,False
44,C2_PHASE_CONTRACT,OOD,193,stop_intersection,False,False,False,0,1,24.118329627123998,1.0930663545926411,True,False
44,C2_PHASE_CONTRACT,OOD,194,stop_intersection,False,False,False,0,1,26.830850513285856,1.3361988095350044,True,False
44,C2_PHASE_CONTRACT,OOD,195,stop_intersection,False,False,False,0,1,26.581006217663916,2.798025393208792,True,False
44,C2_PHASE_CONTRACT,OOD,196,stop_intersection,False,False,False,0,1,22.90014726515561,1.091959217474574,True,False
44,C2_PHASE_CONTRACT,OOD,197,stop_intersection,False,False,False,0,1,29.457024232578625,2.9089154778642854,True,False
44,C2_PHASE_CONTRACT,OOD,198,stop_intersection,False,False,False,0,1,29.049282479402628,1.526765985333401,True,False
44,C2_PHASE_CONTRACT,OOD,199,stop_intersection,False,False,False,0,1,28.503889491758805,1.3299692273139954,True,False
44,C2_PHASE_CONTRACT,OOD,200,lead_brake,False,False,False,0,0,33.704379790052776,7.502878138795494,True,False
44,C2_PHASE_CONTRACT,OOD,201,lead_brake,False,False,False,0,0,30.583556993225837,5.942710194115837,True,False
44,C2_PHASE_CONTRACT,OOD,202,lead_brake,False,False,False,0,0,25.73111004458085,8.00877169581751,True,False
44,C2_PHASE_CONTRACT,OOD,203,lead_brake,False,False,False,0,0,30.54565496274894,10.318852703863135,True,False
44,C2_PHASE_CONTRACT,OOD,204,lead_brake,False,False,False,0,0,29.468673005846806,4.503857959061861,True,False
44,C2_PHASE_CONTRACT,OOD,205,lead_brake,False,False,False,0,0,28.248465009443898,6.17736802312235,True,False
44,C2_PHASE_CONTRACT,OOD,206,lead_brake,False,False,False,0,0,29.9853797218258,9.174099083834637,True,False
44,C2_PHASE_CONTRACT,OOD,207,lead_brake,False,False,False,0,0,32.64243328934468,10.940141171837846,True,False
44,C2_PHASE_CONTRACT,OOD,208,lead_brake,False,False,False,0,0,37.970994477807004,9.04356223468979,True,False
44,C2_PHASE_CONTRACT,OOD,209,lead_brake,False,False,False,0,0,30.472423351269594,6.039447430210809,True,False
44,C2_PHASE_CONTRACT,OOD,210,lead_brake,False,False,False,0,0,29.52875139874379,8.090155467391012,True,False
44,C2_PHASE_CONTRACT,OOD,211,lead_brake,False,False,False,0,0,36.31837505973871,8.256779103850324,True,False
44,C2_PHASE_CONTRACT,OOD,212,lead_brake,False,False,False,0,0,27.352048034122703,7.209827098374564,True,False
44,C2_PHASE_CONTRACT,OOD,213,lead_brake,False,False,False,0,0,30.662355669323265,3.832935190449158,True,False
44,C2_PHASE_CONTRACT,OOD,214,lead_brake,False,False,False,0,0,34.822392142971026,9.804162721460065,True,False
44,C2_PHASE_CONTRACT,OOD,215,lead_brake,False,False,False,0,0,26.571640022363837,7.285672740389903,True,False
44,C2_PHASE_CONTRACT,OOD,216,lead_brake,False,False,False,0,0,40.087524543035734,6.639129543366532,True,False
44,C2_PHASE_CONTRACT,OOD,217,lead_brake,False,False,False,0,0,34.56483729254451,9.831726165798802,True,False
44,C2_PHASE_CONTRACT,OOD,218,lead_brake,False,False,False,0,0,26.438326621228114,3.7659147642552853,True,False
44,C2_PHASE_CONTRACT,OOD,219,lead_brake,False,False,False,0,0,34.25439685401675,9.261254037419954,True,False
44,C2_PHASE_CONTRACT,OOD,220,lead_brake,False,False,False,0,0,35.09537425279645,6.1209537877390785,True,False
44,C2_PHASE_CONTRACT,OOD,221,lead_brake,False,False,False,0,0,23.913579308092565,10.17815522259722,True,False
44,C2_PHASE_CONTRACT,OOD,222,lead_brake,False,False,False,0,0,39.614659945252285,7.998010994400829,True,False
44,C2_PHASE_CONTRACT,OOD,223,lead_brake,False,False,False,0,0,26.131790699136523,9.23648009262979,True,False
44,C2_PHASE_CONTRACT,OOD,224,lead_brake,False,False,False,0,0,31.113919050040042,11.141607073446115,True,False
44,C2_PHASE_CONTRACT,OOD,225,lead_brake,False,False,False,0,0,31.779630333234973,9.185544768969217,True,False
44,C2_PHASE_CONTRACT,OOD,226,lead_brake,False,False,False,0,0,27.012191782593742,9.754792844255764,True,False
44,C2_PHASE_CONTRACT,OOD,227,lead_brake,False,False,False,0,0,38.55953133083799,5.184378473398586,True,False
44,C2_PHASE_CONTRACT,OOD,228,lead_brake,False,False,False,0,0,39.611388396265895,9.880298420321196,True,False
44,C2_PHASE_CONTRACT,OOD,229,lead_brake,False,False,False,0,0,43.0926086561009,8.081776857686538,True,False
44,C2_PHASE_CONTRACT,OOD,230,lead_brake,False,False,False,0,0,33.96779871326494,4.368411209434271,True,False
44,C2_PHASE_CONTRACT,OOD,231,lead_brake,False,False,False,0,0,35.16058816002613,3.0298541026810804,True,False
44,C2_PHASE_CONTRACT,OOD,232,lead_brake,False,False,False,0,0,32.67453225203809,4.790212271735072,True,False
44,C2_PHASE_CONTRACT,OOD,233,lead_brake,False,False,False,0,0,29.869330710630855,7.6247103822727995,True,False
44,C2_PHASE_CONTRACT,OOD,234,lead_brake,False,False,False,0,0,28.99805103111267,10.159041922539473,True,False
44,C2_PHASE_CONTRACT,OOD,235,lead_brake,False,False,False,0,0,32.19882725016793,4.1538965512687955,True,False
44,C2_PHASE_CONTRACT,OOD,236,lead_brake,False,False,False,0,0,42.5432382223382,5.470386763724187,True,False
44,C2_PHASE_CONTRACT,OOD,237,lead_brake,False,False,False,0,0,40.39724461047709,6.175938995244602,True,False
44,C2_PHASE_CONTRACT,OOD,238,lead_brake,False,False,False,0,0,26.0712247307226,7.1490691574290395,True,False
44,C2_PHASE_CONTRACT,OOD,239,lead_brake,False,False,False,0,0,34.3085821067025,10.536300414862732,True,False
44,C2_PHASE_CONTRACT,OOD,240,lead_brake,False,False,False,0,0,36.72399097166957,10.573939017330606,True,False
44,C2_PHASE_CONTRACT,OOD,241,lead_brake,False,False,False,0,0,25.613135763360237,3.8065964753429093,True,False
44,C2_PHASE_CONTRACT,OOD,242,lead_brake,False,False,False,0,0,26.83582271616796,8.599901055606702,True,False
44,C2_PHASE_CONTRACT,OOD,243,lead_brake,False,False,False,0,0,30.955385943046572,6.150006230920552,True,False
44,C2_PHASE_CONTRACT,OOD,244,lead_brake,False,False,False,0,0,41.69489205300808,9.523133444289366,True,False
44,C2_PHASE_CONTRACT,OOD,245,lead_brake,False,False,False,0,0,43.515919474810325,4.095164105917017,True,False
44,C2_PHASE_CONTRACT,OOD,246,lead_brake,False,False,False,0,0,26.673974287724505,8.984493792677918,True,False
44,C2_PHASE_CONTRACT,OOD,247,lead_brake,False,False,False,0,0,31.33347837219654,8.503625279913345,True,False
44,C2_PHASE_CONTRACT,OOD,248,lead_brake,False,False,False,0,0,27.490031597644776,6.367463814094663,True,False
44,C2_PHASE_CONTRACT,OOD,249,lead_brake,False,False,False,0,0,23.87392817071316,6.594189873586098,True,False
44,C2_PHASE_CONTRACT,OOD,250,lead_brake,False,False,False,0,0,33.58285899363943,3.334728999684254,True,False
44,C2_PHASE_CONTRACT,OOD,251,lead_brake,False,False,False,0,0,30.86712339625873,11.00546811769406,True,False
44,C2_PHASE_CONTRACT,OOD,252,lead_brake,False,False,False,0,0,40.18733411736284,4.364711380874117,True,False
44,C2_PHASE_CONTRACT,OOD,253,lead_brake,False,False,False,0,0,28.744705038834343,7.2885947790928185,True,False
44,C2_PHASE_CONTRACT,OOD,254,lead_brake,False,False,False,0,0,28.099612866820628,6.824066705691317,True,False
44,C2_PHASE_CONTRACT,OOD,255,lead_brake,False,False,False,0,0,34.42060121943552,10.226448466380438,True,False
44,C2_PHASE_CONTRACT,OOD,256,lead_brake,False,False,False,0,0,24.8804038401693,5.781442454084754,True,False
44,C2_PHASE_CONTRACT,OOD,257,lead_brake,False,False,False,0,0,30.849861089952412,6.324469887341062,True,False
44,C2_PHASE_CONTRACT,OOD,258,lead_brake,False,False,False,0,0,23.49293682024899,8.442468443885446,True,False
44,C2_PHASE_CONTRACT,OOD,259,lead_brake,False,False,False,0,0,43.175364254619936,8.824676781116674,True,False
44,C2_PHASE_CONTRACT,OOD,260,lead_brake,False,False,False,0,0,34.68588786559301,4.626067960634828,True,False
44,C2_PHASE_CONTRACT,OOD,261,lead_brake,False,False,False,0,0,28.677667370857872,6.651579046001037,True,False
44,C2_PHASE_CONTRACT,OOD,262,lead_brake,False,False,False,0,0,38.38731202753596,8.670605737095077,True,False
44,C2_PHASE_CONTRACT,OOD,263,lead_brake,False,False,False,0,0,30.590360943567514,6.406629659545918,True,False
44,C2_PHASE_CONTRACT,OOD,264,lead_brake,False,False,False,0,0,44.65127673789858,10.517189160610238,True,False
44,C2_PHASE_CONTRACT,OOD,265,lead_brake,False,False,False,0,0,40.18915006662815,8.265425621842345,True,False
44,C2_PHASE_CONTRACT,OOD,266,lead_brake,False,False,False,0,0,32.327202010862294,9.27404902378718,True,False
44,C2_PHASE_CONTRACT,OOD,267,lead_brake,False,False,False,0,0,29.49985354193419,9.401946790205935,True,False
44,C2_PHASE_CONTRACT,OOD,268,lead_brake,False,False,False,0,0,29.156143771831893,7.1849854687849675,True,False
44,C2_PHASE_CONTRACT,OOD,269,lead_brake,False,False,False,0,0,31.49815575582789,9.952563736587763,True,False
44,C2_PHASE_CONTRACT,OOD,270,lead_brake,False,False,False,0,0,25.481011284988792,8.901551200697819,True,False
44,C2_PHASE_CONTRACT,OOD,271,lead_brake,False,False,False,0,0,36.25184490253432,3.910261757361392,True,False
44,C2_PHASE_CONTRACT,OOD,272,lead_brake,False,False,False,0,0,34.233787662435134,7.223579958081245,True,False
44,C2_PHASE_CONTRACT,OOD,273,lead_brake,False,False,False,0,0,34.79117532485711,10.471417074402174,True,False
44,C2_PHASE_CONTRACT,OOD,274,lead_brake,False,False,False,0,0,37.21479099384999,10.756624266505241,True,False
44,C2_PHASE_CONTRACT,OOD,275,lead_brake,False,False,False,0,0,33.03129036899698,7.575331110507249,True,False
44,C2_PHASE_CONTRACT,OOD,276,lead_brake,False,False,False,0,0,28.526429819582887,4.243531686564286,True,False
44,C2_PHASE_CONTRACT,OOD,277,lead_brake,False,False,False,0,0,29.564800338149087,4.6195587776601315,True,False
44,C2_PHASE_CONTRACT,OOD,278,lead_brake,False,False,False,0,0,30.094921630661407,7.181160351882379,True,False
44,C2_PHASE_CONTRACT,OOD,279,lead_brake,False,False,False,0,0,38.73811735084278,9.888905376661569,True,False
44,C2_PHASE_CONTRACT,OOD,280,lead_brake,False,False,False,0,0,30.494646563340407,5.617565459882219,True,False
44,C2_PHASE_CONTRACT,OOD,281,lead_brake,False,False,False,0,0,31.38468014780431,7.06860951675723,True,False
44,C2_PHASE_CONTRACT,OOD,282,lead_brake,False,False,False,0,0,32.18220789306414,10.506797880865632,True,False
44,C2_PHASE_CONTRACT,OOD,283,lead_brake,False,False,False,0,0,36.531760944426054,10.790431937823692,True,False
44,C2_PHASE_CONTRACT,OOD,284,lead_brake,False,False,False,0,0,25.80180950545004,9.39023648109287,True,False
44,C2_PHASE_CONTRACT,OOD,285,lead_brake,False,False,False,0,0,35.28576950395166,9.080637372409303,True,False
44,C2_PHASE_CONTRACT,OOD,286,lead_brake,False,False,False,0,0,29.002729548554264,10.769662224066753,True,False
44,C2_PHASE_CONTRACT,OOD,287,lead_brake,False,False,False,0,0,32.53849924553159,3.2480103634297843,True,False
44,C2_PHASE_CONTRACT,OOD,288,lead_brake,False,False,False,0,0,26.60192756580551,5.292424713571866,True,False
44,C2_PHASE_CONTRACT,OOD,289,lead_brake,False,False,False,0,0,39.76944981935251,3.2562438591072955,True,False
44,C2_PHASE_CONTRACT,OOD,290,lead_brake,False,False,False,0,0,33.67590526798276,4.111730067680279,True,False
44,C2_PHASE_CONTRACT,OOD,291,lead_brake,False,False,False,0,0,21.56481495220213,3.6918585246118405,True,False
44,C2_PHASE_CONTRACT,OOD,292,lead_brake,False,False,False,0,0,36.10182152944649,4.094630368364354,True,False
44,C2_PHASE_CONTRACT,OOD,293,lead_brake,False,False,False,0,0,25.374471556044455,10.95537395340701,True,False
44,C2_PHASE_CONTRACT,OOD,294,lead_brake,False,False,False,0,0,26.646312715095377,8.052229830995202,True,False
44,C2_PHASE_CONTRACT,OOD,295,lead_brake,False,False,False,0,0,28.19893450811505,9.218393843621016,True,False
44,C2_PHASE_CONTRACT,OOD,296,lead_brake,False,False,False,0,0,35.56762395470605,3.4714749914904433,True,False
44,C2_PHASE_CONTRACT,OOD,297,lead_brake,False,False,False,0,0,38.96448805343418,2.9233072952677808,True,False
44,C2_PHASE_CONTRACT,OOD,298,lead_brake,False,False,False,0,0,21.147652145048983,9.122250012742976,True,False
44,C2_PHASE_CONTRACT,OOD,299,lead_brake,False,False,False,0,0,25.63927680728254,5.888667619476716,True,False
44,D_PHASE_SHIELD,ID,0,crosswalk,False,False,False,0,0,30.015731643141287,2.13452703573487,True,False
44,D_PHASE_SHIELD,ID,1,crosswalk,False,False,False,0,0,35.08517866187361,0.4887711132566134,True,False
44,D_PHASE_SHIELD,ID,2,crosswalk,False,False,False,0,0,32.46798851566308,2.128081748431379,True,False
44,D_PHASE_SHIELD,ID,3,crosswalk,False,False,False,0,0,37.18436929488631,1.5348393502442732,True,False
44,D_PHASE_SHIELD,ID,4,crosswalk,False,False,False,0,0,32.13038570306135,2.2389915585517883,True,False
44,D_PHASE_SHIELD,ID,5,crosswalk,False,False,False,0,0,32.671923578962975,2.1074827533701193,True,False
44,D_PHASE_SHIELD,ID,6,crosswalk,False,False,False,0,0,28.18600940278393,0.6849830656459457,True,False
44,D_PHASE_SHIELD,ID,7,crosswalk,False,False,False,0,0,36.00385407844092,0.413400928179423,True,False
44,D_PHASE_SHIELD,ID,8,crosswalk,False,False,False,0,0,26.75502020705489,1.886708114458167,True,False
44,D_PHASE_SHIELD,ID,9,crosswalk,False,False,False,0,0,38.60530715101594,0.4434795056780179,True,False
44,D_PHASE_SHIELD,ID,10,crosswalk,False,False,False,0,0,35.289463462730666,2.0897311077493685,True,False
44,D_PHASE_SHIELD,ID,11,crosswalk,False,False,False,0,0,28.783435428752327,1.8887896835803986,True,False
44,D_PHASE_SHIELD,ID,12,crosswalk,False,False,False,0,0,27.740731833243323,2.3503060874186064,True,False
44,D_PHASE_SHIELD,ID,13,crosswalk,False,False,False,0,0,37.014950782336165,0.9290662340142509,True,False
44,D_PHASE_SHIELD,ID,14,crosswalk,False,False,False,0,0,32.06410960183828,1.9367183620731034,True,False
44,D_PHASE_SHIELD,ID,15,crosswalk,False,False,False,0,0,30.769619050019713,1.7085589076343335,True,False
44,D_PHASE_SHIELD,ID,16,crosswalk,False,False,False,0,0,34.805182666523905,0.4637681557373567,True,False
44,D_PHASE_SHIELD,ID,17,crosswalk,False,False,False,0,0,29.88883334010247,2.1196730570359663,True,False
44,D_PHASE_SHIELD,ID,18,crosswalk,False,False,False,0,0,36.350443858685836,0.512374738852183,True,False
44,D_PHASE_SHIELD,ID,19,crosswalk,False,False,False,0,0,34.01088701597193,0.46587230807000934,True,False
44,D_PHASE_SHIELD,ID,20,crosswalk,False,False,False,0,0,36.722026145699616,1.8394393722216287,True,False
44,D_PHASE_SHIELD,ID,21,crosswalk,False,False,False,0,0,33.42023971585552,0.40666115672692005,True,False
44,D_PHASE_SHIELD,ID,22,crosswalk,False,False,False,0,0,36.16314086513909,0.8178039672582046,True,False
44,D_PHASE_SHIELD,ID,23,crosswalk,False,False,False,0,0,34.759555805941474,0.4972224150385175,True,False
44,D_PHASE_SHIELD,ID,24,crosswalk,False,False,False,0,0,36.42567292799834,2.0899888003865876,True,False
44,D_PHASE_SHIELD,ID,25,crosswalk,False,False,False,0,0,38.45883017648513,1.9210570760071277,True,False
44,D_PHASE_SHIELD,ID,26,crosswalk,False,False,False,0,0,33.64755538646075,0.9670511429960077,True,False
44,D_PHASE_SHIELD,ID,27,crosswalk,False,False,False,0,0,32.28218027051081,0.9932420104742049,True,False
44,D_PHASE_SHIELD,ID,28,crosswalk,False,False,False,0,0,31.661432532385486,2.350229423493147,True,False
44,D_PHASE_SHIELD,ID,29,crosswalk,False,False,False,0,0,37.14486778954045,0.3941214084625244,True,False
44,D_PHASE_SHIELD,ID,30,crosswalk,False,False,False,0,0,27.48379251196406,1.8739201202988625,True,False
44,D_PHASE_SHIELD,ID,31,crosswalk,False,False,False,0,0,38.366951910534894,0.447905994951725,True,False
44,D_PHASE_SHIELD,ID,32,crosswalk,False,False,False,0,0,31.862786643699792,2.1863180647293725,True,False
44,D_PHASE_SHIELD,ID,33,crosswalk,False,False,False,0,0,27.044607176807396,1.7684753239154816,True,False
44,D_PHASE_SHIELD,ID,34,crosswalk,False,False,False,0,0,27.848761282615477,2.148406079837254,True,False
44,D_PHASE_SHIELD,ID,35,crosswalk,False,False,False,0,0,36.57059819739967,0.5144229593376318,True,False
44,D_PHASE_SHIELD,ID,36,crosswalk,False,False,False,0,0,32.66449578611466,2.1614382837129673,True,False
44,D_PHASE_SHIELD,ID,37,crosswalk,False,False,False,0,0,38.29010501040574,0.46570594732960063,True,False
44,D_PHASE_SHIELD,ID,38,crosswalk,False,False,False,0,0,34.55903879064114,0.4351007549659065,True,False
44,D_PHASE_SHIELD,ID,39,crosswalk,False,False,False,0,0,30.64562824895092,1.8918424844741821,True,False
44,D_PHASE_SHIELD,ID,40,crosswalk,False,False,False,0,0,34.91808912052764,0.4453571983005689,True,False
44,D_PHASE_SHIELD,ID,41,crosswalk,False,False,False,0,0,38.69492217510663,1.1063506950934727,True,False
44,D_PHASE_SHIELD,ID,42,crosswalk,False,False,False,0,0,38.2143518750339,1.4310738801956175,True,False
44,D_PHASE_SHIELD,ID,43,crosswalk,False,False,False,0,0,31.061452694589065,2.1884868685156103,True,False
44,D_PHASE_SHIELD,ID,44,crosswalk,False,False,False,0,0,28.360773294831542,1.5108316474490695,True,False
44,D_PHASE_SHIELD,ID,45,crosswalk,False,False,False,0,0,29.151743368198623,1.6140154784634,True,False
44,D_PHASE_SHIELD,ID,46,crosswalk,False,False,False,0,0,34.932508723902565,0.5032495160897573,True,False
44,D_PHASE_SHIELD,ID,47,crosswalk,False,False,False,0,0,32.64944543626044,0.7490012794733047,True,False
44,D_PHASE_SHIELD,ID,48,crosswalk,False,False,False,0,0,34.920386702387276,0.4334450286367665,True,False
44,D_PHASE_SHIELD,ID,49,crosswalk,False,False,False,0,0,29.19034955356833,0.8922391306412847,True,False
44,D_PHASE_SHIELD,ID,50,crosswalk,False,False,False,0,0,30.95463307427138,1.889817826449871,True,False
44,D_PHASE_SHIELD,ID,51,crosswalk,False,False,False,0,0,34.66716841895054,2.0908919473489127,True,False
44,D_PHASE_SHIELD,ID,52,crosswalk,False,False,False,0,0,38.31595194344339,2.028640839068786,True,False
44,D_PHASE_SHIELD,ID,53,crosswalk,False,False,False,0,0,35.36548089539734,2.246229282834313,True,False
44,D_PHASE_SHIELD,ID,54,crosswalk,False,False,False,0,0,37.487904749378714,1.988403140567243,True,False
44,D_PHASE_SHIELD,ID,55,crosswalk,False,False,False,0,0,28.989260524896984,1.7842146701046397,True,False
44,D_PHASE_SHIELD,ID,56,crosswalk,False,False,False,0,0,38.151485584132175,0.47147528014399787,True,False
44,D_PHASE_SHIELD,ID,57,crosswalk,False,False,False,0,0,34.37853818890622,0.509539395570755,True,False
44,D_PHASE_SHIELD,ID,58,crosswalk,False,False,False,0,0,32.889363885659776,2.1766777530960413,True,False
44,D_PHASE_SHIELD,ID,59,crosswalk,False,False,False,0,0,33.45137995984712,0.4132198639537977,True,False
44,D_PHASE_SHIELD,ID,60,crosswalk,False,False,False,0,0,32.8702160887939,1.0207851454615593,True,False
44,D_PHASE_SHIELD,ID,61,crosswalk,False,False,False,0,0,33.27212596144052,2.2479344091632147,True,False
44,D_PHASE_SHIELD,ID,62,crosswalk,False,False,False,0,0,29.00709698997639,2.084916206923398,True,False
44,D_PHASE_SHIELD,ID,63,crosswalk,False,False,False,0,0,37.066864854806525,2.0678312315916023,True,False
44,D_PHASE_SHIELD,ID,64,crosswalk,False,False,False,0,0,31.82105459850268,0.412787144834345,True,False
44,D_PHASE_SHIELD,ID,65,crosswalk,False,False,False,0,0,28.868524549856772,1.8737479050954182,True,False
44,D_PHASE_SHIELD,ID,66,crosswalk,False,False,False,0,0,32.76389325403159,2.087897820317227,True,False
44,D_PHASE_SHIELD,ID,67,crosswalk,False,False,False,0,0,32.93549408099128,2.0180274675721708,True,False
44,D_PHASE_SHIELD,ID,68,crosswalk,False,False,False,0,0,31.99310799470812,0.48825463652610773,True,False
44,D_PHASE_SHIELD,ID,69,crosswalk,False,False,False,0,0,29.616986717358753,1.9874770871617577,True,False
44,D_PHASE_SHIELD,ID,70,crosswalk,False,False,False,0,0,29.69426269516206,0.4376654326915741,True,False
44,D_PHASE_SHIELD,ID,71,crosswalk,False,False,False,0,0,29.209514702716383,1.5546683869546367,True,False
44,D_PHASE_SHIELD,ID,72,crosswalk,False,False,False,0,0,32.351639546686634,2.076131352646784,True,False
44,D_PHASE_SHIELD,ID,73,crosswalk,False,False,False,0,0,35.794547292045095,2.0633338329692683,True,False
44,D_PHASE_SHIELD,ID,74,crosswalk,False,False,False,0,0,28.063072446035108,2.506205235656939,True,False
44,D_PHASE_SHIELD,ID,75,crosswalk,False,False,False,0,0,26.95844017844127,1.9709851525046609,True,False
44,D_PHASE_SHIELD,ID,76,crosswalk,False,False,False,0,0,35.474743162738115,2.1567542105913162,True,False
44,D_PHASE_SHIELD,ID,77,crosswalk,False,False,False,0,0,37.940382960169856,2.0253915324186287,True,False
44,D_PHASE_SHIELD,ID,78,crosswalk,False,False,False,0,0,37.7311002605618,0.698896050453186,True,False
44,D_PHASE_SHIELD,ID,79,crosswalk,False,False,False,0,0,28.953833992135145,2.27375394125518,True,False
44,D_PHASE_SHIELD,ID,80,crosswalk,False,False,False,0,0,38.262214703557476,0.3759713012438554,True,False
44,D_PHASE_SHIELD,ID,81,crosswalk,False,False,False,0,0,32.78593727661504,1.947280175012091,True,False
44,D_PHASE_SHIELD,ID,82,crosswalk,False,False,False,0,0,37.181485620816126,1.5109064091335644,True,False
44,D_PHASE_SHIELD,ID,83,crosswalk,False,False,False,0,0,30.92116741941323,0.4344925284385681,True,False
44,D_PHASE_SHIELD,ID,84,crosswalk,False,False,False,0,0,29.520375018206558,1.9953937286680394,True,False
44,D_PHASE_SHIELD,ID,85,crosswalk,False,False,False,0,0,36.51146324330905,0.49275503239848395,True,False
44,D_PHASE_SHIELD,ID,86,crosswalk,False,False,False,0,0,33.26795201557622,2.127165120580922,True,False
44,D_PHASE_SHIELD,ID,87,crosswalk,False,False,False,0,0,34.25766959347622,2.0013279620219357,True,False
44,D_PHASE_SHIELD,ID,88,crosswalk,False,False,False,0,0,35.07535956428498,2.144609874357348,True,False
44,D_PHASE_SHIELD,ID,89,crosswalk,False,False,False,0,0,30.223404264788293,2.331064833328128,True,False
44,D_PHASE_SHIELD,ID,90,crosswalk,False,False,False,0,0,32.423516530452716,2.0035228457139884,True,False
44,D_PHASE_SHIELD,ID,91,crosswalk,False,False,False,0,0,36.209079410543914,0.38729414343833923,True,False
44,D_PHASE_SHIELD,ID,92,crosswalk,False,False,False,0,0,30.176955247323175,2.314399514347315,True,False
44,D_PHASE_SHIELD,ID,93,crosswalk,False,False,False,0,0,33.476138666928684,0.4874691012359801,True,False
44,D_PHASE_SHIELD,ID,94,crosswalk,False,False,False,0,0,34.973229132920935,1.7107589393854141,True,False
44,D_PHASE_SHIELD,ID,95,crosswalk,False,False,False,0,0,36.392131291797895,2.089245021343231,True,False
44,D_PHASE_SHIELD,ID,96,crosswalk,False,False,False,0,0,38.45390992453595,1.6954330192959826,True,False
44,D_PHASE_SHIELD,ID,97,crosswalk,False,False,False,0,0,28.726717345210616,1.8085084110498428,True,False
44,D_PHASE_SHIELD,ID,98,crosswalk,False,False,False,0,0,33.32810473086132,1.998871041704779,True,False
44,D_PHASE_SHIELD,ID,99,crosswalk,False,False,False,0,0,28.268469530562715,2.1497563095319836,True,False
44,D_PHASE_SHIELD,ID,100,stop_intersection,False,False,False,2,1,33.03316503430072,1.6773493230342864,True,False
44,D_PHASE_SHIELD,ID,101,stop_intersection,False,False,False,3,1,37.49815071645588,1.6599661457160164,True,False
44,D_PHASE_SHIELD,ID,102,stop_intersection,False,False,False,2,1,28.126565447577377,1.6751905129506035,True,False
44,D_PHASE_SHIELD,ID,103,stop_intersection,False,False,False,2,1,33.989636338946845,1.5500455195941623,True,False
44,D_PHASE_SHIELD,ID,104,stop_intersection,False,False,False,3,1,31.048152795597993,1.6872870005094087,True,False
44,D_PHASE_SHIELD,ID,105,stop_intersection,False,False,False,2,1,32.2338769509293,1.6686386078596116,True,False
44,D_PHASE_SHIELD,ID,106,stop_intersection,False,False,False,3,1,30.096340812542692,1.8614543150137137,True,False
44,D_PHASE_SHIELD,ID,107,stop_intersection,False,False,False,2,1,27.10413495609922,1.7031521201133728,True,False
44,D_PHASE_SHIELD,ID,108,stop_intersection,False,False,False,3,1,28.050337822635015,1.7362252348347713,True,False
44,D_PHASE_SHIELD,ID,109,stop_intersection,False,False,False,3,1,30.829974626365228,1.7118401405138846,True,False
44,D_PHASE_SHIELD,ID,110,stop_intersection,False,False,False,3,1,33.943992188304264,1.6948914435820852,True,False
44,D_PHASE_SHIELD,ID,111,stop_intersection,False,False,False,2,1,29.09837599595224,1.6737419952694166,True,False
44,D_PHASE_SHIELD,ID,112,stop_intersection,False,False,False,2,1,29.279890450557936,1.7639664427230233,True,False
44,D_PHASE_SHIELD,ID,113,stop_intersection,False,False,False,2,1,32.216651199948906,1.749185885119642,True,False
44,D_PHASE_SHIELD,ID,114,stop_intersection,False,False,False,3,1,30.995705938613007,1.756673974868579,True,False
44,D_PHASE_SHIELD,ID,115,stop_intersection,False,False,False,3,1,36.23458826721771,1.6989708673663255,True,False
44,D_PHASE_SHIELD,ID,116,stop_intersection,False,False,False,3,1,33.874383407526395,1.703287824988365,True,False
44,D_PHASE_SHIELD,ID,117,stop_intersection,False,False,False,3,1,34.936404092262435,1.682173360169418,True,False
44,D_PHASE_SHIELD,ID,118,stop_intersection,False,False,False,3,1,35.95055737995471,1.623361962182181,True,False
44,D_PHASE_SHIELD,ID,119,stop_intersection,False,False,False,2,1,28.00426687799034,1.7946366899543336,True,False
44,D_PHASE_SHIELD,ID,120,stop_intersection,False,False,False,3,1,26.977143265296526,1.8533662557601929,True,False
44,D_PHASE_SHIELD,ID,121,stop_intersection,False,False,False,3,1,36.90637431177417,1.5831427102865174,True,False
44,D_PHASE_SHIELD,ID,122,stop_intersection,False,False,False,3,1,36.30917880814643,1.5727412654447928,True,False
44,D_PHASE_SHIELD,ID,123,stop_intersection,False,False,False,2,1,28.68677067651099,1.6665311079276235,True,False
44,D_PHASE_SHIELD,ID,124,stop_intersection,False,False,False,2,1,29.666987149760573,1.7085592505094165,True,False
44,D_PHASE_SHIELD,ID,125,stop_intersection,False,False,False,3,1,32.83021589825347,1.8026304856324806,True,False
44,D_PHASE_SHIELD,ID,126,stop_intersection,False,False,False,2,1,28.923189706420978,1.7512907015310748,True,False
44,D_PHASE_SHIELD,ID,127,stop_intersection,False,False,False,2,1,32.06498802538864,1.680617819993924,True,False
44,D_PHASE_SHIELD,ID,128,stop_intersection,False,False,False,3,1,32.33404574372677,1.6720808744430542,True,False
44,D_PHASE_SHIELD,ID,129,stop_intersection,False,False,False,3,1,31.628557107852053,1.7672631068107407,True,False
44,D_PHASE_SHIELD,ID,130,stop_intersection,False,False,False,2,1,28.129751445842103,1.7725916972031464,True,False
44,D_PHASE_SHIELD,ID,131,stop_intersection,False,False,False,2,1,27.53406721345313,1.8356857542638423,True,False
44,D_PHASE_SHIELD,ID,132,stop_intersection,False,False,False,2,1,32.39078908660708,1.7005492597818375,True,False
44,D_PHASE_SHIELD,ID,133,stop_intersection,False,False,False,3,1,33.069155292034154,1.6427761674896486,True,False
44,D_PHASE_SHIELD,ID,134,stop_intersection,False,False,False,3,1,30.02855935872586,1.633225932717323,True,False
44,D_PHASE_SHIELD,ID,135,stop_intersection,False,False,False,3,1,33.40073708630698,1.7255421280860899,True,False
44,D_PHASE_SHIELD,ID,136,stop_intersection,False,False,False,3,1,30.01923298717268,1.7817339199083342,True,False
44,D_PHASE_SHIELD,ID,137,stop_intersection,False,False,False,2,1,33.806791462489315,1.751677080988884,True,False
44,D_PHASE_SHIELD,ID,138,stop_intersection,False,False,False,3,1,38.33972818495121,1.6119207476460655,True,False
44,D_PHASE_SHIELD,ID,139,stop_intersection,False,False,False,3,1,27.09521313540067,1.8892066682930344,True,False
44,D_PHASE_SHIELD,ID,140,stop_intersection,False,False,False,3,1,27.777654066459508,1.8161956227577485,True,False
44,D_PHASE_SHIELD,ID,141,stop_intersection,False,False,False,3,1,28.899845065872377,1.7671649262711808,True,False
44,D_PHASE_SHIELD,ID,142,stop_intersection,False,False,False,3,1,36.10245618627701,1.7040957328749866,True,False
44,D_PHASE_SHIELD,ID,143,stop_intersection,False,False,False,3,1,37.46669284393034,1.541786057931004,True,False
44,D_PHASE_SHIELD,ID,144,stop_intersection,False,False,False,3,1,30.607525427175496,1.7831996642706684,True,False
44,D_PHASE_SHIELD,ID,145,stop_intersection,False,False,False,2,1,26.964958153641696,1.7897227544475482,True,False
44,D_PHASE_SHIELD,ID,146,stop_intersection,False,False,False,3,1,29.7524380501949,1.7452235710926545,True,False
44,D_PHASE_SHIELD,ID,147,stop_intersection,False,False,False,2,1,31.80613953928252,1.552982054105619,True,False
44,D_PHASE_SHIELD,ID,148,stop_intersection,False,False,False,3,1,31.9861329918034,1.7642615238825479,True,False
44,D_PHASE_SHIELD,ID,149,stop_intersection,False,False,False,2,1,28.211881366008157,1.791061454900989,True,False
44,D_PHASE_SHIELD,ID,150,stop_intersection,False,False,False,3,1,27.99803895275683,1.4737242536167754,True,False
44,D_PHASE_SHIELD,ID,151,stop_intersection,False,False,False,2,1,27.45230099666272,1.2784007826661752,True,False
44,D_PHASE_SHIELD,ID,152,stop_intersection,False,False,False,3,1,20.57326183893563,1.3662441189993508,True,False
44,D_PHASE_SHIELD,ID,153,stop_intersection,False,False,False,4,1,20.60773724428629,1.5216577349964415,True,False
44,D_PHASE_SHIELD,ID,154,stop_intersection,False,False,False,3,1,27.943667185975393,1.3235491282368699,True,False
44,D_PHASE_SHIELD,ID,155,stop_intersection,False,False,False,3,1,21.965465798538602,1.252996952868998,True,False
44,D_PHASE_SHIELD,ID,156,stop_intersection,False,False,False,3,1,27.968134785575863,1.271087998452668,True,False
44,D_PHASE_SHIELD,ID,157,stop_intersection,False,False,False,4,1,24.21794004808318,1.3971264016193647,True,False
44,D_PHASE_SHIELD,ID,158,stop_intersection,False,False,False,3,1,25.97242283455717,1.356755470111966,True,False
44,D_PHASE_SHIELD,ID,159,stop_intersection,False,False,False,3,1,20.972760754240888,1.3229748033483824,True,False
44,D_PHASE_SHIELD,ID,160,stop_intersection,False,False,False,3,1,27.99772353946182,1.3014240622690882,True,False
44,D_PHASE_SHIELD,ID,161,stop_intersection,False,False,False,3,1,21.77938038165739,1.4532913060561903,True,False
44,D_PHASE_SHIELD,ID,162,stop_intersection,False,False,False,3,1,25.565295939216966,1.390344724059105,True,False
44,D_PHASE_SHIELD,ID,163,stop_intersection,False,False,False,3,1,21.891783163104275,1.2781656511079253,True,False
44,D_PHASE_SHIELD,ID,164,stop_intersection,False,False,False,3,1,20.96276885853761,1.4200392300667968,True,False
44,D_PHASE_SHIELD,ID,165,stop_intersection,False,False,False,3,1,20.902885109046444,1.358328812210648,True,False
44,D_PHASE_SHIELD,ID,166,stop_intersection,False,False,False,3,1,21.629983265500456,1.3184488827877856,True,False
44,D_PHASE_SHIELD,ID,167,stop_intersection,False,False,False,4,1,22.801746006574913,1.4253052907685437,True,False
44,D_PHASE_SHIELD,ID,168,stop_intersection,False,False,False,3,1,26.216675395572587,1.2864857665902258,True,False
44,D_PHASE_SHIELD,ID,169,stop_intersection,False,False,False,3,1,21.94927170831255,1.464498128604006,True,False
44,D_PHASE_SHIELD,ID,170,stop_intersection,False,False,False,3,1,21.74434190691592,1.291986607313156,True,False
44,D_PHASE_SHIELD,ID,171,stop_intersection,False,False,False,3,1,21.97980938280169,1.2778468141758363,True,False
44,D_PHASE_SHIELD,ID,172,stop_intersection,False,False,False,4,1,22.613536095365625,1.3391637088606756,True,False
44,D_PHASE_SHIELD,ID,173,stop_intersection,False,False,False,2,1,22.220580989336554,1.3507182681602787,True,False
44,D_PHASE_SHIELD,ID,174,stop_intersection,False,False,False,4,1,27.743250367037383,1.3664505769099506,True,False
44,D_PHASE_SHIELD,ID,175,stop_intersection,False,False,False,3,1,22.824505635600737,1.3238484370211758,True,False
44,D_PHASE_SHIELD,ID,176,stop_intersection,False,False,False,3,1,22.391388387618157,1.3467855843506298,True,False
44,D_PHASE_SHIELD,ID,177,stop_intersection,False,False,False,3,1,27.56383798300558,1.5236924355002968,True,False
44,D_PHASE_SHIELD,ID,178,stop_intersection,False,False,False,3,1,25.139618622484825,1.497812401672656,True,False
44,D_PHASE_SHIELD,ID,179,stop_intersection,False,False,False,3,1,21.99560750372372,1.3559583598355047,True,False
44,D_PHASE_SHIELD,ID,180,stop_intersection,False,False,False,3,1,22.1203999541277,1.330362961317102,True,False
44,D_PHASE_SHIELD,ID,181,stop_intersection,False,False,False,3,1,28.044440384602147,1.3122031246890233,True,False
44,D_PHASE_SHIELD,ID,182,stop_intersection,False,False,False,3,1,21.830110924045076,1.3846953508860251,True,False
44,D_PHASE_SHIELD,ID,183,stop_intersection,False,False,False,3,1,21.25384893580096,1.2598446083183472,True,False
44,D_PHASE_SHIELD,ID,184,stop_intersection,False,False,False,2,1,20.708017481730767,1.438106342178324,True,False
44,D_PHASE_SHIELD,ID,185,stop_intersection,False,False,False,3,1,22.623558207630637,1.4027511419161505,True,False
44,D_PHASE_SHIELD,ID,186,stop_intersection,False,False,False,4,1,28.068019588198183,1.3542993414402007,True,False
44,D_PHASE_SHIELD,ID,187,stop_intersection,False,False,False,4,1,21.3386394539756,1.4796831218180833,True,False
44,D_PHASE_SHIELD,ID,188,stop_intersection,False,False,False,2,1,27.09104235860574,1.477864334416209,True,False
44,D_PHASE_SHIELD,ID,189,stop_intersection,False,False,False,4,1,28.224444613192397,1.2837250335142014,True,False
44,D_PHASE_SHIELD,ID,190,stop_intersection,False,False,False,3,1,21.216048415209848,1.452358028999921,True,False
44,D_PHASE_SHIELD,ID,191,stop_intersection,False,False,False,3,1,27.32627175831987,1.4497899644904666,True,False
44,D_PHASE_SHIELD,ID,192,stop_intersection,False,False,False,4,1,26.434247684724042,1.3562623972445724,True,False
44,D_PHASE_SHIELD,ID,193,stop_intersection,False,False,False,3,1,27.426008287329957,1.3347206857055427,True,False
44,D_PHASE_SHIELD,ID,194,stop_intersection,False,False,False,4,1,25.13662970449479,1.31411353703223,True,False
44,D_PHASE_SHIELD,ID,195,stop_intersection,False,False,False,4,1,20.464153658066103,1.4233931136310944,True,False
44,D_PHASE_SHIELD,ID,196,stop_intersection,False,False,False,3,1,26.7858311066042,1.3039278270800907,True,False
44,D_PHASE_SHIELD,ID,197,stop_intersection,False,False,False,2,1,20.469939622893154,1.459873609922149,True,False
44,D_PHASE_SHIELD,ID,198,stop_intersection,False,False,False,3,1,23.332723436986086,1.5060876665749783,True,False
44,D_PHASE_SHIELD,ID,199,stop_intersection,False,False,False,4,1,27.7949753635355,1.471569824191155,True,False
44,D_PHASE_SHIELD,ID,200,lead_brake,False,False,False,0,0,70.95084059540726,10.249007077887654,True,False
44,D_PHASE_SHIELD,ID,201,lead_brake,False,False,False,0,0,93.72972509726887,1.9930958859622476,True,False
44,D_PHASE_SHIELD,ID,202,lead_brake,False,False,False,0,0,54.96933184345305,10.849981481830278,True,False
44,D_PHASE_SHIELD,ID,203,lead_brake,False,False,False,0,0,75.14921674956231,1.5424696405728657,True,False
44,D_PHASE_SHIELD,ID,204,lead_brake,False,False,False,0,0,97.31804917713563,0.07668393260488907,True,False
44,D_PHASE_SHIELD,ID,205,lead_brake,False,False,False,0,0,74.37397039995274,2.7555827970306077,True,False
44,D_PHASE_SHIELD,ID,206,lead_brake,False,False,False,0,0,88.71379730185404,0.6353443562984465,True,False
44,D_PHASE_SHIELD,ID,207,lead_brake,False,False,False,0,0,76.88695029336465,9.77081103188296,True,False
44,D_PHASE_SHIELD,ID,208,lead_brake,False,False,False,0,0,58.32531897537255,11.96947146952152,True,False
44,D_PHASE_SHIELD,ID,209,lead_brake,False,False,False,0,0,87.64425103836668,4.458945052698254,True,False
44,D_PHASE_SHIELD,ID,210,lead_brake,False,False,False,0,0,74.80715824847509,1.0770519034316142,True,False
44,D_PHASE_SHIELD,ID,211,lead_brake,False,False,False,0,0,84.69298675190225,6.629724181567629,True,False
44,D_PHASE_SHIELD,ID,212,lead_brake,False,False,False,0,0,77.23980467667033,3.84976477175951,True,False
44,D_PHASE_SHIELD,ID,213,lead_brake,False,False,False,0,0,73.67200654422885,9.856908529996872,True,False
44,D_PHASE_SHIELD,ID,214,lead_brake,False,False,False,0,0,86.44313717689737,1.3300348545114198,True,False
44,D_PHASE_SHIELD,ID,215,lead_brake,False,False,False,0,0,95.90085161030261,0.7515292484313248,True,False
44,D_PHASE_SHIELD,ID,216,lead_brake,False,False,False,0,0,98.29400647483757,0.02366253174841404,True,False
44,D_PHASE_SHIELD,ID,217,lead_brake,False,False,False,0,0,70.56539352955357,10.898543251057466,True,False
44,D_PHASE_SHIELD,ID,218,lead_brake,False,False,False,0,0,68.58197307451982,7.0788913089782,True,False
44,D_PHASE_SHIELD,ID,219,lead_brake,False,False,False,0,0,70.67841105419727,6.355370293060939,True,False
44,D_PHASE_SHIELD,ID,220,lead_brake,False,False,False,0,0,70.4155471332224,10.051395709315935,True,False
44,D_PHASE_SHIELD,ID,221,lead_brake,False,False,False,0,0,78.15433189535965,7.917380555222431,True,False
44,D_PHASE_SHIELD,ID,222,lead_brake,False,False,False,0,0,79.44728065380659,8.305075304582715,True,False
44,D_PHASE_SHIELD,ID,223,lead_brake,False,False,False,0,0,66.26329948613665,8.932859486589829,True,False
44,D_PHASE_SHIELD,ID,224,lead_brake,False,False,False,0,0,74.88163358541476,8.211652994155884,True,False
44,D_PHASE_SHIELD,ID,225,lead_brake,False,False,False,0,0,65.32141154556585,6.649666220570603,True,False
44,D_PHASE_SHIELD,ID,226,lead_brake,False,False,False,0,0,65.76344206612278,10.52653067310651,True,False
44,D_PHASE_SHIELD,ID,227,lead_brake,False,False,False,0,0,71.5610261480999,2.712385511646668,True,False
44,D_PHASE_SHIELD,ID,228,lead_brake,False,False,False,0,0,80.28746478097504,7.952046008159717,True,False
44,D_PHASE_SHIELD,ID,229,lead_brake,False,False,False,0,0,67.03200736943035,9.091072010497252,True,False
44,D_PHASE_SHIELD,ID,230,lead_brake,False,False,False,0,0,84.39495920498929,4.450322130074103,True,False
44,D_PHASE_SHIELD,ID,231,lead_brake,False,False,False,0,0,79.52138363108702,3.2331058209141093,True,False
44,D_PHASE_SHIELD,ID,232,lead_brake,False,False,False,0,0,76.4406352789574,2.887712488571802,True,False
44,D_PHASE_SHIELD,ID,233,lead_brake,False,False,False,0,0,94.73859830471181,1.055512947961688,True,False
44,D_PHASE_SHIELD,ID,234,lead_brake,False,False,False,0,0,80.76274766319392,2.2182601056993003,True,False
44,D_PHASE_SHIELD,ID,235,lead_brake,False,False,False,0,0,83.44969925808894,1.0759653896093369,True,False
44,D_PHASE_SHIELD,ID,236,lead_brake,False,False,False,0,0,64.95817348752817,7.41380902690192,True,False
44,D_PHASE_SHIELD,ID,237,lead_brake,False,False,False,0,0,80.30440818941968,2.847589833041032,True,False
44,D_PHASE_SHIELD,ID,238,lead_brake,False,False,False,0,0,83.04969571219502,0.9008348987748225,True,False
44,D_PHASE_SHIELD,ID,239,lead_brake,False,False,False,0,0,52.611263847170974,10.651375616590181,True,False
44,D_PHASE_SHIELD,ID,240,lead_brake,False,False,False,0,0,73.79876555134562,8.904483790198961,True,False
44,D_PHASE_SHIELD,ID,241,lead_brake,False,False,False,0,0,58.910867015676644,10.36169985619684,True,False
44,D_PHASE_SHIELD,ID,242,lead_brake,False,False,False,0,0,67.07692650144917,4.271520113572478,True,False
44,D_PHASE_SHIELD,ID,243,lead_brake,False,False,False,0,0,53.67485821705021,12.734401941299437,True,False
44,D_PHASE_SHIELD,ID,244,lead_brake,False,False,False,0,0,54.70113237581345,9.59567626651066,True,False
44,D_PHASE_SHIELD,ID,245,lead_brake,False,False,False,0,0,75.78293037781683,4.540745886663595,True,False
44,D_PHASE_SHIELD,ID,246,lead_brake,False,False,False,0,0,98.33272266790274,0.04880658537149429,True,False
44,D_PHASE_SHIELD,ID,247,lead_brake,False,False,False,0,0,80.27621301373023,7.391886139909426,True,False
44,D_PHASE_SHIELD,ID,248,lead_brake,False,False,False,0,0,66.83128934715279,9.915305740510423,True,False
44,D_PHASE_SHIELD,ID,249,lead_brake,False,False,False,0,0,97.86291373322871,0.04832801036536693,True,False
44,D_PHASE_SHIELD,ID,250,lead_brake,False,False,False,0,0,70.1500862935077,8.438916989912588,True,False
44,D_PHASE_SHIELD,ID,251,lead_brake,False,False,False,0,0,73.30354692547324,2.233790516232451,True,False
44,D_PHASE_SHIELD,ID,252,lead_brake,False,False,False,0,0,86.81900677705798,0.9051531155904133,True,False
44,D_PHASE_SHIELD,ID,253,lead_brake,False,False,False,0,0,87.52766417284238,2.5987268599371114,True,False
44,D_PHASE_SHIELD,ID,254,lead_brake,False,False,False,0,0,95.42390292029033,0.900552828485767,True,False
44,D_PHASE_SHIELD,ID,255,lead_brake,False,False,False,0,0,61.91701187600565,6.252674685170253,True,False
44,D_PHASE_SHIELD,ID,256,lead_brake,False,False,False,0,0,71.84049060636636,5.613785230865081,True,False
44,D_PHASE_SHIELD,ID,257,lead_brake,False,False,False,0,0,78.56592153108068,8.264691237360239,True,False
44,D_PHASE_SHIELD,ID,258,lead_brake,False,False,False,0,0,78.9896421451039,7.765796376392245,True,False
44,D_PHASE_SHIELD,ID,259,lead_brake,False,False,False,0,0,97.34888560587474,0.1388810637096564,True,False
44,D_PHASE_SHIELD,ID,260,lead_brake,False,False,False,0,0,71.5882840836083,4.677978604100644,True,False
44,D_PHASE_SHIELD,ID,261,lead_brake,False,False,False,0,0,77.95836973629885,7.6075787004083395,True,False
44,D_PHASE_SHIELD,ID,262,lead_brake,False,False,False,0,0,89.86826304714278,0.39921247710784274,True,False
44,D_PHASE_SHIELD,ID,263,lead_brake,False,False,False,0,0,77.68869275862289,8.075450373192629,True,False
44,D_PHASE_SHIELD,ID,264,lead_brake,False,False,False,0,0,96.7363640279623,0.09767467466493447,True,False
44,D_PHASE_SHIELD,ID,265,lead_brake,False,False,False,0,0,84.45104633960867,5.04270296016087,True,False
44,D_PHASE_SHIELD,ID,266,lead_brake,False,False,False,0,0,86.61331869422386,2.9054467541476092,True,False
44,D_PHASE_SHIELD,ID,267,lead_brake,False,False,False,0,0,85.25754668655937,3.1277564950287338,True,False
44,D_PHASE_SHIELD,ID,268,lead_brake,False,False,False,0,0,84.39876069369883,1.4145804916818934,True,False
44,D_PHASE_SHIELD,ID,269,lead_brake,False,False,False,0,0,58.140870724424204,11.34935279438893,True,False
44,D_PHASE_SHIELD,ID,270,lead_brake,False,False,False,0,0,73.29280712293973,9.25191003580888,True,False
44,D_PHASE_SHIELD,ID,271,lead_brake,False,False,False,0,0,57.48338123497083,10.91862703859806,True,False
44,D_PHASE_SHIELD,ID,272,lead_brake,False,False,False,0,0,76.1948684622275,9.278344895069797,True,False
44,D_PHASE_SHIELD,ID,273,lead_brake,False,False,False,0,0,60.088238972083516,3.541985551516215,True,False
44,D_PHASE_SHIELD,ID,274,lead_brake,False,False,False,0,0,58.72697618893567,10.498049331208069,True,False
44,D_PHASE_SHIELD,ID,275,lead_brake,False,False,False,0,0,86.72113029449888,2.6131982629497843,True,False
44,D_PHASE_SHIELD,ID,276,lead_brake,False,False,False,0,0,53.41964745339077,10.411733530461788,True,False
44,D_PHASE_SHIELD,ID,277,lead_brake,False,False,False,0,0,60.34611107893473,11.094204361240068,True,False
44,D_PHASE_SHIELD,ID,278,lead_brake,False,False,False,0,0,81.49611541342163,6.181317876713971,True,False
44,D_PHASE_SHIELD,ID,279,lead_brake,False,False,False,0,0,64.34654477910013,9.883583600322405,True,False
44,D_PHASE_SHIELD,ID,280,lead_brake,False,False,False,0,0,85.6191948480553,1.5155952579031386,True,False
44,D_PHASE_SHIELD,ID,281,lead_brake,False,False,False,0,0,89.10233246173127,0.48777160048484797,True,False
44,D_PHASE_SHIELD,ID,282,lead_brake,False,False,False,0,0,72.7964936807369,0.9973684052626292,True,False
44,D_PHASE_SHIELD,ID,283,lead_brake,False,False,False,0,0,68.96263856729958,2.7241226161519685,True,False
44,D_PHASE_SHIELD,ID,284,lead_brake,False,False,False,0,0,60.490871669681056,11.069892257452011,True,False
44,D_PHASE_SHIELD,ID,285,lead_brake,False,False,False,0,0,82.99699112493185,2.7145075146108866,True,False
44,D_PHASE_SHIELD,ID,286,lead_brake,False,False,False,0,0,60.574237799993135,10.54682338113586,True,False
44,D_PHASE_SHIELD,ID,287,lead_brake,False,False,False,0,0,88.09665043522853,1.1559343039989471,True,False
44,D_PHASE_SHIELD,ID,288,lead_brake,False,False,False,0,0,80.64024590130244,0.3820263650268316,True,False
44,D_PHASE_SHIELD,ID,289,lead_brake,False,False,False,0,0,78.66196455285704,5.372934779773156,True,False
44,D_PHASE_SHIELD,ID,290,lead_brake,False,False,False,0,0,77.41088702732249,6.3257084644089145,True,False
44,D_PHASE_SHIELD,ID,291,lead_brake,False,False,False,0,0,85.3866391163419,0.9055522630612054,True,False
44,D_PHASE_SHIELD,ID,292,lead_brake,False,False,False,0,0,82.51732640083245,2.6536275700976453,True,False
44,D_PHASE_SHIELD,ID,293,lead_brake,False,False,False,0,0,44.9964942544625,11.114879601324597,True,False
44,D_PHASE_SHIELD,ID,294,lead_brake,False,False,False,0,0,88.13664282550741,5.270633429288864,True,False
44,D_PHASE_SHIELD,ID,295,lead_brake,False,False,False,0,0,73.59760505795121,4.504682672520478,True,False
44,D_PHASE_SHIELD,ID,296,lead_brake,False,False,False,0,0,83.21883408678647,4.408175193394223,True,False
44,D_PHASE_SHIELD,ID,297,lead_brake,False,False,False,0,0,67.66162327529138,10.352320084969202,True,False
44,D_PHASE_SHIELD,ID,298,lead_brake,False,False,False,0,0,67.62943366796704,3.347116323808829,True,False
44,D_PHASE_SHIELD,ID,299,lead_brake,False,False,False,0,0,76.42681360490614,8.755111311251918,True,False
44,D_PHASE_SHIELD,OOD,0,crosswalk,False,False,False,2,1,30.097973903309565,2.328379373292665,True,False
44,D_PHASE_SHIELD,OOD,1,crosswalk,False,False,False,0,0,31.648254941829805,1.412204293643727,True,False
44,D_PHASE_SHIELD,OOD,2,crosswalk,False,False,False,2,1,22.91765363486878,1.4604461405958449,True,False
44,D_PHASE_SHIELD,OOD,3,crosswalk,False,False,False,0,1,30.305001167346106,1.423371150380089,True,False
44,D_PHASE_SHIELD,OOD,4,crosswalk,False,False,False,0,1,25.254687720183398,1.2050685286521912,True,False
44,D_PHASE_SHIELD,OOD,5,crosswalk,False,False,False,0,1,24.970345410404995,1.433213580222357,True,False
44,D_PHASE_SHIELD,OOD,6,crosswalk,False,False,False,0,1,20.533945908567617,1.2859040972861375,True,False
44,D_PHASE_SHIELD,OOD,7,crosswalk,False,False,False,0,1,22.130329268430636,1.3555374114136947,True,False
44,D_PHASE_SHIELD,OOD,8,crosswalk,False,False,False,0,1,30.2479094639711,1.0903250376383462,True,False
44,D_PHASE_SHIELD,OOD,9,crosswalk,False,False,False,0,1,29.64093957285267,1.4916879879800895,True,False
44,D_PHASE_SHIELD,OOD,10,crosswalk,False,False,False,0,1,26.30509145083721,1.213637345603534,True,False
44,D_PHASE_SHIELD,OOD,11,crosswalk,False,False,False,1,1,24.231168601307736,1.8894349879365626,True,False
44,D_PHASE_SHIELD,OOD,12,crosswalk,False,False,False,3,1,27.31671539677362,1.6666666666666665,True,False
44,D_PHASE_SHIELD,OOD,13,crosswalk,False,False,False,0,1,23.35252141727686,1.2161926342093425,True,False
44,D_PHASE_SHIELD,OOD,14,crosswalk,False,False,False,0,1,31.34561996218366,1.3364812447911216,True,False
44,D_PHASE_SHIELD,OOD,15,crosswalk,False,False,False,0,1,22.394666049743442,1.2630085742219965,True,False
44,D_PHASE_SHIELD,OOD,16,crosswalk,False,False,False,0,1,22.63428039147091,1.1755609909693399,True,False
44,D_PHASE_SHIELD,OOD,17,crosswalk,False,False,False,3,1,21.040280047315584,1.423783273407907,True,False
44,D_PHASE_SHIELD,OOD,18,crosswalk,False,False,False,3,1,22.1461515559947,1.7523164727666356,True,False
44,D_PHASE_SHIELD,OOD,19,crosswalk,False,False,False,0,1,21.916657596987392,1.3273230762708754,True,False
44,D_PHASE_SHIELD,OOD,20,crosswalk,False,False,False,3,1,29.6878602846351,1.507726281429782,True,False
44,D_PHASE_SHIELD,OOD,21,crosswalk,False,False,False,0,1,22.2327683068308,1.1928087570097134,True,False
44,D_PHASE_SHIELD,OOD,22,crosswalk,False,False,False,0,1,21.03881970410618,1.3273666873574257,True,False
44,D_PHASE_SHIELD,OOD,23,crosswalk,False,False,False,2,1,29.07094545736026,1.8037862833156142,True,False
44,D_PHASE_SHIELD,OOD,24,crosswalk,False,False,False,0,0,23.31775071518708,1.3182470860869384,True,False
44,D_PHASE_SHIELD,OOD,25,crosswalk,False,False,False,3,1,22.335788967868375,1.3233159275518525,True,False
44,D_PHASE_SHIELD,OOD,26,crosswalk,False,False,False,3,1,22.833998714993385,1.3891019933465598,True,False
44,D_PHASE_SHIELD,OOD,27,crosswalk,False,False,False,1,1,29.374770706700197,1.5208577332289321,True,False
44,D_PHASE_SHIELD,OOD,28,crosswalk,False,False,False,2,1,30.92393234559669,2.2687644912646365,True,False
44,D_PHASE_SHIELD,OOD,29,crosswalk,False,False,False,0,1,29.078199628619007,1.1285162249276803,True,False
44,D_PHASE_SHIELD,OOD,30,crosswalk,False,False,False,0,0,29.20992875602049,1.4579591240201677,True,False
44,D_PHASE_SHIELD,OOD,31,crosswalk,False,False,False,0,1,23.096722026136007,1.341938049249027,True,False
44,D_PHASE_SHIELD,OOD,32,crosswalk,False,False,False,2,1,27.68799184642441,1.8393379087033475,True,False
44,D_PHASE_SHIELD,OOD,33,crosswalk,False,False,False,2,1,26.669315162778094,2.0560405768030057,True,False
44,D_PHASE_SHIELD,OOD,34,crosswalk,False,False,False,2,1,24.585628073247346,1.4130434782608694,True,False
44,D_PHASE_SHIELD,OOD,35,crosswalk,False,False,False,0,1,22.37792079729296,1.4047094902326895,True,False
44,D_PHASE_SHIELD,OOD,36,crosswalk,False,False,False,0,1,21.206807188522433,1.322814895047082,True,False
44,D_PHASE_SHIELD,OOD,37,crosswalk,False,False,False,0,1,22.616425770504243,1.342820135446695,True,False
44,D_PHASE_SHIELD,OOD,38,crosswalk,False,False,False,3,1,20.77321251352965,1.6208889082074165,True,False
44,D_PHASE_SHIELD,OOD,39,crosswalk,False,False,False,2,1,30.480953306215454,1.9525639925684248,True,False
44,D_PHASE_SHIELD,OOD,40,crosswalk,False,False,False,0,1,21.586256040597917,1.3290620751159135,True,False
44,D_PHASE_SHIELD,OOD,41,crosswalk,False,False,False,3,1,24.197277281800467,1.42539879127785,True,False
44,D_PHASE_SHIELD,OOD,42,crosswalk,False,False,False,0,1,25.05688968754198,1.4226005054437196,True,False
44,D_PHASE_SHIELD,OOD,43,crosswalk,False,False,False,3,1,20.61049556242086,1.399312974550785,True,False
44,D_PHASE_SHIELD,OOD,44,crosswalk,False,False,False,3,1,31.297431830901804,1.414493299122398,True,False
44,D_PHASE_SHIELD,OOD,45,crosswalk,False,False,False,0,1,21.630997397656106,1.323697934759424,True,False
44,D_PHASE_SHIELD,OOD,46,crosswalk,False,False,False,3,1,30.824709883483223,1.4772727272727273,True,False
44,D_PHASE_SHIELD,OOD,47,crosswalk,False,False,False,0,1,24.38419833100221,1.357599530707706,True,False
44,D_PHASE_SHIELD,OOD,48,crosswalk,False,False,False,3,1,27.56546898758445,1.6676572041633801,True,False
44,D_PHASE_SHIELD,OOD,49,crosswalk,False,False,False,0,1,26.97994443359078,1.3599811494350433,True,False
44,D_PHASE_SHIELD,OOD,50,crosswalk,False,False,False,0,1,27.227906707336544,1.3439213101928298,True,False
44,D_PHASE_SHIELD,OOD,51,crosswalk,False,False,False,0,1,27.331371631849777,1.429420956876129,True,False
44,D_PHASE_SHIELD,OOD,52,crosswalk,False,False,False,0,1,22.391085617179655,1.4234870672225952,True,False
44,D_PHASE_SHIELD,OOD,53,crosswalk,False,False,False,3,1,21.875754377357445,1.6238366671510645,True,False
44,D_PHASE_SHIELD,OOD,54,crosswalk,False,False,False,0,1,25.471791882944977,1.1173367500305176,True,False
44,D_PHASE_SHIELD,OOD,55,crosswalk,False,False,False,0,1,29.91379973922148,1.4848166108131406,True,False
44,D_PHASE_SHIELD,OOD,56,crosswalk,False,False,False,0,1,22.675456593417167,1.2760410475176434,True,False
44,D_PHASE_SHIELD,OOD,57,crosswalk,False,False,False,0,1,21.389787814823766,1.3585969740929809,True,False
44,D_PHASE_SHIELD,OOD,58,crosswalk,False,False,False,2,1,28.62239015469367,1.6485416466462695,True,False
44,D_PHASE_SHIELD,OOD,59,crosswalk,False,False,False,0,1,23.251084412584667,1.1221287225155119,True,False
44,D_PHASE_SHIELD,OOD,60,crosswalk,False,False,False,3,1,27.532931168840427,1.7451191419049312,True,False
44,D_PHASE_SHIELD,OOD,61,crosswalk,False,False,False,2,1,23.434509614527276,1.6574923645736823,True,False
44,D_PHASE_SHIELD,OOD,62,crosswalk,False,False,False,3,1,28.368608015245282,1.4227750508681587,True,False
44,D_PHASE_SHIELD,OOD,63,crosswalk,False,False,False,2,1,21.62132691971027,1.5853658536585364,True,False
44,D_PHASE_SHIELD,OOD,64,crosswalk,False,False,False,0,1,24.309557957493457,1.3046334302702614,True,False
44,D_PHASE_SHIELD,OOD,65,crosswalk,False,False,False,3,1,30.26438094900285,1.4523080097304448,True,False
44,D_PHASE_SHIELD,OOD,66,crosswalk,False,False,False,0,1,21.226450846440592,1.2859826264902947,True,False
44,D_PHASE_SHIELD,OOD,67,crosswalk,False,False,False,0,1,27.835734070702955,1.4024647606743705,True,False
44,D_PHASE_SHIELD,OOD,68,crosswalk,False,False,False,2,1,20.6292709913263,1.4590668949213894,True,False
44,D_PHASE_SHIELD,OOD,69,crosswalk,False,False,False,2,1,25.48872230571466,1.7486604060138666,True,False
44,D_PHASE_SHIELD,OOD,70,crosswalk,False,False,False,0,1,23.055847402716637,1.4398255753211486,True,False
44,D_PHASE_SHIELD,OOD,71,crosswalk,False,False,False,0,1,28.540822692112442,1.3790168477730316,True,False
44,D_PHASE_SHIELD,OOD,72,crosswalk,False,False,False,3,1,23.0410674974385,1.581966542616123,True,False
44,D_PHASE_SHIELD,OOD,73,crosswalk,False,False,False,3,1,28.135305181825373,1.4640713267856171,True,False
44,D_PHASE_SHIELD,OOD,74,crosswalk,False,False,False,3,1,24.592927015423378,1.7320683679065187,True,False
44,D_PHASE_SHIELD,OOD,75,crosswalk,False,False,False,0,1,27.385023317827788,1.413201620802283,True,False
44,D_PHASE_SHIELD,OOD,76,crosswalk,False,False,False,0,1,29.010996883082452,1.2599000081102898,True,False
44,D_PHASE_SHIELD,OOD,77,crosswalk,False,False,False,2,1,25.94041653635584,1.5426165716988698,True,False
44,D_PHASE_SHIELD,OOD,78,crosswalk,False,False,False,0,1,29.36863144592133,1.0928845608776265,True,False
44,D_PHASE_SHIELD,OOD,79,crosswalk,False,False,False,0,0,21.282490407058045,1.3631691890103474,True,False
44,D_PHASE_SHIELD,OOD,80,crosswalk,False,False,False,0,1,24.523939696489727,1.344452269375324,True,False
44,D_PHASE_SHIELD,OOD,81,crosswalk,False,False,False,0,1,22.85124460516059,1.4207722533207672,True,False
44,D_PHASE_SHIELD,OOD,82,crosswalk,False,False,False,1,1,25.0113463692362,1.6542217420495076,True,False
44,D_PHASE_SHIELD,OOD,83,crosswalk,False,False,False,0,1,28.793147343278132,1.0468021812646284,True,False
44,D_PHASE_SHIELD,OOD,84,crosswalk,False,False,False,3,1,27.68397502002259,1.5446650395097654,True,False
44,D_PHASE_SHIELD,OOD,85,crosswalk,False,False,False,3,1,21.782327649333265,1.4176023361228762,True,False
44,D_PHASE_SHIELD,OOD,86,crosswalk,False,False,False,0,1,31.35056830907453,1.4543261975049973,True,False
44,D_PHASE_SHIELD,OOD,87,crosswalk,False,False,False,3,1,22.703581098697732,1.4444444444444442,True,False
44,D_PHASE_SHIELD,OOD,88,crosswalk,False,False,False,2,1,30.160950960549965,1.5449213512016065,True,False
44,D_PHASE_SHIELD,OOD,89,crosswalk,False,False,False,0,1,28.55147914781551,1.260395091633464,True,False
44,D_PHASE_SHIELD,OOD,90,crosswalk,False,False,False,3,1,30.579009684274475,1.6739521771669388,True,False
44,D_PHASE_SHIELD,OOD,91,crosswalk,False,False,False,3,1,23.38980790947801,1.6915561605144191,True,False
44,D_PHASE_SHIELD,OOD,92,crosswalk,False,False,False,0,1,24.445531600235775,1.2055763602256775,True,False
44,D_PHASE_SHIELD,OOD,93,crosswalk,False,False,False,0,1,20.78109170597174,1.145588830113411,True,False
44,D_PHASE_SHIELD,OOD,94,crosswalk,False,False,False,2,1,26.124264963391447,1.8885774716087007,True,False
44,D_PHASE_SHIELD,OOD,95,crosswalk,False,False,False,2,1,21.425092272283372,1.6619765860402684,True,False
44,D_PHASE_SHIELD,OOD,96,crosswalk,False,False,False,2,1,28.27286773121395,1.9168786438860632,True,False
44,D_PHASE_SHIELD,OOD,97,crosswalk,False,False,False,0,1,30.483187117880412,1.4089962298219854,True,False
44,D_PHASE_SHIELD,OOD,98,crosswalk,False,False,False,0,1,27.876750713356344,1.2096501141786575,True,False
44,D_PHASE_SHIELD,OOD,99,crosswalk,False,False,False,0,1,28.01651971877451,1.3971066604489863,True,False
44,D_PHASE_SHIELD,OOD,100,stop_intersection,False,False,False,2,1,23.16315763764573,2.6673582868857513,True,False
44,D_PHASE_SHIELD,OOD,101,stop_intersection,False,False,False,0,1,25.218895753601423,2.3595600542814834,True,False
44,D_PHASE_SHIELD,OOD,102,stop_intersection,False,False,False,2,1,30.846902472020396,1.7428445332759135,True,False
44,D_PHASE_SHIELD,OOD,103,stop_intersection,False,False,False,1,1,27.091193512678622,2.726435419304151,True,False
44,D_PHASE_SHIELD,OOD,104,stop_intersection,False,False,False,2,1,26.938268793849907,1.840403296392072,True,False
44,D_PHASE_SHIELD,OOD,105,stop_intersection,False,False,False,0,1,21.106288653582286,3.1228278359261954,True,False
44,D_PHASE_SHIELD,OOD,106,stop_intersection,False,False,False,3,1,30.9741486805234,1.772187642149023,True,False
44,D_PHASE_SHIELD,OOD,107,stop_intersection,False,False,False,1,1,28.276811104577376,2.2858493830612363,True,False
44,D_PHASE_SHIELD,OOD,108,stop_intersection,False,False,False,1,1,24.85732694943075,3.7257320156803835,True,False
44,D_PHASE_SHIELD,OOD,109,stop_intersection,False,False,False,0,1,21.914223387998724,3.224583864212036,True,False
44,D_PHASE_SHIELD,OOD,110,stop_intersection,False,False,False,1,1,24.121606520679702,3.0061117139729587,True,False
44,D_PHASE_SHIELD,OOD,111,stop_intersection,False,False,False,1,1,23.401793780368465,2.754095368200179,True,False
44,D_PHASE_SHIELD,OOD,112,stop_intersection,False,False,False,1,1,24.254706277190387,2.623177523198335,True,False
44,D_PHASE_SHIELD,OOD,113,stop_intersection,False,False,False,3,1,30.696003320033334,1.4817407456311311,True,False
44,D_PHASE_SHIELD,OOD,114,stop_intersection,False,False,False,0,1,24.18120931638554,4.319405489497714,True,False
44,D_PHASE_SHIELD,OOD,115,stop_intersection,False,False,False,3,1,24.903652792666158,1.724973975269644,True,False
44,D_PHASE_SHIELD,OOD,116,stop_intersection,False,False,False,1,1,21.801268763104957,4.477899600600087,True,False
44,D_PHASE_SHIELD,OOD,117,stop_intersection,False,False,False,1,1,28.89501077026041,2.6584550597961396,True,False
44,D_PHASE_SHIELD,OOD,118,stop_intersection,False,False,False,3,1,28.433513616730217,1.7570273516414399,True,False
44,D_PHASE_SHIELD,OOD,119,stop_intersection,False,False,False,0,1,23.952341655676594,3.7826232002540063,True,False
44,D_PHASE_SHIELD,OOD,120,stop_intersection,False,False,False,1,1,31.017158004320493,1.3885713333175294,True,False
44,D_PHASE_SHIELD,OOD,121,stop_intersection,False,False,False,1,1,21.786048774401003,2.364159403927624,True,False
44,D_PHASE_SHIELD,OOD,122,stop_intersection,False,False,False,4,1,24.6379098110585,1.5831167472268992,True,False
44,D_PHASE_SHIELD,OOD,123,stop_intersection,False,False,False,3,1,31.48027229157367,1.6277926117181778,True,False
44,D_PHASE_SHIELD,OOD,124,stop_intersection,False,False,False,3,1,28.854393212205444,1.7138503777050924,True,False
44,D_PHASE_SHIELD,OOD,125,stop_intersection,False,False,False,3,1,23.87746367776354,1.4354460886783071,True,False
44,D_PHASE_SHIELD,OOD,126,stop_intersection,False,False,False,0,1,30.94616771910868,2.677596978684689,True,False
44,D_PHASE_SHIELD,OOD,127,stop_intersection,False,False,False,1,1,28.716201973552764,2.564012425560234,True,False
44,D_PHASE_SHIELD,OOD,128,stop_intersection,False,False,False,2,1,29.633556512587838,1.6883029095959246,True,False
44,D_PHASE_SHIELD,OOD,129,stop_intersection,False,False,False,0,1,26.744826942626005,3.70016204274219,True,False
44,D_PHASE_SHIELD,OOD,130,stop_intersection,False,False,False,3,1,21.92817303695289,1.4508882475540388,True,False
44,D_PHASE_SHIELD,OOD,131,stop_intersection,False,False,False,0,1,24.617114962238578,3.152676210847012,True,False
44,D_PHASE_SHIELD,OOD,132,stop_intersection,False,False,False,0,1,21.5094222432528,3.3049900956997056,True,False
44,D_PHASE_SHIELD,OOD,133,stop_intersection,False,False,False,0,1,25.214115892816864,3.6241127649943032,True,False
44,D_PHASE_SHIELD,OOD,134,stop_intersection,False,False,False,3,1,26.26572706990278,1.7610188593735565,True,False
44,D_PHASE_SHIELD,OOD,135,stop_intersection,False,False,False,4,1,21.720072140946264,1.5401479960379438,True,False
44,D_PHASE_SHIELD,OOD,136,stop_intersection,False,False,False,2,1,25.68520323368812,1.7609994798093227,True,False
44,D_PHASE_SHIELD,OOD,137,stop_intersection,False,False,False,0,1,31.476462259975513,1.7734166915002074,True,False
44,D_PHASE_SHIELD,OOD,138,stop_intersection,False,False,False,2,1,30.878840789218135,2.0130322933197022,True,False
44,D_PHASE_SHIELD,OOD,139,stop_intersection,False,False,False,3,1,27.762799389698397,1.6743852484684723,True,False
44,D_PHASE_SHIELD,OOD,140,stop_intersection,False,False,False,3,1,25.098758495806088,1.5806049475268948,True,False
44,D_PHASE_SHIELD,OOD,141,stop_intersection,False,False,False,4,1,29.33415837606254,1.5753386632301085,True,False
44,D_PHASE_SHIELD,OOD,142,stop_intersection,False,False,False,0,1,23.059038768406374,3.0806905724281486,True,False
44,D_PHASE_SHIELD,OOD,143,stop_intersection,False,False,False,0,1,27.499446060648594,2.2265211670171645,True,False
44,D_PHASE_SHIELD,OOD,144,stop_intersection,False,False,False,2,1,30.394334641472625,1.6665551794899836,True,False
44,D_PHASE_SHIELD,OOD,145,stop_intersection,False,False,False,1,1,27.564129515206428,4.257067142331854,True,False
44,D_PHASE_SHIELD,OOD,146,stop_intersection,False,False,False,2,1,27.33458061307722,1.9812011208620157,True,False
44,D_PHASE_SHIELD,OOD,147,stop_intersection,False,False,False,3,1,21.075257548644455,1.7128263260363725,True,False
44,D_PHASE_SHIELD,OOD,148,stop_intersection,False,False,False,3,1,20.710069943626515,1.232342109808491,True,False
44,D_PHASE_SHIELD,OOD,149,stop_intersection,False,False,False,1,1,29.13636877056122,2.8010616403944946,True,False
44,D_PHASE_SHIELD,OOD,150,stop_intersection,False,False,False,2,1,23.00459621740389,2.141470792149936,True,False
44,D_PHASE_SHIELD,OOD,151,stop_intersection,False,False,False,4,1,23.350711429415682,1.6584827896991843,True,False
44,D_PHASE_SHIELD,OOD,152,stop_intersection,False,False,False,3,1,30.742300293399136,1.7735948272653528,True,False
44,D_PHASE_SHIELD,OOD,153,stop_intersection,False,False,False,3,1,30.25347129514669,1.6281028470342478,True,False
44,D_PHASE_SHIELD,OOD,154,stop_intersection,False,False,False,1,1,20.985458205986838,4.894742823782421,True,False
44,D_PHASE_SHIELD,OOD,155,stop_intersection,False,False,False,3,1,24.35224180942265,1.8050268226199677,True,False
44,D_PHASE_SHIELD,OOD,156,stop_intersection,False,False,False,0,1,22.192839779149892,3.905688524246216,True,False
44,D_PHASE_SHIELD,OOD,157,stop_intersection,False,False,False,1,1,23.097793791094077,3.138676098612852,True,False
44,D_PHASE_SHIELD,OOD,158,stop_intersection,False,False,False,1,1,30.614169114598155,1.7859394813692846,True,False
44,D_PHASE_SHIELD,OOD,159,stop_intersection,False,False,False,3,1,29.054392438673943,1.528778435980049,True,False
44,D_PHASE_SHIELD,OOD,160,stop_intersection,False,False,False,2,1,25.59060749634039,3.4536795378595158,True,False
44,D_PHASE_SHIELD,OOD,161,stop_intersection,False,False,False,3,1,23.81027085561874,1.4094612632162762,True,False
44,D_PHASE_SHIELD,OOD,162,stop_intersection,False,False,False,3,1,27.44241115473026,1.531103032475063,True,False
44,D_PHASE_SHIELD,OOD,163,stop_intersection,False,False,False,4,1,26.078100629184977,1.6828013512150692,True,False
44,D_PHASE_SHIELD,OOD,164,stop_intersection,False,False,False,3,1,24.24633713776712,1.4638967806285665,True,False
44,D_PHASE_SHIELD,OOD,165,stop_intersection,False,False,False,2,1,28.534326063286777,1.6628990321928123,True,False
44,D_PHASE_SHIELD,OOD,166,stop_intersection,False,False,False,0,1,26.5238729441378,1.725924579720748,True,False
44,D_PHASE_SHIELD,OOD,167,stop_intersection,False,False,False,3,1,30.461260771431903,1.4449326732884282,True,False
44,D_PHASE_SHIELD,OOD,168,stop_intersection,False,False,False,5,1,31.2027303253315,1.511332022647063,True,False
44,D_PHASE_SHIELD,OOD,169,stop_intersection,False,False,False,3,1,28.374651726500574,1.6744467482352867,True,False
44,D_PHASE_SHIELD,OOD,170,stop_intersection,False,False,False,3,1,20.84580398296255,1.6307119653902502,True,False
44,D_PHASE_SHIELD,OOD,171,stop_intersection,False,False,False,4,1,21.527834175145834,1.6284129190686587,True,False
44,D_PHASE_SHIELD,OOD,172,stop_intersection,False,False,False,0,0,22.011407392949465,3.2949003655659523,True,False
44,D_PHASE_SHIELD,OOD,173,stop_intersection,False,False,False,3,1,28.656075223018583,1.4520200052285108,True,False
44,D_PHASE_SHIELD,OOD,174,stop_intersection,False,False,False,0,0,21.77554983763231,2.579481508050646,True,False
44,D_PHASE_SHIELD,OOD,175,stop_intersection,False,False,False,2,1,27.90774693346541,1.7953823258479435,True,False
44,D_PHASE_SHIELD,OOD,176,stop_intersection,False,False,False,0,1,22.11917200964151,3.777086053575788,True,False
44,D_PHASE_SHIELD,OOD,177,stop_intersection,False,False,False,1,1,30.59146766437817,2.204671661521113,True,False
44,D_PHASE_SHIELD,OOD,178,stop_intersection,False,False,False,3,1,28.532253798861973,1.6965287557819433,True,False
44,D_PHASE_SHIELD,OOD,179,stop_intersection,False,False,False,1,1,28.313247893934452,1.7076954000184068,True,False
44,D_PHASE_SHIELD,OOD,180,stop_intersection,False,False,False,4,1,21.589694189837527,1.4741247677140763,True,False
44,D_PHASE_SHIELD,OOD,181,stop_intersection,False,False,False,3,1,31.196669168131066,1.6251595728099346,True,False
44,D_PHASE_SHIELD,OOD,182,stop_intersection,False,False,False,3,1,22.94240658398172,1.6251426478226978,True,False
44,D_PHASE_SHIELD,OOD,183,stop_intersection,False,False,False,3,1,22.102456965806812,1.7369768174136415,True,False
44,D_PHASE_SHIELD,OOD,184,stop_intersection,False,False,False,1,1,30.045813297576046,2.670017356568194,True,False
44,D_PHASE_SHIELD,OOD,185,stop_intersection,False,False,False,3,1,26.12326714974591,1.4026616241081038,True,False
44,D_PHASE_SHIELD,OOD,186,stop_intersection,False,False,False,0,1,29.864450486640685,2.4398044877582126,True,False
44,D_PHASE_SHIELD,OOD,187,stop_intersection,False,False,False,0,1,27.79434277912534,1.6596240951464727,True,False
44,D_PHASE_SHIELD,OOD,188,stop_intersection,False,False,False,1,1,30.890344099905313,2.7431084559195567,True,False
44,D_PHASE_SHIELD,OOD,189,stop_intersection,False,False,False,3,1,29.722341219358377,1.7553540661528304,True,False
44,D_PHASE_SHIELD,OOD,190,stop_intersection,False,False,False,1,1,24.742550428081522,1.697000021997251,True,False
44,D_PHASE_SHIELD,OOD,191,stop_intersection,False,False,False,1,1,26.567782074243873,2.288365588006046,True,False
44,D_PHASE_SHIELD,OOD,192,stop_intersection,False,False,False,5,1,30.138776539715934,1.5445416356444126,True,False
44,D_PHASE_SHIELD,OOD,193,stop_intersection,False,False,False,3,1,24.04384527802485,1.4202750053394724,True,False
44,D_PHASE_SHIELD,OOD,194,stop_intersection,False,False,False,4,1,26.739433771289324,1.5403062984520612,True,False
44,D_PHASE_SHIELD,OOD,195,stop_intersection,False,False,False,0,1,26.581006217663916,2.798025393208792,True,False
44,D_PHASE_SHIELD,OOD,196,stop_intersection,False,False,False,3,1,22.819614873120685,1.4232342832145235,True,False
44,D_PHASE_SHIELD,OOD,197,stop_intersection,False,False,False,1,1,29.45535318712627,2.846759325646339,True,False
44,D_PHASE_SHIELD,OOD,198,stop_intersection,False,False,False,3,1,29.043473556945205,1.893250326315562,True,False
44,D_PHASE_SHIELD,OOD,199,stop_intersection,False,False,False,1,1,28.231459228676336,1.618461644925453,True,False
44,D_PHASE_SHIELD,OOD,200,lead_brake,False,False,False,0,0,33.704379790052776,7.502878138795494,True,False
44,D_PHASE_SHIELD,OOD,201,lead_brake,False,False,False,0,0,30.583556993225837,5.942710194115837,True,False
44,D_PHASE_SHIELD,OOD,202,lead_brake,False,False,False,0,0,25.73111004458085,8.00877169581751,True,False
44,D_PHASE_SHIELD,OOD,203,lead_brake,False,False,False,0,0,30.54565496274894,10.318852703863135,True,False
44,D_PHASE_SHIELD,OOD,204,lead_brake,False,False,False,0,0,29.468673005846806,4.503857959061861,True,False
44,D_PHASE_SHIELD,OOD,205,lead_brake,False,False,False,0,0,28.248465009443898,6.17736802312235,True,False
44,D_PHASE_SHIELD,OOD,206,lead_brake,False,False,False,0,0,29.9853797218258,9.174099083834637,True,False
44,D_PHASE_SHIELD,OOD,207,lead_brake,False,False,False,0,0,32.64243328934468,10.940141171837846,True,False
44,D_PHASE_SHIELD,OOD,208,lead_brake,False,False,False,0,0,37.970994477807004,9.04356223468979,True,False
44,D_PHASE_SHIELD,OOD,209,lead_brake,False,False,False,0,0,30.472423351269594,6.039447430210809,True,False
44,D_PHASE_SHIELD,OOD,210,lead_brake,False,False,False,0,0,29.52875139874379,8.090155467391012,True,False
44,D_PHASE_SHIELD,OOD,211,lead_brake,False,False,False,0,0,36.31837505973871,8.256779103850324,True,False
44,D_PHASE_SHIELD,OOD,212,lead_brake,False,False,False,0,0,27.352048034122703,7.209827098374564,True,False
44,D_PHASE_SHIELD,OOD,213,lead_brake,False,False,False,0,0,30.662355669323265,3.832935190449158,True,False
44,D_PHASE_SHIELD,OOD,214,lead_brake,False,False,False,0,0,34.822392142971026,9.804162721460065,True,False
44,D_PHASE_SHIELD,OOD,215,lead_brake,False,False,False,0,0,26.571640022363837,7.285672740389903,True,False
44,D_PHASE_SHIELD,OOD,216,lead_brake,False,False,False,0,0,40.087524543035734,6.639129543366532,True,False
44,D_PHASE_SHIELD,OOD,217,lead_brake,False,False,False,0,0,34.56483729254451,9.831726165798802,True,False
44,D_PHASE_SHIELD,OOD,218,lead_brake,False,False,False,0,0,26.438326621228114,3.7659147642552853,True,False
44,D_PHASE_SHIELD,OOD,219,lead_brake,False,False,False,0,0,34.25439685401675,9.261254037419954,True,False
44,D_PHASE_SHIELD,OOD,220,lead_brake,False,False,False,0,0,35.09537425279645,6.1209537877390785,True,False
44,D_PHASE_SHIELD,OOD,221,lead_brake,False,False,False,0,0,23.913579308092565,10.17815522259722,True,False
44,D_PHASE_SHIELD,OOD,222,lead_brake,False,False,False,0,0,39.614659945252285,7.998010994400829,True,False
44,D_PHASE_SHIELD,OOD,223,lead_brake,False,False,False,0,0,26.131790699136523,9.23648009262979,True,False
44,D_PHASE_SHIELD,OOD,224,lead_brake,False,False,False,0,0,31.113919050040042,11.141607073446115,True,False
44,D_PHASE_SHIELD,OOD,225,lead_brake,False,False,False,0,0,31.779630333234973,9.185544768969217,True,False
44,D_PHASE_SHIELD,OOD,226,lead_brake,False,False,False,0,0,27.012191782593742,9.754792844255764,True,False
44,D_PHASE_SHIELD,OOD,227,lead_brake,False,False,False,0,0,38.55953133083799,5.184378473398586,True,False
44,D_PHASE_SHIELD,OOD,228,lead_brake,False,False,False,0,0,39.611388396265895,9.880298420321196,True,False
44,D_PHASE_SHIELD,OOD,229,lead_brake,False,False,False,0,0,43.0926086561009,8.081776857686538,True,False
44,D_PHASE_SHIELD,OOD,230,lead_brake,False,False,False,0,0,33.96779871326494,4.368411209434271,True,False
44,D_PHASE_SHIELD,OOD,231,lead_brake,False,False,False,0,0,35.16058816002613,3.0298541026810804,True,False
44,D_PHASE_SHIELD,OOD,232,lead_brake,False,False,False,0,0,32.67453225203809,4.790212271735072,True,False
44,D_PHASE_SHIELD,OOD,233,lead_brake,False,False,False,0,0,29.869330710630855,7.6247103822727995,True,False
44,D_PHASE_SHIELD,OOD,234,lead_brake,False,False,False,0,0,28.99805103111267,10.159041922539473,True,False
44,D_PHASE_SHIELD,OOD,235,lead_brake,False,False,False,0,0,32.19882725016793,4.1538965512687955,True,False
44,D_PHASE_SHIELD,OOD,236,lead_brake,False,False,False,0,0,42.5432382223382,5.470386763724187,True,False
44,D_PHASE_SHIELD,OOD,237,lead_brake,False,False,False,0,0,40.39724461047709,6.175938995244602,True,False
44,D_PHASE_SHIELD,OOD,238,lead_brake,False,False,False,0,0,26.0712247307226,7.1490691574290395,True,False
44,D_PHASE_SHIELD,OOD,239,lead_brake,False,False,False,0,0,34.3085821067025,10.536300414862732,True,False
44,D_PHASE_SHIELD,OOD,240,lead_brake,False,False,False,0,0,36.72399097166957,10.573939017330606,True,False
44,D_PHASE_SHIELD,OOD,241,lead_brake,False,False,False,0,0,25.613135763360237,3.8065964753429093,True,False
44,D_PHASE_SHIELD,OOD,242,lead_brake,False,False,False,0,0,26.83582271616796,8.599901055606702,True,False
44,D_PHASE_SHIELD,OOD,243,lead_brake,False,False,False,0,0,30.955385943046572,6.150006230920552,True,False
44,D_PHASE_SHIELD,OOD,244,lead_brake,False,False,False,0,0,41.69489205300808,9.523133444289366,True,False
44,D_PHASE_SHIELD,OOD,245,lead_brake,False,False,False,0,0,43.515919474810325,4.095164105917017,True,False
44,D_PHASE_SHIELD,OOD,246,lead_brake,False,False,False,0,0,26.673974287724505,8.984493792677918,True,False
44,D_PHASE_SHIELD,OOD,247,lead_brake,False,False,False,0,0,31.33347837219654,8.503625279913345,True,False
44,D_PHASE_SHIELD,OOD,248,lead_brake,False,False,False,0,0,27.490031597644776,6.367463814094663,True,False
44,D_PHASE_SHIELD,OOD,249,lead_brake,False,False,False,0,0,23.87392817071316,6.594189873586098,True,False
44,D_PHASE_SHIELD,OOD,250,lead_brake,False,False,False,0,0,33.58285899363943,3.334728999684254,True,False
44,D_PHASE_SHIELD,OOD,251,lead_brake,False,False,False,0,0,30.86712339625873,11.00546811769406,True,False
44,D_PHASE_SHIELD,OOD,252,lead_brake,False,False,False,0,0,40.18733411736284,4.364711380874117,True,False
44,D_PHASE_SHIELD,OOD,253,lead_brake,False,False,False,0,0,28.744705038834343,7.2885947790928185,True,False
44,D_PHASE_SHIELD,OOD,254,lead_brake,False,False,False,0,0,28.099612866820628,6.824066705691317,True,False
44,D_PHASE_SHIELD,OOD,255,lead_brake,False,False,False,0,0,34.42060121943552,10.226448466380438,True,False
44,D_PHASE_SHIELD,OOD,256,lead_brake,False,False,False,0,0,24.8804038401693,5.781442454084754,True,False
44,D_PHASE_SHIELD,OOD,257,lead_brake,False,False,False,0,0,30.849861089952412,6.324469887341062,True,False
44,D_PHASE_SHIELD,OOD,258,lead_brake,False,False,False,0,0,23.49293682024899,8.442468443885446,True,False
44,D_PHASE_SHIELD,OOD,259,lead_brake,False,False,False,0,0,43.175364254619936,8.824676781116674,True,False
44,D_PHASE_SHIELD,OOD,260,lead_brake,False,False,False,0,0,34.68588786559301,4.626067960634828,True,False
44,D_PHASE_SHIELD,OOD,261,lead_brake,False,False,False,0,0,28.677667370857872,6.651579046001037,True,False
44,D_PHASE_SHIELD,OOD,262,lead_brake,False,False,False,0,0,38.38731202753596,8.670605737095077,True,False
44,D_PHASE_SHIELD,OOD,263,lead_brake,False,False,False,0,0,30.590360943567514,6.406629659545918,True,False
44,D_PHASE_SHIELD,OOD,264,lead_brake,False,False,False,0,0,44.65127673789858,10.517189160610238,True,False
44,D_PHASE_SHIELD,OOD,265,lead_brake,False,False,False,0,0,40.18915006662815,8.265425621842345,True,False
44,D_PHASE_SHIELD,OOD,266,lead_brake,False,False,False,0,0,32.327202010862294,9.27404902378718,True,False
44,D_PHASE_SHIELD,OOD,267,lead_brake,False,False,False,0,0,29.49985354193419,9.401946790205935,True,False
44,D_PHASE_SHIELD,OOD,268,lead_brake,False,False,False,0,0,29.156143771831893,7.1849854687849675,True,False
44,D_PHASE_SHIELD,OOD,269,lead_brake,False,False,False,0,0,31.49815575582789,9.952563736587763,True,False
44,D_PHASE_SHIELD,OOD,270,lead_brake,False,False,False,0,0,25.481011284988792,8.901551200697819,True,False
44,D_PHASE_SHIELD,OOD,271,lead_brake,False,False,False,0,0,36.25184490253432,3.910261757361392,True,False
44,D_PHASE_SHIELD,OOD,272,lead_brake,False,False,False,0,0,34.233787662435134,7.223579958081245,True,False
44,D_PHASE_SHIELD,OOD,273,lead_brake,False,False,False,0,0,34.79117532485711,10.471417074402174,True,False
44,D_PHASE_SHIELD,OOD,274,lead_brake,False,False,False,0,0,37.21479099384999,10.756624266505241,True,False
44,D_PHASE_SHIELD,OOD,275,lead_brake,False,False,False,0,0,33.03129036899698,7.575331110507249,True,False
44,D_PHASE_SHIELD,OOD,276,lead_brake,False,False,False,0,0,28.526429819582887,4.243531686564286,True,False
44,D_PHASE_SHIELD,OOD,277,lead_brake,False,False,False,0,0,29.564800338149087,4.6195587776601315,True,False
44,D_PHASE_SHIELD,OOD,278,lead_brake,False,False,False,0,0,30.094921630661407,7.181160351882379,True,False
44,D_PHASE_SHIELD,OOD,279,lead_brake,False,False,False,0,0,38.73811735084278,9.888905376661569,True,False
44,D_PHASE_SHIELD,OOD,280,lead_brake,False,False,False,0,0,30.494646563340407,5.617565459882219,True,False
44,D_PHASE_SHIELD,OOD,281,lead_brake,False,False,False,0,0,31.38468014780431,7.06860951675723,True,False
44,D_PHASE_SHIELD,OOD,282,lead_brake,False,False,False,0,0,32.18220789306414,10.506797880865632,True,False
44,D_PHASE_SHIELD,OOD,283,lead_brake,False,False,False,0,0,36.531760944426054,10.790431937823692,True,False
44,D_PHASE_SHIELD,OOD,284,lead_brake,False,False,False,0,0,25.80180950545004,9.39023648109287,True,False
44,D_PHASE_SHIELD,OOD,285,lead_brake,False,False,False,0,0,35.28576950395166,9.080637372409303,True,False
44,D_PHASE_SHIELD,OOD,286,lead_brake,False,False,False,0,0,29.002729548554264,10.769662224066753,True,False
44,D_PHASE_SHIELD,OOD,287,lead_brake,False,False,False,0,0,32.53849924553159,3.2480103634297843,True,False
44,D_PHASE_SHIELD,OOD,288,lead_brake,False,False,False,0,0,26.60192756580551,5.292424713571866,True,False
44,D_PHASE_SHIELD,OOD,289,lead_brake,False,False,False,0,0,39.76944981935251,3.2562438591072955,True,False
44,D_PHASE_SHIELD,OOD,290,lead_brake,False,False,False,0,0,33.67590526798276,4.111730067680279,True,False
44,D_PHASE_SHIELD,OOD,291,lead_brake,False,False,False,0,0,21.56481495220213,3.6918585246118405,True,False
44,D_PHASE_SHIELD,OOD,292,lead_brake,False,False,False,0,0,36.10182152944649,4.094630368364354,True,False
44,D_PHASE_SHIELD,OOD,293,lead_brake,False,False,False,0,0,25.374471556044455,10.95537395340701,True,False
44,D_PHASE_SHIELD,OOD,294,lead_brake,False,False,False,0,0,26.646312715095377,8.052229830995202,True,False
44,D_PHASE_SHIELD,OOD,295,lead_brake,False,False,False,0,0,28.19893450811505,9.218393843621016,True,False
44,D_PHASE_SHIELD,OOD,296,lead_brake,False,False,False,0,0,35.56762395470605,3.4714749914904433,True,False
44,D_PHASE_SHIELD,OOD,297,lead_brake,False,False,False,0,0,38.96448805343418,2.9233072952677808,True,False
44,D_PHASE_SHIELD,OOD,298,lead_brake,False,False,False,0,0,21.147652145048983,9.122250012742976,True,False
44,D_PHASE_SHIELD,OOD,299,lead_brake,False,False,False,0,0,25.63927680728254,5.888667619476716,True,False
