seed,variant,split,episode,kind,forbidden_entry,collision,safe_gap_violation,interventions,released_stop_steps,progress,mean_abs_jerk,completed,unsafe
42,A_STATE,ID,0,crosswalk,False,False,False,0,0,29.578028243739105,2.168971096927469,True,False
42,A_STATE,ID,1,crosswalk,False,False,False,0,0,38.33954016913053,1.0107537141690652,True,False
42,A_STATE,ID,2,crosswalk,False,False,False,0,0,28.45271019914447,2.621567672804782,True,False
42,A_STATE,ID,3,crosswalk,False,False,False,0,0,32.79003274011356,2.4196469535430274,True,False
42,A_STATE,ID,4,crosswalk,False,False,False,0,0,33.99311174329822,2.3254744268276473,True,False
42,A_STATE,ID,5,crosswalk,False,False,False,0,0,28.45501550223933,1.9295739090960957,True,False
42,A_STATE,ID,6,crosswalk,False,False,False,0,0,35.36593849869663,0.5135763334957035,True,False
42,A_STATE,ID,7,crosswalk,False,False,False,0,0,37.69641981472985,2.1704282704740763,True,False
42,A_STATE,ID,8,crosswalk,False,False,False,0,0,27.651945914475796,1.9323029466297315,True,False
42,A_STATE,ID,9,crosswalk,False,False,False,0,0,34.35455619532118,2.047404318370602,True,False
42,A_STATE,ID,10,crosswalk,False,False,False,0,0,36.568174150260134,2.1081575394972507,True,False
42,A_STATE,ID,11,crosswalk,False,False,False,0,0,33.88117324859172,2.0545494432250657,True,False
42,A_STATE,ID,12,crosswalk,False,False,False,0,0,28.4327194254616,1.5174789844374907,True,False
42,A_STATE,ID,13,crosswalk,False,False,False,0,0,31.921351130759952,1.8086718443943106,True,False
42,A_STATE,ID,14,crosswalk,False,False,False,0,0,29.90070080839029,2.1659897132353345,True,False
42,A_STATE,ID,15,crosswalk,False,False,False,0,0,34.98164676264091,0.40738508429216297,True,False
42,A_STATE,ID,16,crosswalk,False,False,False,0,0,27.11167491237302,2.6682901920543776,True,False
42,A_STATE,ID,17,crosswalk,False,False,False,0,0,26.990282096463073,2.1922934339160007,True,False
42,A_STATE,ID,18,crosswalk,False,False,False,0,0,35.883233723646754,1.8559940531849861,True,False
42,A_STATE,ID,19,crosswalk,False,False,False,0,0,38.567002336487214,0.5816892503450314,True,False
42,A_STATE,ID,20,crosswalk,False,False,False,0,0,31.658925355382685,2.179647112886111,True,False
42,A_STATE,ID,21,crosswalk,False,False,False,0,0,32.05957694466027,1.7980847270651297,True,False
42,A_STATE,ID,22,crosswalk,False,False,False,0,0,28.381723870083512,2.042052634060383,True,False
42,A_STATE,ID,23,crosswalk,False,False,False,0,0,35.218644661620665,0.45323069461367343,True,False
42,A_STATE,ID,24,crosswalk,False,False,False,0,0,28.114056469873866,2.0045750039188484,True,False
42,A_STATE,ID,25,crosswalk,False,False,False,0,0,29.295283252975864,2.0218799688986366,True,False
42,A_STATE,ID,26,crosswalk,False,False,False,0,0,27.431405068342784,2.5614864575235465,True,False
42,A_STATE,ID,27,crosswalk,False,False,False,0,0,31.7416047482561,1.961071938276291,True,False
42,A_STATE,ID,28,crosswalk,False,False,False,0,0,33.9888386368003,1.3815169923362276,True,False
42,A_STATE,ID,29,crosswalk,False,False,False,0,0,29.214330243860005,2.4740829318761826,True,False
42,A_STATE,ID,30,crosswalk,False,False,False,0,0,32.5636347503803,0.6359452720392834,True,False
42,A_STATE,ID,31,crosswalk,False,False,False,0,0,28.257883710603345,1.9204890598421511,True,False
42,A_STATE,ID,32,crosswalk,False,False,False,0,0,38.95653298181721,1.8782691316058238,True,False
42,A_STATE,ID,33,crosswalk,False,False,False,0,0,32.122812213740886,0.4344213399149123,True,False
42,A_STATE,ID,34,crosswalk,False,False,False,0,0,36.00297678513678,0.7529638117800156,True,False
42,A_STATE,ID,35,crosswalk,False,False,False,0,0,29.02164416028741,1.958809883698173,True,False
42,A_STATE,ID,36,crosswalk,False,False,False,0,0,38.25174786749928,0.40596584379673006,True,False
42,A_STATE,ID,37,crosswalk,False,False,False,0,0,31.655604887839864,2.2571490027687764,True,False
42,A_STATE,ID,38,crosswalk,False,False,False,0,0,34.70639512776225,2.0679053043325744,True,False
42,A_STATE,ID,39,crosswalk,False,False,False,0,0,28.92866928676284,1.969396647065878,True,False
42,A_STATE,ID,40,crosswalk,False,False,False,0,0,32.13313209567162,0.4197943176735531,True,False
42,A_STATE,ID,41,crosswalk,False,False,False,0,0,35.4857534476174,1.7566691101952032,True,False
42,A_STATE,ID,42,crosswalk,False,False,False,0,0,38.42671169458282,0.5906392013033231,True,False
42,A_STATE,ID,43,crosswalk,False,False,False,0,0,31.232175336062696,1.9373581061760583,True,False
42,A_STATE,ID,44,crosswalk,False,False,False,0,0,31.67439513578133,1.8940344914084388,True,False
42,A_STATE,ID,45,crosswalk,False,False,False,0,0,35.98130571507146,0.8061714563518763,True,False
42,A_STATE,ID,46,crosswalk,False,False,False,0,0,30.884027376379507,2.2183553197167134,True,False
42,A_STATE,ID,47,crosswalk,False,False,False,0,0,28.41234634661607,0.5813897289335727,True,False
42,A_STATE,ID,48,crosswalk,False,False,False,0,0,34.74712643613688,0.36142379355927307,True,False
42,A_STATE,ID,49,crosswalk,False,False,False,0,0,37.9214776364079,0.5616621251987374,True,False
42,A_STATE,ID,50,crosswalk,False,False,False,0,0,28.838123922295026,2.4963326320836416,True,False
42,A_STATE,ID,51,crosswalk,False,False,False,0,0,30.288009953608523,0.36983010669549304,True,False
42,A_STATE,ID,52,crosswalk,False,False,False,0,0,36.73920616046743,0.42814583517611027,True,False
42,A_STATE,ID,53,crosswalk,False,False,False,0,0,38.09181078047914,0.8728857547044753,True,False
42,A_STATE,ID,54,crosswalk,False,False,False,0,0,37.411717511307046,0.3730212241411209,True,False
42,A_STATE,ID,55,crosswalk,False,False,False,0,0,34.46802475980533,2.053115784444592,True,False
42,A_STATE,ID,56,crosswalk,False,False,False,0,0,31.004779759659357,2.3649863650401435,True,False
42,A_STATE,ID,57,crosswalk,False,False,False,0,0,33.43974661320251,2.311414073814045,True,False
42,A_STATE,ID,58,crosswalk,False,False,False,0,0,35.87367287034843,0.9241637101639872,True,False
42,A_STATE,ID,59,crosswalk,False,False,False,0,0,35.12242235830664,0.38197407188514865,True,False
42,A_STATE,ID,60,crosswalk,False,False,False,0,0,36.69090011402634,2.1515484185268483,True,False
42,A_STATE,ID,61,crosswalk,False,False,False,0,0,37.38304297204401,0.37985002696514125,True,False
42,A_STATE,ID,62,crosswalk,False,False,False,0,0,32.51632962063263,2.2840580615130337,True,False
42,A_STATE,ID,63,crosswalk,False,False,False,0,0,32.271514341444416,0.9301763240780149,True,False
42,A_STATE,ID,64,crosswalk,False,False,False,0,0,27.821789236174727,2.4156949825977025,True,False
42,A_STATE,ID,65,crosswalk,False,False,False,0,0,35.86258916195133,2.1202910043623135,True,False
42,A_STATE,ID,66,crosswalk,False,False,False,0,0,33.595875799289615,1.0738802062613624,True,False
42,A_STATE,ID,67,crosswalk,False,False,False,0,0,28.49759941300284,0.4285674855897301,True,False
42,A_STATE,ID,68,crosswalk,False,False,False,0,0,32.19883995589736,0.3788019818338481,True,False
42,A_STATE,ID,69,crosswalk,False,False,False,0,0,30.77953686165958,1.9209745650490124,True,False
42,A_STATE,ID,70,crosswalk,False,False,False,0,0,39.20745278724135,0.5080841978391012,True,False
42,A_STATE,ID,71,crosswalk,False,False,False,0,0,35.49251159920294,0.37525022091964877,True,False
42,A_STATE,ID,72,crosswalk,False,False,False,0,0,35.162898681239696,0.4651070515746656,True,False
42,A_STATE,ID,73,crosswalk,False,False,False,0,0,33.272575296731915,2.0304791459983043,True,False
42,A_STATE,ID,74,crosswalk,False,False,False,0,0,36.98933713029459,0.44229013534883654,True,False
42,A_STATE,ID,75,crosswalk,False,False,False,0,0,34.97442747174448,1.916423294354569,True,False
42,A_STATE,ID,76,crosswalk,False,False,False,0,0,34.6374564104911,0.3951260220745335,True,False
42,A_STATE,ID,77,crosswalk,False,False,False,0,0,35.82442351450401,2.0390061458403412,True,False
42,A_STATE,ID,78,crosswalk,False,False,False,0,0,33.97780045266757,2.0619660119215646,True,False
42,A_STATE,ID,79,crosswalk,False,False,False,0,0,33.44793544638195,2.226077179339799,True,False
42,A_STATE,ID,80,crosswalk,False,False,False,0,0,31.163881274281295,0.3980788056339536,True,False
42,A_STATE,ID,81,crosswalk,False,False,False,0,0,32.98947820780601,2.2951107404448767,True,False
42,A_STATE,ID,82,crosswalk,False,False,False,0,0,36.32311253288769,2.1320336467276015,True,False
42,A_STATE,ID,83,crosswalk,False,False,False,0,0,38.1330753688049,0.3904704262430851,True,False
42,A_STATE,ID,84,crosswalk,False,False,False,0,0,32.70873829626656,1.8058932766966198,True,False
42,A_STATE,ID,85,crosswalk,False,False,False,0,0,32.54323014475517,0.4359779152132216,True,False
42,A_STATE,ID,86,crosswalk,False,False,False,0,0,28.669006624376618,1.7904720067977904,True,False
42,A_STATE,ID,87,crosswalk,False,False,False,0,0,35.439963201183254,1.0386517821323304,True,False
42,A_STATE,ID,88,crosswalk,False,False,False,0,0,31.053345688323006,2.085550051668416,True,False
42,A_STATE,ID,89,crosswalk,False,False,False,0,0,32.44964673306896,0.38915238258513535,True,False
42,A_STATE,ID,90,crosswalk,False,False,False,0,0,28.647238881898158,0.5086321495473385,True,False
42,A_STATE,ID,91,crosswalk,False,False,False,0,0,28.222611600484523,2.0621479099447075,True,False
42,A_STATE,ID,92,crosswalk,False,False,False,0,0,37.540525008169894,0.6354697150262919,True,False
42,A_STATE,ID,93,crosswalk,False,False,False,0,0,31.049119454548002,1.933993175625801,True,False
42,A_STATE,ID,94,crosswalk,False,False,False,0,0,30.401245312854705,2.3330852575600147,True,False
42,A_STATE,ID,95,crosswalk,False,False,False,0,0,31.439903112794266,0.36611019549044693,True,False
42,A_STATE,ID,96,crosswalk,False,False,False,0,0,27.922017266196924,2.388758048415184,True,False
42,A_STATE,ID,97,crosswalk,False,False,False,0,0,37.112248585503046,0.4831307500600815,True,False
42,A_STATE,ID,98,crosswalk,False,False,False,0,0,30.185427667134775,2.611921762949542,True,False
42,A_STATE,ID,99,crosswalk,False,False,False,0,0,31.654307361095626,0.7554225586354731,True,False
42,A_STATE,ID,100,stop_intersection,False,False,False,0,1,26.415064320434755,1.3808644301182516,True,False
42,A_STATE,ID,101,stop_intersection,False,False,False,0,1,31.43551808209634,1.2537991716748191,True,False
42,A_STATE,ID,102,stop_intersection,False,False,False,0,1,26.441431820948317,1.4210068535160374,True,False
42,A_STATE,ID,103,stop_intersection,False,False,False,0,1,29.08074401053807,1.342610777952732,True,False
42,A_STATE,ID,104,stop_intersection,False,False,False,0,1,27.28182105270531,1.2667457262674966,True,False
42,A_STATE,ID,105,stop_intersection,False,False,False,0,1,31.357749602574543,1.2369093015080406,True,False
42,A_STATE,ID,106,stop_intersection,False,False,False,0,1,32.378031620211225,1.2463971546718051,True,False
42,A_STATE,ID,107,stop_intersection,False,False,False,0,1,30.20257871737148,1.444225672044252,True,False
42,A_STATE,ID,108,stop_intersection,False,False,False,0,1,32.09208502400337,1.4090519845485687,True,False
42,A_STATE,ID,109,stop_intersection,False,False,False,0,1,33.43744369003949,1.2744404410206993,True,False
42,A_STATE,ID,110,stop_intersection,False,False,False,0,1,29.006127876412172,1.433018320485165,True,False
42,A_STATE,ID,111,stop_intersection,False,False,False,0,1,35.68606239392004,1.3199342267457828,True,False
42,A_STATE,ID,112,stop_intersection,False,False,False,0,1,35.75460927309941,1.279981164045112,True,False
42,A_STATE,ID,113,stop_intersection,False,False,False,0,1,35.50794653476389,1.2704351475072462,True,False
42,A_STATE,ID,114,stop_intersection,False,False,False,0,1,35.37364900587036,1.2781115049539609,True,False
42,A_STATE,ID,115,stop_intersection,False,False,False,0,1,36.91583049258149,1.3087853165559988,True,False
42,A_STATE,ID,116,stop_intersection,False,False,False,0,1,31.1030544058576,1.4455737058932965,True,False
42,A_STATE,ID,117,stop_intersection,False,False,False,0,1,27.765926816168246,1.3744989664931044,True,False
42,A_STATE,ID,118,stop_intersection,False,False,False,0,1,31.654913084450374,1.445534993440677,True,False
42,A_STATE,ID,119,stop_intersection,False,False,False,0,1,34.733150109147594,1.3605877757072449,True,False
42,A_STATE,ID,120,stop_intersection,False,False,False,0,1,37.006783649503795,1.3452521676108948,True,False
42,A_STATE,ID,121,stop_intersection,False,False,False,0,1,36.02695153289598,1.3448390711185543,True,False
42,A_STATE,ID,122,stop_intersection,False,False,False,0,1,32.665308853687534,1.2018353717271673,True,False
42,A_STATE,ID,123,stop_intersection,False,False,False,0,1,26.700260594376836,1.3896316128808097,True,False
42,A_STATE,ID,124,stop_intersection,False,False,False,0,1,33.86378161125627,1.2615520732347354,True,False
42,A_STATE,ID,125,stop_intersection,False,False,False,0,1,35.25956913422894,1.3379261749131337,True,False
42,A_STATE,ID,126,stop_intersection,False,False,False,0,1,38.2714490151545,1.2404040760464137,True,False
42,A_STATE,ID,127,stop_intersection,False,False,False,0,1,27.2846184232424,1.42057436543542,True,False
42,A_STATE,ID,128,stop_intersection,False,False,False,0,1,33.29962414254993,1.366395165280598,True,False
42,A_STATE,ID,129,stop_intersection,False,False,False,0,1,34.809969862694146,1.350779632727305,True,False
42,A_STATE,ID,130,stop_intersection,False,False,False,0,1,26.788776171417766,1.2861612057074523,True,False
42,A_STATE,ID,131,stop_intersection,False,False,False,0,1,27.970372929472134,1.459770540933351,True,False
42,A_STATE,ID,132,stop_intersection,False,False,False,0,1,32.55181137485988,1.3248746714940884,True,False
42,A_STATE,ID,133,stop_intersection,False,False,False,0,1,30.538101674060925,1.2722714790483798,True,False
42,A_STATE,ID,134,stop_intersection,False,False,False,0,1,38.03679103113021,1.277430856769735,True,False
42,A_STATE,ID,135,stop_intersection,False,False,False,0,1,31.62025856607265,1.4022446274757385,True,False
42,A_STATE,ID,136,stop_intersection,False,False,False,0,1,35.78358061695787,1.237941099838777,True,False
42,A_STATE,ID,137,stop_intersection,False,False,False,0,1,31.246695986715643,1.3020158104780244,True,False
42,A_STATE,ID,138,stop_intersection,False,False,False,0,1,32.7401597347333,1.2568290176845731,True,False
42,A_STATE,ID,139,stop_intersection,False,False,False,0,1,30.661583846154418,1.3132111430168152,True,False
42,A_STATE,ID,140,stop_intersection,False,False,False,0,1,37.78363964690591,1.180543057296587,True,False
42,A_STATE,ID,141,stop_intersection,False,False,False,0,1,37.06614260185787,1.3116776527360425,True,False
42,A_STATE,ID,142,stop_intersection,False,False,False,0,1,35.09978230300118,1.230320104143836,True,False
42,A_STATE,ID,143,stop_intersection,False,False,False,0,1,26.571713158154665,1.4243011861234096,True,False
42,A_STATE,ID,144,stop_intersection,False,False,False,0,1,29.16597512934538,1.2885794937610624,True,False
42,A_STATE,ID,145,stop_intersection,False,False,False,0,1,35.90350902749346,1.3401958488282701,True,False
42,A_STATE,ID,146,stop_intersection,False,False,False,0,1,36.06846889632628,1.1952267620298596,True,False
42,A_STATE,ID,147,stop_intersection,False,False,False,0,1,31.492092435573916,1.304183195276958,True,False
42,A_STATE,ID,148,stop_intersection,False,False,False,0,1,33.175950005442814,1.2950173020362854,True,False
42,A_STATE,ID,149,stop_intersection,False,False,False,0,1,35.76822617959973,1.332376514162336,True,False
42,A_STATE,ID,150,stop_intersection,False,False,False,0,1,34.042214615032144,1.300236994311923,True,False
42,A_STATE,ID,151,stop_intersection,False,False,False,0,1,27.32321876058357,1.4662057483518445,True,False
42,A_STATE,ID,152,stop_intersection,False,False,False,0,1,27.879311466475194,1.3633127588974803,True,False
42,A_STATE,ID,153,stop_intersection,False,False,False,0,1,33.95516159303689,1.3582806325540309,True,False
42,A_STATE,ID,154,stop_intersection,False,False,False,0,1,34.44283543215771,1.2502308085907337,True,False
42,A_STATE,ID,155,stop_intersection,False,False,False,0,1,29.557227542944283,1.358677836564871,True,False
42,A_STATE,ID,156,stop_intersection,False,False,False,0,1,33.281862181991855,1.2138846170070559,True,False
42,A_STATE,ID,157,stop_intersection,False,False,False,0,1,35.660152605640945,1.2369622019204225,True,False
42,A_STATE,ID,158,stop_intersection,False,False,False,0,1,35.143837411207315,1.3738332334018888,True,False
42,A_STATE,ID,159,stop_intersection,False,False,False,0,1,31.093927040881592,1.3540919274091718,True,False
42,A_STATE,ID,160,stop_intersection,False,False,False,0,1,38.03973377938812,1.3192289929057277,True,False
42,A_STATE,ID,161,stop_intersection,False,False,False,0,1,30.353598683913745,1.4241823324790366,True,False
42,A_STATE,ID,162,stop_intersection,False,False,False,0,1,36.79046594936139,1.331239439720331,True,False
42,A_STATE,ID,163,stop_intersection,False,False,False,0,1,32.23410451059265,1.4098305553197858,True,False
42,A_STATE,ID,164,stop_intersection,False,False,False,0,1,27.641622596090997,1.3726109736844112,True,False
42,A_STATE,ID,165,stop_intersection,False,False,False,0,1,32.79489262462372,1.4141327887773514,True,False
42,A_STATE,ID,166,stop_intersection,False,False,False,0,1,38.18525542084961,1.3043608313257042,True,False
42,A_STATE,ID,167,stop_intersection,False,False,False,0,1,28.31584153423188,1.326259114803412,True,False
42,A_STATE,ID,168,stop_intersection,False,False,False,0,1,35.02417727815455,1.2618299001871152,True,False
42,A_STATE,ID,169,stop_intersection,False,False,False,0,1,34.9731162395155,1.3652529076832094,True,False
42,A_STATE,ID,170,stop_intersection,False,False,False,0,1,29.88528401176718,1.318143218755722,True,False
42,A_STATE,ID,171,stop_intersection,False,False,False,0,1,29.384003052958917,1.4581972517465291,True,False
42,A_STATE,ID,172,stop_intersection,False,False,False,0,1,28.29538182974071,1.417976162935558,True,False
42,A_STATE,ID,173,stop_intersection,False,False,False,0,1,28.183844572981208,1.3271633172646546,True,False
42,A_STATE,ID,174,stop_intersection,False,False,False,0,1,34.21103298431524,1.214568398215554,True,False
42,A_STATE,ID,175,stop_intersection,False,False,False,0,1,27.3441993345142,1.2753491218273454,True,False
42,A_STATE,ID,176,stop_intersection,False,False,False,0,1,36.217309245229785,1.2524307722395116,True,False
42,A_STATE,ID,177,stop_intersection,False,False,False,0,1,30.39309166395737,1.3992049143864556,True,False
42,A_STATE,ID,178,stop_intersection,False,False,False,0,1,28.69711347920402,1.270325317978859,True,False
42,A_STATE,ID,179,stop_intersection,False,False,False,0,1,29.936625665483355,1.2379829476519328,True,False
42,A_STATE,ID,180,stop_intersection,False,False,False,0,1,31.543819574390916,1.4076227694749832,True,False
42,A_STATE,ID,181,stop_intersection,False,False,False,0,1,35.10983960183296,1.3291847138177781,True,False
42,A_STATE,ID,182,stop_intersection,False,False,False,0,1,30.595917196808834,1.3555410206317902,True,False
42,A_STATE,ID,183,stop_intersection,False,False,False,0,1,35.191776815620194,1.277896346047867,True,False
42,A_STATE,ID,184,stop_intersection,False,False,False,0,1,33.579866241274935,1.24848019245059,True,False
42,A_STATE,ID,185,stop_intersection,False,False,False,0,1,36.55385315862145,1.3034047082413074,True,False
42,A_STATE,ID,186,stop_intersection,False,False,False,0,1,34.95837038027551,1.188781009780036,True,False
42,A_STATE,ID,187,stop_intersection,False,False,False,0,1,37.08191176230047,1.3445370254062472,True,False
42,A_STATE,ID,188,stop_intersection,False,False,False,0,1,29.601215053793688,1.3552377774165227,True,False
42,A_STATE,ID,189,stop_intersection,False,False,False,0,1,35.1653133799238,1.2547167096027108,True,False
42,A_STATE,ID,190,stop_intersection,False,False,False,0,1,35.73120110499048,1.234245787967335,True,False
42,A_STATE,ID,191,stop_intersection,False,False,False,0,1,31.62523063395821,1.3348837941884995,True,False
42,A_STATE,ID,192,stop_intersection,False,False,False,0,1,31.2934314279916,1.4038551770723784,True,False
42,A_STATE,ID,193,stop_intersection,False,False,False,0,1,29.134938845065776,1.3568815665367322,True,False
42,A_STATE,ID,194,stop_intersection,False,False,False,0,1,30.09466491293287,1.3880040248235066,True,False
42,A_STATE,ID,195,stop_intersection,False,False,False,0,1,35.13610227884817,1.2304620173844423,True,False
42,A_STATE,ID,196,stop_intersection,False,False,False,0,1,28.350656682861725,1.3640373792403784,True,False
42,A_STATE,ID,197,stop_intersection,False,False,False,0,1,27.906320382687092,1.3511598580761959,True,False
42,A_STATE,ID,198,stop_intersection,False,False,False,0,1,28.171465904765792,1.299652487803728,True,False
42,A_STATE,ID,199,stop_intersection,False,False,False,0,1,37.40763088466611,1.3152314757191856,True,False
42,A_STATE,ID,200,lead_brake,False,False,False,0,0,76.26332328403097,0.24466469883918762,True,False
42,A_STATE,ID,201,lead_brake,False,False,False,0,0,84.4653430313978,0.7773116106788317,True,False
42,A_STATE,ID,202,lead_brake,False,False,False,0,0,64.05479303186605,0.39041420196493465,True,False
42,A_STATE,ID,203,lead_brake,False,False,False,0,0,62.12764389322147,3.1172366291284557,True,False
42,A_STATE,ID,204,lead_brake,False,False,False,0,0,86.38557033449413,0.31478973726431525,True,False
42,A_STATE,ID,205,lead_brake,False,False,False,0,0,62.77177083782197,5.195037287970384,True,False
42,A_STATE,ID,206,lead_brake,False,False,False,0,0,76.21324235795795,0.34573640177647275,True,False
42,A_STATE,ID,207,lead_brake,False,False,False,0,0,73.57960908457461,0.22722409665584564,True,False
42,A_STATE,ID,208,lead_brake,False,False,False,0,0,78.3776514495156,0.2801157310605049,True,False
42,A_STATE,ID,209,lead_brake,False,False,False,0,0,59.76837813357566,0.908037698517243,True,False
42,A_STATE,ID,210,lead_brake,False,False,False,0,0,62.37690525158562,2.8076230908433595,True,False
42,A_STATE,ID,211,lead_brake,False,False,False,0,0,77.50501268883096,0.22691710169116655,True,False
42,A_STATE,ID,212,lead_brake,False,False,False,0,0,78.15818967547168,1.311767185727755,True,False
42,A_STATE,ID,213,lead_brake,False,False,False,0,0,54.373984677775404,0.557721151659886,True,False
42,A_STATE,ID,214,lead_brake,False,False,False,0,0,92.05069464698911,0.2393875444928805,True,False
42,A_STATE,ID,215,lead_brake,False,False,False,0,0,66.36262014221978,0.3873489151398341,True,False
42,A_STATE,ID,216,lead_brake,False,False,False,0,0,60.121109820049114,6.62880661090215,True,False
42,A_STATE,ID,217,lead_brake,False,False,False,0,0,60.39509549486614,1.5326577437420685,True,False
42,A_STATE,ID,218,lead_brake,False,False,False,0,0,62.14617737500167,0.5483568198978901,True,False
42,A_STATE,ID,219,lead_brake,False,False,False,0,0,76.3084379547077,0.4497809335589409,True,False
42,A_STATE,ID,220,lead_brake,False,False,False,0,0,54.83623944827505,1.2287326119840143,True,False
42,A_STATE,ID,221,lead_brake,False,False,False,0,0,52.84884183336727,8.054524148503939,True,False
42,A_STATE,ID,222,lead_brake,False,False,False,0,0,83.29278346014819,0.23958805948495865,True,False
42,A_STATE,ID,223,lead_brake,False,False,False,0,0,67.00250043859769,0.3782856501638889,True,False
42,A_STATE,ID,224,lead_brake,False,False,False,0,0,71.1151300214024,0.5606962690750757,True,False
42,A_STATE,ID,225,lead_brake,False,False,False,0,0,95.71990581452839,0.2905808662374814,True,False
42,A_STATE,ID,226,lead_brake,False,False,False,0,0,65.27596131010849,0.5358728716770808,True,False
42,A_STATE,ID,227,lead_brake,False,False,False,0,0,97.21713255190886,0.26162729412317276,True,False
42,A_STATE,ID,228,lead_brake,False,False,False,0,0,74.47188045228818,0.49735320980350173,True,False
42,A_STATE,ID,229,lead_brake,False,False,False,0,0,69.00649895217035,0.999269112944603,True,False
42,A_STATE,ID,230,lead_brake,False,False,False,0,0,84.47332346588374,0.16599412759145102,True,False
42,A_STATE,ID,231,lead_brake,False,False,False,0,0,93.94400640308743,0.17371435711781183,True,False
42,A_STATE,ID,232,lead_brake,False,False,False,0,0,78.39348258979771,1.2124902456998825,True,False
42,A_STATE,ID,233,lead_brake,False,False,False,0,0,60.8301752770478,4.764081160227457,True,False
42,A_STATE,ID,234,lead_brake,False,False,False,0,0,64.88989305970138,0.627907911936442,True,False
42,A_STATE,ID,235,lead_brake,False,False,False,0,0,94.97845364834797,0.21993596603473028,True,False
42,A_STATE,ID,236,lead_brake,False,False,False,0,0,76.02724571085078,0.2500843008359273,True,False
42,A_STATE,ID,237,lead_brake,False,False,False,0,0,55.985341515677085,0.5616157812376817,True,False
42,A_STATE,ID,238,lead_brake,False,False,False,0,0,73.14681438091523,1.8840257736543813,True,False
42,A_STATE,ID,239,lead_brake,False,False,False,0,0,75.29284766354611,1.2622960470616817,True,False
42,A_STATE,ID,240,lead_brake,False,False,False,0,0,73.9882988747323,0.9787185192108153,True,False
42,A_STATE,ID,241,lead_brake,False,False,False,0,0,55.195392079296475,2.573278475552797,True,False
42,A_STATE,ID,242,lead_brake,False,False,False,0,0,92.36369654639417,0.2507721868654092,True,False
42,A_STATE,ID,243,lead_brake,False,False,False,0,0,94.02604591524913,0.3009183580676715,True,False
42,A_STATE,ID,244,lead_brake,False,False,False,0,0,60.82130362718683,2.956748273223638,True,False
42,A_STATE,ID,245,lead_brake,False,False,False,0,0,68.23619761833145,0.8826922091344992,True,False
42,A_STATE,ID,246,lead_brake,False,False,False,0,0,69.77624988362287,0.23398058116436005,True,False
42,A_STATE,ID,247,lead_brake,False,False,False,0,0,67.73012156368648,0.31080303092797595,True,False
42,A_STATE,ID,248,lead_brake,False,False,False,0,0,57.02110717566207,7.845070457706848,True,False
42,A_STATE,ID,249,lead_brake,False,False,False,0,0,60.68823370431362,0.5538730484743912,True,False
42,A_STATE,ID,250,lead_brake,False,False,False,0,0,62.79575086159291,5.35121160869797,True,False
42,A_STATE,ID,251,lead_brake,False,False,False,0,0,63.653993671442855,1.160376970966657,True,False
42,A_STATE,ID,252,lead_brake,False,False,False,0,0,82.22987025720705,0.3350359921654065,True,False
42,A_STATE,ID,253,lead_brake,False,False,False,0,0,90.68018722049656,0.13865224272012708,True,False
42,A_STATE,ID,254,lead_brake,False,False,False,0,0,57.65221261971359,3.785563619186481,True,False
42,A_STATE,ID,255,lead_brake,False,False,False,0,0,69.48745567328757,1.601228058338165,True,False
42,A_STATE,ID,256,lead_brake,False,False,False,0,0,61.18845673748335,1.9981921004752317,True,False
42,A_STATE,ID,257,lead_brake,False,False,False,0,0,95.45793389949986,0.24541117995977402,True,False
42,A_STATE,ID,258,lead_brake,False,False,False,0,0,71.80385661116328,0.5045151909192402,True,False
42,A_STATE,ID,259,lead_brake,False,False,False,0,0,96.69459270000458,0.11550194770097731,True,False
42,A_STATE,ID,260,lead_brake,False,False,False,0,0,57.3434266772895,0.707629669457674,True,False
42,A_STATE,ID,261,lead_brake,False,False,False,0,0,68.83202440457953,0.7488745450973511,True,False
42,A_STATE,ID,262,lead_brake,False,False,False,0,0,54.45030217843987,1.9226812558869522,True,False
42,A_STATE,ID,263,lead_brake,False,False,False,0,0,60.596523670287795,0.8423294015228747,True,False
42,A_STATE,ID,264,lead_brake,False,False,False,0,0,93.4032943528814,0.34132624914248777,True,False
42,A_STATE,ID,265,lead_brake,False,False,False,0,0,86.9791278559766,0.2112486511468887,True,False
42,A_STATE,ID,266,lead_brake,False,False,False,0,0,66.59987720861118,0.27746258179346717,True,False
42,A_STATE,ID,267,lead_brake,False,False,False,0,0,79.82493516730949,0.2665359551707903,True,False
42,A_STATE,ID,268,lead_brake,False,False,False,0,0,60.89503795991133,0.45101839055617643,True,False
42,A_STATE,ID,269,lead_brake,False,False,False,0,0,70.30078148935166,0.8045563076933224,True,False
42,A_STATE,ID,270,lead_brake,False,False,False,0,0,78.97056995360052,1.475834645330906,True,False
42,A_STATE,ID,271,lead_brake,False,False,False,0,0,69.40589263035803,0.4679256106416384,True,False
42,A_STATE,ID,272,lead_brake,False,False,False,0,0,87.37875268339933,0.23708013693491617,True,False
42,A_STATE,ID,273,lead_brake,False,False,False,0,0,61.3607807184204,1.6308763859172661,True,False
42,A_STATE,ID,274,lead_brake,False,False,False,0,0,95.24028056518443,0.285331351061662,True,False
42,A_STATE,ID,275,lead_brake,False,False,False,0,0,85.39357836842537,0.23567639042933783,True,False
42,A_STATE,ID,276,lead_brake,False,False,False,0,0,59.701600243691125,0.4121372265120347,True,False
42,A_STATE,ID,277,lead_brake,False,False,False,0,0,76.63570494307837,0.1582485735416412,True,False
42,A_STATE,ID,278,lead_brake,False,False,False,0,0,81.41316138085969,0.23207477231820423,True,False
42,A_STATE,ID,279,lead_brake,False,False,False,0,0,91.05561291648812,0.2734348153074582,True,False
42,A_STATE,ID,280,lead_brake,False,False,False,0,0,82.02555358430104,0.21262733514110246,True,False
42,A_STATE,ID,281,lead_brake,False,False,False,0,0,82.68803366388846,0.20142756899197897,True,False
42,A_STATE,ID,282,lead_brake,False,False,False,0,0,87.75327084363491,0.2075729494293531,True,False
42,A_STATE,ID,283,lead_brake,False,False,False,0,0,56.50188997473202,7.381727962444225,True,False
42,A_STATE,ID,284,lead_brake,False,False,False,0,0,85.49385673671958,0.45830257485310233,True,False
42,A_STATE,ID,285,lead_brake,False,False,False,0,0,71.11034788776361,0.6054849922657013,True,False
42,A_STATE,ID,286,lead_brake,False,False,False,0,0,92.48036683081962,0.23940654844045636,True,False
42,A_STATE,ID,287,lead_brake,False,False,False,0,0,76.06979218521062,2.619121371457974,True,False
42,A_STATE,ID,288,lead_brake,False,False,False,0,0,67.97700260418905,0.9362154752016068,True,False
42,A_STATE,ID,289,lead_brake,False,False,False,0,0,61.18984917019436,1.0999601470927396,True,False
42,A_STATE,ID,290,lead_brake,False,False,False,0,0,95.41720528319976,0.28933218866586685,True,False
42,A_STATE,ID,291,lead_brake,False,False,False,0,0,76.97684189602687,0.2723537236452102,True,False
42,A_STATE,ID,292,lead_brake,False,False,False,0,0,73.76947180338152,0.26027510066827136,True,False
42,A_STATE,ID,293,lead_brake,False,False,False,0,0,80.63491831690634,0.25389337291320163,True,False
42,A_STATE,ID,294,lead_brake,False,False,False,0,0,60.45117595974891,0.3062948187192281,True,False
42,A_STATE,ID,295,lead_brake,False,False,False,0,0,82.3893345789242,0.25309048096338904,True,False
42,A_STATE,ID,296,lead_brake,False,False,False,0,0,61.15665244387651,1.2550230485697584,True,False
42,A_STATE,ID,297,lead_brake,False,False,False,0,0,74.87961110639388,0.2196255847811699,True,False
42,A_STATE,ID,298,lead_brake,False,False,False,0,0,94.08773575316923,0.19337098548809684,True,False
42,A_STATE,ID,299,lead_brake,False,False,False,0,0,67.60075392660906,3.094299015899499,True,False
42,A_STATE,OOD,0,crosswalk,False,False,False,0,0,30.569519081284326,2.6211121327736797,True,False
42,A_STATE,OOD,1,crosswalk,False,False,False,0,0,30.815657533162607,1.1182346238809473,True,False
42,A_STATE,OOD,2,crosswalk,False,False,False,0,1,23.188118279820433,1.0148765572479792,True,False
42,A_STATE,OOD,3,crosswalk,False,False,False,0,0,30.632028811518875,1.6314984928993952,True,False
42,A_STATE,OOD,4,crosswalk,False,False,False,0,0,24.89952047877503,1.625,True,False
42,A_STATE,OOD,5,crosswalk,False,False,False,0,0,25.09736107889966,1.9043694081760587,True,False
42,A_STATE,OOD,6,crosswalk,False,False,False,0,0,20.761414788800934,1.6576789624311707,True,False
42,A_STATE,OOD,7,crosswalk,False,False,False,0,0,22.762993490839435,2.309314624683277,True,False
42,A_STATE,OOD,8,crosswalk,False,False,False,0,0,30.34024939612494,1.3861433295316474,True,False
42,A_STATE,OOD,9,crosswalk,False,False,False,0,0,30.181748069036225,1.637529119467124,True,False
42,A_STATE,OOD,10,crosswalk,False,False,False,0,0,26.974602238686785,2.025358836825301,True,False
42,A_STATE,OOD,11,crosswalk,False,False,False,0,0,24.675406721146324,2.190375647893766,True,False
42,A_STATE,OOD,12,crosswalk,False,False,False,0,1,27.674767520043368,1.1792520070687318,True,False
42,A_STATE,OOD,13,crosswalk,False,False,False,0,1,24.06985783775994,1.7544727376166809,True,False
42,A_STATE,OOD,14,crosswalk,False,False,False,0,0,31.462409298190323,1.525443272712903,True,False
42,A_STATE,OOD,15,crosswalk,False,False,False,0,0,22.79939366148296,1.715869738700542,True,False
42,A_STATE,OOD,16,crosswalk,False,False,False,0,1,22.356779846562482,1.9284260802798798,True,False
42,A_STATE,OOD,17,crosswalk,False,False,False,0,1,21.188170155764446,0.971732424064116,True,False
42,A_STATE,OOD,18,crosswalk,False,False,False,0,1,22.374712163894202,1.17637038230896,True,False
42,A_STATE,OOD,19,crosswalk,False,False,False,0,1,21.990611860704355,1.997038409823463,True,False
42,A_STATE,OOD,20,crosswalk,False,False,False,0,1,30.041601247088025,1.0546988384290175,True,False
42,A_STATE,OOD,21,crosswalk,False,False,False,0,1,22.831676288185875,1.7039914460892371,True,False
42,A_STATE,OOD,22,crosswalk,False,False,False,0,0,21.828664291672546,2.117039278149605,True,False
42,A_STATE,OOD,23,crosswalk,False,False,False,0,0,29.637545236196374,1.8741452126275926,True,False
42,A_STATE,OOD,24,crosswalk,False,False,False,0,0,23.382322693872343,1.7351132908532785,True,False
42,A_STATE,OOD,25,crosswalk,False,False,False,0,1,22.56972941205409,0.887254610657692,True,False
42,A_STATE,OOD,26,crosswalk,False,False,False,0,1,23.00491920272773,0.9724349820095559,True,False
42,A_STATE,OOD,27,crosswalk,False,False,False,0,1,29.21366063562507,1.7976753348889556,True,False
42,A_STATE,OOD,28,crosswalk,False,False,False,0,0,30.500050389835103,2.4064023461606765,True,False
42,A_STATE,OOD,29,crosswalk,False,False,False,0,0,28.8225765424001,1.419396433161526,True,False
42,A_STATE,OOD,30,crosswalk,False,False,False,0,0,28.581131168840407,1.5124840946758493,True,False
42,A_STATE,OOD,31,crosswalk,False,False,False,0,0,23.068552533964205,1.765822801325056,True,False
42,A_STATE,OOD,32,crosswalk,False,False,False,0,1,27.383575664105955,1.9866639764412588,True,False
42,A_STATE,OOD,33,crosswalk,False,False,False,0,0,27.14650782564918,2.1532874136436275,True,False
42,A_STATE,OOD,34,crosswalk,False,False,False,0,1,24.761950219326707,0.9481826295023379,True,False
42,A_STATE,OOD,35,crosswalk,False,False,False,0,0,22.460322627352532,1.9717535234632946,True,False
42,A_STATE,OOD,36,crosswalk,False,False,False,0,0,21.17637302285511,1.8954543769359589,True,False
42,A_STATE,OOD,37,crosswalk,False,False,False,0,0,22.82753154571197,1.8620556249068334,True,False
42,A_STATE,OOD,38,crosswalk,False,False,False,0,1,20.941450279194278,1.0778116881847382,True,False
42,A_STATE,OOD,39,crosswalk,False,False,False,0,0,30.788926648711055,1.9163824581518407,True,False
42,A_STATE,OOD,40,crosswalk,False,False,False,0,0,21.668177240337137,1.9950979806128002,True,False
42,A_STATE,OOD,41,crosswalk,False,False,False,0,1,24.422195489629605,1.0057127740648057,True,False
42,A_STATE,OOD,42,crosswalk,False,False,False,0,0,24.93766481110911,2.06158073717042,True,False
42,A_STATE,OOD,43,crosswalk,False,False,False,0,1,20.874465297811966,0.9269987084926703,True,False
42,A_STATE,OOD,44,crosswalk,False,False,False,0,1,31.629550124558598,0.9906823203918781,True,False
42,A_STATE,OOD,45,crosswalk,False,False,False,0,0,21.747652198618187,1.7530916566434112,True,False
42,A_STATE,OOD,46,crosswalk,False,False,False,0,1,31.186971145361916,1.0422231663357127,True,False
42,A_STATE,OOD,47,crosswalk,False,False,False,0,1,24.296678418398983,1.8595776910131627,True,False
42,A_STATE,OOD,48,crosswalk,False,False,False,0,1,27.9274902018798,1.1775399782718756,True,False
42,A_STATE,OOD,49,crosswalk,False,False,False,0,0,26.70755526400217,2.0916388390792737,True,False
42,A_STATE,OOD,50,crosswalk,False,False,False,0,0,28.123635743190412,1.693564104406457,True,False
42,A_STATE,OOD,51,crosswalk,False,False,False,0,0,27.236592787884625,1.9325325427911217,True,False
42,A_STATE,OOD,52,crosswalk,False,False,False,0,0,22.269502434056548,1.9745291573436636,True,False
42,A_STATE,OOD,53,crosswalk,False,False,False,0,1,22.185256110557244,1.133787197035712,True,False
42,A_STATE,OOD,54,crosswalk,False,False,False,0,0,25.986047452139246,1.625,True,False
42,A_STATE,OOD,55,crosswalk,False,False,False,0,0,30.337284451445406,1.703999951481819,True,False
42,A_STATE,OOD,56,crosswalk,False,False,False,0,0,22.884726778152263,2.0088584201280457,True,False
42,A_STATE,OOD,57,crosswalk,False,False,False,0,0,21.86022092049393,1.6958425517963327,True,False
42,A_STATE,OOD,58,crosswalk,False,False,False,0,1,28.30039877061428,1.8642092004735418,True,False
42,A_STATE,OOD,59,crosswalk,False,False,False,0,1,23.979165326613437,1.7371458187699318,True,False
42,A_STATE,OOD,60,crosswalk,False,False,False,0,1,27.933283651794632,1.2093653647523177,True,False
42,A_STATE,OOD,61,crosswalk,False,False,False,0,1,23.69679917653656,1.1349152296017377,True,False
42,A_STATE,OOD,62,crosswalk,False,False,False,0,1,28.65705398062383,0.999195510926454,True,False
42,A_STATE,OOD,63,crosswalk,False,False,False,0,1,21.789919337227325,1.0508145937105504,True,False
42,A_STATE,OOD,64,crosswalk,False,False,False,0,0,25.128815601454562,1.989712257717931,True,False
42,A_STATE,OOD,65,crosswalk,False,False,False,0,1,30.604278848541355,1.0281991958618164,True,False
42,A_STATE,OOD,66,crosswalk,False,False,False,0,1,20.826710546120076,1.5522135999053714,True,False
42,A_STATE,OOD,67,crosswalk,False,False,False,0,0,27.90688854665958,1.8702355162663893,True,False
42,A_STATE,OOD,68,crosswalk,False,False,False,0,1,20.742481815566954,0.9831566431305625,True,False
42,A_STATE,OOD,69,crosswalk,False,False,False,0,1,25.826898524705793,1.2408445976875921,True,False
42,A_STATE,OOD,70,crosswalk,False,False,False,0,0,23.04968426706413,1.9929304444476177,True,False
42,A_STATE,OOD,71,crosswalk,False,False,False,0,0,28.751150693762774,1.9001882679240647,True,False
42,A_STATE,OOD,72,crosswalk,False,False,False,0,1,23.28677845065741,1.0860648097061527,True,False
42,A_STATE,OOD,73,crosswalk,False,False,False,0,1,28.44329656470066,1.0231038067075942,True,False
42,A_STATE,OOD,74,crosswalk,False,False,False,0,1,24.935071630522167,1.2319275495168325,True,False
42,A_STATE,OOD,75,crosswalk,False,False,False,0,0,27.41037110456627,1.897616936610295,True,False
42,A_STATE,OOD,76,crosswalk,False,False,False,0,0,28.815006373280998,1.8123060724009636,True,False
42,A_STATE,OOD,77,crosswalk,False,False,False,0,1,26.25078265011145,1.0841141995929535,True,False
42,A_STATE,OOD,78,crosswalk,False,False,False,0,0,29.286214669893074,1.497039511090233,True,False
42,A_STATE,OOD,79,crosswalk,False,False,False,0,0,20.35636199289548,1.8389365331428804,True,False
42,A_STATE,OOD,80,crosswalk,False,False,False,0,0,24.553173821970944,1.7011227905750275,True,False
42,A_STATE,OOD,81,crosswalk,False,False,False,0,0,22.286661609641122,1.955438691534494,True,False
42,A_STATE,OOD,82,crosswalk,False,False,False,0,1,25.736915671972103,1.6606598712028342,True,False
42,A_STATE,OOD,83,crosswalk,False,False,False,0,0,29.36268776761694,1.924061510297987,True,False
42,A_STATE,OOD,84,crosswalk,False,False,False,0,1,28.032105073864358,1.06386870838875,True,False
42,A_STATE,OOD,85,crosswalk,False,False,False,0,1,22.026575335863875,0.9750669910794213,True,False
42,A_STATE,OOD,86,crosswalk,False,False,False,0,0,31.99448171941947,2.0041990123297038,True,False
42,A_STATE,OOD,87,crosswalk,False,False,False,0,1,22.870210898362707,0.9771259890662299,True,False
42,A_STATE,OOD,88,crosswalk,False,False,False,0,1,30.53236999154449,1.0579312660477378,True,False
42,A_STATE,OOD,89,crosswalk,False,False,False,0,0,29.23150203390757,1.6927729617981684,True,False
42,A_STATE,OOD,90,crosswalk,False,False,False,0,1,30.990603111948747,1.1752736121416092,True,False
42,A_STATE,OOD,91,crosswalk,False,False,False,0,1,23.72957019980069,1.1978516546455589,True,False
42,A_STATE,OOD,92,crosswalk,False,False,False,0,0,24.3658330159761,2.127921363202537,True,False
42,A_STATE,OOD,93,crosswalk,False,False,False,0,1,20.693180720923948,1.4379046891223302,True,False
42,A_STATE,OOD,94,crosswalk,False,False,False,0,1,26.766410292325556,1.776601380490242,True,False
42,A_STATE,OOD,95,crosswalk,False,False,False,0,1,21.608922567630064,1.1021980872521033,True,False
42,A_STATE,OOD,96,crosswalk,False,False,False,0,1,28.525934179751903,1.9798151005146114,True,False
42,A_STATE,OOD,97,crosswalk,False,False,False,0,0,30.474900798834614,1.9928465194480363,True,False
42,A_STATE,OOD,98,crosswalk,False,False,False,0,0,28.059688238545085,1.8408731161019738,True,False
42,A_STATE,OOD,99,crosswalk,False,False,False,0,1,27.908739953383904,1.8283079240633093,True,False
42,A_STATE,OOD,100,stop_intersection,False,False,False,0,1,23.215594015155993,1.9017743176602302,True,False
42,A_STATE,OOD,101,stop_intersection,False,False,False,0,1,25.198984236286563,1.4659284693854195,True,False
42,A_STATE,OOD,102,stop_intersection,False,False,False,0,1,30.771655686213542,1.46563426444405,True,False
42,A_STATE,OOD,103,stop_intersection,False,False,False,0,1,27.173675762533982,1.8026109727529378,True,False
42,A_STATE,OOD,104,stop_intersection,False,False,False,0,1,26.914325134522976,1.9707083313361458,True,False
42,A_STATE,OOD,105,stop_intersection,False,False,False,0,1,21.174562121080285,1.843824712154658,True,False
42,A_STATE,OOD,106,stop_intersection,False,False,False,0,1,30.898026859206194,1.4700682539688914,True,False
42,A_STATE,OOD,107,stop_intersection,False,False,False,0,1,28.09732169376376,1.366276659217535,True,False
42,A_STATE,OOD,108,stop_intersection,False,False,False,0,1,24.98997262098867,2.095978167653084,True,False
42,A_STATE,OOD,109,stop_intersection,False,False,False,0,1,21.77144599329087,1.7194557346795736,True,False
42,A_STATE,OOD,110,stop_intersection,False,False,False,0,1,24.286550465919166,1.8988102674484253,True,False
42,A_STATE,OOD,111,stop_intersection,False,False,False,0,1,23.44948873477421,1.8590817646104463,True,False
42,A_STATE,OOD,112,stop_intersection,False,False,False,0,1,24.381590804363757,1.8829816579818726,True,False
42,A_STATE,OOD,113,stop_intersection,False,False,False,0,1,30.5362114366922,1.2261543084274638,True,False
42,A_STATE,OOD,114,stop_intersection,False,False,False,0,1,24.66735739180612,1.7041175663471222,True,False
42,A_STATE,OOD,115,stop_intersection,False,False,False,0,1,24.786923175193884,1.4351637943370923,True,False
42,A_STATE,OOD,116,stop_intersection,False,False,False,0,1,21.947670378501925,1.8577271334978998,True,False
42,A_STATE,OOD,117,stop_intersection,False,False,False,0,1,28.914833452151825,1.8802448034286496,True,False
42,A_STATE,OOD,118,stop_intersection,False,False,False,0,1,28.36520786244399,1.3889428188926294,True,False
42,A_STATE,OOD,119,stop_intersection,False,False,False,0,1,23.96791528983387,1.88147205479291,True,False
42,A_STATE,OOD,120,stop_intersection,False,False,False,0,1,30.887113995565638,1.5166804255271442,True,False
42,A_STATE,OOD,121,stop_intersection,False,False,False,0,1,21.363283322228984,2.0595407088597613,True,False
42,A_STATE,OOD,122,stop_intersection,False,False,False,0,1,24.53997828881036,1.295588903310822,True,False
42,A_STATE,OOD,123,stop_intersection,False,False,False,0,1,31.332516470290557,1.359961822628975,True,False
42,A_STATE,OOD,124,stop_intersection,False,False,False,0,1,28.86101625156951,1.9404824790747268,True,False
42,A_STATE,OOD,125,stop_intersection,False,False,False,0,1,23.712781031400468,1.1642325586742823,True,False
42,A_STATE,OOD,126,stop_intersection,False,False,False,0,1,30.844216042318365,1.763833062006877,True,False
42,A_STATE,OOD,127,stop_intersection,False,False,False,0,1,28.7811642063583,1.4338495684605017,True,False
42,A_STATE,OOD,128,stop_intersection,False,False,False,0,1,29.52452853282893,1.449952517685137,True,False
42,A_STATE,OOD,129,stop_intersection,False,False,False,0,1,26.692262740318732,1.7674616666940541,True,False
42,A_STATE,OOD,130,stop_intersection,False,False,False,0,1,21.804028856784203,1.175005186435788,True,False
42,A_STATE,OOD,131,stop_intersection,False,False,False,0,1,24.423732983230657,1.9090058157841363,True,False
42,A_STATE,OOD,132,stop_intersection,False,False,False,0,0,21.6429097294642,1.8813689313828945,True,False
42,A_STATE,OOD,133,stop_intersection,False,False,False,0,1,24.97694524794713,1.785092663306456,True,False
42,A_STATE,OOD,134,stop_intersection,False,False,False,0,1,26.17438486529541,1.3644108740059104,True,False
42,A_STATE,OOD,135,stop_intersection,False,False,False,0,1,21.65274902877271,1.2552327834642851,True,False
42,A_STATE,OOD,136,stop_intersection,False,False,False,0,1,25.608893638638484,1.3516515976673849,True,False
42,A_STATE,OOD,137,stop_intersection,False,False,False,0,1,30.948211052493928,1.3771519006467332,True,False
42,A_STATE,OOD,138,stop_intersection,False,False,False,0,1,30.741398614982387,1.7704624585483386,True,False
42,A_STATE,OOD,139,stop_intersection,False,False,False,0,1,27.618236046486473,1.3155158360799153,True,False
42,A_STATE,OOD,140,stop_intersection,False,False,False,0,1,24.9847589329834,1.183839908667973,True,False
42,A_STATE,OOD,141,stop_intersection,False,False,False,0,1,29.189637595954125,1.2152401652447014,True,False
42,A_STATE,OOD,142,stop_intersection,False,False,False,0,1,23.033376195979514,1.8686728209865335,True,False
42,A_STATE,OOD,143,stop_intersection,False,False,False,0,1,27.894550150019036,1.8972421300654507,True,False
42,A_STATE,OOD,144,stop_intersection,False,False,False,0,1,30.26621946441724,1.3387360870838165,True,False
42,A_STATE,OOD,145,stop_intersection,False,False,False,0,1,27.54126225934981,1.9744070361439996,True,False
42,A_STATE,OOD,146,stop_intersection,False,False,False,0,1,27.39186157658218,2.145292551018471,True,False
42,A_STATE,OOD,147,stop_intersection,False,False,False,0,1,21.03091824971274,1.3225896616239803,True,False
42,A_STATE,OOD,148,stop_intersection,False,False,False,0,1,20.600851630950828,1.0481349627176921,True,False
42,A_STATE,OOD,149,stop_intersection,False,False,False,0,1,29.17949280605918,1.7209557809081732,True,False
42,A_STATE,OOD,150,stop_intersection,False,False,False,0,1,23.22726924395776,1.9190637313801309,True,False
42,A_STATE,OOD,151,stop_intersection,False,False,False,0,1,23.28835616453307,1.3572527468204498,True,False
42,A_STATE,OOD,152,stop_intersection,False,False,False,0,1,30.669308572183745,1.4662484354094454,True,False
42,A_STATE,OOD,153,stop_intersection,False,False,False,0,1,30.13870795068553,1.348092207094518,True,False
42,A_STATE,OOD,154,stop_intersection,False,False,False,0,1,21.409185586806238,1.7940044286204317,True,False
42,A_STATE,OOD,155,stop_intersection,False,False,False,0,1,24.309624177553953,1.384284926785363,True,False
42,A_STATE,OOD,156,stop_intersection,False,False,False,0,1,22.077664475117345,1.7551235995202692,True,False
42,A_STATE,OOD,157,stop_intersection,False,False,False,0,1,23.037665935234585,1.9444848472873368,True,False
42,A_STATE,OOD,158,stop_intersection,False,False,False,0,1,30.656843561538345,1.7170139277974763,True,False
42,A_STATE,OOD,159,stop_intersection,False,False,False,0,1,28.910123220790222,1.2445345728896384,True,False
42,A_STATE,OOD,160,stop_intersection,False,False,False,0,1,25.4646095044004,1.779577422600526,True,False
42,A_STATE,OOD,161,stop_intersection,False,False,False,0,1,23.632522345746708,1.1378581368404885,True,False
42,A_STATE,OOD,162,stop_intersection,False,False,False,0,1,27.309694212942322,1.2633394501930058,True,False
42,A_STATE,OOD,163,stop_intersection,False,False,False,0,1,25.987909308545667,1.2631748765707014,True,False
42,A_STATE,OOD,164,stop_intersection,False,False,False,0,1,24.11228863185709,1.214778049047603,True,False
42,A_STATE,OOD,165,stop_intersection,False,False,False,0,1,28.649100934550283,1.986146979033947,True,False
42,A_STATE,OOD,166,stop_intersection,False,False,False,0,1,27.113000143944817,2.0019204331480935,True,False
42,A_STATE,OOD,167,stop_intersection,False,False,False,0,1,30.27729299063206,1.2024879714717036,True,False
42,A_STATE,OOD,168,stop_intersection,False,False,False,0,1,31.04210557505922,1.2732096964662725,True,False
42,A_STATE,OOD,169,stop_intersection,False,False,False,0,1,28.22728554786894,1.3634261870995545,True,False
42,A_STATE,OOD,170,stop_intersection,False,False,False,0,1,20.78905351421593,1.2514311992205107,True,False
42,A_STATE,OOD,171,stop_intersection,False,False,False,0,1,21.478457365888794,1.3014555380151076,True,False
42,A_STATE,OOD,172,stop_intersection,False,False,False,0,1,22.200579197694225,1.7244468400111563,True,False
42,A_STATE,OOD,173,stop_intersection,False,False,False,0,1,28.47733816472499,1.1314825648846834,True,False
42,A_STATE,OOD,174,stop_intersection,False,False,False,0,1,21.797400677470073,1.8013422356711495,True,False
42,A_STATE,OOD,175,stop_intersection,False,False,False,0,1,27.81743793871702,1.4613287352226874,True,False
42,A_STATE,OOD,176,stop_intersection,False,False,False,0,1,22.19266024835992,1.8226638886456688,True,False
42,A_STATE,OOD,177,stop_intersection,False,False,False,0,1,30.464351063859823,1.87726478795616,True,False
42,A_STATE,OOD,178,stop_intersection,False,False,False,0,1,28.460322574512652,1.4269314000481053,True,False
42,A_STATE,OOD,179,stop_intersection,False,False,False,0,1,28.31567454161853,1.9418511745777536,True,False
42,A_STATE,OOD,180,stop_intersection,False,False,False,0,1,21.485829219299788,1.169503473100208,True,False
42,A_STATE,OOD,181,stop_intersection,False,False,False,0,1,31.024631565508415,1.4000732451677322,True,False
42,A_STATE,OOD,182,stop_intersection,False,False,False,0,1,22.867431580592523,1.2337236255407331,True,False
42,A_STATE,OOD,183,stop_intersection,False,False,False,0,1,22.048713392719883,1.280143213899512,True,False
42,A_STATE,OOD,184,stop_intersection,False,False,False,0,1,29.933577764788758,1.790032902589211,True,False
42,A_STATE,OOD,185,stop_intersection,False,False,False,0,1,25.93557778713982,1.1652935976567476,True,False
42,A_STATE,OOD,186,stop_intersection,False,False,False,0,1,30.090762599157884,1.7636118295057763,True,False
42,A_STATE,OOD,187,stop_intersection,False,False,False,0,1,27.59438646548591,2.0690397024154663,True,False
42,A_STATE,OOD,188,stop_intersection,False,False,False,0,1,30.89908540059848,1.5676688804076269,True,False
42,A_STATE,OOD,189,stop_intersection,False,False,False,0,1,29.651913223095498,1.4631059295252749,True,False
42,A_STATE,OOD,190,stop_intersection,False,False,False,0,1,24.882444976647875,2.1882185339927673,True,False
42,A_STATE,OOD,191,stop_intersection,False,False,False,0,1,26.536712370450964,1.8799071044337992,True,False
42,A_STATE,OOD,192,stop_intersection,False,False,False,0,1,29.991546955580723,1.2132505483405533,True,False
42,A_STATE,OOD,193,stop_intersection,False,False,False,0,1,23.87758850258328,1.157331970002916,True,False
42,A_STATE,OOD,194,stop_intersection,False,False,False,0,1,26.605327374759806,1.2638923317887063,True,False
42,A_STATE,OOD,195,stop_intersection,False,False,False,0,1,26.494538039302327,1.841199199358622,True,False
42,A_STATE,OOD,196,stop_intersection,False,False,False,0,1,22.696305201626615,1.189729372660319,True,False
42,A_STATE,OOD,197,stop_intersection,False,False,False,0,1,29.3024935135646,1.718045855468174,True,False
42,A_STATE,OOD,198,stop_intersection,False,False,False,0,1,29.008990689290567,2.0907993614673615,True,False
42,A_STATE,OOD,199,stop_intersection,False,False,False,0,1,28.279075116411512,1.6170010591546693,True,False
42,A_STATE,OOD,200,lead_brake,False,False,False,0,0,33.92332909017797,4.6654693347712355,True,False
42,A_STATE,OOD,201,lead_brake,False,False,False,0,0,30.83741466506785,4.227805965890487,True,False
42,A_STATE,OOD,202,lead_brake,False,False,True,0,0,26.002052540120616,4.256225182364384,True,False
42,A_STATE,OOD,203,lead_brake,False,False,False,0,0,30.762509183694352,1.5580224928756554,True,False
42,A_STATE,OOD,204,lead_brake,False,False,False,0,0,29.72171882793072,4.446434419602155,True,False
42,A_STATE,OOD,205,lead_brake,False,False,False,0,0,28.506955570467245,4.21598232910037,True,False
42,A_STATE,OOD,206,lead_brake,False,False,False,0,0,30.218327511982853,4.920377968500057,True,False
42,A_STATE,OOD,207,lead_brake,False,False,False,0,0,32.84673913760041,3.335021208971739,True,False
42,A_STATE,OOD,208,lead_brake,False,False,False,0,0,38.168610680191236,5.003173379848401,True,False
42,A_STATE,OOD,209,lead_brake,False,False,False,0,0,30.712404050726832,3.036411358664433,True,False
42,A_STATE,OOD,210,lead_brake,False,False,False,0,0,29.801361921252404,5.577881223211685,True,False
42,A_STATE,OOD,211,lead_brake,False,False,False,0,0,36.48643886119123,4.363403381158908,True,False
42,A_STATE,OOD,212,lead_brake,False,False,True,0,0,27.62589426231992,5.56123752767841,True,False
42,A_STATE,OOD,213,lead_brake,False,False,False,0,0,30.89492954257495,2.860217723995447,True,False
42,A_STATE,OOD,214,lead_brake,False,False,False,0,0,35.023688346778044,2.6973394167919955,True,False
42,A_STATE,OOD,215,lead_brake,False,False,True,0,0,26.847420244481732,4.892323994388183,True,False
42,A_STATE,OOD,216,lead_brake,False,False,False,0,0,40.266215445514646,4.846642309178908,True,False
42,A_STATE,OOD,217,lead_brake,False,False,False,0,0,34.77322427690031,1.2377302063008149,True,False
42,A_STATE,OOD,218,lead_brake,False,False,False,0,0,26.68394321667516,1.8443268351256847,True,False
42,A_STATE,OOD,219,lead_brake,False,False,False,0,0,34.46735229571517,3.992108544955651,True,False
42,A_STATE,OOD,220,lead_brake,False,False,False,0,0,35.32763858728142,3.135875772684812,True,False
42,A_STATE,OOD,221,lead_brake,False,False,True,0,0,24.24740507990122,5.053679410368203,True,False
42,A_STATE,OOD,222,lead_brake,False,False,False,0,0,39.79231387169559,4.531022097915411,True,False
42,A_STATE,OOD,223,lead_brake,False,False,True,0,0,26.43965957320952,5.504241149872541,True,False
42,A_STATE,OOD,224,lead_brake,False,False,False,0,0,31.329832968654426,1.9582879257698853,True,False
42,A_STATE,OOD,225,lead_brake,False,False,False,0,0,32.00140316223114,3.8864751445750394,True,False
42,A_STATE,OOD,226,lead_brake,False,False,False,0,0,27.255078195333446,1.4597964373727639,True,False
42,A_STATE,OOD,227,lead_brake,False,False,False,0,0,38.75778922039938,1.5624696177740889,True,False
42,A_STATE,OOD,228,lead_brake,False,False,False,0,0,39.77714879397213,1.7224060135583081,True,False
42,A_STATE,OOD,229,lead_brake,False,False,False,0,0,43.239139032959955,1.3634206391870975,True,False
42,A_STATE,OOD,230,lead_brake,False,False,False,0,0,34.178205504907275,3.355455799649159,True,False
42,A_STATE,OOD,231,lead_brake,False,False,False,0,0,35.390929856914354,4.564249737809101,True,False
42,A_STATE,OOD,232,lead_brake,False,False,False,0,0,32.89062523619292,2.9368086718022823,True,False
42,A_STATE,OOD,233,lead_brake,False,False,False,0,0,30.15529806011539,4.865413164099057,True,False
42,A_STATE,OOD,234,lead_brake,False,False,False,0,0,29.23819485756752,3.941117198516925,True,False
42,A_STATE,OOD,235,lead_brake,False,False,False,0,0,32.414327081494235,1.7357238518695035,True,False
42,A_STATE,OOD,236,lead_brake,False,False,False,0,0,42.683340361416334,4.195943937947352,True,False
42,A_STATE,OOD,237,lead_brake,False,False,False,0,0,40.563478993501306,4.073175280044476,True,False
42,A_STATE,OOD,238,lead_brake,False,False,True,0,0,26.378405256569376,3.2671537809073925,True,False
42,A_STATE,OOD,239,lead_brake,False,False,False,0,0,34.51720824106082,1.8951008456448715,True,False
42,A_STATE,OOD,240,lead_brake,False,False,False,0,0,36.917856439948046,3.776274066418409,True,False
42,A_STATE,OOD,241,lead_brake,False,False,False,0,0,25.890753107471454,4.05929368486007,True,False
42,A_STATE,OOD,242,lead_brake,False,False,True,0,0,27.141212163938974,3.258067624022563,True,False
42,A_STATE,OOD,243,lead_brake,False,False,False,0,0,31.216506593293303,4.6611015138526755,True,False
42,A_STATE,OOD,244,lead_brake,False,False,False,0,0,41.845177295207996,2.5291198131938772,True,False
42,A_STATE,OOD,245,lead_brake,False,False,False,0,0,43.652956446409206,2.6197410784661765,True,False
42,A_STATE,OOD,246,lead_brake,False,False,True,0,0,26.98552626370492,2.5224926210939884,True,False
42,A_STATE,OOD,247,lead_brake,False,False,False,0,0,31.553218132804034,4.053692791610956,True,False
42,A_STATE,OOD,248,lead_brake,False,False,True,0,0,27.799859431341947,2.784084840367237,True,False
42,A_STATE,OOD,249,lead_brake,False,False,True,0,0,24.19850535734234,5.2582530764242,True,False
42,A_STATE,OOD,250,lead_brake,False,False,False,0,0,33.79035406053552,4.269376154989004,True,False
42,A_STATE,OOD,251,lead_brake,False,False,False,0,0,31.09248049513613,1.9497778601944444,True,False
42,A_STATE,OOD,252,lead_brake,False,False,False,0,0,40.33995147138336,3.578495560834805,True,False
42,A_STATE,OOD,253,lead_brake,False,False,False,0,0,28.970928721427907,4.802301311244567,True,False
42,A_STATE,OOD,254,lead_brake,False,False,False,0,0,28.362719883093497,3.3471859581768513,True,False
42,A_STATE,OOD,255,lead_brake,False,False,False,0,0,34.618837557037644,3.740928345670303,True,False
42,A_STATE,OOD,256,lead_brake,False,False,True,0,0,25.243857628703083,3.115449327975511,True,False
42,A_STATE,OOD,257,lead_brake,False,False,False,0,0,31.06647964372498,3.550186806668838,True,False
42,A_STATE,OOD,258,lead_brake,False,False,True,0,0,23.8107508036596,2.3216992355883117,True,False
42,A_STATE,OOD,259,lead_brake,False,False,False,0,0,43.32599372565744,3.4554603012899556,True,False
42,A_STATE,OOD,260,lead_brake,False,False,False,0,0,34.896361397673616,2.4420502396921315,True,False
42,A_STATE,OOD,261,lead_brake,False,False,False,0,0,28.91992908817733,1.854173557211955,True,False
42,A_STATE,OOD,262,lead_brake,False,False,False,0,0,38.55842361683366,4.100885156542063,True,False
42,A_STATE,OOD,263,lead_brake,False,False,False,0,0,30.86253710620527,4.507923668871323,True,False
42,A_STATE,OOD,264,lead_brake,False,False,False,0,0,44.791482173502416,2.2310829795897007,True,False
42,A_STATE,OOD,265,lead_brake,False,False,False,0,0,40.35087093430667,1.8713953482608,True,False
42,A_STATE,OOD,266,lead_brake,False,False,False,0,0,32.54590785499637,5.434035185724497,True,False
42,A_STATE,OOD,267,lead_brake,False,False,False,0,0,29.743258537695997,4.489815082401037,True,False
42,A_STATE,OOD,268,lead_brake,False,False,False,0,0,29.43762103771139,5.061423052102327,True,False
42,A_STATE,OOD,269,lead_brake,False,False,False,0,0,31.724980490038906,2.3296614711483317,True,False
42,A_STATE,OOD,270,lead_brake,False,False,True,0,0,25.758681196298898,1.5911078937351701,True,False
42,A_STATE,OOD,271,lead_brake,False,False,False,0,0,36.42244850308848,4.693539051959911,True,False
42,A_STATE,OOD,272,lead_brake,False,False,False,0,0,34.44026949291283,2.7787575560311475,True,False
42,A_STATE,OOD,273,lead_brake,False,False,False,0,0,34.982818011581756,2.977607474972804,True,False
42,A_STATE,OOD,274,lead_brake,False,False,False,0,0,37.390795077006565,0.9032725406189759,True,False
42,A_STATE,OOD,275,lead_brake,False,False,False,0,0,33.30133647825608,3.3020007895926633,True,False
42,A_STATE,OOD,276,lead_brake,False,False,False,0,0,28.776531356244266,4.062954941143592,True,False
42,A_STATE,OOD,277,lead_brake,False,False,False,0,0,29.820140319168555,4.208029981702566,True,False
42,A_STATE,OOD,278,lead_brake,False,False,False,0,0,30.336666049923206,3.667294880996147,True,False
42,A_STATE,OOD,279,lead_brake,False,False,False,0,0,38.93525514245034,5.033959113061428,True,False
42,A_STATE,OOD,280,lead_brake,False,False,False,0,0,30.7182179385763,3.235075435290734,True,False
42,A_STATE,OOD,281,lead_brake,False,False,False,0,0,31.63224783986803,3.541714967538913,True,False
42,A_STATE,OOD,282,lead_brake,False,False,False,0,0,32.401726045874774,2.408594929923614,True,False
42,A_STATE,OOD,283,lead_brake,False,False,False,0,0,36.72860397309066,0.4326869075496991,True,False
42,A_STATE,OOD,284,lead_brake,False,False,True,0,0,26.1399889773526,5.462568582346042,True,False
42,A_STATE,OOD,285,lead_brake,False,False,False,0,0,35.49230321736693,3.9679136934379735,True,False
42,A_STATE,OOD,286,lead_brake,False,False,False,0,0,29.22837239034785,3.150943490366141,True,False
42,A_STATE,OOD,287,lead_brake,False,False,False,0,0,32.775492753945,4.1491574334601555,True,False
42,A_STATE,OOD,288,lead_brake,False,False,True,0,0,26.89712558644257,2.94174184029301,True,False
42,A_STATE,OOD,289,lead_brake,False,False,False,0,0,39.92052527095007,3.5716514152785144,True,False
42,A_STATE,OOD,290,lead_brake,False,False,False,0,0,33.91539535471706,3.675567345072826,True,False
42,A_STATE,OOD,291,lead_brake,False,False,True,0,0,21.912594467401497,2.158190604299307,True,False
42,A_STATE,OOD,292,lead_brake,False,False,False,0,0,36.2958006496637,3.5983960442245,True,False
42,A_STATE,OOD,293,lead_brake,False,False,True,0,0,25.682879369206105,5.450298624734083,True,False
42,A_STATE,OOD,294,lead_brake,False,False,False,0,0,26.934345422592877,3.894361564268668,True,False
42,A_STATE,OOD,295,lead_brake,False,False,False,0,0,28.428028855323763,2.6746694979568324,True,False
42,A_STATE,OOD,296,lead_brake,False,False,False,0,0,35.759603750251436,3.89589316273729,True,False
42,A_STATE,OOD,297,lead_brake,False,False,False,0,0,39.196681952886806,5.133353929966688,True,False
42,A_STATE,OOD,298,lead_brake,False,False,True,0,0,21.48702968092862,3.388349194079637,True,False
42,A_STATE,OOD,299,lead_brake,False,False,False,0,0,25.901890549932098,1.7470472268760202,True,False
42,B_COC,ID,0,crosswalk,False,False,False,0,0,29.616780551034893,2.1382107788866214,True,False
42,B_COC,ID,1,crosswalk,False,False,False,0,0,38.330054110329115,1.0318701388314366,True,False
42,B_COC,ID,2,crosswalk,False,False,False,0,0,28.524355470177518,2.5905399259768034,True,False
42,B_COC,ID,3,crosswalk,False,False,False,0,0,32.840765613791774,2.4150833984216056,True,False
42,B_COC,ID,4,crosswalk,False,False,False,0,0,34.03875676300828,2.303903285752643,True,False
42,B_COC,ID,5,crosswalk,False,False,False,0,0,28.474416970873936,1.951952084251072,True,False
42,B_COC,ID,6,crosswalk,False,False,False,0,0,35.394594207426834,0.46350838616490364,True,False
42,B_COC,ID,7,crosswalk,False,False,False,0,0,37.701151722574394,2.1473997396727404,True,False
42,B_COC,ID,8,crosswalk,False,False,False,0,0,27.73763306781518,1.868455358173536,True,False
42,B_COC,ID,9,crosswalk,False,False,False,0,0,34.404771392228696,2.099966201931238,True,False
42,B_COC,ID,10,crosswalk,False,False,False,0,0,34.98452315343968,2.2422957809811286,True,False
42,B_COC,ID,11,crosswalk,False,False,False,0,0,33.91801323235302,2.03544182702899,True,False
42,B_COC,ID,12,crosswalk,False,False,False,0,0,28.49437319179565,1.5542126623423476,True,False
42,B_COC,ID,13,crosswalk,False,False,False,0,0,31.967043696052073,1.7826033270229462,True,False
42,B_COC,ID,14,crosswalk,False,False,False,0,0,29.94224691055646,2.1415757049213755,True,False
42,B_COC,ID,15,crosswalk,False,False,False,0,0,35.00689642280503,0.38125495385864505,True,False
42,B_COC,ID,16,crosswalk,False,False,False,0,0,27.15557581643243,2.6061683975987964,True,False
42,B_COC,ID,17,crosswalk,False,False,False,0,0,27.058326564031468,2.163316380409967,True,False
42,B_COC,ID,18,crosswalk,False,False,False,0,0,35.90931725189721,1.9064738855443215,True,False
42,B_COC,ID,19,crosswalk,False,False,False,0,0,38.59820780108873,0.6397692191724975,True,False
42,B_COC,ID,20,crosswalk,False,False,False,0,0,31.715242795654056,2.1926241740584373,True,False
42,B_COC,ID,21,crosswalk,False,False,False,0,0,32.10552062059554,1.822223878380927,True,False
42,B_COC,ID,22,crosswalk,False,False,False,0,0,28.44314081196469,2.079206305659479,True,False
42,B_COC,ID,23,crosswalk,False,False,False,0,0,35.303722254947225,0.515041071921587,True,False
42,B_COC,ID,24,crosswalk,False,False,False,0,0,28.164547938482244,1.9869876986271455,True,False
42,B_COC,ID,25,crosswalk,False,False,False,0,0,27.762878118952656,2.0697036460042,True,False
42,B_COC,ID,26,crosswalk,False,False,False,0,0,27.49756406933556,2.5166940845941244,True,False
42,B_COC,ID,27,crosswalk,False,False,False,0,0,31.79059709418525,1.9649403604368367,True,False
42,B_COC,ID,28,crosswalk,False,False,False,0,0,34.03762670554186,1.4439769568187848,True,False
42,B_COC,ID,29,crosswalk,False,False,False,0,0,29.278704649601696,2.433796614408493,True,False
42,B_COC,ID,30,crosswalk,False,False,False,0,0,32.620113803430584,0.7028359327126633,True,False
42,B_COC,ID,31,crosswalk,False,False,False,0,0,28.291901523213017,1.9448650401571523,True,False
42,B_COC,ID,32,crosswalk,False,False,False,0,0,38.94120907527635,1.9194241939112544,True,False
42,B_COC,ID,33,crosswalk,False,False,False,0,0,32.160042382917936,0.39039867087489083,True,False
42,B_COC,ID,34,crosswalk,False,False,False,0,0,36.02953736214193,0.807640377121667,True,False
42,B_COC,ID,35,crosswalk,False,False,False,0,0,29.07653483821633,1.976399654927461,True,False
42,B_COC,ID,36,crosswalk,False,False,False,0,0,38.23155867788641,0.3891078397631645,True,False
42,B_COC,ID,37,crosswalk,False,False,False,0,0,31.72736807787092,2.2263680533929304,True,False
42,B_COC,ID,38,crosswalk,False,False,False,0,0,34.71955401598305,2.053078735868136,True,False
42,B_COC,ID,39,crosswalk,False,False,False,0,0,28.97412500137604,1.9307776521891356,True,False
42,B_COC,ID,40,crosswalk,False,False,False,0,0,32.186394868678775,0.4788667082109234,True,False
42,B_COC,ID,41,crosswalk,False,False,False,0,0,35.51583149513136,1.8050256557762623,True,False
42,B_COC,ID,42,crosswalk,False,False,False,0,0,38.47678903786792,0.5624948705856999,True,False
42,B_COC,ID,43,crosswalk,False,False,False,0,0,31.2724095854459,1.8961461385091145,True,False
42,B_COC,ID,44,crosswalk,False,False,False,0,0,31.72168056174235,1.9257448453988348,True,False
42,B_COC,ID,45,crosswalk,False,False,False,0,0,36.00870385267069,0.8610544524465997,True,False
42,B_COC,ID,46,crosswalk,False,False,False,0,0,30.93571463784172,2.1943174302577972,True,False
42,B_COC,ID,47,crosswalk,False,False,False,0,0,28.476787038981243,0.5893804412335157,True,False
42,B_COC,ID,48,crosswalk,False,False,False,0,0,34.79322331076137,0.34124818785736954,True,False
42,B_COC,ID,49,crosswalk,False,False,False,0,0,37.88136565358548,0.4939060253293618,True,False
42,B_COC,ID,50,crosswalk,False,False,False,0,0,28.890197486228402,2.4831643935881162,True,False
42,B_COC,ID,51,crosswalk,False,False,False,0,0,28.754258583604326,0.3684350084513425,True,False
42,B_COC,ID,52,crosswalk,False,False,False,0,0,36.730259451877636,0.3830190484101573,True,False
42,B_COC,ID,53,crosswalk,False,False,False,0,0,38.09465342955155,0.9179046317934989,True,False
42,B_COC,ID,54,crosswalk,False,False,False,0,0,37.412506596188585,0.3688137039542198,True,False
42,B_COC,ID,55,crosswalk,False,False,False,0,0,34.51707159123435,2.106025305322625,True,False
42,B_COC,ID,56,crosswalk,False,False,False,0,0,31.05350917057592,2.323779123170035,True,False
42,B_COC,ID,57,crosswalk,False,False,False,0,0,33.49593535586993,2.2832075100053437,True,False
42,B_COC,ID,58,crosswalk,False,False,False,0,0,35.91735978583548,0.9838545694947243,True,False
42,B_COC,ID,59,crosswalk,False,False,False,0,0,35.1274156694734,0.3494666935876012,True,False
42,B_COC,ID,60,crosswalk,False,False,False,0,0,36.70878091171051,2.1175093576312065,True,False
42,B_COC,ID,61,crosswalk,False,False,False,0,0,37.37815087299134,0.36674772351980206,True,False
42,B_COC,ID,62,crosswalk,False,False,False,0,0,32.58116638496826,2.255818728696216,True,False
42,B_COC,ID,63,crosswalk,False,False,False,0,0,32.33346073812311,0.9900316400896936,True,False
42,B_COC,ID,64,crosswalk,False,False,False,0,0,27.863202445017002,2.360268870466634,True,False
42,B_COC,ID,65,crosswalk,False,False,False,0,0,35.883038442988195,2.1542089643037836,True,False
42,B_COC,ID,66,crosswalk,False,False,False,0,0,33.67503477760282,1.1490877238767487,True,False
42,B_COC,ID,67,crosswalk,False,False,False,0,0,28.57857696643005,0.47159059855498764,True,False
42,B_COC,ID,68,crosswalk,False,False,False,0,0,32.26226635587338,0.3552049957215786,True,False
42,B_COC,ID,69,crosswalk,False,False,False,0,0,30.798800078512716,1.9264184062679608,True,False
42,B_COC,ID,70,crosswalk,False,False,False,0,0,39.16339990638794,0.4541755110646287,True,False
42,B_COC,ID,71,crosswalk,False,False,False,0,0,35.51488759099442,0.35963353856156266,True,False
42,B_COC,ID,72,crosswalk,False,False,False,0,0,35.24277044616779,0.4195079903887665,True,False
42,B_COC,ID,73,crosswalk,False,False,False,0,0,33.32319440824004,2.0643993585624476,True,False
42,B_COC,ID,74,crosswalk,False,False,False,0,0,37.069422035322916,0.4405800423895319,True,False
42,B_COC,ID,75,crosswalk,False,False,False,0,0,35.01406114979332,1.9772654890336774,True,False
42,B_COC,ID,76,crosswalk,False,False,False,0,0,34.65128281947337,0.3799684199949969,True,False
42,B_COC,ID,77,crosswalk,False,False,False,0,0,35.85616191779452,2.0990828543224116,True,False
42,B_COC,ID,78,crosswalk,False,False,False,0,0,34.020948176342344,2.03597042709589,True,False
42,B_COC,ID,79,crosswalk,False,False,False,0,0,33.49643479573764,2.248356206850572,True,False
42,B_COC,ID,80,crosswalk,False,False,False,0,0,31.227539804695397,0.3699353780774843,True,False
42,B_COC,ID,81,crosswalk,False,False,False,0,0,33.05102715296473,2.2663573920726776,True,False
42,B_COC,ID,82,crosswalk,False,False,False,0,0,36.35229773828769,2.1077001094818115,True,False
42,B_COC,ID,83,crosswalk,False,False,False,0,0,38.19481216232297,0.3847061771039779,True,False
42,B_COC,ID,84,crosswalk,False,False,False,0,0,32.75296092682696,1.8157666127966798,True,False
42,B_COC,ID,85,crosswalk,False,False,False,0,0,32.607208719031135,0.4528348343003364,True,False
42,B_COC,ID,86,crosswalk,False,False,False,0,0,27.5655974576678,1.7900491754213967,True,False
42,B_COC,ID,87,crosswalk,False,False,False,0,0,35.491777873385125,1.033651919237205,True,False
42,B_COC,ID,88,crosswalk,False,False,False,0,0,31.075990379939302,2.058588292287743,True,False
42,B_COC,ID,89,crosswalk,False,False,False,0,0,32.49696483399822,0.3716665963557633,True,False
42,B_COC,ID,90,crosswalk,False,False,False,0,0,28.714150261295067,0.5340564902871847,True,False
42,B_COC,ID,91,crosswalk,False,False,False,0,0,28.26583080800978,2.075774371623993,True,False
42,B_COC,ID,92,crosswalk,False,False,False,0,0,37.50595330062318,0.5869972384111447,True,False
42,B_COC,ID,93,crosswalk,False,False,False,0,0,31.07762964837277,1.9383492320775986,True,False
42,B_COC,ID,94,crosswalk,False,False,False,0,0,30.453286058172637,2.345999799668789,True,False
42,B_COC,ID,95,crosswalk,False,False,False,0,0,31.515209469790562,0.34868382425470784,True,False
42,B_COC,ID,96,crosswalk,False,False,False,0,0,27.998482521218975,2.3665132746100426,True,False
42,B_COC,ID,97,crosswalk,False,False,False,0,0,37.113817230592915,0.5322975382208824,True,False
42,B_COC,ID,98,crosswalk,False,False,False,0,0,30.245647527807737,2.6206882768555686,True,False
42,B_COC,ID,99,crosswalk,False,False,False,0,0,31.737892510592417,0.8152629975229501,True,False
42,B_COC,ID,100,stop_intersection,False,False,False,0,1,26.328062292974337,1.2642877488522914,True,False
42,B_COC,ID,101,stop_intersection,False,False,False,0,1,31.43543190975944,1.117713607492901,True,False
42,B_COC,ID,102,stop_intersection,False,False,False,0,1,26.35964347358484,1.3404470682144165,True,False
42,B_COC,ID,103,stop_intersection,False,False,False,0,1,29.025200573139763,1.268559816556099,True,False
42,B_COC,ID,104,stop_intersection,False,False,False,0,1,27.22173836258557,1.1891399744229438,True,False
42,B_COC,ID,105,stop_intersection,False,False,False,0,1,31.349546974677285,1.1164871425855727,True,False
42,B_COC,ID,106,stop_intersection,False,False,False,0,1,32.37969848079167,1.1157160571643283,True,False
42,B_COC,ID,107,stop_intersection,False,False,False,0,1,30.148997565409204,1.3588983918491162,True,False
42,B_COC,ID,108,stop_intersection,False,False,False,0,1,32.05673536414045,1.2423212081193924,True,False
42,B_COC,ID,109,stop_intersection,False,False,False,0,1,33.455150264092055,1.1195229929546977,True,False
42,B_COC,ID,110,stop_intersection,False,False,False,0,1,28.94285309503126,1.3393449783325195,True,False
42,B_COC,ID,111,stop_intersection,False,False,False,0,1,35.715976373837805,1.1666034959083378,True,False
42,B_COC,ID,112,stop_intersection,False,False,False,0,1,35.7831461462612,1.1587952181350352,True,False
42,B_COC,ID,113,stop_intersection,False,False,False,0,1,35.53735971243294,1.1626228204993314,True,False
42,B_COC,ID,114,stop_intersection,False,False,False,0,1,35.39859138874246,1.1674871832825415,True,False
42,B_COC,ID,115,stop_intersection,False,False,False,0,1,36.941423356588245,1.1290302664734595,True,False
42,B_COC,ID,116,stop_intersection,False,False,False,0,1,31.059643057991543,1.291427963819259,True,False
42,B_COC,ID,117,stop_intersection,False,False,False,0,1,27.70072161346954,1.2416317745258934,True,False
42,B_COC,ID,118,stop_intersection,False,False,False,0,1,31.611207034084202,1.3205094520862286,True,False
42,B_COC,ID,119,stop_intersection,False,False,False,0,1,34.74077175403194,1.2032832418169292,True,False
42,B_COC,ID,120,stop_intersection,False,False,False,0,1,37.02029803040584,1.1849572828837802,True,False
42,B_COC,ID,121,stop_intersection,False,False,False,0,1,36.04771584817331,1.2025075180585993,True,False
42,B_COC,ID,122,stop_intersection,False,False,False,0,1,32.68430213719775,1.0860846486202507,True,False
42,B_COC,ID,123,stop_intersection,False,False,False,0,1,26.62195483494691,1.3184642469560777,True,False
42,B_COC,ID,124,stop_intersection,False,False,False,0,1,33.88041476451603,1.1171460428903268,True,False
42,B_COC,ID,125,stop_intersection,False,False,False,0,1,35.26307346743443,1.1608615517616272,True,False
42,B_COC,ID,126,stop_intersection,False,False,False,0,1,38.338780757798816,1.0714652405844793,True,False
42,B_COC,ID,127,stop_intersection,False,False,False,0,1,27.208850782174892,1.2954525689820986,True,False
42,B_COC,ID,128,stop_intersection,False,False,False,0,1,33.2854625993908,1.2707435648615766,True,False
42,B_COC,ID,129,stop_intersection,False,False,False,0,1,34.812374672437315,1.2370608492595392,True,False
42,B_COC,ID,130,stop_intersection,False,False,False,0,1,26.71957552394443,1.1968920475397353,True,False
42,B_COC,ID,131,stop_intersection,False,False,False,0,1,27.89753255536001,1.304198696806624,True,False
42,B_COC,ID,132,stop_intersection,False,False,False,0,1,32.53356364861744,1.222157274804464,True,False
42,B_COC,ID,133,stop_intersection,False,False,False,0,1,30.50924697254191,1.1464230461818414,True,False
42,B_COC,ID,134,stop_intersection,False,False,False,0,1,38.086283392675774,1.1394880305637012,True,False
42,B_COC,ID,135,stop_intersection,False,False,False,0,1,31.585522835782243,1.2726311347423453,True,False
42,B_COC,ID,136,stop_intersection,False,False,False,0,1,35.82712455275876,1.0739809816533867,True,False
42,B_COC,ID,137,stop_intersection,False,False,False,0,1,31.223003212351642,1.151632637512393,True,False
42,B_COC,ID,138,stop_intersection,False,False,False,0,1,32.7426283141448,1.1197208506720406,True,False
42,B_COC,ID,139,stop_intersection,False,False,False,0,1,30.628787586333956,1.2361572682857513,True,False
42,B_COC,ID,140,stop_intersection,False,False,False,0,1,37.878204554158685,1.0816127191419185,True,False
42,B_COC,ID,141,stop_intersection,False,False,False,0,1,37.08652434516975,1.1619245174319244,True,False
42,B_COC,ID,142,stop_intersection,False,False,False,0,1,35.14302381359015,1.1195206100290471,True,False
42,B_COC,ID,143,stop_intersection,False,False,False,0,1,26.490903796220007,1.3369715052681999,True,False
42,B_COC,ID,144,stop_intersection,False,False,False,0,1,29.117041035035577,1.1752467304468155,True,False
42,B_COC,ID,145,stop_intersection,False,False,False,0,1,35.91165384946511,1.1608244407744635,True,False
42,B_COC,ID,146,stop_intersection,False,False,False,0,1,36.13432515281126,1.038482109705607,True,False
42,B_COC,ID,147,stop_intersection,False,False,False,0,1,31.466538832252603,1.1533158290676953,True,False
42,B_COC,ID,148,stop_intersection,False,False,False,0,1,33.17230523863526,1.16418909458887,True,False
42,B_COC,ID,149,stop_intersection,False,False,False,0,1,35.76887470287082,1.1862693939890179,True,False
42,B_COC,ID,150,stop_intersection,False,False,False,0,1,34.0454650676102,1.1562192156201316,True,False
42,B_COC,ID,151,stop_intersection,False,False,False,0,1,27.246516022889896,1.3587856776005514,True,False
42,B_COC,ID,152,stop_intersection,False,False,False,0,1,27.81120088760092,1.293350991449858,True,False
42,B_COC,ID,153,stop_intersection,False,False,False,0,1,33.936037006985465,1.1775415263524869,True,False
42,B_COC,ID,154,stop_intersection,False,False,False,0,1,34.470435099468425,1.1279990229495735,True,False
42,B_COC,ID,155,stop_intersection,False,False,False,0,1,29.505061328767738,1.2819325312589986,True,False
42,B_COC,ID,156,stop_intersection,False,False,False,0,1,33.30549991425923,1.085192547288052,True,False
42,B_COC,ID,157,stop_intersection,False,False,False,0,1,35.69700497196919,1.1636948585510254,True,False
42,B_COC,ID,158,stop_intersection,False,False,False,0,1,35.15084236588703,1.2155388792355855,True,False
42,B_COC,ID,159,stop_intersection,False,False,False,0,1,31.0509933920569,1.1952974051237104,True,False
42,B_COC,ID,160,stop_intersection,False,False,False,0,1,38.06573278235078,1.1549740267354387,True,False
42,B_COC,ID,161,stop_intersection,False,False,False,0,1,30.30102919115642,1.342513118034754,True,False
42,B_COC,ID,162,stop_intersection,False,False,False,0,1,36.810857658718895,1.1708915510842965,True,False
42,B_COC,ID,163,stop_intersection,False,False,False,0,1,32.206157002495964,1.2554369419813154,True,False
42,B_COC,ID,164,stop_intersection,False,False,False,0,1,27.568817505544402,1.2515005939885189,True,False
42,B_COC,ID,165,stop_intersection,False,False,False,0,1,32.7657982674312,1.3104686737060547,True,False
42,B_COC,ID,166,stop_intersection,False,False,False,0,1,38.22763932366756,1.1414370618083258,True,False
42,B_COC,ID,167,stop_intersection,False,False,False,0,1,28.25539080033181,1.2385399830647004,True,False
42,B_COC,ID,168,stop_intersection,False,False,False,0,1,35.04961169006771,1.0966005436209745,True,False
42,B_COC,ID,169,stop_intersection,False,False,False,0,1,34.96444847365971,1.1923915438535737,True,False
42,B_COC,ID,170,stop_intersection,False,False,False,0,1,29.843105638430387,1.2208093106746671,True,False
42,B_COC,ID,171,stop_intersection,False,False,False,0,1,29.31842519069619,1.3355702475497595,True,False
42,B_COC,ID,172,stop_intersection,False,False,False,0,1,28.227328774931138,1.3145554065704346,True,False
42,B_COC,ID,173,stop_intersection,False,False,False,0,1,28.12070520945391,1.2096726588713818,True,False
42,B_COC,ID,174,stop_intersection,False,False,False,0,1,34.24758872365841,1.0715566033666784,True,False
42,B_COC,ID,175,stop_intersection,False,False,False,0,1,27.27867615772492,1.2034246707573915,True,False
42,B_COC,ID,176,stop_intersection,False,False,False,0,1,36.254228401840756,1.164211436759594,True,False
42,B_COC,ID,177,stop_intersection,False,False,False,0,1,30.33715707743241,1.224335905833122,True,False
42,B_COC,ID,178,stop_intersection,False,False,False,0,1,28.645613915748438,1.1718524396419523,True,False
42,B_COC,ID,179,stop_intersection,False,False,False,0,1,29.913451185777866,1.1676213799453363,True,False
42,B_COC,ID,180,stop_intersection,False,False,False,0,1,31.50798693503597,1.2456987500190735,True,False
42,B_COC,ID,181,stop_intersection,False,False,False,0,1,35.11364502674897,1.1558772126833599,True,False
42,B_COC,ID,182,stop_intersection,False,False,False,0,1,30.55621823200441,1.2490947544574738,True,False
42,B_COC,ID,183,stop_intersection,False,False,False,0,1,35.21837597277476,1.1336728445319242,True,False
42,B_COC,ID,184,stop_intersection,False,False,False,0,1,33.59488401388988,1.098378674928532,True,False
42,B_COC,ID,185,stop_intersection,False,False,False,0,1,36.578831283716816,1.1311101636221241,True,False
42,B_COC,ID,186,stop_intersection,False,False,False,0,1,35.01409818040636,1.113936508243734,True,False
42,B_COC,ID,187,stop_intersection,False,False,False,0,1,37.09532972717616,1.1791868224030448,True,False
42,B_COC,ID,188,stop_intersection,False,False,False,0,1,29.55498083114317,1.2325657789523785,True,False
42,B_COC,ID,189,stop_intersection,False,False,False,0,1,35.193763782541254,1.095954179763794,True,False
42,B_COC,ID,190,stop_intersection,False,False,False,0,1,35.76999422179842,1.0758990455757487,True,False
42,B_COC,ID,191,stop_intersection,False,False,False,0,1,31.593216452344286,1.1808031499385834,True,False
42,B_COC,ID,192,stop_intersection,False,False,False,0,1,31.247231043642962,1.229593066068796,True,False
42,B_COC,ID,193,stop_intersection,False,False,False,0,1,29.074234156337923,1.213764685850877,True,False
42,B_COC,ID,194,stop_intersection,False,False,False,0,1,30.03833995010315,1.2205794224372275,True,False
42,B_COC,ID,195,stop_intersection,False,False,False,0,1,35.18292969765234,1.0750792920589447,True,False
42,B_COC,ID,196,stop_intersection,False,False,False,0,1,28.293116539133464,1.2461484733380768,True,False
42,B_COC,ID,197,stop_intersection,False,False,False,0,1,27.838862119051452,1.237825594450298,True,False
42,B_COC,ID,198,stop_intersection,False,False,False,0,1,28.115928361468974,1.199989181298476,True,False
42,B_COC,ID,199,stop_intersection,False,False,False,0,1,37.43666315602151,1.1604099634081817,True,False
42,B_COC,ID,200,lead_brake,False,False,False,0,0,76.26426523351758,0.2750564540425936,True,False
42,B_COC,ID,201,lead_brake,False,False,False,0,0,84.51119272079207,0.35562239587306976,True,False
42,B_COC,ID,202,lead_brake,False,False,False,0,0,64.06168154215284,0.4387663478652636,True,False
42,B_COC,ID,203,lead_brake,False,False,False,0,0,62.177691104868465,6.626955932627122,True,False
42,B_COC,ID,204,lead_brake,False,False,False,0,0,86.40768044099211,0.2632877826690673,True,False
42,B_COC,ID,205,lead_brake,False,False,False,0,0,62.80961540258773,8.237192639460165,True,False
42,B_COC,ID,206,lead_brake,False,False,False,0,0,76.21077239869894,0.47757639363408083,True,False
42,B_COC,ID,207,lead_brake,False,False,False,0,0,73.63592515408808,0.23295477281014124,True,False
42,B_COC,ID,208,lead_brake,False,False,False,0,0,78.37290419153784,0.30192312474052113,True,False
42,B_COC,ID,209,lead_brake,False,False,False,0,0,59.7737408740327,1.119737947980563,True,False
42,B_COC,ID,210,lead_brake,False,False,False,0,0,62.41947453378952,6.689979102462529,True,False
42,B_COC,ID,211,lead_brake,False,False,False,0,0,77.557998879001,0.23275276273488998,True,False
42,B_COC,ID,212,lead_brake,False,False,False,0,0,78.12795717950803,0.5956914027531942,True,False
42,B_COC,ID,213,lead_brake,False,False,False,0,0,54.40157426340748,1.0896974168717861,True,False
42,B_COC,ID,214,lead_brake,False,False,False,0,0,92.17361819491263,0.24155723427732786,True,False
42,B_COC,ID,215,lead_brake,False,False,False,0,0,66.35067089584308,0.3585997944076856,True,False
42,B_COC,ID,216,lead_brake,False,False,False,0,0,60.17061210725814,8.376506668825943,True,False
42,B_COC,ID,217,lead_brake,False,False,False,0,0,60.4085675737558,2.0436190913120904,True,False
42,B_COC,ID,218,lead_brake,False,False,False,0,0,62.16453963769771,0.5004441638787587,True,False
42,B_COC,ID,219,lead_brake,False,False,False,0,0,76.29943368367731,0.27598011369506514,True,False
42,B_COC,ID,220,lead_brake,False,False,False,0,0,54.86193159216232,0.9944625546534855,True,False
42,B_COC,ID,221,lead_brake,False,False,False,0,0,52.89690461908214,6.312775877614816,True,False
42,B_COC,ID,222,lead_brake,False,False,False,0,0,83.2907793707927,0.26247409110267955,True,False
42,B_COC,ID,223,lead_brake,False,False,False,0,0,67.00384283071455,0.3768861989180247,True,False
42,B_COC,ID,224,lead_brake,False,False,False,0,0,71.08497899411044,0.48007921501994133,True,False
42,B_COC,ID,225,lead_brake,False,False,False,0,0,96.20538769721985,0.24695409834384915,True,False
42,B_COC,ID,226,lead_brake,False,False,False,0,0,65.27758229433495,0.5899962509671847,True,False
42,B_COC,ID,227,lead_brake,False,False,False,0,0,97.77978621536535,0.23929746448993683,True,False
42,B_COC,ID,228,lead_brake,False,False,False,0,0,74.44160903180943,0.517080644145608,True,False
42,B_COC,ID,229,lead_brake,False,False,False,0,0,69.01774794798114,0.47902735198537505,True,False
42,B_COC,ID,230,lead_brake,False,False,False,0,0,84.54987505510448,0.17486921822031337,True,False
42,B_COC,ID,231,lead_brake,False,False,False,0,0,94.07418042227506,0.1762754532198111,True,False
42,B_COC,ID,232,lead_brake,False,False,False,0,0,78.37631133012621,0.3917124991615613,True,False
42,B_COC,ID,233,lead_brake,False,False,False,0,0,60.875085164659666,7.806818958371877,True,False
42,B_COC,ID,234,lead_brake,False,False,False,0,0,64.88184815001551,0.8348375111818314,True,False
42,B_COC,ID,235,lead_brake,False,False,False,0,0,95.09106897275583,0.2196135086317857,True,False
42,B_COC,ID,236,lead_brake,False,False,False,0,0,76.02627641669024,0.27656743427117664,True,False
42,B_COC,ID,237,lead_brake,False,False,False,0,0,56.01238462506426,0.7898649051785469,True,False
42,B_COC,ID,238,lead_brake,False,False,False,0,0,73.16943898055081,0.7905342678229014,True,False
42,B_COC,ID,239,lead_brake,False,False,False,0,0,75.27756494396382,0.5476132817566395,True,False
42,B_COC,ID,240,lead_brake,False,False,False,0,0,73.96521375828628,0.4494409461816152,True,False
42,B_COC,ID,241,lead_brake,False,False,False,0,0,55.22268589952861,0.5535697266459464,True,False
42,B_COC,ID,242,lead_brake,False,False,False,0,0,92.36205175324132,0.2550127121309439,True,False
42,B_COC,ID,243,lead_brake,False,False,False,0,0,94.22497663533996,0.28400431449214614,True,False
42,B_COC,ID,244,lead_brake,False,False,False,0,0,60.8373275935589,1.1837855813403924,True,False
42,B_COC,ID,245,lead_brake,False,False,False,0,0,68.23050715231493,0.5254491368929545,True,False
42,B_COC,ID,246,lead_brake,False,False,False,0,0,69.81618747547363,0.24331675966580707,True,False
42,B_COC,ID,247,lead_brake,False,False,False,0,0,67.7361676643923,0.3165775934855143,True,False
42,B_COC,ID,248,lead_brake,False,False,False,0,0,57.056896396293205,8.768632444242636,True,False
42,B_COC,ID,249,lead_brake,False,False,False,0,0,60.701062490984825,0.5286651750405629,True,False
42,B_COC,ID,250,lead_brake,False,False,False,0,0,62.82313122329886,5.369023129343986,True,False
42,B_COC,ID,251,lead_brake,False,False,False,0,0,63.66237665643871,1.4316722700993219,True,False
42,B_COC,ID,252,lead_brake,False,False,False,0,0,82.23615429160823,0.24680990974108377,True,False
42,B_COC,ID,253,lead_brake,False,False,False,0,0,90.70839367501202,0.1508622132241726,True,False
42,B_COC,ID,254,lead_brake,False,False,False,0,0,57.67984485768441,1.3709580774108567,True,False
42,B_COC,ID,255,lead_brake,False,False,False,0,0,69.46484484590114,0.5145956290264924,True,False
42,B_COC,ID,256,lead_brake,False,False,False,0,0,61.207049956703955,0.6520326683918635,True,False
42,B_COC,ID,257,lead_brake,False,False,False,0,0,95.5482076514144,0.23758229116598764,True,False
42,B_COC,ID,258,lead_brake,False,False,False,0,0,71.78513818538269,0.3072183169424534,True,False
42,B_COC,ID,259,lead_brake,False,False,False,0,0,97.81715417236083,0.17088921119769412,True,False
42,B_COC,ID,260,lead_brake,False,False,False,0,0,57.3573889718979,1.1076480870445569,True,False
42,B_COC,ID,261,lead_brake,False,False,False,0,0,68.8168523784223,0.6246479749679565,True,False
42,B_COC,ID,262,lead_brake,False,False,False,0,0,54.47917198884225,1.0356965685884156,True,False
42,B_COC,ID,263,lead_brake,False,False,False,0,0,60.61141139882989,1.4569506607949734,True,False
42,B_COC,ID,264,lead_brake,False,False,False,0,0,93.51973230703895,0.3126182754834493,True,False
42,B_COC,ID,265,lead_brake,False,False,False,0,0,87.01491878159851,0.22202464317282042,True,False
42,B_COC,ID,266,lead_brake,False,False,False,0,0,66.61424811198394,0.2932048738002777,True,False
42,B_COC,ID,267,lead_brake,False,False,False,0,0,79.81543167683174,0.2818606582780679,True,False
42,B_COC,ID,268,lead_brake,False,False,False,0,0,60.91315138930876,0.6157757751643658,True,False
42,B_COC,ID,269,lead_brake,False,False,False,0,0,70.29208251971927,0.7368517580131689,True,False
42,B_COC,ID,270,lead_brake,False,False,False,0,0,78.99253675995269,1.0094922383626301,True,False
42,B_COC,ID,271,lead_brake,False,False,False,0,0,69.38047786547685,0.5472781459490458,True,False
42,B_COC,ID,272,lead_brake,False,False,False,0,0,87.37195748075668,0.24817375714580217,True,False
42,B_COC,ID,273,lead_brake,False,False,False,0,0,61.36796624982797,0.6667033707102139,True,False
42,B_COC,ID,274,lead_brake,False,False,False,0,0,95.50755303130757,0.2764905045429865,True,False
42,B_COC,ID,275,lead_brake,False,False,False,0,0,85.41176732063306,0.22076990082859993,True,False
42,B_COC,ID,276,lead_brake,False,False,False,0,0,59.73132874989866,0.3789915610104799,True,False
42,B_COC,ID,277,lead_brake,False,False,False,0,0,76.62694399146999,0.17108668759465215,True,False
42,B_COC,ID,278,lead_brake,False,False,False,0,0,81.4429205649818,0.2435594859222571,True,False
42,B_COC,ID,279,lead_brake,False,False,False,0,0,91.13729358537853,0.26784447332223255,True,False
42,B_COC,ID,280,lead_brake,False,False,False,0,0,82.08000050669266,0.22034147381782532,True,False
42,B_COC,ID,281,lead_brake,False,False,False,0,0,82.7470315378505,0.20652654146154723,True,False
42,B_COC,ID,282,lead_brake,False,False,False,0,0,87.79080327824748,0.2180131214360396,True,False
42,B_COC,ID,283,lead_brake,False,False,False,0,0,56.54474665682397,5.8128760643303385,True,False
42,B_COC,ID,284,lead_brake,False,False,False,0,0,85.53565770104531,0.2708164205153783,True,False
42,B_COC,ID,285,lead_brake,False,False,False,0,0,71.12472606513826,0.6465767286717891,True,False
42,B_COC,ID,286,lead_brake,False,False,False,0,0,92.50272749915102,0.24135851487517354,True,False
42,B_COC,ID,287,lead_brake,False,False,False,0,0,76.10003820964043,1.0314902799824872,True,False
42,B_COC,ID,288,lead_brake,False,False,False,0,0,67.95693674731511,0.47320768361290294,True,False
42,B_COC,ID,289,lead_brake,False,False,False,0,0,61.19202573035785,1.0943482729295888,True,False
42,B_COC,ID,290,lead_brake,False,False,False,0,0,95.81727747664353,0.27112408479054767,True,False
42,B_COC,ID,291,lead_brake,False,False,False,0,0,77.01849563687998,0.2644121597210566,True,False
42,B_COC,ID,292,lead_brake,False,False,False,0,0,73.76514153815755,0.29264669120311737,True,False
42,B_COC,ID,293,lead_brake,False,False,False,0,0,80.6289998316821,0.27190671985348064,True,False
42,B_COC,ID,294,lead_brake,False,False,False,0,0,60.485533122760934,0.26650988062222797,True,False
42,B_COC,ID,295,lead_brake,False,False,False,0,0,82.39048023160585,0.26842936749259627,True,False
42,B_COC,ID,296,lead_brake,False,False,False,0,0,61.16798499392534,0.5461666397750378,True,False
42,B_COC,ID,297,lead_brake,False,False,True,0,0,74.96613200875935,0.22978086831669012,True,False
42,B_COC,ID,298,lead_brake,False,False,False,0,0,94.16875808592698,0.19948236023386318,True,False
42,B_COC,ID,299,lead_brake,False,False,False,0,0,67.6358137120049,7.8205035602053,True,False
42,B_COC,OOD,0,crosswalk,False,False,False,0,0,30.624357003232113,1.3817494767052787,True,False
42,B_COC,OOD,1,crosswalk,False,False,False,0,0,31.59538266417038,1.3908485932783645,True,False
42,B_COC,OOD,2,crosswalk,False,False,False,0,1,22.835228646901506,0.9684198658640791,True,False
42,B_COC,OOD,3,crosswalk,False,False,False,0,1,29.821480563636868,1.2285201578605465,True,False
42,B_COC,OOD,4,crosswalk,False,False,False,0,1,24.885859267441685,1.2540721434813278,True,False
42,B_COC,OOD,5,crosswalk,False,False,False,0,1,24.657889655528862,1.1059159767336961,True,False
42,B_COC,OOD,6,crosswalk,False,False,False,0,1,20.23329858973182,1.0811086380204489,True,False
42,B_COC,OOD,7,crosswalk,False,False,False,0,1,21.840238718462203,1.1399114454114758,True,False
42,B_COC,OOD,8,crosswalk,False,False,False,0,1,29.984570350974046,1.0007896477525884,True,False
42,B_COC,OOD,9,crosswalk,False,False,False,0,0,30.10786636110654,1.312869737545649,True,False
42,B_COC,OOD,10,crosswalk,False,False,False,0,1,26.04905235881706,1.0811104134815495,True,False
42,B_COC,OOD,11,crosswalk,False,False,False,0,1,23.917826072895746,1.134018898010254,True,False
42,B_COC,OOD,12,crosswalk,False,False,False,0,1,27.296411246711436,1.1227589531948692,True,False
42,B_COC,OOD,13,crosswalk,False,False,False,0,1,24.007922270433905,0.9749352931976318,True,False
42,B_COC,OOD,14,crosswalk,False,False,False,0,1,31.069119280991984,1.0921906843418028,True,False
42,B_COC,OOD,15,crosswalk,False,False,False,0,1,23.11291238066308,1.0591055167482253,True,False
42,B_COC,OOD,16,crosswalk,False,False,False,0,1,23.27381502834907,0.9493332703908284,True,False
42,B_COC,OOD,17,crosswalk,False,False,False,0,1,21.748646698635937,0.9142218123782765,True,False
42,B_COC,OOD,18,crosswalk,False,False,False,0,1,21.889681604527894,1.1332319180170696,True,False
42,B_COC,OOD,19,crosswalk,False,False,False,0,1,22.581481478225466,0.994281428200858,True,False
42,B_COC,OOD,20,crosswalk,False,False,False,0,1,29.66657092714621,1.0127713236697884,True,False
42,B_COC,OOD,21,crosswalk,False,False,False,0,1,22.87213239185052,0.9031710223011348,True,False
42,B_COC,OOD,22,crosswalk,False,False,False,0,1,20.723394254647978,1.0813914965360591,True,False
42,B_COC,OOD,23,crosswalk,False,False,False,0,1,28.78163507012235,1.0668177264077323,True,False
42,B_COC,OOD,24,crosswalk,False,False,False,0,1,22.296843803584444,1.150902651605152,True,False
42,B_COC,OOD,25,crosswalk,False,False,False,0,1,22.19817232529268,0.8411902807314288,True,False
42,B_COC,OOD,26,crosswalk,False,False,False,0,1,22.54414346232413,0.9346490965949164,True,False
42,B_COC,OOD,27,crosswalk,False,False,False,0,1,29.036679913547843,1.0316321187549167,True,False
42,B_COC,OOD,28,crosswalk,False,False,False,0,1,30.972969207755234,1.2717889014043307,True,False
42,B_COC,OOD,29,crosswalk,False,False,False,0,1,28.64485596823709,1.1192474762598674,True,False
42,B_COC,OOD,30,crosswalk,False,False,False,0,0,28.79571290337848,1.359370403430041,True,False
42,B_COC,OOD,31,crosswalk,False,False,False,0,1,22.80873448791534,1.0985616677337222,True,False
42,B_COC,OOD,32,crosswalk,False,False,False,0,1,28.41058657986153,1.0213213511135266,True,False
42,B_COC,OOD,33,crosswalk,False,False,False,0,1,26.388775637682492,1.0809265971183775,True,False
42,B_COC,OOD,34,crosswalk,False,False,False,0,1,25.304754497025606,0.8967220264932383,True,False
42,B_COC,OOD,35,crosswalk,False,False,False,0,1,21.886424101378807,1.1904188564845493,True,False
42,B_COC,OOD,36,crosswalk,False,False,False,0,1,21.930320294404346,1.0935143099890814,True,False
42,B_COC,OOD,37,crosswalk,False,False,False,0,1,22.41555038152433,1.1110330882825348,True,False
42,B_COC,OOD,38,crosswalk,False,False,False,0,1,21.457101893142408,1.0154192447662354,True,False
42,B_COC,OOD,39,crosswalk,False,False,False,0,1,30.27810478997508,1.1298286624071074,True,False
42,B_COC,OOD,40,crosswalk,False,False,False,0,1,22.29399821735535,1.0687111144842103,True,False
42,B_COC,OOD,41,crosswalk,False,False,False,0,1,23.989990699327954,0.9657096862792969,True,False
42,B_COC,OOD,42,crosswalk,False,False,False,0,1,24.72133021166926,1.1762381541101556,True,False
42,B_COC,OOD,43,crosswalk,False,False,False,0,1,20.497998394688864,0.8662187308073044,True,False
42,B_COC,OOD,44,crosswalk,False,False,False,0,1,31.24126310186255,0.9540668000345645,True,False
42,B_COC,OOD,45,crosswalk,False,False,False,0,1,22.291909856838956,1.0379994930105005,True,False
42,B_COC,OOD,46,crosswalk,False,False,False,0,1,30.764187327254355,0.9910072282303212,True,False
42,B_COC,OOD,47,crosswalk,False,False,False,0,1,25.105205411129326,1.0046775232661853,True,False
42,B_COC,OOD,48,crosswalk,False,False,False,0,1,27.554981363910624,1.1234798556879948,True,False
42,B_COC,OOD,49,crosswalk,False,False,False,0,1,26.476091098933654,1.283930975037652,True,False
42,B_COC,OOD,50,crosswalk,False,False,False,0,0,27.42507103766804,1.3431546517780848,True,False
42,B_COC,OOD,51,crosswalk,False,False,False,0,1,26.920409635157014,1.1933893118149195,True,False
42,B_COC,OOD,52,crosswalk,False,False,False,0,1,21.957557253895317,1.137843135940401,True,False
42,B_COC,OOD,53,crosswalk,False,False,False,0,1,21.823377909803753,1.0752012663417392,True,False
42,B_COC,OOD,54,crosswalk,False,False,False,0,0,25.5801804101429,1.1812267805400647,True,False
42,B_COC,OOD,55,crosswalk,False,False,False,0,1,29.599630314566504,1.2382677732369838,True,False
42,B_COC,OOD,56,crosswalk,False,False,False,0,1,23.364665628228472,1.0086943105209705,True,False
42,B_COC,OOD,57,crosswalk,False,False,False,0,1,22.052568365999903,1.0658775982649429,True,False
42,B_COC,OOD,58,crosswalk,False,False,False,0,1,29.326642256668762,1.0102928826149473,True,False
42,B_COC,OOD,59,crosswalk,False,False,False,0,1,23.925249837027863,0.9625437411856144,True,False
42,B_COC,OOD,60,crosswalk,False,False,False,0,1,27.64483775254606,1.1602541240485937,True,False
42,B_COC,OOD,61,crosswalk,False,False,False,0,1,23.262790717198264,1.0936057567596436,True,False
42,B_COC,OOD,62,crosswalk,False,False,False,0,1,28.253149238129133,0.9597539901733398,True,False
42,B_COC,OOD,63,crosswalk,False,False,False,0,1,22.30766726296023,0.9897732153171446,True,False
42,B_COC,OOD,64,crosswalk,False,False,False,0,1,24.03327957388415,1.0780651228768485,True,False
42,B_COC,OOD,65,crosswalk,False,False,False,0,1,30.197512394431044,0.9815296801653774,True,False
42,B_COC,OOD,66,crosswalk,False,False,False,0,1,20.974086686458584,1.0393955969275572,True,False
42,B_COC,OOD,67,crosswalk,False,False,False,0,1,27.613829790704962,1.1186751994219692,True,False
42,B_COC,OOD,68,crosswalk,False,False,False,0,1,21.26192595484858,0.9288907051086426,True,False
42,B_COC,OOD,69,crosswalk,False,False,False,0,1,25.47194345697418,1.181522144211663,True,False
42,B_COC,OOD,70,crosswalk,False,False,False,0,1,22.495887327272772,1.2347183964754405,True,False
42,B_COC,OOD,71,crosswalk,False,False,False,0,1,28.09888625604129,1.1540421774221021,True,False
42,B_COC,OOD,72,crosswalk,False,False,False,0,1,22.847728621848084,1.0464138984680176,True,False
42,B_COC,OOD,73,crosswalk,False,False,False,0,1,28.05739358597071,0.9840811382640492,True,False
42,B_COC,OOD,74,crosswalk,False,False,False,0,1,24.588103555686295,1.1792623500029247,True,False
42,B_COC,OOD,75,crosswalk,False,False,False,0,1,26.91974820094676,1.269999390993363,True,False
42,B_COC,OOD,76,crosswalk,False,False,False,0,1,28.781674115619843,1.0945618152618408,True,False
42,B_COC,OOD,77,crosswalk,False,False,False,0,1,25.881706240708716,1.0440501498013006,True,False
42,B_COC,OOD,78,crosswalk,False,False,False,0,1,29.091454339110513,1.074859763300696,True,False
42,B_COC,OOD,79,crosswalk,False,False,False,0,1,20.323653733525802,1.1667826408293187,True,False
42,B_COC,OOD,80,crosswalk,False,False,False,0,1,23.87763387569828,1.241682523336166,True,False
42,B_COC,OOD,81,crosswalk,False,False,False,0,1,22.273318965547396,1.2240215508561385,True,False
42,B_COC,OOD,82,crosswalk,False,False,False,0,1,25.659958549800137,0.9681860260341477,True,False
42,B_COC,OOD,83,crosswalk,False,False,False,0,1,28.588035930173312,1.0279374917348225,True,False
42,B_COC,OOD,84,crosswalk,False,False,False,0,1,27.69735934768,1.023263462952205,True,False
42,B_COC,OOD,85,crosswalk,False,False,False,0,1,21.633477186676238,0.9238172558749593,True,False
42,B_COC,OOD,86,crosswalk,False,False,False,0,1,31.021101170479177,1.2320460570164216,True,False
42,B_COC,OOD,87,crosswalk,False,False,False,0,1,23.427708475345437,0.9226808547973633,True,False
42,B_COC,OOD,88,crosswalk,False,False,False,0,1,30.186301387800555,1.0202224725900693,True,False
42,B_COC,OOD,89,crosswalk,False,False,False,0,1,28.263930814558336,1.0968849204835436,True,False
42,B_COC,OOD,90,crosswalk,False,False,False,0,1,30.665821673103448,1.1233641092593853,True,False
42,B_COC,OOD,91,crosswalk,False,False,False,0,1,23.389533552443105,1.1431683599948883,True,False
42,B_COC,OOD,92,crosswalk,False,False,False,0,1,24.161538571651903,1.1319104491210565,True,False
42,B_COC,OOD,93,crosswalk,False,False,False,0,1,20.543952615667333,0.9515620525493177,True,False
42,B_COC,OOD,94,crosswalk,False,False,False,0,1,26.79031661036472,0.9864985942840576,True,False
42,B_COC,OOD,95,crosswalk,False,False,False,0,1,22.13081151486942,1.036848838512714,True,False
42,B_COC,OOD,96,crosswalk,False,False,False,0,1,27.99737483070733,1.0949889818827312,True,False
42,B_COC,OOD,97,crosswalk,False,False,False,0,1,30.212172960346777,1.1172760780467543,True,False
42,B_COC,OOD,98,crosswalk,False,False,False,0,1,27.49598178964268,1.2435519695281982,True,False
42,B_COC,OOD,99,crosswalk,False,False,False,0,1,28.72295889438027,1.002983360186867,True,False
42,B_COC,OOD,100,stop_intersection,False,False,False,0,1,23.042540099646395,1.3544748160574172,True,False
42,B_COC,OOD,101,stop_intersection,False,False,False,0,1,25.015869191922008,1.047816894403318,True,False
42,B_COC,OOD,102,stop_intersection,False,False,False,0,1,30.7148942685266,1.3388380721995703,True,False
42,B_COC,OOD,103,stop_intersection,False,False,False,0,1,26.949065710090736,1.2469743228540187,True,False
42,B_COC,OOD,104,stop_intersection,False,False,False,0,1,26.93731733311671,1.4335644990205765,True,False
42,B_COC,OOD,105,stop_intersection,False,False,False,0,1,20.954180079372,1.5780993147442737,True,False
42,B_COC,OOD,106,stop_intersection,False,False,False,0,1,30.84617642675066,1.3509633509736312,True,False
42,B_COC,OOD,107,stop_intersection,False,False,False,0,1,27.99929561930923,1.0368045029186066,True,False
42,B_COC,OOD,108,stop_intersection,False,False,False,0,0,24.73206525468155,1.7750389511520797,True,False
42,B_COC,OOD,109,stop_intersection,False,False,False,0,1,21.353929060500214,1.4433018420193646,True,False
42,B_COC,OOD,110,stop_intersection,False,False,False,0,1,23.97097431876274,1.6986276652361894,True,False
42,B_COC,OOD,111,stop_intersection,False,False,False,0,1,23.273764278208727,1.3636163825338536,True,False
42,B_COC,OOD,112,stop_intersection,False,False,False,0,1,24.136098740941847,1.3521540035372195,True,False
42,B_COC,OOD,113,stop_intersection,False,False,False,0,1,30.571016663465215,1.1287462508136574,True,False
42,B_COC,OOD,114,stop_intersection,False,False,False,0,1,24.05114527350677,1.5022878004954412,True,False
42,B_COC,OOD,115,stop_intersection,False,False,False,0,1,24.71502073202334,1.3136353686049178,True,False
42,B_COC,OOD,116,stop_intersection,False,False,False,0,1,21.673464294624846,1.378938028978747,True,False
42,B_COC,OOD,117,stop_intersection,False,False,False,0,1,28.66139358391115,1.4333294928073883,True,False
42,B_COC,OOD,118,stop_intersection,False,False,False,0,1,28.30333274144657,1.2859554824076198,True,False
42,B_COC,OOD,119,stop_intersection,False,False,False,0,1,23.81343056481933,1.6155828173096114,True,False
42,B_COC,OOD,120,stop_intersection,False,False,False,0,1,30.76841127575122,1.043681147552672,True,False
42,B_COC,OOD,121,stop_intersection,False,False,False,0,1,21.266852860680352,1.2941321805119514,True,False
42,B_COC,OOD,122,stop_intersection,False,False,False,0,1,24.51244832374516,1.1886726719577139,True,False
42,B_COC,OOD,123,stop_intersection,False,False,False,0,1,31.30794355902804,1.239764630794525,True,False
42,B_COC,OOD,124,stop_intersection,False,False,False,0,1,28.824400973967556,1.0951418862786404,True,False
42,B_COC,OOD,125,stop_intersection,False,False,False,0,1,23.75353974086097,1.0816200176874795,True,False
42,B_COC,OOD,126,stop_intersection,False,False,False,0,1,30.904280242319075,1.320334504479947,True,False
42,B_COC,OOD,127,stop_intersection,False,False,False,0,1,28.68718417748289,1.0259398753228395,True,False
42,B_COC,OOD,128,stop_intersection,False,False,False,0,1,29.470816649999268,1.3258564629052816,True,False
42,B_COC,OOD,129,stop_intersection,False,False,False,0,1,26.587416697456867,1.662689034755413,True,False
42,B_COC,OOD,130,stop_intersection,False,False,False,0,1,21.803426895171498,1.0772307736929072,True,False
42,B_COC,OOD,131,stop_intersection,False,False,False,0,1,24.26990157019582,1.8026578260792625,True,False
42,B_COC,OOD,132,stop_intersection,False,False,False,0,1,21.204823306995088,1.3555529350187718,True,False
42,B_COC,OOD,133,stop_intersection,False,False,False,0,1,24.917067183784308,1.2832775712013245,True,False
42,B_COC,OOD,134,stop_intersection,False,False,False,0,1,26.098146985899923,1.2717972736100893,True,False
42,B_COC,OOD,135,stop_intersection,False,False,False,0,1,21.5951643323997,1.1305378224605167,True,False
42,B_COC,OOD,136,stop_intersection,False,False,False,0,1,25.52666484952811,1.2675654888153076,True,False
42,B_COC,OOD,137,stop_intersection,False,False,False,0,1,30.87787880290383,1.0620675114698188,True,False
42,B_COC,OOD,138,stop_intersection,False,False,False,0,1,30.654122924824783,1.2314032490660505,True,False
42,B_COC,OOD,139,stop_intersection,False,False,False,0,1,27.567155497872214,1.2221257044718814,True,False
42,B_COC,OOD,140,stop_intersection,False,False,False,0,1,24.973224381899357,1.1194993129798343,True,False
42,B_COC,OOD,141,stop_intersection,False,False,False,0,1,29.208693709614458,1.1240542004274767,True,False
42,B_COC,OOD,142,stop_intersection,False,False,False,0,1,22.904848775922954,1.7735739012022274,True,False
42,B_COC,OOD,143,stop_intersection,False,False,False,0,1,27.8830237732809,1.4871879612527241,True,False
42,B_COC,OOD,144,stop_intersection,False,False,False,0,1,30.22917758497192,1.2928593009710312,True,False
42,B_COC,OOD,145,stop_intersection,False,False,False,0,0,27.345859006705375,1.7159830269060634,True,False
42,B_COC,OOD,146,stop_intersection,False,False,False,0,1,27.14481255811506,1.7737002592337758,True,False
42,B_COC,OOD,147,stop_intersection,False,False,False,0,1,20.94543596856431,1.2666326539741979,True,False
42,B_COC,OOD,148,stop_intersection,False,False,False,0,1,20.586391321206946,0.957122455750193,True,False
42,B_COC,OOD,149,stop_intersection,False,False,False,0,1,28.99053242830373,1.3264723718166351,True,False
42,B_COC,OOD,150,stop_intersection,False,False,False,0,1,22.881142829450802,1.3379121539385421,True,False
42,B_COC,OOD,151,stop_intersection,False,False,False,0,1,23.2237661307326,1.2445481435248724,True,False
42,B_COC,OOD,152,stop_intersection,False,False,False,0,1,30.6091443397807,1.3623285607287756,True,False
42,B_COC,OOD,153,stop_intersection,False,False,False,0,1,30.121687017951523,1.2412493185299198,True,False
42,B_COC,OOD,154,stop_intersection,False,False,False,0,0,21.361777737343463,1.5800284453340478,True,False
42,B_COC,OOD,155,stop_intersection,False,False,False,0,1,24.21735838566094,1.3062881429990132,True,False
42,B_COC,OOD,156,stop_intersection,False,False,False,0,1,22.089687414910404,1.0441760246346636,True,False
42,B_COC,OOD,157,stop_intersection,False,False,False,0,1,22.910742744702077,1.5078804053758321,True,False
42,B_COC,OOD,158,stop_intersection,False,False,False,0,1,30.585895349472537,1.0723057943721148,True,False
42,B_COC,OOD,159,stop_intersection,False,False,False,0,1,28.93052475269516,1.1554769721142082,True,False
42,B_COC,OOD,160,stop_intersection,False,False,False,0,1,25.461222133755175,1.2025837955020722,True,False
42,B_COC,OOD,161,stop_intersection,False,False,False,0,1,23.68976376991983,1.0578194584535516,True,False
42,B_COC,OOD,162,stop_intersection,False,False,False,0,1,27.319277903853866,1.1657648862794388,True,False
42,B_COC,OOD,163,stop_intersection,False,False,False,0,1,25.945571501873815,1.1769211292266846,True,False
42,B_COC,OOD,164,stop_intersection,False,False,False,0,1,24.12421497619217,1.117766125257625,True,False
42,B_COC,OOD,165,stop_intersection,False,False,False,0,1,28.577332095439083,1.1628625000065023,True,False
42,B_COC,OOD,166,stop_intersection,False,False,False,0,1,26.802835133637338,1.4233486316142936,True,False
42,B_COC,OOD,167,stop_intersection,False,False,False,0,1,30.347614548224,1.112555129372555,True,False
42,B_COC,OOD,168,stop_intersection,False,False,False,0,1,31.08133217782216,1.1765537546439604,True,False
42,B_COC,OOD,169,stop_intersection,False,False,False,0,1,28.178240263329474,1.2434345178115063,True,False
42,B_COC,OOD,170,stop_intersection,False,False,False,0,1,20.717134319159968,1.1953100409263218,True,False
42,B_COC,OOD,171,stop_intersection,False,False,False,0,1,21.401952549475872,1.180879888502327,True,False
42,B_COC,OOD,172,stop_intersection,False,False,False,0,1,22.055341438773997,1.491907842648335,True,False
42,B_COC,OOD,173,stop_intersection,False,False,False,0,1,28.54252009271852,1.040500117384869,True,False
42,B_COC,OOD,174,stop_intersection,False,False,False,0,1,21.774931257405417,1.438967993275987,True,False
42,B_COC,OOD,175,stop_intersection,False,False,False,0,1,27.743761666831382,1.4164482902836155,True,False
42,B_COC,OOD,176,stop_intersection,False,False,False,0,1,21.985038007028955,1.4903733869775748,True,False
42,B_COC,OOD,177,stop_intersection,False,False,False,0,1,30.207160469699552,1.496223822618142,True,False
42,B_COC,OOD,178,stop_intersection,False,False,False,0,1,28.398100565807525,1.3270035072376853,True,False
42,B_COC,OOD,179,stop_intersection,False,False,False,0,1,28.35611348525824,1.3698823555656099,True,False
42,B_COC,OOD,180,stop_intersection,False,False,False,0,1,21.466001409644477,1.0639125605424244,True,False
42,B_COC,OOD,181,stop_intersection,False,False,False,0,1,31.000273930725612,1.2760808020830154,True,False
42,B_COC,OOD,182,stop_intersection,False,False,False,0,1,22.811614662428028,1.1738992631435392,True,False
42,B_COC,OOD,183,stop_intersection,False,False,False,0,1,21.97077948521104,1.2214052598727376,True,False
42,B_COC,OOD,184,stop_intersection,False,False,False,0,1,29.893496012022638,1.6756676137447357,True,False
42,B_COC,OOD,185,stop_intersection,False,False,False,0,1,26.002440623023908,1.0718150890391804,True,False
42,B_COC,OOD,186,stop_intersection,False,False,False,0,1,30.15853160443023,1.3807429199994996,True,False
42,B_COC,OOD,187,stop_intersection,False,False,False,0,1,27.288135746921668,1.3197559745688185,True,False
42,B_COC,OOD,188,stop_intersection,False,False,False,0,1,30.746233724275733,1.3204562809409164,True,False
42,B_COC,OOD,189,stop_intersection,False,False,False,0,1,29.58835983452972,1.3436193999491237,True,False
42,B_COC,OOD,190,stop_intersection,False,False,False,0,1,24.54918827008944,1.2052777409553528,True,False
42,B_COC,OOD,191,stop_intersection,False,False,False,0,1,26.574422675486105,1.3391234940952725,True,False
42,B_COC,OOD,192,stop_intersection,False,False,False,0,1,30.01127775790812,1.1172793077868084,True,False
42,B_COC,OOD,193,stop_intersection,False,False,False,0,1,23.92002465557791,1.0748539633221095,True,False
42,B_COC,OOD,194,stop_intersection,False,False,False,0,1,26.61750092891205,1.1674321130957714,True,False
42,B_COC,OOD,195,stop_intersection,False,False,False,0,1,26.311662821136263,1.5365302344647849,True,False
42,B_COC,OOD,196,stop_intersection,False,False,False,0,1,22.690589561737372,1.1035326761858804,True,False
42,B_COC,OOD,197,stop_intersection,False,False,False,0,1,29.323605498467842,1.3603186394487106,True,False
42,B_COC,OOD,198,stop_intersection,False,False,False,0,1,29.10782748056443,1.1167953066203904,True,False
42,B_COC,OOD,199,stop_intersection,False,False,False,0,1,28.314825147935654,0.9584612250328064,True,False
42,B_COC,OOD,200,lead_brake,False,False,False,0,0,33.9563587091863,3.2910734247416253,True,False
42,B_COC,OOD,201,lead_brake,False,False,False,0,0,30.87212690144247,4.57798393877844,True,False
42,B_COC,OOD,202,lead_brake,False,False,True,0,0,26.033778341499097,3.7191232349723577,True,False
42,B_COC,OOD,203,lead_brake,False,False,False,0,0,30.79932331826228,2.142136045421163,True,False
42,B_COC,OOD,204,lead_brake,False,False,False,0,0,29.755439518240742,1.2494199853390455,True,False
42,B_COC,OOD,205,lead_brake,False,False,True,0,0,28.539623937942512,4.997870629653335,True,False
42,B_COC,OOD,206,lead_brake,False,False,False,0,0,30.25517713590137,4.32683767316242,True,False
42,B_COC,OOD,207,lead_brake,False,False,False,0,0,32.88468841878628,4.222086564327279,True,False
42,B_COC,OOD,208,lead_brake,False,False,False,0,0,38.20359623560167,4.245580057923992,True,False
42,B_COC,OOD,209,lead_brake,False,False,False,0,0,30.749339479405823,2.269973035280903,True,False
42,B_COC,OOD,210,lead_brake,False,False,True,0,0,29.83280267936148,4.133827626084288,True,False
42,B_COC,OOD,211,lead_brake,False,False,False,0,0,36.5278193800151,4.3612210135906935,True,False
42,B_COC,OOD,212,lead_brake,False,False,True,0,0,27.65916553614153,5.839427900190155,True,False
42,B_COC,OOD,213,lead_brake,False,False,False,0,0,30.92670907038813,2.619441774363319,True,False
42,B_COC,OOD,214,lead_brake,False,False,False,0,0,35.06128037783967,2.612776511038343,True,False
42,B_COC,OOD,215,lead_brake,False,False,True,0,0,26.879123920169054,5.097444025799632,True,False
42,B_COC,OOD,216,lead_brake,False,False,False,0,0,40.302929300185184,2.471337105457981,True,False
42,B_COC,OOD,217,lead_brake,False,False,False,0,0,34.8072830714286,3.284980588282148,True,False
42,B_COC,OOD,218,lead_brake,False,False,False,0,0,26.719321133070864,2.6706903061519065,True,False
42,B_COC,OOD,219,lead_brake,False,False,False,0,0,34.50215570380153,3.3978111650794744,True,False
42,B_COC,OOD,220,lead_brake,False,False,False,0,0,35.357340328023135,3.141338238492608,True,False
42,B_COC,OOD,221,lead_brake,False,False,True,0,0,24.278363284617612,2.660079257562756,True,False
42,B_COC,OOD,222,lead_brake,False,False,False,0,0,39.81882518933617,4.314011766885717,True,False
42,B_COC,OOD,223,lead_brake,False,False,True,0,0,26.4699856909337,4.785998733714223,True,False
42,B_COC,OOD,224,lead_brake,False,False,False,0,0,31.37080776134354,2.442419597879052,True,False
42,B_COC,OOD,225,lead_brake,False,False,False,0,0,32.03982298721882,4.357644787058234,True,False
42,B_COC,OOD,226,lead_brake,False,False,False,0,0,27.28942878559231,1.45682790192465,True,False
42,B_COC,OOD,227,lead_brake,False,False,False,0,0,38.79298571307135,1.8485073515524466,True,False
42,B_COC,OOD,228,lead_brake,False,False,False,0,0,39.81390939030702,0.6448642245183387,True,False
42,B_COC,OOD,229,lead_brake,False,False,False,0,0,43.26914378494022,3.274550685659051,True,False
42,B_COC,OOD,230,lead_brake,False,False,False,0,0,34.2166606486272,4.128917152062058,True,False
42,B_COC,OOD,231,lead_brake,False,False,False,0,0,35.42128006445176,3.268940412128965,True,False
42,B_COC,OOD,232,lead_brake,False,False,False,0,0,32.93038631157041,4.30407588245968,True,False
42,B_COC,OOD,233,lead_brake,False,False,True,0,0,30.18479782589899,3.804362460349997,True,False
42,B_COC,OOD,234,lead_brake,False,False,False,0,0,29.276725996166434,3.938134352987011,True,False
42,B_COC,OOD,235,lead_brake,False,False,False,0,0,32.451933439873336,3.4208073150366545,True,False
42,B_COC,OOD,236,lead_brake,False,False,False,0,0,42.708878417462216,4.553224882110953,True,False
42,B_COC,OOD,237,lead_brake,False,False,False,0,0,40.59924751209824,2.884407744432489,True,False
42,B_COC,OOD,238,lead_brake,False,False,True,0,0,26.40933449044822,2.469064040109515,True,False
42,B_COC,OOD,239,lead_brake,False,False,False,0,0,34.552096059307885,2.481601919357975,True,False
42,B_COC,OOD,240,lead_brake,False,False,False,0,0,36.952106280028836,3.897692442561189,True,False
42,B_COC,OOD,241,lead_brake,False,False,True,0,0,25.923149081422082,3.2121115643531084,True,False
42,B_COC,OOD,242,lead_brake,False,False,True,0,0,27.171641408725463,2.6010958484063544,True,False
42,B_COC,OOD,243,lead_brake,False,False,False,0,0,31.252309417790507,4.929414112741748,True,False
42,B_COC,OOD,244,lead_brake,False,False,False,0,0,41.876984804570654,3.9076242751131454,True,False
42,B_COC,OOD,245,lead_brake,False,False,False,0,0,43.67760880678893,2.072224262480934,True,False
42,B_COC,OOD,246,lead_brake,False,False,True,0,0,27.016970998933914,2.540426957731446,True,False
42,B_COC,OOD,247,lead_brake,False,False,False,0,0,31.59266464988411,3.7862713330735764,True,False
42,B_COC,OOD,248,lead_brake,False,False,True,0,0,27.828944220051866,2.3051483562837043,True,False
42,B_COC,OOD,249,lead_brake,False,False,True,0,0,24.230974322544892,5.520229507858555,True,False
42,B_COC,OOD,250,lead_brake,False,False,False,0,0,33.82908675686008,4.6584408314277725,True,False
42,B_COC,OOD,251,lead_brake,False,False,False,0,0,31.13142975554977,3.4150797432909408,True,False
42,B_COC,OOD,252,lead_brake,False,False,False,0,0,40.37859244033194,3.4953810454656677,True,False
42,B_COC,OOD,253,lead_brake,False,False,False,0,0,29.006294513195744,3.9414247926324606,True,False
42,B_COC,OOD,254,lead_brake,False,False,True,0,0,28.394766940841315,3.271342135344942,True,False
42,B_COC,OOD,255,lead_brake,False,False,False,0,0,34.65921872158841,3.399083093429605,True,False
42,B_COC,OOD,256,lead_brake,False,False,True,0,0,25.27283382982018,3.395597504451871,True,False
42,B_COC,OOD,257,lead_brake,False,False,False,0,0,31.104697714291618,4.3806048687547445,True,False
42,B_COC,OOD,258,lead_brake,False,False,True,0,0,23.841720590899616,2.0446421237041554,True,False
42,B_COC,OOD,259,lead_brake,False,False,False,0,0,43.352935646176334,2.6881056670099492,True,False
42,B_COC,OOD,260,lead_brake,False,False,False,0,0,34.932764411588415,2.173719950641195,True,False
42,B_COC,OOD,261,lead_brake,False,False,False,0,0,28.956700085671784,2.0800113882869478,True,False
42,B_COC,OOD,262,lead_brake,False,False,False,0,0,38.59872507224195,3.4693318090091143,True,False
42,B_COC,OOD,263,lead_brake,False,False,True,0,0,30.89384668492202,5.080112964535753,True,False
42,B_COC,OOD,264,lead_brake,False,False,False,0,0,44.81915121346714,2.829714499413967,True,False
42,B_COC,OOD,265,lead_brake,False,False,False,0,0,40.38576227831753,0.5930691342800856,True,False
42,B_COC,OOD,266,lead_brake,False,False,False,0,0,32.58276164855782,5.612617228801052,True,False
42,B_COC,OOD,267,lead_brake,False,False,False,0,0,29.77851525713622,3.4784012765934067,True,False
42,B_COC,OOD,268,lead_brake,False,False,True,0,0,29.468641161669954,4.771739423895875,True,False
42,B_COC,OOD,269,lead_brake,False,False,False,0,0,31.762899483422515,2.50999260507524,True,False
42,B_COC,OOD,270,lead_brake,False,False,True,0,0,25.790152623679894,0.9222053320457537,True,False
42,B_COC,OOD,271,lead_brake,False,False,False,0,0,36.462980053287254,5.183522230014204,True,False
42,B_COC,OOD,272,lead_brake,False,False,False,0,0,34.47747050737201,2.6381174568086863,True,False
42,B_COC,OOD,273,lead_brake,False,False,False,0,0,35.02107723215205,2.559658046190937,True,False
42,B_COC,OOD,274,lead_brake,False,False,False,0,0,37.42870827085828,0.9731871938953797,True,False
42,B_COC,OOD,275,lead_brake,False,False,False,0,0,33.33342532735362,2.8553912074615555,True,False
42,B_COC,OOD,276,lead_brake,False,False,False,0,0,28.8081805272092,3.5745959350218373,True,False
42,B_COC,OOD,277,lead_brake,False,False,True,0,0,29.853517048805948,4.29128730110824,True,False
42,B_COC,OOD,278,lead_brake,False,False,False,0,0,30.368780647035134,4.062946829323967,True,False
42,B_COC,OOD,279,lead_brake,False,False,False,0,0,38.962670698612904,1.6967339956512053,True,False
42,B_COC,OOD,280,lead_brake,False,False,False,0,0,30.75582963723359,4.145977914954225,True,False
42,B_COC,OOD,281,lead_brake,False,False,False,0,0,31.663793285489078,2.2289682583262524,True,False
42,B_COC,OOD,282,lead_brake,False,False,False,0,0,32.43963056516449,2.496072990819812,True,False
42,B_COC,OOD,283,lead_brake,False,False,False,0,0,36.75863188341259,2.3758941224465766,True,False
42,B_COC,OOD,284,lead_brake,False,False,True,0,0,26.169896331469033,4.62464396469295,True,False
42,B_COC,OOD,285,lead_brake,False,False,False,0,0,35.5303309546566,3.678335934256514,True,False
42,B_COC,OOD,286,lead_brake,False,False,False,0,0,29.26490327887546,3.5199206254134574,True,False
42,B_COC,OOD,287,lead_brake,False,False,False,0,0,32.806770830265876,3.2565505784004927,True,False
42,B_COC,OOD,288,lead_brake,False,False,True,0,0,26.927840513162224,2.8371227253228426,True,False
42,B_COC,OOD,289,lead_brake,False,False,False,0,0,39.960944220971314,3.193262006466587,True,False
42,B_COC,OOD,290,lead_brake,False,False,False,0,0,33.94821055614856,3.6761644662668305,True,False
42,B_COC,OOD,291,lead_brake,False,False,True,0,0,21.94214716389773,2.0530076331148543,True,False
42,B_COC,OOD,292,lead_brake,False,False,False,0,0,36.33479530959415,2.260633734986186,True,False
42,B_COC,OOD,293,lead_brake,False,False,True,0,0,25.71386037359323,4.113338338211179,True,False
42,B_COC,OOD,294,lead_brake,False,False,True,0,0,26.965076905992728,2.8403399344533677,True,False
42,B_COC,OOD,295,lead_brake,False,False,False,0,0,28.4617700269818,3.175880143418908,True,False
42,B_COC,OOD,296,lead_brake,False,False,False,0,0,35.798291692875516,3.296868262812495,True,False
42,B_COC,OOD,297,lead_brake,False,False,False,0,0,39.23291587930232,3.656068715577324,True,False
42,B_COC,OOD,298,lead_brake,False,False,True,0,0,21.518140892556335,2.7186720762401815,True,False
42,B_COC,OOD,299,lead_brake,False,False,True,0,0,25.93318440747676,1.6162699963897467,True,False
42,C_LEGACY_CONTRACT,ID,0,crosswalk,False,False,False,0,0,29.52968888174364,2.1291495317762545,True,False
42,C_LEGACY_CONTRACT,ID,1,crosswalk,False,False,False,0,0,38.02675055865522,1.1537344676132004,True,False
42,C_LEGACY_CONTRACT,ID,2,crosswalk,False,False,False,0,0,28.15493946531116,2.543907753731075,True,False
42,C_LEGACY_CONTRACT,ID,3,crosswalk,False,False,False,0,0,32.441041845408506,2.2953024524308385,True,False
42,C_LEGACY_CONTRACT,ID,4,crosswalk,False,False,False,0,0,33.65964622270768,2.256659757007252,True,False
42,C_LEGACY_CONTRACT,ID,5,crosswalk,False,False,False,0,0,28.734846427703964,1.9292925103850984,True,False
42,C_LEGACY_CONTRACT,ID,6,crosswalk,False,False,False,0,0,35.25552111270124,0.4335242509841919,True,False
42,C_LEGACY_CONTRACT,ID,7,crosswalk,False,False,False,0,0,37.3494740614833,2.058575345824162,True,False
42,C_LEGACY_CONTRACT,ID,8,crosswalk,False,False,False,0,0,27.70360772713888,1.8673172204390815,True,False
42,C_LEGACY_CONTRACT,ID,9,crosswalk,False,False,False,0,0,34.01678614053378,1.9578703780743207,True,False
42,C_LEGACY_CONTRACT,ID,10,crosswalk,False,False,False,0,0,36.20535307955926,2.0320772233864535,True,False
42,C_LEGACY_CONTRACT,ID,11,crosswalk,False,False,False,0,0,33.82062814176351,2.0512392558157444,True,False
42,C_LEGACY_CONTRACT,ID,12,crosswalk,False,False,False,0,0,28.10756502812297,1.229035997469174,True,False
42,C_LEGACY_CONTRACT,ID,13,crosswalk,False,False,False,0,0,31.72226816401505,1.5122575361443602,True,False
42,C_LEGACY_CONTRACT,ID,14,crosswalk,False,False,False,0,0,29.759008642061858,2.143262990496375,True,False
42,C_LEGACY_CONTRACT,ID,15,crosswalk,False,False,False,0,0,34.746624039115154,0.4049326220284337,True,False
42,C_LEGACY_CONTRACT,ID,16,crosswalk,False,False,False,0,0,26.829202096710397,2.452509488082594,True,False
42,C_LEGACY_CONTRACT,ID,17,crosswalk,False,False,False,0,0,26.91846478481852,2.096205921400161,True,False
42,C_LEGACY_CONTRACT,ID,18,crosswalk,False,False,False,0,0,35.5536637634102,1.884857854721221,True,False
42,C_LEGACY_CONTRACT,ID,19,crosswalk,False,False,False,0,0,38.18621031190459,0.3877808712422848,True,False
42,C_LEGACY_CONTRACT,ID,20,crosswalk,False,False,False,0,0,31.33760800451827,1.9744081741997173,True,False
42,C_LEGACY_CONTRACT,ID,21,crosswalk,False,False,False,0,0,31.764660323958722,1.5326979434625667,True,False
42,C_LEGACY_CONTRACT,ID,22,crosswalk,False,False,False,0,0,28.014986457720223,1.8166984390053482,True,False
42,C_LEGACY_CONTRACT,ID,23,crosswalk,False,False,False,0,0,35.011037090138,0.43330085379156197,True,False
42,C_LEGACY_CONTRACT,ID,24,crosswalk,False,False,False,0,0,27.855015886352746,1.6268852215848468,True,False
42,C_LEGACY_CONTRACT,ID,25,crosswalk,False,False,False,0,0,29.206444732180756,1.774202977262792,True,False
42,C_LEGACY_CONTRACT,ID,26,crosswalk,False,False,False,0,0,27.25431425661336,2.4772516128263975,True,False
42,C_LEGACY_CONTRACT,ID,27,crosswalk,False,False,False,0,0,31.812059185094732,1.9415951458116372,True,False
42,C_LEGACY_CONTRACT,ID,28,crosswalk,False,False,False,0,0,35.30331370563973,1.447649034248157,True,False
42,C_LEGACY_CONTRACT,ID,29,crosswalk,False,False,False,0,0,28.987071521077866,2.37936107814312,True,False
42,C_LEGACY_CONTRACT,ID,30,crosswalk,False,False,False,0,0,32.1764064554713,0.6504591131074862,True,False
42,C_LEGACY_CONTRACT,ID,31,crosswalk,False,False,False,0,0,28.63965943027579,1.9551730155944824,True,False
42,C_LEGACY_CONTRACT,ID,32,crosswalk,False,False,False,0,0,38.59715300512741,1.8591762442762652,True,False
42,C_LEGACY_CONTRACT,ID,33,crosswalk,False,False,False,0,0,31.794890807114175,0.4400233498641422,True,False
42,C_LEGACY_CONTRACT,ID,34,crosswalk,False,False,False,0,0,35.69128200469764,0.8280672676240404,True,False
42,C_LEGACY_CONTRACT,ID,35,crosswalk,False,False,False,0,0,29.320003665821574,1.9858372405819271,True,False
42,C_LEGACY_CONTRACT,ID,36,crosswalk,False,False,False,0,0,38.04391440007536,0.3994649469852447,True,False
42,C_LEGACY_CONTRACT,ID,37,crosswalk,False,False,False,0,0,31.496709577676363,2.2217106209559874,True,False
42,C_LEGACY_CONTRACT,ID,38,crosswalk,False,False,False,0,0,34.557825321991146,2.0770169918735824,True,False
42,C_LEGACY_CONTRACT,ID,39,crosswalk,False,False,False,0,0,28.70716817790784,1.6068630311638115,True,False
42,C_LEGACY_CONTRACT,ID,40,crosswalk,False,False,False,0,0,31.758662630207265,0.47547203403982247,True,False
42,C_LEGACY_CONTRACT,ID,41,crosswalk,False,False,False,0,0,35.1668672870649,1.7781992036510597,True,False
42,C_LEGACY_CONTRACT,ID,42,crosswalk,False,False,False,0,0,37.86232354311598,0.3772744039694468,True,False
42,C_LEGACY_CONTRACT,ID,43,crosswalk,False,False,False,0,0,31.10762389111496,1.8580599625905354,True,False
42,C_LEGACY_CONTRACT,ID,44,crosswalk,False,False,False,0,0,31.343266936829856,1.6716148047929718,True,False
42,C_LEGACY_CONTRACT,ID,45,crosswalk,False,False,False,0,0,35.66093865953614,0.8603418602918584,True,False
42,C_LEGACY_CONTRACT,ID,46,crosswalk,False,False,False,0,0,30.770521256681235,2.2201423346996307,True,False
42,C_LEGACY_CONTRACT,ID,47,crosswalk,False,False,False,0,0,28.04000250556998,0.46017117984592915,True,False
42,C_LEGACY_CONTRACT,ID,48,crosswalk,False,False,False,0,0,34.22197199364773,0.3598959480101863,True,False
42,C_LEGACY_CONTRACT,ID,49,crosswalk,False,False,False,0,0,37.87718300939707,0.5031217926222344,True,False
42,C_LEGACY_CONTRACT,ID,50,crosswalk,False,False,False,0,0,30.109759428326274,2.179408760741353,True,False
42,C_LEGACY_CONTRACT,ID,51,crosswalk,False,False,False,0,0,29.774540837069765,0.3805839678361302,True,False
42,C_LEGACY_CONTRACT,ID,52,crosswalk,False,False,False,0,0,36.57380016909198,0.40754231313864386,True,False
42,C_LEGACY_CONTRACT,ID,53,crosswalk,False,False,False,0,0,37.770999770625046,0.9562746092677116,True,False
42,C_LEGACY_CONTRACT,ID,54,crosswalk,False,False,False,0,0,37.2025159258056,0.39625453203916544,True,False
42,C_LEGACY_CONTRACT,ID,55,crosswalk,False,False,False,0,0,34.12807120150937,1.9693708707663145,True,False
42,C_LEGACY_CONTRACT,ID,56,crosswalk,False,False,False,0,0,30.740547364368027,2.2231611822332655,True,False
42,C_LEGACY_CONTRACT,ID,57,crosswalk,False,False,False,0,0,33.14028048723738,2.260230711915276,True,False
42,C_LEGACY_CONTRACT,ID,58,crosswalk,False,False,False,0,0,35.56975804040883,1.0419891175368556,True,False
42,C_LEGACY_CONTRACT,ID,59,crosswalk,False,False,False,0,0,34.83255534044145,0.38739836464325583,True,False
42,C_LEGACY_CONTRACT,ID,60,crosswalk,False,False,False,0,0,36.38287345543172,2.020417253176371,True,False
42,C_LEGACY_CONTRACT,ID,61,crosswalk,False,False,False,0,0,37.18311415816929,0.375521719455719,True,False
42,C_LEGACY_CONTRACT,ID,62,crosswalk,False,False,False,0,0,32.28447748244116,2.2403626008467237,True,False
42,C_LEGACY_CONTRACT,ID,63,crosswalk,False,False,False,0,0,31.882218412519144,0.9184129305538676,True,False
42,C_LEGACY_CONTRACT,ID,64,crosswalk,False,False,False,0,0,29.179969736128587,2.071193242445588,True,False
42,C_LEGACY_CONTRACT,ID,65,crosswalk,False,False,False,0,0,37.12009103726078,1.9314234533036747,True,False
42,C_LEGACY_CONTRACT,ID,66,crosswalk,False,False,False,0,0,33.28035472430911,1.2087496600690342,True,False
42,C_LEGACY_CONTRACT,ID,67,crosswalk,False,False,False,0,0,28.092307233567347,0.45946993521953877,True,False
42,C_LEGACY_CONTRACT,ID,68,crosswalk,False,False,False,0,0,31.780146361858876,0.3833275000480088,True,False
42,C_LEGACY_CONTRACT,ID,69,crosswalk,False,False,False,0,0,30.962700531364966,1.9179688021540642,True,False
42,C_LEGACY_CONTRACT,ID,70,crosswalk,False,False,False,0,0,39.0655722027332,0.643484325458606,True,False
42,C_LEGACY_CONTRACT,ID,71,crosswalk,False,False,False,0,0,35.14939246921736,0.3726132571076353,True,False
42,C_LEGACY_CONTRACT,ID,72,crosswalk,False,False,False,0,0,36.2285937069402,0.3924884755785266,True,False
42,C_LEGACY_CONTRACT,ID,73,crosswalk,False,False,False,0,0,32.9500910897276,1.866512523794716,True,False
42,C_LEGACY_CONTRACT,ID,74,crosswalk,False,False,False,0,0,36.39375295485689,0.3852357327317198,True,False
42,C_LEGACY_CONTRACT,ID,75,crosswalk,False,False,False,0,0,34.639439539598875,1.8759735419668935,True,False
42,C_LEGACY_CONTRACT,ID,76,crosswalk,False,False,False,0,0,36.00373843631358,0.39651724665115273,True,False
42,C_LEGACY_CONTRACT,ID,77,crosswalk,False,False,False,0,0,35.4686188385375,2.032086654481563,True,False
42,C_LEGACY_CONTRACT,ID,78,crosswalk,False,False,False,0,0,33.799052163916926,1.9566263630986214,True,False
42,C_LEGACY_CONTRACT,ID,79,crosswalk,False,False,False,0,0,34.72615050020335,2.0071353099268414,True,False
42,C_LEGACY_CONTRACT,ID,80,crosswalk,False,False,False,0,0,30.738270665077714,0.403191637070406,True,False
42,C_LEGACY_CONTRACT,ID,81,crosswalk,False,False,False,0,0,32.72674834457958,2.2542444819753817,True,False
42,C_LEGACY_CONTRACT,ID,82,crosswalk,False,False,False,0,0,36.04285101601862,2.0414484354356923,True,False
42,C_LEGACY_CONTRACT,ID,83,crosswalk,False,False,False,0,0,37.43275913055059,0.3617369727446483,True,False
42,C_LEGACY_CONTRACT,ID,84,crosswalk,False,False,False,0,0,32.448581103619105,1.5333739716721617,True,False
42,C_LEGACY_CONTRACT,ID,85,crosswalk,False,False,False,0,0,33.86231133081474,0.5671462738378481,True,False
42,C_LEGACY_CONTRACT,ID,86,crosswalk,False,False,False,0,0,27.477632958075027,1.8412594000498452,True,False
42,C_LEGACY_CONTRACT,ID,87,crosswalk,False,False,False,0,0,35.20976617370862,1.360349818354561,True,False
42,C_LEGACY_CONTRACT,ID,88,crosswalk,False,False,False,0,0,31.003440771738514,2.04408911259278,True,False
42,C_LEGACY_CONTRACT,ID,89,crosswalk,False,False,False,0,0,33.444301299738925,0.37165725846653397,True,False
42,C_LEGACY_CONTRACT,ID,90,crosswalk,False,False,False,0,0,28.246496950251085,0.43223649449646473,True,False
42,C_LEGACY_CONTRACT,ID,91,crosswalk,False,False,False,0,0,28.434664478625933,2.0661048997532236,True,False
42,C_LEGACY_CONTRACT,ID,92,crosswalk,False,False,False,0,0,37.49290796744634,0.9240567210045727,True,False
42,C_LEGACY_CONTRACT,ID,93,crosswalk,False,False,False,0,0,31.222544874474643,1.9325261625150838,True,False
42,C_LEGACY_CONTRACT,ID,94,crosswalk,False,False,False,0,0,31.6750954273145,2.051214130506629,True,False
42,C_LEGACY_CONTRACT,ID,95,crosswalk,False,False,False,0,0,30.80573029130231,0.3718222559175708,True,False
42,C_LEGACY_CONTRACT,ID,96,crosswalk,False,False,False,0,0,27.860048521203716,2.3482807353138924,True,False
42,C_LEGACY_CONTRACT,ID,97,crosswalk,False,False,False,0,0,36.871194455455495,0.6332489579916001,True,False
42,C_LEGACY_CONTRACT,ID,98,crosswalk,False,False,False,0,0,31.385089844291873,2.4090964738279577,True,False
42,C_LEGACY_CONTRACT,ID,99,crosswalk,False,False,False,0,0,31.307829867451858,0.8876767512410879,True,False
42,C_LEGACY_CONTRACT,ID,100,stop_intersection,False,False,False,0,1,26.615854638557778,1.5736146105660331,True,False
42,C_LEGACY_CONTRACT,ID,101,stop_intersection,False,False,False,0,1,31.668840289016167,1.4845325161771075,True,False
42,C_LEGACY_CONTRACT,ID,102,stop_intersection,False,False,False,0,1,26.64772059436578,1.5464272598425546,True,False
42,C_LEGACY_CONTRACT,ID,103,stop_intersection,False,False,False,0,1,29.29115615301667,1.6001883776564345,True,False
42,C_LEGACY_CONTRACT,ID,104,stop_intersection,False,False,False,0,1,27.480166753940345,1.6871463154491624,True,False
42,C_LEGACY_CONTRACT,ID,105,stop_intersection,False,False,False,0,1,31.59592308201238,1.291985148336829,True,False
42,C_LEGACY_CONTRACT,ID,106,stop_intersection,False,False,False,0,1,32.58591897080119,1.6150965050953188,True,False
42,C_LEGACY_CONTRACT,ID,107,stop_intersection,False,False,False,0,1,30.4153476560619,1.5256766112227187,True,False
42,C_LEGACY_CONTRACT,ID,108,stop_intersection,False,False,False,0,1,32.30859691077608,1.5745447537837882,True,False
42,C_LEGACY_CONTRACT,ID,109,stop_intersection,False,False,False,0,1,33.68274329129633,1.3833127419153848,True,False
42,C_LEGACY_CONTRACT,ID,110,stop_intersection,False,False,False,0,1,29.19678603301095,1.7967227826247345,True,False
42,C_LEGACY_CONTRACT,ID,111,stop_intersection,False,False,False,0,1,35.907593572877545,1.6318614284197488,True,False
42,C_LEGACY_CONTRACT,ID,112,stop_intersection,False,False,False,0,1,35.98702378200839,1.4063451040622799,True,False
42,C_LEGACY_CONTRACT,ID,113,stop_intersection,False,False,False,0,1,35.74674986646684,1.374673510706702,True,False
42,C_LEGACY_CONTRACT,ID,114,stop_intersection,False,False,False,0,1,35.595962361090024,1.595654771441505,True,False
42,C_LEGACY_CONTRACT,ID,115,stop_intersection,False,False,False,0,1,37.15335459643981,1.5279132979256764,True,False
42,C_LEGACY_CONTRACT,ID,116,stop_intersection,False,False,False,0,1,31.29570913495887,1.6239010370694673,True,False
42,C_LEGACY_CONTRACT,ID,117,stop_intersection,False,False,False,0,1,27.94385721592943,1.813226954357044,True,False
42,C_LEGACY_CONTRACT,ID,118,stop_intersection,False,False,False,0,1,31.84720097876422,1.8046929020630686,True,False
42,C_LEGACY_CONTRACT,ID,119,stop_intersection,False,False,False,0,1,34.95096114227349,1.6403305530548096,True,False
42,C_LEGACY_CONTRACT,ID,120,stop_intersection,False,False,False,0,1,37.23723983991107,1.450485558736892,True,False
42,C_LEGACY_CONTRACT,ID,121,stop_intersection,False,False,False,0,1,36.27766996168653,1.3595045890126907,True,False
42,C_LEGACY_CONTRACT,ID,122,stop_intersection,False,False,False,0,1,32.907476586345766,1.3881778858956835,True,False
42,C_LEGACY_CONTRACT,ID,123,stop_intersection,False,False,False,0,1,26.878395745083164,1.8695792059103646,True,False
42,C_LEGACY_CONTRACT,ID,124,stop_intersection,False,False,False,0,1,34.11004769929496,1.3113510041009813,True,False
42,C_LEGACY_CONTRACT,ID,125,stop_intersection,False,False,False,0,1,35.492697097034245,1.5277397341844512,True,False
42,C_LEGACY_CONTRACT,ID,126,stop_intersection,False,False,False,0,1,38.52170161529594,1.4478674395517868,True,False
42,C_LEGACY_CONTRACT,ID,127,stop_intersection,False,False,False,0,1,27.460430017089926,1.8665750986999934,True,False
42,C_LEGACY_CONTRACT,ID,128,stop_intersection,False,False,False,0,1,33.52281480416065,1.6098835468292234,True,False
42,C_LEGACY_CONTRACT,ID,129,stop_intersection,False,False,False,0,1,35.05297580271424,1.3989374841131814,True,False
42,C_LEGACY_CONTRACT,ID,130,stop_intersection,False,False,False,0,1,26.994114631028708,1.4921239959566215,True,False
42,C_LEGACY_CONTRACT,ID,131,stop_intersection,False,False,False,0,1,28.144485750340912,1.9013210303253596,True,False
42,C_LEGACY_CONTRACT,ID,132,stop_intersection,False,False,False,0,1,32.76630246356742,1.6066616624593735,True,False
42,C_LEGACY_CONTRACT,ID,133,stop_intersection,False,False,False,0,1,30.76442990202795,1.3930152654647825,True,False
42,C_LEGACY_CONTRACT,ID,134,stop_intersection,False,False,False,0,1,38.264067955562346,1.5815125786980917,True,False
42,C_LEGACY_CONTRACT,ID,135,stop_intersection,False,False,False,0,1,31.84562888213104,1.457138092089922,True,False
42,C_LEGACY_CONTRACT,ID,136,stop_intersection,False,False,False,0,1,36.0326381634496,1.4268071984135826,True,False
42,C_LEGACY_CONTRACT,ID,137,stop_intersection,False,False,False,0,1,31.477102944392996,1.3804485648870468,True,False
42,C_LEGACY_CONTRACT,ID,138,stop_intersection,False,False,False,0,1,32.949416258141895,1.6176027059555054,True,False
42,C_LEGACY_CONTRACT,ID,139,stop_intersection,False,False,False,0,1,30.863954492415957,1.7231643811250343,True,False
42,C_LEGACY_CONTRACT,ID,140,stop_intersection,False,False,False,0,1,38.00462683649314,1.4409775578457376,True,False
42,C_LEGACY_CONTRACT,ID,141,stop_intersection,False,False,False,0,1,37.317167665104364,1.357227507091704,True,False
42,C_LEGACY_CONTRACT,ID,142,stop_intersection,False,False,False,0,1,35.34100657947335,1.4544649734053499,True,False
42,C_LEGACY_CONTRACT,ID,143,stop_intersection,False,False,False,0,1,26.778152514958563,1.5141658816072674,True,False
42,C_LEGACY_CONTRACT,ID,144,stop_intersection,False,False,False,0,1,29.38529147360655,1.384634283872751,True,False
42,C_LEGACY_CONTRACT,ID,145,stop_intersection,False,False,False,0,1,36.122254870094025,1.6485835139344378,True,False
42,C_LEGACY_CONTRACT,ID,146,stop_intersection,False,False,False,0,1,36.325073186733015,1.375932381911711,True,False
42,C_LEGACY_CONTRACT,ID,147,stop_intersection,False,False,False,0,1,31.720782754337172,1.415440484881401,True,False
42,C_LEGACY_CONTRACT,ID,148,stop_intersection,False,False,False,0,1,33.41537187436313,1.3378110891435204,True,False
42,C_LEGACY_CONTRACT,ID,149,stop_intersection,False,False,False,0,1,36.012334320813366,1.3433941544556034,True,False
42,C_LEGACY_CONTRACT,ID,150,stop_intersection,False,False,False,0,1,34.263854404411376,1.5915816876946425,True,False
42,C_LEGACY_CONTRACT,ID,151,stop_intersection,False,False,False,0,1,27.520291512816236,1.7017924785614014,True,False
42,C_LEGACY_CONTRACT,ID,152,stop_intersection,False,False,False,0,1,28.0734532370074,1.7436411896267452,True,False
42,C_LEGACY_CONTRACT,ID,153,stop_intersection,False,False,False,0,1,34.1878949578219,1.44504339993,True,False
42,C_LEGACY_CONTRACT,ID,154,stop_intersection,False,False,False,0,1,34.661626710121624,1.4518150756525439,True,False
42,C_LEGACY_CONTRACT,ID,155,stop_intersection,False,False,False,0,1,29.75943366026779,1.7022854246591268,True,False
42,C_LEGACY_CONTRACT,ID,156,stop_intersection,False,False,False,0,1,33.51107485747731,1.5191267217908584,True,False
42,C_LEGACY_CONTRACT,ID,157,stop_intersection,False,False,False,0,1,35.91575537742979,1.3037922354631644,True,False
42,C_LEGACY_CONTRACT,ID,158,stop_intersection,False,False,False,0,1,35.368874579932566,1.5883671801264692,True,False
42,C_LEGACY_CONTRACT,ID,159,stop_intersection,False,False,False,0,1,31.315141048765852,1.460208678856874,True,False
42,C_LEGACY_CONTRACT,ID,160,stop_intersection,False,False,False,0,1,38.283542388992295,1.4770740128698803,True,False
42,C_LEGACY_CONTRACT,ID,161,stop_intersection,False,False,False,0,1,30.574243523617774,1.4595380268598857,True,False
42,C_LEGACY_CONTRACT,ID,162,stop_intersection,False,False,False,0,1,37.03825194913632,1.3838541223889305,True,False
42,C_LEGACY_CONTRACT,ID,163,stop_intersection,False,False,False,0,1,32.41141818585557,1.7064525485038755,True,False
42,C_LEGACY_CONTRACT,ID,164,stop_intersection,False,False,False,0,1,27.853648854798053,1.446546332256214,True,False
42,C_LEGACY_CONTRACT,ID,165,stop_intersection,False,False,False,0,1,32.997539331764294,1.7448744712731774,True,False
42,C_LEGACY_CONTRACT,ID,166,stop_intersection,False,False,False,0,1,38.44486971382886,1.317082269247188,True,False
42,C_LEGACY_CONTRACT,ID,167,stop_intersection,False,False,False,0,1,28.531357034538956,1.475589118505779,True,False
42,C_LEGACY_CONTRACT,ID,168,stop_intersection,False,False,False,0,1,35.25105903543479,1.579536497592926,True,False
42,C_LEGACY_CONTRACT,ID,169,stop_intersection,False,False,False,0,1,35.15828464676828,1.676893016187156,True,False
42,C_LEGACY_CONTRACT,ID,170,stop_intersection,False,False,False,0,1,30.10958448450354,1.4099840475962713,True,False
42,C_LEGACY_CONTRACT,ID,171,stop_intersection,False,False,False,0,1,29.598881155499882,1.509578050793828,True,False
42,C_LEGACY_CONTRACT,ID,172,stop_intersection,False,False,False,0,1,28.503671538235857,1.5643640949919417,True,False
42,C_LEGACY_CONTRACT,ID,173,stop_intersection,False,False,False,0,1,28.397382124145835,1.4291242863002576,True,False
42,C_LEGACY_CONTRACT,ID,174,stop_intersection,False,False,False,0,1,34.46659386655578,1.263230054877525,True,False
42,C_LEGACY_CONTRACT,ID,175,stop_intersection,False,False,False,0,1,27.558055430781906,1.4522318620430796,True,False
42,C_LEGACY_CONTRACT,ID,176,stop_intersection,False,False,False,0,1,36.470608821124856,1.33457085420919,True,False
42,C_LEGACY_CONTRACT,ID,177,stop_intersection,False,False,False,0,1,30.610744645834693,1.4383647943797864,True,False
42,C_LEGACY_CONTRACT,ID,178,stop_intersection,False,False,False,0,1,28.903785883016425,1.4743559788434935,True,False
42,C_LEGACY_CONTRACT,ID,179,stop_intersection,False,False,False,0,1,30.16533920879671,1.4774943739175797,True,False
42,C_LEGACY_CONTRACT,ID,180,stop_intersection,False,False,False,0,1,31.761212660776163,1.5585182721798234,True,False
42,C_LEGACY_CONTRACT,ID,181,stop_intersection,False,False,False,0,1,35.337881257748194,1.5582751937028838,True,False
42,C_LEGACY_CONTRACT,ID,182,stop_intersection,False,False,False,0,1,30.824179747043623,1.4285634878354194,True,False
42,C_LEGACY_CONTRACT,ID,183,stop_intersection,False,False,False,0,1,35.40365552922007,1.4932487454525258,True,False
42,C_LEGACY_CONTRACT,ID,184,stop_intersection,False,False,False,0,1,33.81711215591298,1.409760600044614,True,False
42,C_LEGACY_CONTRACT,ID,185,stop_intersection,False,False,False,0,1,36.788749664533285,1.5326755955105735,True,False
42,C_LEGACY_CONTRACT,ID,186,stop_intersection,False,False,False,0,1,35.20414269375113,1.3475619798356835,True,False
42,C_LEGACY_CONTRACT,ID,187,stop_intersection,False,False,False,0,1,37.2991690077003,1.5272610244296847,True,False
42,C_LEGACY_CONTRACT,ID,188,stop_intersection,False,False,False,0,1,29.80242155161477,1.5718207756678262,True,False
42,C_LEGACY_CONTRACT,ID,189,stop_intersection,False,False,False,0,1,35.363204098176006,1.5919958158980967,True,False
42,C_LEGACY_CONTRACT,ID,190,stop_intersection,False,False,False,0,1,35.98867611693525,1.2961367950883023,True,False
42,C_LEGACY_CONTRACT,ID,191,stop_intersection,False,False,False,0,1,31.819391066111024,1.7497280469307532,True,False
42,C_LEGACY_CONTRACT,ID,192,stop_intersection,False,False,False,0,1,31.481222423330415,1.8090828625779403,True,False
42,C_LEGACY_CONTRACT,ID,193,stop_intersection,False,False,False,0,1,29.349865451184453,1.4516744174455343,True,False
42,C_LEGACY_CONTRACT,ID,194,stop_intersection,False,False,False,0,1,30.307079895991667,1.5311426081155477,True,False
42,C_LEGACY_CONTRACT,ID,195,stop_intersection,False,False,False,0,1,35.376616413148525,1.4979074860728063,True,False
42,C_LEGACY_CONTRACT,ID,196,stop_intersection,False,False,False,0,1,28.558501672161498,1.5109522248569287,True,False
42,C_LEGACY_CONTRACT,ID,197,stop_intersection,False,False,False,0,1,28.08307895867847,1.8044933596172847,True,False
42,C_LEGACY_CONTRACT,ID,198,stop_intersection,False,False,False,0,1,28.353899447210033,1.742119961663296,True,False
42,C_LEGACY_CONTRACT,ID,199,stop_intersection,False,False,False,0,1,37.62860940765387,1.619415964399065,True,False
42,C_LEGACY_CONTRACT,ID,200,lead_brake,False,False,False,0,0,76.20585503319,2.486893867452939,True,False
42,C_LEGACY_CONTRACT,ID,201,lead_brake,False,False,False,0,0,84.53410719927282,3.102889349063237,True,False
42,C_LEGACY_CONTRACT,ID,202,lead_brake,False,False,False,0,0,63.99047864904475,4.910876749704281,True,False
42,C_LEGACY_CONTRACT,ID,203,lead_brake,False,False,False,0,0,61.98724776000722,5.289567227164904,True,False
42,C_LEGACY_CONTRACT,ID,204,lead_brake,False,False,False,0,0,86.46865787416704,0.8680447426935036,True,False
42,C_LEGACY_CONTRACT,ID,205,lead_brake,False,False,False,0,0,62.66944868362792,4.465814416607221,True,False
42,C_LEGACY_CONTRACT,ID,206,lead_brake,False,False,False,0,0,76.25075684844315,6.192719055960576,True,False
42,C_LEGACY_CONTRACT,ID,207,lead_brake,False,False,False,0,0,73.42939000680859,0.4762730946143468,True,False
42,C_LEGACY_CONTRACT,ID,208,lead_brake,False,False,False,0,0,78.3935192143164,1.5888738284508388,True,False
42,C_LEGACY_CONTRACT,ID,209,lead_brake,False,False,False,0,0,59.66666446457356,10.849083707978329,True,False
42,C_LEGACY_CONTRACT,ID,210,lead_brake,False,False,False,0,0,62.19918703957709,4.1868794945379095,True,False
42,C_LEGACY_CONTRACT,ID,211,lead_brake,False,False,False,0,0,77.37642781858193,1.4440736435353756,True,False
42,C_LEGACY_CONTRACT,ID,212,lead_brake,False,False,False,0,0,78.16322877507552,1.6445348802953956,True,False
42,C_LEGACY_CONTRACT,ID,213,lead_brake,False,False,False,0,0,54.29976195721198,2.964208576828241,True,False
42,C_LEGACY_CONTRACT,ID,214,lead_brake,False,False,False,0,0,91.97615408346529,2.440911014874776,True,False
42,C_LEGACY_CONTRACT,ID,215,lead_brake,False,False,False,0,0,66.26908590984182,9.865443846831718,True,False
42,C_LEGACY_CONTRACT,ID,216,lead_brake,False,False,False,0,0,60.0511242224684,2.1394840478897095,True,False
42,C_LEGACY_CONTRACT,ID,217,lead_brake,False,False,False,0,0,60.32277207630862,9.239175879706938,True,False
42,C_LEGACY_CONTRACT,ID,218,lead_brake,False,False,False,0,0,62.084811670763294,8.555892663697401,True,False
42,C_LEGACY_CONTRACT,ID,219,lead_brake,False,False,False,0,0,76.3098232426482,4.884035913894573,True,False
42,C_LEGACY_CONTRACT,ID,220,lead_brake,False,False,False,0,0,54.75775757604433,7.264764779557784,True,False
42,C_LEGACY_CONTRACT,ID,221,lead_brake,False,False,False,0,0,52.77509038080209,6.432606639961401,True,False
42,C_LEGACY_CONTRACT,ID,222,lead_brake,False,False,False,0,0,83.20826317695581,0.7531049847602844,True,False
42,C_LEGACY_CONTRACT,ID,223,lead_brake,False,False,False,0,0,66.88902691980896,9.286539504304528,True,False
42,C_LEGACY_CONTRACT,ID,224,lead_brake,False,False,False,0,0,71.05153499824722,5.493222578118245,True,False
42,C_LEGACY_CONTRACT,ID,225,lead_brake,False,False,False,0,0,96.07549405336384,0.18983043109377223,True,False
42,C_LEGACY_CONTRACT,ID,226,lead_brake,False,False,False,0,0,65.22140034600093,7.031320422887802,True,False
42,C_LEGACY_CONTRACT,ID,227,lead_brake,False,False,False,0,0,97.42293655777011,0.14503872270385423,True,False
42,C_LEGACY_CONTRACT,ID,228,lead_brake,False,False,False,0,0,74.43692094023329,5.048696039865415,True,False
42,C_LEGACY_CONTRACT,ID,229,lead_brake,False,False,False,0,0,68.94325835373022,8.154704097658396,True,False
42,C_LEGACY_CONTRACT,ID,230,lead_brake,False,False,False,0,0,84.26644769445063,3.7663938142359252,True,False
42,C_LEGACY_CONTRACT,ID,231,lead_brake,False,False,False,0,0,93.96956254392747,1.0363118617484965,True,False
42,C_LEGACY_CONTRACT,ID,232,lead_brake,False,False,False,0,0,78.38276633270239,7.774887068818012,True,False
42,C_LEGACY_CONTRACT,ID,233,lead_brake,False,False,False,0,0,60.71354604309146,5.1707621204356355,True,False
42,C_LEGACY_CONTRACT,ID,234,lead_brake,False,False,False,0,0,64.77715290781916,9.346473490198454,True,False
42,C_LEGACY_CONTRACT,ID,235,lead_brake,False,False,False,0,0,94.97294835831661,0.8852322449286778,True,False
42,C_LEGACY_CONTRACT,ID,236,lead_brake,False,False,False,0,0,75.98148502057896,2.281320477525393,True,False
42,C_LEGACY_CONTRACT,ID,237,lead_brake,False,False,False,0,0,55.9007052379717,11.01266769443949,True,False
42,C_LEGACY_CONTRACT,ID,238,lead_brake,False,False,False,0,0,73.16970725524548,4.584326223780711,True,False
42,C_LEGACY_CONTRACT,ID,239,lead_brake,False,False,False,0,0,75.27585466557197,4.924911825607221,True,False
42,C_LEGACY_CONTRACT,ID,240,lead_brake,False,False,False,0,0,73.95105204888833,8.945766308655342,True,False
42,C_LEGACY_CONTRACT,ID,241,lead_brake,False,False,False,0,0,55.117065403255566,6.731226126352945,True,False
42,C_LEGACY_CONTRACT,ID,242,lead_brake,False,False,False,0,0,92.23283813505223,2.817122474312782,True,False
42,C_LEGACY_CONTRACT,ID,243,lead_brake,False,False,False,0,0,94.11056493258785,0.33101451396942133,True,False
42,C_LEGACY_CONTRACT,ID,244,lead_brake,False,False,False,0,0,60.75222621738292,10.488549087196587,True,False
42,C_LEGACY_CONTRACT,ID,245,lead_brake,False,False,False,0,0,68.17382601835916,6.306409623473883,True,False
42,C_LEGACY_CONTRACT,ID,246,lead_brake,False,False,False,0,0,69.67681136846635,4.049761358648539,True,False
42,C_LEGACY_CONTRACT,ID,247,lead_brake,False,False,False,0,0,67.68070371927175,6.730332266539334,True,False
42,C_LEGACY_CONTRACT,ID,248,lead_brake,False,False,False,0,0,56.99008063392236,2.290655883649985,True,False
42,C_LEGACY_CONTRACT,ID,249,lead_brake,False,False,False,0,0,60.60002879221735,11.226695276796818,True,False
42,C_LEGACY_CONTRACT,ID,250,lead_brake,False,False,False,0,0,62.69416731280865,9.613382225235302,True,False
42,C_LEGACY_CONTRACT,ID,251,lead_brake,False,False,False,0,0,63.606879188324775,3.0645540729165077,True,False
42,C_LEGACY_CONTRACT,ID,252,lead_brake,False,False,False,0,0,82.32013847557536,3.6266191167136035,True,False
42,C_LEGACY_CONTRACT,ID,253,lead_brake,False,False,False,0,0,90.53243408329558,0.32645317787925404,True,False
42,C_LEGACY_CONTRACT,ID,254,lead_brake,False,False,False,0,0,57.58637464382411,7.692744423945744,True,False
42,C_LEGACY_CONTRACT,ID,255,lead_brake,False,False,False,0,0,69.40719509966198,9.437695741653442,True,False
42,C_LEGACY_CONTRACT,ID,256,lead_brake,False,False,False,0,0,61.120930294627726,6.103920092806219,True,False
42,C_LEGACY_CONTRACT,ID,257,lead_brake,False,False,False,0,0,95.52559400040698,0.539330198119084,True,False
42,C_LEGACY_CONTRACT,ID,258,lead_brake,False,False,False,0,0,71.77233926749317,0.29580055177211756,True,False
42,C_LEGACY_CONTRACT,ID,259,lead_brake,False,False,False,0,0,97.71081403031943,0.08046774069468181,True,False
42,C_LEGACY_CONTRACT,ID,260,lead_brake,False,False,False,0,0,57.22929421626322,10.330864079607029,True,False
42,C_LEGACY_CONTRACT,ID,261,lead_brake,False,False,False,0,0,68.76907424586436,9.291846055537462,True,False
42,C_LEGACY_CONTRACT,ID,262,lead_brake,False,False,False,0,0,54.35996858957146,8.315724525600672,True,False
42,C_LEGACY_CONTRACT,ID,263,lead_brake,False,False,False,0,0,60.523083066375946,10.23559095337987,True,False
42,C_LEGACY_CONTRACT,ID,264,lead_brake,False,False,False,0,0,93.4266974840982,0.6532856499155362,True,False
42,C_LEGACY_CONTRACT,ID,265,lead_brake,False,False,False,0,0,86.87316094287242,5.110949272910754,True,False
42,C_LEGACY_CONTRACT,ID,266,lead_brake,False,False,False,0,0,66.5487523682324,2.107820739348729,True,False
42,C_LEGACY_CONTRACT,ID,267,lead_brake,False,False,False,0,0,79.80847109350253,0.9970665636161963,True,False
42,C_LEGACY_CONTRACT,ID,268,lead_brake,False,False,False,0,0,60.82080875957798,9.936036234100659,True,False
42,C_LEGACY_CONTRACT,ID,269,lead_brake,False,False,False,0,0,70.26904008258312,2.0404652779301005,True,False
42,C_LEGACY_CONTRACT,ID,270,lead_brake,False,False,False,0,0,78.8660637892584,8.519417667140562,True,False
42,C_LEGACY_CONTRACT,ID,271,lead_brake,False,False,False,0,0,69.31549454583678,9.894554863373438,True,False
42,C_LEGACY_CONTRACT,ID,272,lead_brake,False,False,False,0,0,87.324945047347,1.5222759954631329,True,False
42,C_LEGACY_CONTRACT,ID,273,lead_brake,False,False,False,0,0,61.282139108423856,9.77528601574401,True,False
42,C_LEGACY_CONTRACT,ID,274,lead_brake,False,False,False,0,0,95.38881211296915,0.5427940922478834,True,False
42,C_LEGACY_CONTRACT,ID,275,lead_brake,False,False,False,0,0,85.52661107316618,0.9860296497742335,True,False
42,C_LEGACY_CONTRACT,ID,276,lead_brake,False,False,False,0,0,59.62489297607896,2.188661502674222,True,False
42,C_LEGACY_CONTRACT,ID,277,lead_brake,False,False,False,0,0,76.53421141101677,8.084838189184666,True,False
42,C_LEGACY_CONTRACT,ID,278,lead_brake,False,False,False,0,0,81.3040477913345,1.6479071825742722,True,False
42,C_LEGACY_CONTRACT,ID,279,lead_brake,False,False,False,0,0,91.19533510072895,0.22244132061799365,True,False
42,C_LEGACY_CONTRACT,ID,280,lead_brake,False,False,False,0,0,81.86992951815681,3.9674535567561784,True,False
42,C_LEGACY_CONTRACT,ID,281,lead_brake,False,False,False,0,0,82.50980721588905,7.040847813089688,True,False
42,C_LEGACY_CONTRACT,ID,282,lead_brake,False,False,False,0,0,87.68978706882389,4.974832380811373,True,False
42,C_LEGACY_CONTRACT,ID,283,lead_brake,False,False,False,0,0,56.43207761700834,8.913974325483043,True,False
42,C_LEGACY_CONTRACT,ID,284,lead_brake,False,False,False,0,0,85.60636197581883,4.681629065424204,True,False
42,C_LEGACY_CONTRACT,ID,285,lead_brake,False,False,False,0,0,71.10694095049229,7.362418115139008,True,False
42,C_LEGACY_CONTRACT,ID,286,lead_brake,False,False,False,0,0,92.38940488293149,3.1766164302825928,True,False
42,C_LEGACY_CONTRACT,ID,287,lead_brake,False,False,False,0,0,76.06551745825354,8.560560882091522,True,False
42,C_LEGACY_CONTRACT,ID,288,lead_brake,False,False,False,0,0,67.89613115567228,10.0777279039224,True,False
42,C_LEGACY_CONTRACT,ID,289,lead_brake,False,False,False,0,0,61.118636133046195,9.266842496270934,True,False
42,C_LEGACY_CONTRACT,ID,290,lead_brake,False,False,False,0,0,95.48237699330348,0.1807228997349739,True,False
42,C_LEGACY_CONTRACT,ID,291,lead_brake,False,False,False,0,0,76.83703035265162,1.5016699135303495,True,False
42,C_LEGACY_CONTRACT,ID,292,lead_brake,False,False,False,0,0,73.743760203048,1.6104714224735897,True,False
42,C_LEGACY_CONTRACT,ID,293,lead_brake,False,False,False,0,0,80.60082233623227,1.9098347934583821,True,False
42,C_LEGACY_CONTRACT,ID,294,lead_brake,False,False,False,0,0,60.374135107589645,3.0078414765497046,True,False
42,C_LEGACY_CONTRACT,ID,295,lead_brake,False,False,False,0,0,82.34516315262799,2.4679912390808263,True,False
42,C_LEGACY_CONTRACT,ID,296,lead_brake,False,False,False,0,0,61.10346066104435,2.2366427791615324,True,False
42,C_LEGACY_CONTRACT,ID,297,lead_brake,False,False,False,0,0,74.66536907809795,1.9025959273179371,True,False
42,C_LEGACY_CONTRACT,ID,298,lead_brake,False,False,False,0,0,94.0134350625779,1.538968245188395,True,False
42,C_LEGACY_CONTRACT,ID,299,lead_brake,False,False,False,0,0,67.41645439577506,0.7090975294510523,True,False
42,C_LEGACY_CONTRACT,OOD,0,crosswalk,False,False,False,0,0,30.555380407622295,2.9918415513303542,True,False
42,C_LEGACY_CONTRACT,OOD,1,crosswalk,False,False,False,0,0,31.344301457583178,1.367322914302349,True,False
42,C_LEGACY_CONTRACT,OOD,2,crosswalk,False,False,False,0,1,22.651076811585437,1.37177491151705,True,False
42,C_LEGACY_CONTRACT,OOD,3,crosswalk,False,False,False,0,0,30.663823447100974,1.7388473342104656,True,False
42,C_LEGACY_CONTRACT,OOD,4,crosswalk,False,False,False,0,0,25.062728017256724,1.519021009787535,True,False
42,C_LEGACY_CONTRACT,OOD,5,crosswalk,False,False,False,0,1,25.676384121295364,2.7866070611136298,True,False
42,C_LEGACY_CONTRACT,OOD,6,crosswalk,False,False,False,0,1,21.200407061018275,2.1491885219107973,True,False
42,C_LEGACY_CONTRACT,OOD,7,crosswalk,False,False,False,0,1,22.784970982300415,2.647520993885241,True,False
42,C_LEGACY_CONTRACT,OOD,8,crosswalk,False,False,False,0,1,30.935647225504905,1.8989866839514837,True,False
42,C_LEGACY_CONTRACT,OOD,9,crosswalk,False,False,False,0,0,29.792518087191205,1.7587696700482753,True,False
42,C_LEGACY_CONTRACT,OOD,10,crosswalk,False,False,False,0,1,26.891991686102703,2.2044622898101807,True,False
42,C_LEGACY_CONTRACT,OOD,11,crosswalk,False,False,False,0,1,23.9048040055689,2.2477544099092484,True,False
42,C_LEGACY_CONTRACT,OOD,12,crosswalk,False,False,False,0,1,26.95216262524879,1.4881516757764315,True,False
42,C_LEGACY_CONTRACT,OOD,13,crosswalk,False,False,False,0,1,23.080845115639285,2.372874822053644,True,False
42,C_LEGACY_CONTRACT,OOD,14,crosswalk,False,False,False,0,1,30.98085731063513,2.105382520978044,True,False
42,C_LEGACY_CONTRACT,OOD,15,crosswalk,False,False,False,0,1,23.093982298912202,1.989421226242755,True,False
42,C_LEGACY_CONTRACT,OOD,16,crosswalk,False,False,False,0,1,22.343021543852217,2.3794963549483903,True,False
42,C_LEGACY_CONTRACT,OOD,17,crosswalk,False,False,False,0,1,20.81188913946079,1.242961502352426,True,False
42,C_LEGACY_CONTRACT,OOD,18,crosswalk,False,False,False,0,1,21.79090870326415,1.5373367071151733,True,False
42,C_LEGACY_CONTRACT,OOD,19,crosswalk,False,False,False,0,1,22.651804596510466,2.686448586838586,True,False
42,C_LEGACY_CONTRACT,OOD,20,crosswalk,False,False,False,0,1,29.404533911485522,1.4045292875447937,True,False
42,C_LEGACY_CONTRACT,OOD,21,crosswalk,False,False,False,0,1,21.968918247351866,2.323714474009143,True,False
42,C_LEGACY_CONTRACT,OOD,22,crosswalk,False,False,False,0,1,21.752042312048513,2.5675570592284203,True,False
42,C_LEGACY_CONTRACT,OOD,23,crosswalk,False,False,False,0,1,28.717165074866262,2.105774666581835,True,False
42,C_LEGACY_CONTRACT,OOD,24,crosswalk,False,False,False,0,0,22.430028242403154,2.375446529615493,True,False
42,C_LEGACY_CONTRACT,OOD,25,crosswalk,False,False,False,0,1,22.11044372106457,1.2552878218279642,True,False
42,C_LEGACY_CONTRACT,OOD,26,crosswalk,False,False,False,0,1,22.622269169043804,1.1739899333980348,True,False
42,C_LEGACY_CONTRACT,OOD,27,crosswalk,False,False,False,0,1,29.07724846958561,2.4582826702131166,True,False
42,C_LEGACY_CONTRACT,OOD,28,crosswalk,False,False,False,0,1,30.651899690619622,2.943927033951408,True,False
42,C_LEGACY_CONTRACT,OOD,29,crosswalk,False,False,False,0,1,29.44415914824138,1.5593979802242544,True,False
42,C_LEGACY_CONTRACT,OOD,30,crosswalk,False,False,False,0,0,29.100356545064976,2.1292800253087822,True,False
42,C_LEGACY_CONTRACT,OOD,31,crosswalk,False,False,False,0,1,23.763375036413862,2.001856464244749,True,False
42,C_LEGACY_CONTRACT,OOD,32,crosswalk,False,False,False,0,1,27.430674438998107,2.1649501985973783,True,False
42,C_LEGACY_CONTRACT,OOD,33,crosswalk,False,False,False,0,1,27.358375535703104,2.785001658811802,True,False
42,C_LEGACY_CONTRACT,OOD,34,crosswalk,False,False,False,0,1,24.352365663690033,1.317079585459497,True,False
42,C_LEGACY_CONTRACT,OOD,35,crosswalk,False,False,False,0,1,22.79403636279745,2.268867257029511,True,False
42,C_LEGACY_CONTRACT,OOD,36,crosswalk,False,False,False,0,1,21.8709110308617,2.132261792818705,True,False
42,C_LEGACY_CONTRACT,OOD,37,crosswalk,False,False,False,0,1,23.312516463394438,2.627118045511918,True,False
42,C_LEGACY_CONTRACT,OOD,38,crosswalk,False,False,False,0,1,20.487861788764995,1.4193818966547647,True,False
42,C_LEGACY_CONTRACT,OOD,39,crosswalk,False,False,False,0,1,30.120713058178524,2.2848488354101413,True,False
42,C_LEGACY_CONTRACT,OOD,40,crosswalk,False,False,False,0,1,22.21127555450355,2.255030399145082,True,False
42,C_LEGACY_CONTRACT,OOD,41,crosswalk,False,False,False,0,1,23.96495630655314,1.2814753045412626,True,False
42,C_LEGACY_CONTRACT,OOD,42,crosswalk,False,False,False,0,1,25.55265845221292,2.503340397125635,True,False
42,C_LEGACY_CONTRACT,OOD,43,crosswalk,False,False,False,0,1,20.310312523131294,1.3739697723404356,True,False
42,C_LEGACY_CONTRACT,OOD,44,crosswalk,False,False,False,0,1,31.050838794585474,1.2831524038768332,True,False
42,C_LEGACY_CONTRACT,OOD,45,crosswalk,False,False,False,0,1,22.220924781385975,2.0168301114376552,True,False
42,C_LEGACY_CONTRACT,OOD,46,crosswalk,False,False,False,0,1,30.517190845650653,1.2953656773234523,True,False
42,C_LEGACY_CONTRACT,OOD,47,crosswalk,False,False,False,0,1,24.07278347135125,2.5747734923348866,True,False
42,C_LEGACY_CONTRACT,OOD,48,crosswalk,False,False,False,0,1,28.25580238131535,1.5858469253931289,True,False
42,C_LEGACY_CONTRACT,OOD,49,crosswalk,False,False,False,0,0,26.550194137437693,2.1855166634997802,True,False
42,C_LEGACY_CONTRACT,OOD,50,crosswalk,False,False,False,0,0,27.27498374278204,1.6258279979228973,True,False
42,C_LEGACY_CONTRACT,OOD,51,crosswalk,False,False,False,0,1,27.79223324498784,2.323442906141281,True,False
42,C_LEGACY_CONTRACT,OOD,52,crosswalk,False,False,False,0,1,22.752170539262373,2.225535591252339,True,False
42,C_LEGACY_CONTRACT,OOD,53,crosswalk,False,False,False,0,1,21.53263971849953,1.4678934754596817,True,False
42,C_LEGACY_CONTRACT,OOD,54,crosswalk,False,False,False,0,1,26.186678525422533,1.060900032520294,True,False
42,C_LEGACY_CONTRACT,OOD,55,crosswalk,False,False,False,0,0,29.922500657400917,2.2635152706733117,True,False
42,C_LEGACY_CONTRACT,OOD,56,crosswalk,False,False,False,0,1,22.35622511121484,2.544248503233705,True,False
42,C_LEGACY_CONTRACT,OOD,57,crosswalk,False,False,False,0,1,21.998604730503367,2.169900173726289,True,False
42,C_LEGACY_CONTRACT,OOD,58,crosswalk,False,False,False,0,1,28.374756103092672,2.0525848428192344,True,False
42,C_LEGACY_CONTRACT,OOD,59,crosswalk,False,False,False,0,1,22.98068245559449,2.0603119557642415,True,False
42,C_LEGACY_CONTRACT,OOD,60,crosswalk,False,False,False,0,1,28.20826435799008,1.7664254652826408,True,False
42,C_LEGACY_CONTRACT,OOD,61,crosswalk,False,False,False,0,1,24.152938116962833,1.6875179608662922,True,False
42,C_LEGACY_CONTRACT,OOD,62,crosswalk,False,False,False,0,1,28.107377756991397,1.5038923141029144,True,False
42,C_LEGACY_CONTRACT,OOD,63,crosswalk,False,False,False,0,1,21.3272560659194,1.6263865437358618,True,False
42,C_LEGACY_CONTRACT,OOD,64,crosswalk,False,False,False,0,1,25.036990715624277,2.257669346277104,True,False
42,C_LEGACY_CONTRACT,OOD,65,crosswalk,False,False,False,0,1,29.986789108221984,1.3093782808970322,True,False
42,C_LEGACY_CONTRACT,OOD,66,crosswalk,False,False,False,0,1,21.74869728902327,2.2629846818745136,True,False
42,C_LEGACY_CONTRACT,OOD,67,crosswalk,False,False,False,0,1,28.48302375465289,2.0777614249123464,True,False
42,C_LEGACY_CONTRACT,OOD,68,crosswalk,False,False,False,0,1,20.388562884710417,1.429018554992454,True,False
42,C_LEGACY_CONTRACT,OOD,69,crosswalk,False,False,False,0,1,26.15743030581718,1.6396765451173525,True,False
42,C_LEGACY_CONTRACT,OOD,70,crosswalk,False,False,False,0,1,23.301938655890048,2.311708010160006,True,False
42,C_LEGACY_CONTRACT,OOD,71,crosswalk,False,False,False,0,1,28.906538817817214,2.1456387097185305,True,False
42,C_LEGACY_CONTRACT,OOD,72,crosswalk,False,False,False,0,1,22.75492381712553,1.462737693451345,True,False
42,C_LEGACY_CONTRACT,OOD,73,crosswalk,False,False,False,0,1,27.876228098755625,1.4085274054245513,True,False
42,C_LEGACY_CONTRACT,OOD,74,crosswalk,False,False,False,0,1,25.28252699640298,1.470674115258294,True,False
42,C_LEGACY_CONTRACT,OOD,75,crosswalk,False,False,False,0,1,26.742463520852738,2.327588353401575,True,False
42,C_LEGACY_CONTRACT,OOD,76,crosswalk,False,False,False,0,1,29.714247373787998,1.9160314950537174,True,False
42,C_LEGACY_CONTRACT,OOD,77,crosswalk,False,False,False,0,1,25.651936283751013,1.4281113018713345,True,False
42,C_LEGACY_CONTRACT,OOD,78,crosswalk,False,False,False,0,1,29.90192639791158,1.7958921194076538,True,False
42,C_LEGACY_CONTRACT,OOD,79,crosswalk,False,False,False,0,1,21.256824512498582,2.2841666922682804,True,False
42,C_LEGACY_CONTRACT,OOD,80,crosswalk,False,False,False,0,0,23.88899186880856,1.7956238985061646,True,False
42,C_LEGACY_CONTRACT,OOD,81,crosswalk,False,False,False,0,1,23.086428071774726,2.318416547316771,True,False
42,C_LEGACY_CONTRACT,OOD,82,crosswalk,False,False,False,0,1,24.751733821967264,2.0155435543921256,True,False
42,C_LEGACY_CONTRACT,OOD,83,crosswalk,False,False,False,0,1,29.47286933952345,1.7193029756131377,True,False
42,C_LEGACY_CONTRACT,OOD,84,crosswalk,False,False,False,0,1,27.390988251099394,1.6263685206927003,True,False
42,C_LEGACY_CONTRACT,OOD,85,crosswalk,False,False,False,0,1,21.52638192185219,1.2182122605239472,True,False
42,C_LEGACY_CONTRACT,OOD,86,crosswalk,False,False,False,0,1,30.934378275688005,2.6036272599146915,True,False
42,C_LEGACY_CONTRACT,OOD,87,crosswalk,False,False,False,0,1,22.478415817192648,1.2453195715153758,True,False
42,C_LEGACY_CONTRACT,OOD,88,crosswalk,False,False,False,0,1,29.882971307096405,1.3816003778646158,True,False
42,C_LEGACY_CONTRACT,OOD,89,crosswalk,False,False,False,0,1,29.232172492954273,2.1236580887506173,True,False
42,C_LEGACY_CONTRACT,OOD,90,crosswalk,False,False,False,0,1,31.260536141292334,1.7169496268033981,True,False
42,C_LEGACY_CONTRACT,OOD,91,crosswalk,False,False,False,0,1,24.09385745642496,1.4645524765994096,True,False
42,C_LEGACY_CONTRACT,OOD,92,crosswalk,False,False,False,0,1,25.158215671359624,2.2332339201654707,True,False
42,C_LEGACY_CONTRACT,OOD,93,crosswalk,False,False,False,0,1,21.465645130983358,2.006553303111683,True,False
42,C_LEGACY_CONTRACT,OOD,94,crosswalk,False,False,False,0,1,25.868207108798984,2.5039585481087365,True,False
42,C_LEGACY_CONTRACT,OOD,95,crosswalk,False,False,False,0,1,21.106420026379517,1.659009624272585,True,False
42,C_LEGACY_CONTRACT,OOD,96,crosswalk,False,False,False,0,1,27.95114436131398,2.2244431433223544,True,False
42,C_LEGACY_CONTRACT,OOD,97,crosswalk,False,False,False,0,1,30.131301856301477,2.5435475970423496,True,False
42,C_LEGACY_CONTRACT,OOD,98,crosswalk,False,False,False,0,0,27.927437781139048,1.6512762965300145,True,False
42,C_LEGACY_CONTRACT,OOD,99,crosswalk,False,False,False,0,1,27.708412242691338,2.5492422564162145,True,False
42,C_LEGACY_CONTRACT,OOD,100,stop_intersection,False,False,False,0,1,23.07885393743927,2.241416917906867,True,False
42,C_LEGACY_CONTRACT,OOD,101,stop_intersection,False,False,False,0,1,25.125111544780516,1.8759908472619404,True,False
42,C_LEGACY_CONTRACT,OOD,102,stop_intersection,False,False,False,0,1,30.975840389855293,1.5506281350788316,True,False
42,C_LEGACY_CONTRACT,OOD,103,stop_intersection,False,False,False,0,1,27.057712936031844,2.161229916594245,True,False
42,C_LEGACY_CONTRACT,OOD,104,stop_intersection,False,False,False,0,1,26.913271371915517,2.860266634009101,True,False
42,C_LEGACY_CONTRACT,OOD,105,stop_intersection,False,False,False,0,1,21.161240305772253,2.4635386950260885,True,False
42,C_LEGACY_CONTRACT,OOD,106,stop_intersection,False,False,False,0,1,31.08324148219704,1.668946899865803,True,False
42,C_LEGACY_CONTRACT,OOD,107,stop_intersection,False,False,False,0,1,28.10367178512767,1.8385259633840516,True,False
42,C_LEGACY_CONTRACT,OOD,108,stop_intersection,False,False,False,0,1,24.53460157815109,1.736083265982176,True,False
42,C_LEGACY_CONTRACT,OOD,109,stop_intersection,False,False,False,0,1,21.166496245426323,1.7820627786017753,True,False
42,C_LEGACY_CONTRACT,OOD,110,stop_intersection,False,False,False,0,1,24.146162905970847,2.5009887665510178,True,False
42,C_LEGACY_CONTRACT,OOD,111,stop_intersection,False,False,False,0,1,23.340082113754818,2.2922042689540167,True,False
42,C_LEGACY_CONTRACT,OOD,112,stop_intersection,False,False,False,0,1,24.174777924938954,2.196043567812961,True,False
42,C_LEGACY_CONTRACT,OOD,113,stop_intersection,False,False,False,0,1,30.739399142864663,1.2314825030890377,True,False
42,C_LEGACY_CONTRACT,OOD,114,stop_intersection,False,False,False,0,1,23.83711807655674,1.6925803820292153,True,False
42,C_LEGACY_CONTRACT,OOD,115,stop_intersection,False,False,False,0,1,24.95870279698164,1.5757502736272038,True,False
42,C_LEGACY_CONTRACT,OOD,116,stop_intersection,False,False,False,0,1,21.907996434224167,2.0610986060874406,True,False
42,C_LEGACY_CONTRACT,OOD,117,stop_intersection,False,False,False,0,1,28.836261127350866,2.51517212107068,True,False
42,C_LEGACY_CONTRACT,OOD,118,stop_intersection,False,False,False,0,1,28.577612402616296,1.5697467971492456,True,False
42,C_LEGACY_CONTRACT,OOD,119,stop_intersection,False,False,False,0,0,23.56792743292487,1.8308270474274952,True,False
42,C_LEGACY_CONTRACT,OOD,120,stop_intersection,False,False,False,0,1,31.10345560625874,2.202120976788657,True,False
42,C_LEGACY_CONTRACT,OOD,121,stop_intersection,False,False,False,0,1,21.366871720803086,2.772855207324028,True,False
42,C_LEGACY_CONTRACT,OOD,122,stop_intersection,False,False,False,0,1,24.70138286091747,1.2882803998342374,True,False
42,C_LEGACY_CONTRACT,OOD,123,stop_intersection,False,False,False,0,1,31.549073052545445,1.4682023376226423,True,False
42,C_LEGACY_CONTRACT,OOD,124,stop_intersection,False,False,False,0,1,28.844593447923685,2.355932343837827,True,False
42,C_LEGACY_CONTRACT,OOD,125,stop_intersection,False,False,False,0,1,23.848867354645925,1.241517557038201,True,False
42,C_LEGACY_CONTRACT,OOD,126,stop_intersection,False,False,False,0,1,30.881884288724315,2.2571631359017412,True,False
42,C_LEGACY_CONTRACT,OOD,127,stop_intersection,False,False,False,0,1,28.639735392857684,1.6991221256878064,True,False
42,C_LEGACY_CONTRACT,OOD,128,stop_intersection,False,False,False,0,1,29.709976650948132,1.6677968753011603,True,False
42,C_LEGACY_CONTRACT,OOD,129,stop_intersection,False,False,False,0,1,26.409593807026184,1.678085678663009,True,False
42,C_LEGACY_CONTRACT,OOD,130,stop_intersection,False,False,False,0,1,21.91281714259656,1.41400511874709,True,False
42,C_LEGACY_CONTRACT,OOD,131,stop_intersection,False,False,False,0,1,24.474927522234864,2.609236546051808,True,False
42,C_LEGACY_CONTRACT,OOD,132,stop_intersection,False,False,False,0,1,21.310493602086616,2.46408067098478,True,False
42,C_LEGACY_CONTRACT,OOD,133,stop_intersection,False,False,False,0,1,24.600908529094518,2.098575688543774,True,False
42,C_LEGACY_CONTRACT,OOD,134,stop_intersection,False,False,False,0,1,26.36840058860674,1.5200783433140934,True,False
42,C_LEGACY_CONTRACT,OOD,135,stop_intersection,False,False,False,0,1,21.79750547231231,1.2729594455315514,True,False
42,C_LEGACY_CONTRACT,OOD,136,stop_intersection,False,False,False,0,1,25.80266658023838,1.435255327740231,True,False
42,C_LEGACY_CONTRACT,OOD,137,stop_intersection,False,False,False,0,1,31.120048704930486,2.1075581811195194,True,False
42,C_LEGACY_CONTRACT,OOD,138,stop_intersection,False,False,False,0,1,30.982983118463935,2.439575433731079,True,False
42,C_LEGACY_CONTRACT,OOD,139,stop_intersection,False,False,False,0,1,27.81851562266631,1.381796109370696,True,False
42,C_LEGACY_CONTRACT,OOD,140,stop_intersection,False,False,False,0,1,25.13004750125865,1.48545028198333,True,False
42,C_LEGACY_CONTRACT,OOD,141,stop_intersection,False,False,False,0,1,29.384401203678152,1.3495701412821925,True,False
42,C_LEGACY_CONTRACT,OOD,142,stop_intersection,False,False,False,0,1,23.072099638747183,2.551411360502243,True,False
42,C_LEGACY_CONTRACT,OOD,143,stop_intersection,False,False,False,0,1,28.016142928347747,2.6653563249401926,True,False
42,C_LEGACY_CONTRACT,OOD,144,stop_intersection,False,False,False,0,1,30.479489607598506,1.4900856904494455,True,False
42,C_LEGACY_CONTRACT,OOD,145,stop_intersection,False,False,False,0,1,27.104637389847376,1.6084877848625183,True,False
42,C_LEGACY_CONTRACT,OOD,146,stop_intersection,False,False,False,0,1,27.465784365356505,3.225906894013688,True,False
42,C_LEGACY_CONTRACT,OOD,147,stop_intersection,False,False,False,0,1,21.181777918735854,1.5017886580647648,True,False
42,C_LEGACY_CONTRACT,OOD,148,stop_intersection,False,False,False,0,1,20.703763563950062,1.22689364921479,True,False
42,C_LEGACY_CONTRACT,OOD,149,stop_intersection,False,False,False,0,1,29.123384428700845,1.9818177749944288,True,False
42,C_LEGACY_CONTRACT,OOD,150,stop_intersection,False,False,False,0,1,22.936499624136253,2.308751717209816,True,False
42,C_LEGACY_CONTRACT,OOD,151,stop_intersection,False,False,False,0,1,23.45129511930258,1.3608628825137488,True,False
42,C_LEGACY_CONTRACT,OOD,152,stop_intersection,False,False,False,0,1,30.87996605309295,1.6487815251221527,True,False
42,C_LEGACY_CONTRACT,OOD,153,stop_intersection,False,False,False,0,1,30.326408475953542,1.4247586378237094,True,False
42,C_LEGACY_CONTRACT,OOD,154,stop_intersection,False,False,False,0,1,21.08454495629087,1.7330038076952883,True,False
42,C_LEGACY_CONTRACT,OOD,155,stop_intersection,False,False,False,0,1,24.476398153424146,1.6347232626544106,True,False
42,C_LEGACY_CONTRACT,OOD,156,stop_intersection,False,False,False,0,0,22.469781455542652,1.348811626434326,True,False
42,C_LEGACY_CONTRACT,OOD,157,stop_intersection,False,False,False,0,1,23.094282037009666,2.580479887815622,True,False
42,C_LEGACY_CONTRACT,OOD,158,stop_intersection,False,False,False,0,1,30.656641508600153,2.2527387114458306,True,False
42,C_LEGACY_CONTRACT,OOD,159,stop_intersection,False,False,False,0,1,29.07677735523459,1.477288991905922,True,False
42,C_LEGACY_CONTRACT,OOD,160,stop_intersection,False,False,False,0,0,25.671716060279778,2.1255172316620987,True,False
42,C_LEGACY_CONTRACT,OOD,161,stop_intersection,False,False,False,0,1,23.755032113547564,1.2493564253268035,True,False
42,C_LEGACY_CONTRACT,OOD,162,stop_intersection,False,False,False,0,1,27.488454033105576,1.2099804018819054,True,False
42,C_LEGACY_CONTRACT,OOD,163,stop_intersection,False,False,False,0,1,26.170831491395077,1.3596291542053223,True,False
42,C_LEGACY_CONTRACT,OOD,164,stop_intersection,False,False,False,0,1,24.262079861737966,1.2577434265336325,True,False
42,C_LEGACY_CONTRACT,OOD,165,stop_intersection,False,False,False,0,1,28.539980188394445,2.7247025749900122,True,False
42,C_LEGACY_CONTRACT,OOD,166,stop_intersection,False,False,False,0,1,27.009232230152037,3.0890235228416243,True,False
42,C_LEGACY_CONTRACT,OOD,167,stop_intersection,False,False,False,0,1,30.466368095445425,1.139422305252241,True,False
42,C_LEGACY_CONTRACT,OOD,168,stop_intersection,False,False,False,0,1,31.241244295616106,1.26692686568607,True,False
42,C_LEGACY_CONTRACT,OOD,169,stop_intersection,False,False,False,0,1,28.429009293219906,1.3842594165068405,True,False
42,C_LEGACY_CONTRACT,OOD,170,stop_intersection,False,False,False,0,1,20.925787209638937,1.39371945307805,True,False
42,C_LEGACY_CONTRACT,OOD,171,stop_intersection,False,False,False,0,1,21.638409810769993,1.2243086009009463,True,False
42,C_LEGACY_CONTRACT,OOD,172,stop_intersection,False,False,False,0,1,21.797367011431582,1.571015436679889,True,False
42,C_LEGACY_CONTRACT,OOD,173,stop_intersection,False,False,False,0,1,28.6605894322621,1.149664275024248,True,False
42,C_LEGACY_CONTRACT,OOD,174,stop_intersection,False,False,False,0,0,21.490757535977487,1.7272019471440996,True,False
42,C_LEGACY_CONTRACT,OOD,175,stop_intersection,False,False,False,0,1,28.025705329743033,1.522108879354265,True,False
42,C_LEGACY_CONTRACT,OOD,176,stop_intersection,False,False,False,0,0,22.356929413796784,2.0245324232076345,True,False
42,C_LEGACY_CONTRACT,OOD,177,stop_intersection,False,False,False,0,1,30.464551965495296,2.630533052653801,True,False
42,C_LEGACY_CONTRACT,OOD,178,stop_intersection,False,False,False,0,1,28.65679126758344,1.4669982696834363,True,False
42,C_LEGACY_CONTRACT,OOD,179,stop_intersection,False,False,False,0,1,28.268457502138038,2.6472210236217664,True,False
42,C_LEGACY_CONTRACT,OOD,180,stop_intersection,False,False,False,0,1,21.618187636489267,1.1981338475431713,True,False
42,C_LEGACY_CONTRACT,OOD,181,stop_intersection,False,False,False,0,1,31.226136263213398,1.5214757174253462,True,False
42,C_LEGACY_CONTRACT,OOD,182,stop_intersection,False,False,False,0,1,22.993118138638152,1.5102406293153763,True,False
42,C_LEGACY_CONTRACT,OOD,183,stop_intersection,False,False,False,0,1,22.1929014911654,1.5679682399097241,True,False
42,C_LEGACY_CONTRACT,OOD,184,stop_intersection,False,False,False,0,1,30.049797400890228,2.426931733308836,True,False
42,C_LEGACY_CONTRACT,OOD,185,stop_intersection,False,False,False,0,1,26.082758800731746,1.2143705526123876,True,False
42,C_LEGACY_CONTRACT,OOD,186,stop_intersection,False,False,False,0,1,30.23126011940134,2.3557701571421186,True,False
42,C_LEGACY_CONTRACT,OOD,187,stop_intersection,False,False,False,0,1,27.613099514301197,2.960524935471384,True,False
42,C_LEGACY_CONTRACT,OOD,188,stop_intersection,False,False,False,0,1,30.866199238433893,1.7707090079784393,True,False
42,C_LEGACY_CONTRACT,OOD,189,stop_intersection,False,False,False,0,1,29.86451640183752,1.6024566341090845,True,False
42,C_LEGACY_CONTRACT,OOD,190,stop_intersection,False,False,False,0,1,24.866685699392328,2.8643301756758435,True,False
42,C_LEGACY_CONTRACT,OOD,191,stop_intersection,False,False,False,0,1,26.543708297974277,2.3908049795362682,True,False
42,C_LEGACY_CONTRACT,OOD,192,stop_intersection,False,False,False,0,1,30.204411331555754,1.2389144370722216,True,False
42,C_LEGACY_CONTRACT,OOD,193,stop_intersection,False,False,False,0,1,24.009577417132782,1.252860903739929,True,False
42,C_LEGACY_CONTRACT,OOD,194,stop_intersection,False,False,False,0,1,26.76838218004154,1.3425107334935387,True,False
42,C_LEGACY_CONTRACT,OOD,195,stop_intersection,False,False,False,0,1,26.452545134661563,2.521459227654992,True,False
42,C_LEGACY_CONTRACT,OOD,196,stop_intersection,False,False,False,0,1,22.84787835387071,1.1590589015256791,True,False
42,C_LEGACY_CONTRACT,OOD,197,stop_intersection,False,False,False,0,1,29.41886400552608,2.2772009806199507,True,False
42,C_LEGACY_CONTRACT,OOD,198,stop_intersection,False,False,False,0,1,29.03962517638226,2.4394130318061165,True,False
42,C_LEGACY_CONTRACT,OOD,199,stop_intersection,False,False,False,0,1,28.20803876097106,2.2346792883343167,True,False
42,C_LEGACY_CONTRACT,OOD,200,lead_brake,False,False,False,0,0,33.71431695207949,7.234400964652498,True,False
42,C_LEGACY_CONTRACT,OOD,201,lead_brake,False,False,False,0,0,30.591348170185757,5.115693467358748,True,False
42,C_LEGACY_CONTRACT,OOD,202,lead_brake,False,False,False,0,0,25.738177679863714,8.174874763935804,True,False
42,C_LEGACY_CONTRACT,OOD,203,lead_brake,False,False,False,0,0,30.564830750484685,10.971961958954731,True,False
42,C_LEGACY_CONTRACT,OOD,204,lead_brake,False,False,False,0,0,29.470922634301235,9.299702864140272,True,False
42,C_LEGACY_CONTRACT,OOD,205,lead_brake,False,False,False,0,0,28.259329332747,6.70597477753957,True,False
42,C_LEGACY_CONTRACT,OOD,206,lead_brake,False,False,False,0,0,29.995551101403183,11.025670475016037,True,False
42,C_LEGACY_CONTRACT,OOD,207,lead_brake,False,False,False,0,0,32.65052834471617,10.374899267529447,True,False
42,C_LEGACY_CONTRACT,OOD,208,lead_brake,False,False,False,0,0,37.97587129922062,9.416171581173936,True,False
42,C_LEGACY_CONTRACT,OOD,209,lead_brake,False,False,False,0,0,30.475668274958103,5.217052857081096,True,False
42,C_LEGACY_CONTRACT,OOD,210,lead_brake,False,False,False,0,0,29.551563051165733,8.858020269622404,True,False
42,C_LEGACY_CONTRACT,OOD,211,lead_brake,False,False,False,0,0,36.3356230996549,9.040661340579389,True,False
42,C_LEGACY_CONTRACT,OOD,212,lead_brake,False,False,False,0,0,27.35786190507425,8.396104834973812,True,False
42,C_LEGACY_CONTRACT,OOD,213,lead_brake,False,False,False,0,0,30.669056925360035,7.242035251110792,True,False
42,C_LEGACY_CONTRACT,OOD,214,lead_brake,False,False,False,0,0,34.82099536332953,9.1087862153848,True,False
42,C_LEGACY_CONTRACT,OOD,215,lead_brake,False,False,False,0,0,26.57777590182085,8.189479040602842,True,False
42,C_LEGACY_CONTRACT,OOD,216,lead_brake,False,False,False,0,0,40.08834133562063,5.698420383036137,True,False
42,C_LEGACY_CONTRACT,OOD,217,lead_brake,False,False,False,0,0,34.573769835382656,10.360581542054812,True,False
42,C_LEGACY_CONTRACT,OOD,218,lead_brake,False,False,False,0,0,26.444851854914084,11.134225125114122,True,False
42,C_LEGACY_CONTRACT,OOD,219,lead_brake,False,False,False,0,0,34.26043242921289,8.409341450780628,True,False
42,C_LEGACY_CONTRACT,OOD,220,lead_brake,False,False,False,0,0,35.10154153414103,5.420910399407148,True,False
42,C_LEGACY_CONTRACT,OOD,221,lead_brake,False,False,False,0,0,23.960293204337354,11.21543332810203,True,False
42,C_LEGACY_CONTRACT,OOD,222,lead_brake,False,False,False,0,0,39.62761339509388,7.027599823350707,True,False
42,C_LEGACY_CONTRACT,OOD,223,lead_brake,False,False,False,0,0,26.16403388164662,9.691241590927044,True,False
42,C_LEGACY_CONTRACT,OOD,224,lead_brake,False,False,False,0,0,31.12821941094321,11.265542422110833,True,False
42,C_LEGACY_CONTRACT,OOD,225,lead_brake,False,False,False,0,0,31.7850686984262,9.690220606823761,True,False
42,C_LEGACY_CONTRACT,OOD,226,lead_brake,False,False,False,0,0,27.022153145372844,10.793710860113302,True,False
42,C_LEGACY_CONTRACT,OOD,227,lead_brake,False,False,False,0,0,38.56173639748165,7.043364814172188,True,False
42,C_LEGACY_CONTRACT,OOD,228,lead_brake,False,False,False,0,0,39.61648432735259,9.564853049814701,True,False
42,C_LEGACY_CONTRACT,OOD,229,lead_brake,False,False,False,0,0,43.11399670258161,4.7714363013704615,True,False
42,C_LEGACY_CONTRACT,OOD,230,lead_brake,False,False,False,0,0,33.97160904888617,7.979401105393966,True,False
42,C_LEGACY_CONTRACT,OOD,231,lead_brake,False,False,False,0,0,35.16519286857846,7.491219259798527,True,False
42,C_LEGACY_CONTRACT,OOD,232,lead_brake,False,False,False,0,0,32.68587332428455,10.265359822660685,True,False
42,C_LEGACY_CONTRACT,OOD,233,lead_brake,False,False,False,0,0,29.890854281421717,8.415048367033402,True,False
42,C_LEGACY_CONTRACT,OOD,234,lead_brake,False,False,False,0,0,29.005065858542917,6.120524236311515,True,False
42,C_LEGACY_CONTRACT,OOD,235,lead_brake,False,False,False,0,0,32.20577512083221,9.955992284541328,True,False
42,C_LEGACY_CONTRACT,OOD,236,lead_brake,False,False,False,0,0,42.53905131153762,5.118928539877136,True,False
42,C_LEGACY_CONTRACT,OOD,237,lead_brake,False,False,False,0,0,40.400928603958214,6.747834007566174,True,False
42,C_LEGACY_CONTRACT,OOD,238,lead_brake,False,False,False,0,0,26.104235391467814,9.364178429668147,True,False
42,C_LEGACY_CONTRACT,OOD,239,lead_brake,False,False,False,0,0,34.323131414041384,9.758391709377369,True,False
42,C_LEGACY_CONTRACT,OOD,240,lead_brake,False,False,False,0,0,36.74396778628224,4.678982242941856,True,False
42,C_LEGACY_CONTRACT,OOD,241,lead_brake,False,False,False,0,0,25.63637712429283,4.864515668402116,True,False
42,C_LEGACY_CONTRACT,OOD,242,lead_brake,False,False,False,0,0,26.857526826931924,7.669387468447287,True,False
42,C_LEGACY_CONTRACT,OOD,243,lead_brake,False,False,False,0,0,30.96159417382518,7.141596348335344,True,False
42,C_LEGACY_CONTRACT,OOD,244,lead_brake,False,False,False,0,0,41.71685516595841,9.363011825829744,True,False
42,C_LEGACY_CONTRACT,OOD,245,lead_brake,False,False,False,0,0,43.52777353912592,9.601735996703306,True,False
42,C_LEGACY_CONTRACT,OOD,246,lead_brake,False,False,False,0,0,26.706349656274917,8.963313441723585,True,False
42,C_LEGACY_CONTRACT,OOD,247,lead_brake,False,False,False,0,0,31.33876700217547,9.957923844456673,True,False
42,C_LEGACY_CONTRACT,OOD,248,lead_brake,False,False,False,0,0,27.511771567866884,7.1533680974195395,True,False
42,C_LEGACY_CONTRACT,OOD,249,lead_brake,False,False,False,0,0,23.9102190792435,8.759833642592033,True,False
42,C_LEGACY_CONTRACT,OOD,250,lead_brake,False,False,False,0,0,33.59572035789974,5.93257779131333,True,False
42,C_LEGACY_CONTRACT,OOD,251,lead_brake,False,False,False,0,0,30.878326080974094,10.579505952075122,True,False
42,C_LEGACY_CONTRACT,OOD,252,lead_brake,False,False,False,0,0,40.1924375578711,8.602523770183325,True,False
42,C_LEGACY_CONTRACT,OOD,253,lead_brake,False,False,False,0,0,28.749790866151443,10.057852950568,True,False
42,C_LEGACY_CONTRACT,OOD,254,lead_brake,False,False,False,0,0,28.104611075589293,7.365071206043164,True,False
42,C_LEGACY_CONTRACT,OOD,255,lead_brake,False,False,False,0,0,34.42994017248348,7.566187241425116,True,False
42,C_LEGACY_CONTRACT,OOD,256,lead_brake,False,False,False,0,0,24.94066101804377,8.309721577912569,True,False
42,C_LEGACY_CONTRACT,OOD,257,lead_brake,False,False,False,0,0,30.853892718397205,9.949955321848392,True,False
42,C_LEGACY_CONTRACT,OOD,258,lead_brake,False,False,False,0,0,23.52885644869032,8.296219707777102,True,False
42,C_LEGACY_CONTRACT,OOD,259,lead_brake,False,False,False,0,0,43.190871424525994,8.745174383123716,True,False
42,C_LEGACY_CONTRACT,OOD,260,lead_brake,False,False,False,0,0,34.685783403759174,8.082544041797519,True,False
42,C_LEGACY_CONTRACT,OOD,261,lead_brake,False,False,False,0,0,28.680653265835907,10.37720713019371,True,False
42,C_LEGACY_CONTRACT,OOD,262,lead_brake,False,False,False,0,0,38.4000496226769,9.076926997552315,True,False
42,C_LEGACY_CONTRACT,OOD,263,lead_brake,False,False,False,0,0,30.595828671832134,7.124609461675087,True,False
42,C_LEGACY_CONTRACT,OOD,264,lead_brake,False,False,False,0,0,44.67377105809748,9.255391133949159,True,False
42,C_LEGACY_CONTRACT,OOD,265,lead_brake,False,False,False,0,0,40.19271218109041,9.665930739293495,True,False
42,C_LEGACY_CONTRACT,OOD,266,lead_brake,False,False,False,0,0,32.330957827381596,11.205336364607016,True,False
42,C_LEGACY_CONTRACT,OOD,267,lead_brake,False,False,False,0,0,29.509628169582502,9.287894540776808,True,False
42,C_LEGACY_CONTRACT,OOD,268,lead_brake,False,False,False,0,0,29.174965850313225,8.022803013523419,True,False
42,C_LEGACY_CONTRACT,OOD,269,lead_brake,False,False,False,0,0,31.50947182474544,10.183637066433825,True,False
42,C_LEGACY_CONTRACT,OOD,270,lead_brake,False,False,False,0,0,25.48440172212984,10.585283864289522,True,False
42,C_LEGACY_CONTRACT,OOD,271,lead_brake,False,False,False,0,0,36.25709319667174,3.594205396870772,True,False
42,C_LEGACY_CONTRACT,OOD,272,lead_brake,False,False,False,0,0,34.238394350979306,8.399981043611962,True,False
42,C_LEGACY_CONTRACT,OOD,273,lead_brake,False,False,False,0,0,34.79409576871977,4.70644670103987,True,False
42,C_LEGACY_CONTRACT,OOD,274,lead_brake,False,False,False,0,0,37.22208064674891,10.137038436407844,True,False
42,C_LEGACY_CONTRACT,OOD,275,lead_brake,False,False,False,0,0,33.03614557471168,4.749893502642711,True,False
42,C_LEGACY_CONTRACT,OOD,276,lead_brake,False,False,False,0,0,28.533981391607725,3.7908550178011255,True,False
42,C_LEGACY_CONTRACT,OOD,277,lead_brake,False,False,False,0,0,29.569541743993753,9.666193580254912,True,False
42,C_LEGACY_CONTRACT,OOD,278,lead_brake,False,False,False,0,0,30.100068314488453,6.538919828832149,True,False
42,C_LEGACY_CONTRACT,OOD,279,lead_brake,False,False,False,0,0,38.74769333720203,8.497926358754436,True,False
42,C_LEGACY_CONTRACT,OOD,280,lead_brake,False,False,False,0,0,30.4981169903618,10.886480617026487,True,False
42,C_LEGACY_CONTRACT,OOD,281,lead_brake,False,False,False,0,0,31.39073536619541,8.151503009721637,True,False
42,C_LEGACY_CONTRACT,OOD,282,lead_brake,False,False,False,0,0,32.18828631807668,9.56366727190713,True,False
42,C_LEGACY_CONTRACT,OOD,283,lead_brake,False,False,False,0,0,36.54501773633067,10.284411390001575,True,False
42,C_LEGACY_CONTRACT,OOD,284,lead_brake,False,False,False,0,0,25.85045565907141,11.173467840999365,True,False
42,C_LEGACY_CONTRACT,OOD,285,lead_brake,False,False,False,0,0,35.297222508505605,3.8420558956762156,True,False
42,C_LEGACY_CONTRACT,OOD,286,lead_brake,False,False,False,0,0,29.017260690260073,8.587920588751633,True,False
42,C_LEGACY_CONTRACT,OOD,287,lead_brake,False,False,False,0,0,32.54623437803211,6.5715279790262375,True,False
42,C_LEGACY_CONTRACT,OOD,288,lead_brake,False,False,False,0,0,26.623745337597946,8.473492225011189,True,False
42,C_LEGACY_CONTRACT,OOD,289,lead_brake,False,False,False,0,0,39.7869541900866,8.101493312666813,True,False
42,C_LEGACY_CONTRACT,OOD,290,lead_brake,False,False,False,0,0,33.67912659236701,5.199633117765187,True,False
42,C_LEGACY_CONTRACT,OOD,291,lead_brake,False,False,False,0,0,21.594129583835596,8.951670661568642,True,False
42,C_LEGACY_CONTRACT,OOD,292,lead_brake,False,False,False,0,0,36.10228361724904,7.452655450751384,True,False
42,C_LEGACY_CONTRACT,OOD,293,lead_brake,False,False,False,0,0,25.40940882379495,11.440459048996368,True,False
42,C_LEGACY_CONTRACT,OOD,294,lead_brake,False,False,False,0,0,26.66739500006745,9.073433143397173,True,False
42,C_LEGACY_CONTRACT,OOD,295,lead_brake,False,False,False,0,0,28.210710351318117,4.9473560104767484,True,False
42,C_LEGACY_CONTRACT,OOD,296,lead_brake,False,False,False,0,0,35.57149479954711,9.27499694749713,True,False
42,C_LEGACY_CONTRACT,OOD,297,lead_brake,False,False,False,0,0,38.970548081659345,9.092994815359512,True,False
42,C_LEGACY_CONTRACT,OOD,298,lead_brake,False,False,False,0,0,21.194643199613687,10.815409358590841,True,False
42,C_LEGACY_CONTRACT,OOD,299,lead_brake,False,False,False,0,0,25.64445596528465,9.985223413755495,True,False
42,C2_PHASE_CONTRACT,ID,0,crosswalk,False,False,False,0,0,29.43305651511619,2.0920691300522196,True,False
42,C2_PHASE_CONTRACT,ID,1,crosswalk,False,False,False,0,0,38.08515281219359,1.0886324817935626,True,False
42,C2_PHASE_CONTRACT,ID,2,crosswalk,False,False,False,0,0,28.053433528628936,2.5033944845199585,True,False
42,C2_PHASE_CONTRACT,ID,3,crosswalk,False,False,False,0,0,32.3681880410288,2.268044739252045,True,False
42,C2_PHASE_CONTRACT,ID,4,crosswalk,False,False,False,0,0,33.60745547768181,2.24086351015351,True,False
42,C2_PHASE_CONTRACT,ID,5,crosswalk,False,False,False,0,0,28.567481946016414,1.8893058792404507,True,False
42,C2_PHASE_CONTRACT,ID,6,crosswalk,False,False,False,0,0,35.21538163246804,0.4530210623686963,True,False
42,C2_PHASE_CONTRACT,ID,7,crosswalk,False,False,False,0,0,37.30781822433488,2.064240506539742,True,False
42,C2_PHASE_CONTRACT,ID,8,crosswalk,False,False,False,0,0,27.621232279984827,1.8207373826400093,True,False
42,C2_PHASE_CONTRACT,ID,9,crosswalk,False,False,False,0,0,33.96469192314397,2.010908851569349,True,False
42,C2_PHASE_CONTRACT,ID,10,crosswalk,False,False,False,0,0,36.15032289800231,2.0406537956517674,True,False
42,C2_PHASE_CONTRACT,ID,11,crosswalk,False,False,False,0,0,33.73796493828565,2.027156030138334,True,False
42,C2_PHASE_CONTRACT,ID,12,crosswalk,False,False,False,0,0,28.08059523691923,1.4100608151209981,True,False
42,C2_PHASE_CONTRACT,ID,13,crosswalk,False,False,False,0,0,31.631566263592482,1.6634520272845805,True,False
42,C2_PHASE_CONTRACT,ID,14,crosswalk,False,False,False,0,0,29.697274061068207,2.113085240125656,True,False
42,C2_PHASE_CONTRACT,ID,15,crosswalk,False,False,False,0,0,34.792895602138486,0.41640042934728705,True,False
42,C2_PHASE_CONTRACT,ID,16,crosswalk,False,False,False,0,0,28.267242479444377,2.355309403256366,True,False
42,C2_PHASE_CONTRACT,ID,17,crosswalk,False,False,False,0,0,26.848695258694512,2.072112333206903,True,False
42,C2_PHASE_CONTRACT,ID,18,crosswalk,False,False,False,0,0,35.52879111081993,1.8911203200166875,True,False
42,C2_PHASE_CONTRACT,ID,19,crosswalk,False,False,False,0,0,38.116925073668384,0.4099638108164072,True,False
42,C2_PHASE_CONTRACT,ID,20,crosswalk,False,False,False,0,0,31.248716279872188,2.0522511679501756,True,False
42,C2_PHASE_CONTRACT,ID,21,crosswalk,False,False,False,0,0,31.71054808880004,1.6912296041846275,True,False
42,C2_PHASE_CONTRACT,ID,22,crosswalk,False,False,False,0,0,27.955101667687124,1.9741342175338001,True,False
42,C2_PHASE_CONTRACT,ID,23,crosswalk,False,False,False,0,0,34.97479142488579,0.4409880157221447,True,False
42,C2_PHASE_CONTRACT,ID,24,crosswalk,False,False,False,0,0,27.747142129318203,1.8435711688116976,True,False
42,C2_PHASE_CONTRACT,ID,25,crosswalk,False,False,False,0,0,29.047879727861805,1.89102665299461,True,False
42,C2_PHASE_CONTRACT,ID,26,crosswalk,False,False,False,0,0,27.128056209986312,2.42722854802483,True,False
42,C2_PHASE_CONTRACT,ID,27,crosswalk,False,False,False,0,0,31.711459525860445,1.9128034139672914,True,False
42,C2_PHASE_CONTRACT,ID,28,crosswalk,False,False,False,0,0,35.3177842657434,1.411047584631226,True,False
42,C2_PHASE_CONTRACT,ID,29,crosswalk,False,False,False,0,0,28.882931679282898,2.3376720994710922,True,False
42,C2_PHASE_CONTRACT,ID,30,crosswalk,False,False,False,0,0,32.26526023639658,0.6265704638578674,True,False
42,C2_PHASE_CONTRACT,ID,31,crosswalk,False,False,False,0,0,28.42374284643971,1.8870530050733816,True,False
42,C2_PHASE_CONTRACT,ID,32,crosswalk,False,False,False,0,0,38.57016941887567,1.8711635873963435,True,False
42,C2_PHASE_CONTRACT,ID,33,crosswalk,False,False,False,0,0,31.833402153096735,0.44946496685345966,True,False
42,C2_PHASE_CONTRACT,ID,34,crosswalk,False,False,False,0,0,35.77189184947166,0.801311998317639,True,False
42,C2_PHASE_CONTRACT,ID,35,crosswalk,False,False,False,0,0,29.124582663314364,1.9192788393601126,True,False
42,C2_PHASE_CONTRACT,ID,36,crosswalk,False,False,False,0,0,38.17986302617639,0.3903609931468963,True,False
42,C2_PHASE_CONTRACT,ID,37,crosswalk,False,False,False,0,0,31.42985928737791,2.2008557346734134,True,False
42,C2_PHASE_CONTRACT,ID,38,crosswalk,False,False,False,0,0,34.49140859632582,2.0581628754734993,True,False
42,C2_PHASE_CONTRACT,ID,39,crosswalk,False,False,False,0,0,28.58962709734357,1.8039668016135693,True,False
42,C2_PHASE_CONTRACT,ID,40,crosswalk,False,False,False,0,0,31.84581708971354,0.41047628291628574,True,False
42,C2_PHASE_CONTRACT,ID,41,crosswalk,False,False,False,0,0,35.151755511964666,1.794763488525694,True,False
42,C2_PHASE_CONTRACT,ID,42,crosswalk,False,False,False,0,0,37.80387714056623,0.40001668346424896,True,False
42,C2_PHASE_CONTRACT,ID,43,crosswalk,False,False,False,0,0,31.056935471474905,1.8510782967011132,True,False
42,C2_PHASE_CONTRACT,ID,44,crosswalk,False,False,False,0,0,31.292636495372818,1.814202442765236,True,False
42,C2_PHASE_CONTRACT,ID,45,crosswalk,False,False,False,0,0,35.73869177691867,0.8449701064576705,True,False
42,C2_PHASE_CONTRACT,ID,46,crosswalk,False,False,False,0,0,30.67393637469008,2.1774187548594037,True,False
42,C2_PHASE_CONTRACT,ID,47,crosswalk,False,False,False,0,0,28.061550637125293,0.39766073971986765,True,False
42,C2_PHASE_CONTRACT,ID,48,crosswalk,False,False,False,0,0,34.21772612413041,0.3677840841313203,True,False
42,C2_PHASE_CONTRACT,ID,49,crosswalk,False,False,False,0,0,37.831760810326635,0.4178868428520534,True,False
42,C2_PHASE_CONTRACT,ID,50,crosswalk,False,False,False,0,0,29.999281505767485,2.223552566021681,True,False
42,C2_PHASE_CONTRACT,ID,51,crosswalk,False,False,False,0,0,29.76723777454139,0.38595572823569885,True,False
42,C2_PHASE_CONTRACT,ID,52,crosswalk,False,False,False,0,0,36.66439936802939,0.41874798325200874,True,False
42,C2_PHASE_CONTRACT,ID,53,crosswalk,False,False,False,0,0,37.89867247076196,0.9582513481378555,True,False
42,C2_PHASE_CONTRACT,ID,54,crosswalk,False,False,False,0,0,37.2855333589423,0.3793361663818359,True,False
42,C2_PHASE_CONTRACT,ID,55,crosswalk,False,False,False,0,0,34.07546295008674,2.0183197002519258,True,False
42,C2_PHASE_CONTRACT,ID,56,crosswalk,False,False,False,0,0,30.64805401833255,2.2071132276739394,True,False
42,C2_PHASE_CONTRACT,ID,57,crosswalk,False,False,False,0,0,33.0915221142749,2.2583346746184607,True,False
42,C2_PHASE_CONTRACT,ID,58,crosswalk,False,False,False,0,0,35.64251728529784,1.0164467439703317,True,False
42,C2_PHASE_CONTRACT,ID,59,crosswalk,False,False,False,0,0,34.88994520804524,0.3975833610941966,True,False
42,C2_PHASE_CONTRACT,ID,60,crosswalk,False,False,False,0,0,36.34118117168214,2.037418093532324,True,False
42,C2_PHASE_CONTRACT,ID,61,crosswalk,False,False,False,0,0,37.266528056816114,0.38373829126358033,True,False
42,C2_PHASE_CONTRACT,ID,62,crosswalk,False,False,False,0,0,32.225510801527,2.2225712104277173,True,False
42,C2_PHASE_CONTRACT,ID,63,crosswalk,False,False,False,0,0,31.939402434141087,0.9334734330574671,True,False
42,C2_PHASE_CONTRACT,ID,64,crosswalk,False,False,False,0,0,29.045552056669727,2.1402173601090904,True,False
42,C2_PHASE_CONTRACT,ID,65,crosswalk,False,False,False,0,0,37.07604141856956,1.9509321885804334,True,False
42,C2_PHASE_CONTRACT,ID,66,crosswalk,False,False,False,0,0,33.31221023940173,1.1725835750500362,True,False
42,C2_PHASE_CONTRACT,ID,67,crosswalk,False,False,False,0,0,28.152305311466563,0.4521466007358149,True,False
42,C2_PHASE_CONTRACT,ID,68,crosswalk,False,False,False,0,0,31.84793039974693,0.3923191164027561,True,False
42,C2_PHASE_CONTRACT,ID,69,crosswalk,False,False,False,0,0,30.80744857001453,1.865874541302522,True,False
42,C2_PHASE_CONTRACT,ID,70,crosswalk,False,False,False,0,0,39.064596016934544,0.5210356259097656,True,False
42,C2_PHASE_CONTRACT,ID,71,crosswalk,False,False,False,0,0,35.18336374535161,0.3827377843360106,True,False
42,C2_PHASE_CONTRACT,ID,72,crosswalk,False,False,False,0,0,36.19163913548448,0.39825401889781153,True,False
42,C2_PHASE_CONTRACT,ID,73,crosswalk,False,False,False,0,0,32.88554898259255,1.945820664140311,True,False
42,C2_PHASE_CONTRACT,ID,74,crosswalk,False,False,False,0,0,36.3806682557924,0.39179326655964053,True,False
42,C2_PHASE_CONTRACT,ID,75,crosswalk,False,False,False,0,0,34.60588552443927,1.9232497669079087,True,False
42,C2_PHASE_CONTRACT,ID,76,crosswalk,False,False,False,0,0,36.03753842270584,0.4088687772552172,True,False
42,C2_PHASE_CONTRACT,ID,77,crosswalk,False,False,False,0,0,35.42514252205569,2.0448763465339486,True,False
42,C2_PHASE_CONTRACT,ID,78,crosswalk,False,False,False,0,0,33.73798070933233,1.946224592005213,True,False
42,C2_PHASE_CONTRACT,ID,79,crosswalk,False,False,False,0,0,34.66341602223632,2.023379294120747,True,False
42,C2_PHASE_CONTRACT,ID,80,crosswalk,False,False,False,0,0,30.793038461623937,0.41181617904277074,True,False
42,C2_PHASE_CONTRACT,ID,81,crosswalk,False,False,False,0,0,32.677861413339045,2.265678603540767,True,False
42,C2_PHASE_CONTRACT,ID,82,crosswalk,False,False,False,0,0,36.00191423842692,2.0482295441130796,True,False
42,C2_PHASE_CONTRACT,ID,83,crosswalk,False,False,False,0,0,37.43374791334388,0.36695909041624797,True,False
42,C2_PHASE_CONTRACT,ID,84,crosswalk,False,False,False,0,0,32.382518894310955,1.6767501604297887,True,False
42,C2_PHASE_CONTRACT,ID,85,crosswalk,False,False,False,0,0,32.33239745803288,0.5001794901632126,True,False
42,C2_PHASE_CONTRACT,ID,86,crosswalk,False,False,False,0,0,28.71494332925065,1.714394760131836,True,False
42,C2_PHASE_CONTRACT,ID,87,crosswalk,False,False,False,0,0,35.222537148195684,1.1676653722922008,True,False
42,C2_PHASE_CONTRACT,ID,88,crosswalk,False,False,False,0,0,30.913819086293202,2.0242918185565784,True,False
42,C2_PHASE_CONTRACT,ID,89,crosswalk,False,False,False,0,0,33.43219522773032,0.3799409386904343,True,False
42,C2_PHASE_CONTRACT,ID,90,crosswalk,False,False,False,0,0,28.283808384251827,0.3980404399335384,True,False
42,C2_PHASE_CONTRACT,ID,91,crosswalk,False,False,False,0,0,28.26089378746954,2.007790790362791,True,False
42,C2_PHASE_CONTRACT,ID,92,crosswalk,False,False,False,0,0,39.045131155657344,0.6811075722393781,True,False
42,C2_PHASE_CONTRACT,ID,93,crosswalk,False,False,False,0,0,31.067606095001338,1.8795712168018022,True,False
42,C2_PHASE_CONTRACT,ID,94,crosswalk,False,False,False,0,0,31.586371339986783,2.1055364112059274,True,False
42,C2_PHASE_CONTRACT,ID,95,crosswalk,False,False,False,0,0,30.807622206951486,0.37768523124131287,True,False
42,C2_PHASE_CONTRACT,ID,96,crosswalk,False,False,False,0,0,27.74079981301518,2.305157572031021,True,False
42,C2_PHASE_CONTRACT,ID,97,crosswalk,False,False,False,0,0,36.983114898185676,0.5666435956954955,True,False
42,C2_PHASE_CONTRACT,ID,98,crosswalk,False,False,False,0,0,31.294856028979495,2.3748900331556797,True,False
42,C2_PHASE_CONTRACT,ID,99,crosswalk,False,False,False,0,0,31.35924036219664,0.8369620665907859,True,False
42,C2_PHASE_CONTRACT,ID,100,stop_intersection,False,False,False,0,1,26.444887484203925,1.6056245896551342,True,False
42,C2_PHASE_CONTRACT,ID,101,stop_intersection,False,False,False,0,1,31.593221822094705,1.5101456932905244,True,False
42,C2_PHASE_CONTRACT,ID,102,stop_intersection,False,False,False,0,1,26.461069208596307,1.591181241803699,True,False
42,C2_PHASE_CONTRACT,ID,103,stop_intersection,False,False,False,0,1,29.125750079684835,1.5938756967845715,True,False
42,C2_PHASE_CONTRACT,ID,104,stop_intersection,False,False,False,0,1,27.288872517310143,1.4875620297896555,True,False
42,C2_PHASE_CONTRACT,ID,105,stop_intersection,False,False,False,0,1,31.437398865002827,1.3763199637575847,True,False
42,C2_PHASE_CONTRACT,ID,106,stop_intersection,False,False,False,0,1,32.44023669341976,1.4012525478998819,True,False
42,C2_PHASE_CONTRACT,ID,107,stop_intersection,False,False,False,0,1,30.244507132177937,1.4621040538737646,True,False
42,C2_PHASE_CONTRACT,ID,108,stop_intersection,False,False,False,0,1,32.2064126337683,1.652398170569004,True,False
42,C2_PHASE_CONTRACT,ID,109,stop_intersection,False,False,False,0,1,33.54069383037116,1.3234932791619074,True,False
42,C2_PHASE_CONTRACT,ID,110,stop_intersection,False,False,False,0,1,29.007163434720503,1.5957881274976229,True,False
42,C2_PHASE_CONTRACT,ID,111,stop_intersection,False,False,False,0,1,35.78804488553872,1.3612750241922777,True,False
42,C2_PHASE_CONTRACT,ID,112,stop_intersection,False,False,False,0,1,35.861779969437286,1.3228447354117103,True,False
42,C2_PHASE_CONTRACT,ID,113,stop_intersection,False,False,False,0,1,35.61805723852751,1.3010504218034964,True,False
42,C2_PHASE_CONTRACT,ID,114,stop_intersection,False,False,False,0,1,35.45260951607686,1.4303994456002878,True,False
42,C2_PHASE_CONTRACT,ID,115,stop_intersection,False,False,False,0,1,37.1808326059633,1.5708677115894498,True,False
42,C2_PHASE_CONTRACT,ID,116,stop_intersection,False,False,False,0,1,31.150699810855265,1.4354325257814848,True,False
42,C2_PHASE_CONTRACT,ID,117,stop_intersection,False,False,False,0,1,27.793146269607934,1.4411792159080505,True,False
42,C2_PHASE_CONTRACT,ID,118,stop_intersection,False,False,False,0,1,31.688829909928963,1.4981105235906746,True,False
42,C2_PHASE_CONTRACT,ID,119,stop_intersection,False,False,False,0,1,34.80683118441875,1.437975409485045,True,False
42,C2_PHASE_CONTRACT,ID,120,stop_intersection,False,False,False,0,1,37.105527717666234,1.3808602662313552,True,False
42,C2_PHASE_CONTRACT,ID,121,stop_intersection,False,False,False,0,1,36.13253763559876,1.371695456050691,True,False
42,C2_PHASE_CONTRACT,ID,122,stop_intersection,False,False,False,0,1,32.81476056345657,1.446154216925303,True,False
42,C2_PHASE_CONTRACT,ID,123,stop_intersection,False,False,False,0,1,26.70618806205637,1.5321937606141371,True,False
42,C2_PHASE_CONTRACT,ID,124,stop_intersection,False,False,False,0,1,33.96638859801736,1.4084290748550778,True,False
42,C2_PHASE_CONTRACT,ID,125,stop_intersection,False,False,False,0,1,35.448836322115554,1.5876645140531587,True,False
42,C2_PHASE_CONTRACT,ID,126,stop_intersection,False,False,False,0,1,38.56618153446602,1.472997245463458,True,False
42,C2_PHASE_CONTRACT,ID,127,stop_intersection,False,False,False,0,1,27.304038595384434,1.4716195415806126,True,False
42,C2_PHASE_CONTRACT,ID,128,stop_intersection,False,False,False,0,1,33.46209390997483,1.5748917311429977,True,False
42,C2_PHASE_CONTRACT,ID,129,stop_intersection,False,False,False,0,1,34.900272991490695,1.4053786091688203,True,False
42,C2_PHASE_CONTRACT,ID,130,stop_intersection,False,False,False,0,1,26.820554527131087,1.4251860348801864,True,False
42,C2_PHASE_CONTRACT,ID,131,stop_intersection,False,False,False,0,1,27.99010143651912,1.5168377193244726,True,False
42,C2_PHASE_CONTRACT,ID,132,stop_intersection,False,False,False,0,1,32.7574489597567,1.6202251464128494,True,False
42,C2_PHASE_CONTRACT,ID,133,stop_intersection,False,False,False,0,1,30.60305361419915,1.3730302453041077,True,False
42,C2_PHASE_CONTRACT,ID,134,stop_intersection,False,False,False,0,1,38.1480440310626,1.375285346399654,True,False
42,C2_PHASE_CONTRACT,ID,135,stop_intersection,False,False,False,0,1,31.676744092800064,1.488509667225373,True,False
42,C2_PHASE_CONTRACT,ID,136,stop_intersection,False,False,False,0,1,35.986234076467,1.4698359855385714,True,False
42,C2_PHASE_CONTRACT,ID,137,stop_intersection,False,False,False,0,1,31.31632433845504,1.5007123053073883,True,False
42,C2_PHASE_CONTRACT,ID,138,stop_intersection,False,False,False,0,1,32.80264839957704,1.4115850840296065,True,False
42,C2_PHASE_CONTRACT,ID,139,stop_intersection,False,False,False,0,1,30.683165425862843,1.5198062360286713,True,False
42,C2_PHASE_CONTRACT,ID,140,stop_intersection,False,False,False,0,1,37.92678749935281,1.3016062067902605,True,False
42,C2_PHASE_CONTRACT,ID,141,stop_intersection,False,False,False,0,1,37.17200521079568,1.4076220989227295,True,False
42,C2_PHASE_CONTRACT,ID,142,stop_intersection,False,False,False,0,1,35.318697950782244,1.4591656036155167,True,False
42,C2_PHASE_CONTRACT,ID,143,stop_intersection,False,False,False,0,1,26.590531726145926,1.6361469361517162,True,False
42,C2_PHASE_CONTRACT,ID,144,stop_intersection,False,False,False,0,1,29.213126398131962,1.4124142817961862,True,False
42,C2_PHASE_CONTRACT,ID,145,stop_intersection,False,False,False,0,1,35.97692583472248,1.4687119921048482,True,False
42,C2_PHASE_CONTRACT,ID,146,stop_intersection,False,False,False,0,1,36.25698562454461,1.4117072251710023,True,False
42,C2_PHASE_CONTRACT,ID,147,stop_intersection,False,False,False,0,1,31.560048235263444,1.408755898475647,True,False
42,C2_PHASE_CONTRACT,ID,148,stop_intersection,False,False,False,0,1,33.26227836468907,1.4569282240983916,True,False
42,C2_PHASE_CONTRACT,ID,149,stop_intersection,False,False,False,0,1,35.85951844197507,1.495751869387743,True,False
42,C2_PHASE_CONTRACT,ID,150,stop_intersection,False,False,False,0,1,34.09009802880054,1.5157373604320346,True,False
42,C2_PHASE_CONTRACT,ID,151,stop_intersection,False,False,False,0,1,27.343818958013337,1.7570610178841484,True,False
42,C2_PHASE_CONTRACT,ID,152,stop_intersection,False,False,False,0,1,27.978960489870758,1.7003940086106997,True,False
42,C2_PHASE_CONTRACT,ID,153,stop_intersection,False,False,False,0,1,34.030131287437,1.5628042817115784,True,False
42,C2_PHASE_CONTRACT,ID,154,stop_intersection,False,False,False,0,1,34.54484508228779,1.3257506697676902,True,False
42,C2_PHASE_CONTRACT,ID,155,stop_intersection,False,False,False,0,1,29.669021130355617,1.6524056698146619,True,False
42,C2_PHASE_CONTRACT,ID,156,stop_intersection,False,False,False,0,1,33.56678814518651,1.5145967404047647,True,False
42,C2_PHASE_CONTRACT,ID,157,stop_intersection,False,False,False,0,1,35.77940901372301,1.3081683668979378,True,False
42,C2_PHASE_CONTRACT,ID,158,stop_intersection,False,False,False,0,1,35.198207643594614,1.5203002520969935,True,False
42,C2_PHASE_CONTRACT,ID,159,stop_intersection,False,False,False,0,1,31.146992360936885,1.46577503436651,True,False
42,C2_PHASE_CONTRACT,ID,160,stop_intersection,False,False,False,0,1,38.249397740660996,1.5477151388213746,True,False
42,C2_PHASE_CONTRACT,ID,161,stop_intersection,False,False,False,0,1,30.400643082996407,1.5303821783316762,True,False
42,C2_PHASE_CONTRACT,ID,162,stop_intersection,False,False,False,0,1,36.89692050549733,1.378044429279509,True,False
42,C2_PHASE_CONTRACT,ID,163,stop_intersection,False,False,False,0,1,32.29357976990502,1.4168218076229093,True,False
42,C2_PHASE_CONTRACT,ID,164,stop_intersection,False,False,False,0,1,27.676869387930605,1.4907700628847689,True,False
42,C2_PHASE_CONTRACT,ID,165,stop_intersection,False,False,False,0,1,32.830245055407595,1.5173552930355072,True,False
42,C2_PHASE_CONTRACT,ID,166,stop_intersection,False,False,False,0,1,38.308049084335835,1.3771697532298954,True,False
42,C2_PHASE_CONTRACT,ID,167,stop_intersection,False,False,False,0,1,28.35406785008905,1.4859430413497121,True,False
42,C2_PHASE_CONTRACT,ID,168,stop_intersection,False,False,False,0,1,35.0980958238984,1.4539097492084945,True,False
42,C2_PHASE_CONTRACT,ID,169,stop_intersection,False,False,False,0,1,35.04733703335018,1.437881094653432,True,False
42,C2_PHASE_CONTRACT,ID,170,stop_intersection,False,False,False,0,1,29.938408928320676,1.4952793640968125,True,False
42,C2_PHASE_CONTRACT,ID,171,stop_intersection,False,False,False,0,1,29.42603573108621,1.5275033905699447,True,False
42,C2_PHASE_CONTRACT,ID,172,stop_intersection,False,False,False,0,1,28.326307048501675,1.6551077688062512,True,False
42,C2_PHASE_CONTRACT,ID,173,stop_intersection,False,False,False,0,1,28.21705040053717,1.4863536389250502,True,False
42,C2_PHASE_CONTRACT,ID,174,stop_intersection,False,False,False,0,1,34.32859031555638,1.2926337192224902,True,False
42,C2_PHASE_CONTRACT,ID,175,stop_intersection,False,False,False,0,1,27.379650350940288,1.4836282008572628,True,False
42,C2_PHASE_CONTRACT,ID,176,stop_intersection,False,False,False,0,1,36.33690295291733,1.2925813918889955,True,False
42,C2_PHASE_CONTRACT,ID,177,stop_intersection,False,False,False,0,1,30.43435658776833,1.601136311104423,True,False
42,C2_PHASE_CONTRACT,ID,178,stop_intersection,False,False,False,0,1,28.743280259098427,1.3558048774034548,True,False
42,C2_PHASE_CONTRACT,ID,179,stop_intersection,False,False,False,0,1,30.009953135207383,1.4896402806043623,True,False
42,C2_PHASE_CONTRACT,ID,180,stop_intersection,False,False,False,0,1,31.64230296804432,1.6427766818266647,True,False
42,C2_PHASE_CONTRACT,ID,181,stop_intersection,False,False,False,0,1,35.34406656485277,1.6019513694251455,True,False
42,C2_PHASE_CONTRACT,ID,182,stop_intersection,False,False,False,0,1,30.65828155598451,1.3948686917622883,True,False
42,C2_PHASE_CONTRACT,ID,183,stop_intersection,False,False,False,0,1,35.29102135573742,1.3448358968246814,True,False
42,C2_PHASE_CONTRACT,ID,184,stop_intersection,False,False,False,0,1,33.68002718493572,1.3244160300209409,True,False
42,C2_PHASE_CONTRACT,ID,185,stop_intersection,False,False,False,0,1,36.830205892169474,1.5684077285584948,True,False
42,C2_PHASE_CONTRACT,ID,186,stop_intersection,False,False,False,0,1,35.08705882601163,1.2745015323162079,True,False
42,C2_PHASE_CONTRACT,ID,187,stop_intersection,False,False,False,0,1,37.179413756888714,1.3935091949644542,True,False
42,C2_PHASE_CONTRACT,ID,188,stop_intersection,False,False,False,0,1,29.65179546740628,1.3661213257373908,True,False
42,C2_PHASE_CONTRACT,ID,189,stop_intersection,False,False,False,0,1,35.26718787653353,1.3568645438482596,True,False
42,C2_PHASE_CONTRACT,ID,190,stop_intersection,False,False,False,0,1,35.84986611889984,1.3555775825367415,True,False
42,C2_PHASE_CONTRACT,ID,191,stop_intersection,False,False,False,0,1,31.679086901224554,1.4280893504619598,True,False
42,C2_PHASE_CONTRACT,ID,192,stop_intersection,False,False,False,0,1,31.335599822715388,1.4873593281476927,True,False
42,C2_PHASE_CONTRACT,ID,193,stop_intersection,False,False,False,0,1,29.172137453255715,1.5122889060723155,True,False
42,C2_PHASE_CONTRACT,ID,194,stop_intersection,False,False,False,0,1,30.135725436467517,1.6504444574054917,True,False
42,C2_PHASE_CONTRACT,ID,195,stop_intersection,False,False,False,0,1,35.41855988161306,1.4926825844964315,True,False
42,C2_PHASE_CONTRACT,ID,196,stop_intersection,False,False,False,0,1,28.38833434679477,1.449685426134812,True,False
42,C2_PHASE_CONTRACT,ID,197,stop_intersection,False,False,False,0,1,27.93106647073053,1.4376716551027797,True,False
42,C2_PHASE_CONTRACT,ID,198,stop_intersection,False,False,False,0,1,28.207304660566052,1.3583084253164437,True,False
42,C2_PHASE_CONTRACT,ID,199,stop_intersection,False,False,False,0,1,37.50570966865665,1.4022942060648007,True,False
42,C2_PHASE_CONTRACT,ID,200,lead_brake,False,False,False,0,0,76.17508081281282,4.839484944939613,True,False
42,C2_PHASE_CONTRACT,ID,201,lead_brake,False,False,False,0,0,84.35183372061586,7.012229636311531,True,False
42,C2_PHASE_CONTRACT,ID,202,lead_brake,False,False,False,0,0,63.96326078211733,2.803625086943308,True,False
42,C2_PHASE_CONTRACT,ID,203,lead_brake,False,False,False,0,0,61.932651989618364,5.08803745607535,True,False
42,C2_PHASE_CONTRACT,ID,204,lead_brake,False,False,False,0,0,86.3027957212925,6.075726447006066,True,False
42,C2_PHASE_CONTRACT,ID,205,lead_brake,False,False,False,0,0,62.6459868993545,2.2082021981477737,True,False
42,C2_PHASE_CONTRACT,ID,206,lead_brake,False,False,False,0,0,76.24341345815716,5.040181224544843,True,False
42,C2_PHASE_CONTRACT,ID,207,lead_brake,False,False,False,0,0,73.39085518732492,0.33079943557580305,True,False
42,C2_PHASE_CONTRACT,ID,208,lead_brake,False,False,False,0,0,78.3339575100682,2.558819164832433,True,False
42,C2_PHASE_CONTRACT,ID,209,lead_brake,False,False,False,0,0,59.64700629214495,10.736387784282366,True,False
42,C2_PHASE_CONTRACT,ID,210,lead_brake,False,False,False,0,0,62.182161344431975,4.826219690342744,True,False
42,C2_PHASE_CONTRACT,ID,211,lead_brake,False,False,False,0,0,77.3418433516179,1.1602514684200287,True,False
42,C2_PHASE_CONTRACT,ID,212,lead_brake,False,False,False,0,0,78.16862187411533,8.977376813689867,True,False
42,C2_PHASE_CONTRACT,ID,213,lead_brake,False,False,False,0,0,54.256305792762575,7.232380177825688,True,False
42,C2_PHASE_CONTRACT,ID,214,lead_brake,False,False,False,0,0,91.89002080545299,0.3567875474691391,True,False
42,C2_PHASE_CONTRACT,ID,215,lead_brake,False,False,False,0,0,66.2565540925844,10.33466195811828,True,False
42,C2_PHASE_CONTRACT,ID,216,lead_brake,False,False,False,0,0,59.99214027438671,2.6624951933821044,True,False
42,C2_PHASE_CONTRACT,ID,217,lead_brake,False,False,False,0,0,60.31232635188084,7.647553198039532,True,False
42,C2_PHASE_CONTRACT,ID,218,lead_brake,False,False,False,0,0,62.06213491035798,7.671869910011689,True,False
42,C2_PHASE_CONTRACT,ID,219,lead_brake,False,False,False,0,0,76.30119762651505,4.6868599355220795,True,False
42,C2_PHASE_CONTRACT,ID,220,lead_brake,False,False,False,0,0,54.72947820940203,1.9151654827098052,True,False
42,C2_PHASE_CONTRACT,ID,221,lead_brake,False,False,False,0,0,52.740057487904366,5.421355060612162,True,False
42,C2_PHASE_CONTRACT,ID,222,lead_brake,False,False,False,0,0,83.21388152522644,0.7163826078176497,True,False
42,C2_PHASE_CONTRACT,ID,223,lead_brake,False,False,False,0,0,66.86596591955126,5.6238494863112765,True,False
42,C2_PHASE_CONTRACT,ID,224,lead_brake,False,False,False,0,0,71.00476259810651,9.066324313481648,True,False
42,C2_PHASE_CONTRACT,ID,225,lead_brake,False,False,False,0,0,95.86144567340608,0.5849361568689346,True,False
42,C2_PHASE_CONTRACT,ID,226,lead_brake,False,False,False,0,0,65.1782388405402,9.501389779150486,True,False
42,C2_PHASE_CONTRACT,ID,227,lead_brake,False,False,False,0,0,97.44449024820366,0.0768549603720506,True,False
42,C2_PHASE_CONTRACT,ID,228,lead_brake,False,False,False,0,0,74.42402633185489,1.8603718578815458,True,False
42,C2_PHASE_CONTRACT,ID,229,lead_brake,False,False,False,0,0,68.80237013276432,9.488115429878233,True,False
42,C2_PHASE_CONTRACT,ID,230,lead_brake,False,False,False,0,0,84.19769559919841,0.6150655448436737,True,False
42,C2_PHASE_CONTRACT,ID,231,lead_brake,False,False,False,0,0,94.040630237459,0.34567708646257717,True,False
42,C2_PHASE_CONTRACT,ID,232,lead_brake,False,False,False,0,0,78.38915726997108,7.308005757629871,True,False
42,C2_PHASE_CONTRACT,ID,233,lead_brake,False,False,False,0,0,60.69076253300253,2.6580105225245156,True,False
42,C2_PHASE_CONTRACT,ID,234,lead_brake,False,False,False,0,0,64.77179296818436,9.724307497342426,True,False
42,C2_PHASE_CONTRACT,ID,235,lead_brake,False,False,False,0,0,95.03326359878905,1.0787652557094891,True,False
42,C2_PHASE_CONTRACT,ID,236,lead_brake,False,False,False,0,0,75.95317520982135,4.089903401831785,True,False
42,C2_PHASE_CONTRACT,ID,237,lead_brake,False,False,False,0,0,55.880011850433476,11.840392674009005,True,False
42,C2_PHASE_CONTRACT,ID,238,lead_brake,False,False,False,0,0,73.01684937718632,8.542406869431337,True,False
42,C2_PHASE_CONTRACT,ID,239,lead_brake,False,False,False,0,0,75.2556693951135,3.654972622791926,True,False
42,C2_PHASE_CONTRACT,ID,240,lead_brake,False,False,False,0,0,73.95453561150674,8.065038152039051,True,False
42,C2_PHASE_CONTRACT,ID,241,lead_brake,False,False,False,0,0,55.08128062112158,8.444158104093123,True,False
42,C2_PHASE_CONTRACT,ID,242,lead_brake,False,False,False,0,0,92.19679291977334,1.4968731415768461,True,False
42,C2_PHASE_CONTRACT,ID,243,lead_brake,False,False,False,0,0,94.06311356789188,0.37043509383996326,True,False
42,C2_PHASE_CONTRACT,ID,244,lead_brake,False,False,False,0,0,60.72380794762947,9.7160549685359,True,False
42,C2_PHASE_CONTRACT,ID,245,lead_brake,False,False,False,0,0,68.14682864778828,6.951352704316378,True,False
42,C2_PHASE_CONTRACT,ID,246,lead_brake,False,False,False,0,0,69.62959207460375,3.764767453074455,True,False
42,C2_PHASE_CONTRACT,ID,247,lead_brake,False,False,False,0,0,67.66907372535624,5.265449408441782,True,False
42,C2_PHASE_CONTRACT,ID,248,lead_brake,False,False,False,0,0,56.937937596528705,2.231756820032994,True,False
42,C2_PHASE_CONTRACT,ID,249,lead_brake,False,False,False,0,0,60.58251908366377,11.34292257328828,True,False
42,C2_PHASE_CONTRACT,ID,250,lead_brake,False,False,False,0,0,62.663290894605545,5.692876743773619,True,False
42,C2_PHASE_CONTRACT,ID,251,lead_brake,False,False,False,0,0,63.56912037661251,2.8528328786293664,True,False
42,C2_PHASE_CONTRACT,ID,252,lead_brake,False,False,False,0,0,82.25190989894493,5.138893565783898,True,False
42,C2_PHASE_CONTRACT,ID,253,lead_brake,False,False,False,0,0,90.50936266623214,0.32907729347546893,True,False
42,C2_PHASE_CONTRACT,ID,254,lead_brake,False,False,False,0,0,57.553455196551134,10.79109606395165,True,False
42,C2_PHASE_CONTRACT,ID,255,lead_brake,False,False,False,0,0,69.42291712738101,6.9601428136229515,True,False
42,C2_PHASE_CONTRACT,ID,256,lead_brake,False,False,False,0,0,61.08997344338374,5.158237020795544,True,False
42,C2_PHASE_CONTRACT,ID,257,lead_brake,False,False,False,0,0,95.5752985847373,0.8113951757550238,True,False
42,C2_PHASE_CONTRACT,ID,258,lead_brake,False,False,False,0,0,71.75322942814309,6.082885868847369,True,False
42,C2_PHASE_CONTRACT,ID,259,lead_brake,False,False,False,0,0,98.12784428268671,0.029338682691256206,True,False
42,C2_PHASE_CONTRACT,ID,260,lead_brake,False,False,False,0,0,57.190642113688526,12.226402472704649,True,False
42,C2_PHASE_CONTRACT,ID,261,lead_brake,False,False,False,0,0,68.77690315710923,6.75717348853747,True,False
42,C2_PHASE_CONTRACT,ID,262,lead_brake,False,False,False,0,0,54.322934935194624,6.925071666638056,True,False
42,C2_PHASE_CONTRACT,ID,263,lead_brake,False,False,False,0,0,60.5040927613098,10.514877565205095,True,False
42,C2_PHASE_CONTRACT,ID,264,lead_brake,False,False,False,0,0,93.18943987666792,1.101312426229318,True,False
42,C2_PHASE_CONTRACT,ID,265,lead_brake,False,False,False,0,0,86.85543163188308,2.3801450903216996,True,False
42,C2_PHASE_CONTRACT,ID,266,lead_brake,False,False,False,0,0,66.51907192542238,4.0195037722587585,True,False
42,C2_PHASE_CONTRACT,ID,267,lead_brake,False,False,False,0,0,79.78994553643156,1.0278638874491055,True,False
42,C2_PHASE_CONTRACT,ID,268,lead_brake,False,False,False,0,0,60.80752643326713,8.970068710545698,True,False
42,C2_PHASE_CONTRACT,ID,269,lead_brake,False,False,False,0,0,70.21924437616202,6.654617550472418,True,False
42,C2_PHASE_CONTRACT,ID,270,lead_brake,False,False,False,0,0,78.66614852575458,6.253335997462273,True,False
42,C2_PHASE_CONTRACT,ID,271,lead_brake,False,False,False,0,0,69.25960800959616,10.95408203949531,True,False
42,C2_PHASE_CONTRACT,ID,272,lead_brake,False,False,False,0,0,87.32828162640156,0.3536950846513112,True,False
42,C2_PHASE_CONTRACT,ID,273,lead_brake,False,False,False,0,0,61.27544370511621,7.451219476759434,True,False
42,C2_PHASE_CONTRACT,ID,274,lead_brake,False,False,False,0,0,95.11119379894144,0.2693678140640259,True,False
42,C2_PHASE_CONTRACT,ID,275,lead_brake,False,False,False,0,0,85.50025018751624,2.5269018200536566,True,False
42,C2_PHASE_CONTRACT,ID,276,lead_brake,False,False,False,0,0,59.58061888055856,1.670682723323504,True,False
42,C2_PHASE_CONTRACT,ID,277,lead_brake,False,False,False,0,0,76.52570179952939,4.035982879499594,True,False
42,C2_PHASE_CONTRACT,ID,278,lead_brake,False,False,False,0,0,81.27405008551727,0.30440720419089,True,False
42,C2_PHASE_CONTRACT,ID,279,lead_brake,False,False,False,0,0,91.03198496862113,2.2256864036122956,True,False
42,C2_PHASE_CONTRACT,ID,280,lead_brake,False,False,False,0,0,81.82528503169966,0.9462120061119397,True,False
42,C2_PHASE_CONTRACT,ID,281,lead_brake,False,False,False,0,0,82.4577997853952,1.613999533156554,True,False
42,C2_PHASE_CONTRACT,ID,282,lead_brake,False,False,False,0,0,87.68622867764026,3.0242486993471775,True,False
42,C2_PHASE_CONTRACT,ID,283,lead_brake,False,False,False,0,0,56.399137200448784,7.267881942912935,True,False
42,C2_PHASE_CONTRACT,ID,284,lead_brake,False,False,False,0,0,85.4906574735046,6.130977234492699,True,False
42,C2_PHASE_CONTRACT,ID,285,lead_brake,False,False,False,0,0,71.01557761479341,9.709924772381783,True,False
42,C2_PHASE_CONTRACT,ID,286,lead_brake,False,False,False,0,0,92.3860966154872,1.634431893626849,True,False
42,C2_PHASE_CONTRACT,ID,287,lead_brake,False,False,False,0,0,75.95984278120943,8.85977603495121,True,False
42,C2_PHASE_CONTRACT,ID,288,lead_brake,False,False,False,0,0,67.89381548571842,10.4813463712732,True,False
42,C2_PHASE_CONTRACT,ID,289,lead_brake,False,False,False,0,0,61.11176486735169,6.565078742802142,True,False
42,C2_PHASE_CONTRACT,ID,290,lead_brake,False,False,False,0,0,95.44734365836284,0.1274234689772129,True,False
42,C2_PHASE_CONTRACT,ID,291,lead_brake,False,False,False,0,0,76.80427639529064,0.6929393957058588,True,False
42,C2_PHASE_CONTRACT,ID,292,lead_brake,False,False,False,0,0,73.70978506632092,0.387530376513799,True,False
42,C2_PHASE_CONTRACT,ID,293,lead_brake,False,False,False,0,0,80.57047498316133,2.764379061758518,True,False
42,C2_PHASE_CONTRACT,ID,294,lead_brake,False,False,False,0,0,60.32848998968094,2.4908182869354882,True,False
42,C2_PHASE_CONTRACT,ID,295,lead_brake,False,False,False,0,0,82.30507779661595,2.3532162637760243,True,False
42,C2_PHASE_CONTRACT,ID,296,lead_brake,False,False,False,0,0,61.06959515469331,0.4942220076918602,True,False
42,C2_PHASE_CONTRACT,ID,297,lead_brake,False,False,False,0,0,74.6009296658915,0.450748565296332,True,False
42,C2_PHASE_CONTRACT,ID,298,lead_brake,False,False,False,0,0,94.02511011641283,0.6482125595211982,True,False
42,C2_PHASE_CONTRACT,ID,299,lead_brake,False,False,False,0,0,67.37131125596571,0.5463230510552723,True,False
42,C2_PHASE_CONTRACT,OOD,0,crosswalk,False,False,False,0,0,30.258718747218154,2.320240716285565,True,False
42,C2_PHASE_CONTRACT,OOD,1,crosswalk,False,False,False,0,0,31.20982142832529,1.4182903730508052,True,False
42,C2_PHASE_CONTRACT,OOD,2,crosswalk,False,False,False,0,1,23.11477542816026,1.1409676004023779,True,False
42,C2_PHASE_CONTRACT,OOD,3,crosswalk,False,False,False,0,0,30.444210400492874,1.6780956053152318,True,False
42,C2_PHASE_CONTRACT,OOD,4,crosswalk,False,False,False,0,0,24.72974480244344,1.350876245743189,True,False
42,C2_PHASE_CONTRACT,OOD,5,crosswalk,False,False,False,0,1,25.09966726870668,2.182982847804115,True,False
42,C2_PHASE_CONTRACT,OOD,6,crosswalk,False,False,False,0,1,20.672644950652266,2.0671023699370297,True,False
42,C2_PHASE_CONTRACT,OOD,7,crosswalk,False,False,False,0,1,22.318076505301107,2.066818616892162,True,False
42,C2_PHASE_CONTRACT,OOD,8,crosswalk,False,False,False,0,1,30.405589064653295,1.7332804997762044,True,False
42,C2_PHASE_CONTRACT,OOD,9,crosswalk,False,False,False,0,0,29.84345218123279,1.5680244484463253,True,False
42,C2_PHASE_CONTRACT,OOD,10,crosswalk,False,False,False,0,1,25.96689018175195,1.842087158342687,True,False
42,C2_PHASE_CONTRACT,OOD,11,crosswalk,False,False,False,0,1,24.40114977142708,2.066578646985496,True,False
42,C2_PHASE_CONTRACT,OOD,12,crosswalk,False,False,False,0,1,27.6381045421883,1.4403138405237441,True,False
42,C2_PHASE_CONTRACT,OOD,13,crosswalk,False,False,False,0,1,23.460905789765494,1.9495306066844775,True,False
42,C2_PHASE_CONTRACT,OOD,14,crosswalk,False,False,False,0,0,31.92926481370359,1.8286063031452455,True,False
42,C2_PHASE_CONTRACT,OOD,15,crosswalk,False,False,False,0,1,22.516406989661373,1.929452178326059,True,False
42,C2_PHASE_CONTRACT,OOD,16,crosswalk,False,False,False,0,1,22.73971426933322,1.7418311172061496,True,False
42,C2_PHASE_CONTRACT,OOD,17,crosswalk,False,False,False,0,1,21.175240652878607,1.1162677610462362,True,False
42,C2_PHASE_CONTRACT,OOD,18,crosswalk,False,False,False,0,1,22.437528367195714,1.4167564624064677,True,False
42,C2_PHASE_CONTRACT,OOD,19,crosswalk,False,False,False,0,1,22.027689363968896,2.1217116855439686,True,False
42,C2_PHASE_CONTRACT,OOD,20,crosswalk,False,False,False,0,1,29.94458618210981,1.342461813579906,True,False
42,C2_PHASE_CONTRACT,OOD,21,crosswalk,False,False,False,0,1,22.339099719502713,1.8574762797873952,True,False
42,C2_PHASE_CONTRACT,OOD,22,crosswalk,False,False,False,0,1,21.172691185598033,2.0595026463270187,True,False
42,C2_PHASE_CONTRACT,OOD,23,crosswalk,False,False,False,0,1,29.295585980080595,1.916309179261673,True,False
42,C2_PHASE_CONTRACT,OOD,24,crosswalk,False,False,False,0,0,22.24779606109844,1.8314211106881861,True,False
42,C2_PHASE_CONTRACT,OOD,25,crosswalk,False,False,False,0,1,22.45848085399258,1.1714481777615016,True,False
42,C2_PHASE_CONTRACT,OOD,26,crosswalk,False,False,False,0,1,22.963265705765608,1.162113650985386,True,False
42,C2_PHASE_CONTRACT,OOD,27,crosswalk,False,False,False,0,1,29.511729561813215,2.042298887086951,True,False
42,C2_PHASE_CONTRACT,OOD,28,crosswalk,False,False,False,0,0,31.15206869184128,2.39321047930341,True,False
42,C2_PHASE_CONTRACT,OOD,29,crosswalk,False,False,False,0,0,29.32883892996016,1.5027555113747006,True,False
42,C2_PHASE_CONTRACT,OOD,30,crosswalk,False,False,False,0,0,28.58403761855177,1.6628427758361353,True,False
42,C2_PHASE_CONTRACT,OOD,31,crosswalk,False,False,False,0,1,23.232013814129644,1.8296180908446726,True,False
42,C2_PHASE_CONTRACT,OOD,32,crosswalk,False,False,False,0,1,27.851465158584013,1.8680693176777465,True,False
42,C2_PHASE_CONTRACT,OOD,33,crosswalk,False,False,False,0,1,26.905542496043644,2.241406202679727,True,False
42,C2_PHASE_CONTRACT,OOD,34,crosswalk,False,False,False,0,1,24.749887930048292,1.1055622411810833,True,False
42,C2_PHASE_CONTRACT,OOD,35,crosswalk,False,False,False,0,1,22.810394683397952,1.974021224088447,True,False
42,C2_PHASE_CONTRACT,OOD,36,crosswalk,False,False,False,0,1,21.342408167586388,1.9212321241696675,True,False
42,C2_PHASE_CONTRACT,OOD,37,crosswalk,False,False,False,0,1,22.760228765008588,2.1612709092024045,True,False
42,C2_PHASE_CONTRACT,OOD,38,crosswalk,False,False,False,0,1,20.983277758320945,1.2994345426559446,True,False
42,C2_PHASE_CONTRACT,OOD,39,crosswalk,False,False,False,0,1,30.79986348625787,1.9198594242334366,True,False
42,C2_PHASE_CONTRACT,OOD,40,crosswalk,False,False,False,0,1,21.71810500271235,2.123070622599402,True,False
42,C2_PHASE_CONTRACT,OOD,41,crosswalk,False,False,False,0,1,24.35888227324886,1.148164497481452,True,False
42,C2_PHASE_CONTRACT,OOD,42,crosswalk,False,False,False,0,0,25.55037287632089,2.176666353878222,True,False
42,C2_PHASE_CONTRACT,OOD,43,crosswalk,False,False,False,0,1,20.796991437445243,1.2399631891495142,True,False
42,C2_PHASE_CONTRACT,OOD,44,crosswalk,False,False,False,0,1,31.52429025664513,1.2402962370121733,True,False
42,C2_PHASE_CONTRACT,OOD,45,crosswalk,False,False,False,0,1,21.73428926926059,1.8352151107280812,True,False
42,C2_PHASE_CONTRACT,OOD,46,crosswalk,False,False,False,0,1,31.135809835514536,1.234401897950606,True,False
42,C2_PHASE_CONTRACT,OOD,47,crosswalk,False,False,False,0,1,24.494836368724215,1.9152316586537794,True,False
42,C2_PHASE_CONTRACT,OOD,48,crosswalk,False,False,False,0,1,27.874299119894502,1.51748259862264,True,False
42,C2_PHASE_CONTRACT,OOD,49,crosswalk,False,False,False,0,0,26.954699844262088,1.7123903334140778,True,False
42,C2_PHASE_CONTRACT,OOD,50,crosswalk,False,False,False,0,0,27.2918703674759,1.3992703126536477,True,False
42,C2_PHASE_CONTRACT,OOD,51,crosswalk,False,False,False,0,0,26.94774122591155,1.942855417728424,True,False
42,C2_PHASE_CONTRACT,OOD,52,crosswalk,False,False,False,0,0,22.150704099164315,2.0810318797042493,True,False
42,C2_PHASE_CONTRACT,OOD,53,crosswalk,False,False,False,0,1,22.13858619999916,1.3976640314669222,True,False
42,C2_PHASE_CONTRACT,OOD,54,crosswalk,False,False,False,0,1,25.368577965494158,1.1692235469818115,True,False
42,C2_PHASE_CONTRACT,OOD,55,crosswalk,False,False,False,0,0,29.56064304580528,1.8621659435723958,True,False
42,C2_PHASE_CONTRACT,OOD,56,crosswalk,False,False,False,0,1,22.78899357320089,1.9007083981536155,True,False
42,C2_PHASE_CONTRACT,OOD,57,crosswalk,False,False,False,0,1,21.50954774594466,2.0746951777002085,True,False
42,C2_PHASE_CONTRACT,OOD,58,crosswalk,False,False,False,0,1,28.78044812052603,1.7361942092154887,True,False
42,C2_PHASE_CONTRACT,OOD,59,crosswalk,False,False,False,0,1,23.36790992137692,1.6468178591829665,True,False
42,C2_PHASE_CONTRACT,OOD,60,crosswalk,False,False,False,0,1,27.82673651101753,1.6417467751001058,True,False
42,C2_PHASE_CONTRACT,OOD,61,crosswalk,False,False,False,0,1,23.708520915598974,1.3534654103792632,True,False
42,C2_PHASE_CONTRACT,OOD,62,crosswalk,False,False,False,0,1,28.58441589920781,1.2006820414377295,True,False
42,C2_PHASE_CONTRACT,OOD,63,crosswalk,False,False,False,0,1,21.825313084850713,1.2924101294540775,True,False
42,C2_PHASE_CONTRACT,OOD,64,crosswalk,False,False,False,0,1,24.450527181259318,1.9796359954878342,True,False
42,C2_PHASE_CONTRACT,OOD,65,crosswalk,False,False,False,0,1,30.53004021509236,1.2681683434380424,True,False
42,C2_PHASE_CONTRACT,OOD,66,crosswalk,False,False,False,0,1,21.672324617150892,2.0428792610764503,True,False
42,C2_PHASE_CONTRACT,OOD,67,crosswalk,False,False,False,0,1,27.969740714990515,2.009404963917202,True,False
42,C2_PHASE_CONTRACT,OOD,68,crosswalk,False,False,False,0,1,20.761054959665373,1.1334006217393007,True,False
42,C2_PHASE_CONTRACT,OOD,69,crosswalk,False,False,False,0,1,25.820352673572202,1.4037633264386975,True,False
42,C2_PHASE_CONTRACT,OOD,70,crosswalk,False,False,False,0,0,23.22667924987296,1.860418311859432,True,False
42,C2_PHASE_CONTRACT,OOD,71,crosswalk,False,False,False,0,0,28.223903397004776,1.857497442600339,True,False
42,C2_PHASE_CONTRACT,OOD,72,crosswalk,False,False,False,0,1,23.245422564948996,1.4019395374670263,True,False
42,C2_PHASE_CONTRACT,OOD,73,crosswalk,False,False,False,0,1,28.339719997205677,1.3244376712375217,True,False
42,C2_PHASE_CONTRACT,OOD,74,crosswalk,False,False,False,0,1,24.906813918493267,1.4499827816679671,True,False
42,C2_PHASE_CONTRACT,OOD,75,crosswalk,False,False,False,0,0,26.79266987677247,1.7456642381454768,True,False
42,C2_PHASE_CONTRACT,OOD,76,crosswalk,False,False,False,0,1,29.144017817060508,1.7142723722660795,True,False
42,C2_PHASE_CONTRACT,OOD,77,crosswalk,False,False,False,0,1,26.191912055672784,1.2240530763353619,True,False
42,C2_PHASE_CONTRACT,OOD,78,crosswalk,False,False,False,0,1,29.96687426165427,1.584858948534185,True,False
42,C2_PHASE_CONTRACT,OOD,79,crosswalk,False,False,False,0,0,20.26184273550325,1.9565900601446629,True,False
42,C2_PHASE_CONTRACT,OOD,80,crosswalk,False,False,False,0,0,24.43540749082012,1.7070123018362584,True,False
42,C2_PHASE_CONTRACT,OOD,81,crosswalk,False,False,False,0,0,23.021417502583716,2.0197857916355133,True,False
42,C2_PHASE_CONTRACT,OOD,82,crosswalk,False,False,False,0,1,25.123399585520975,1.7775236912395642,True,False
42,C2_PHASE_CONTRACT,OOD,83,crosswalk,False,False,False,0,1,28.966298246124886,1.5630103582921233,True,False
42,C2_PHASE_CONTRACT,OOD,84,crosswalk,False,False,False,0,1,27.90039468758811,1.422148263731668,True,False
42,C2_PHASE_CONTRACT,OOD,85,crosswalk,False,False,False,0,1,21.94853980083358,1.1872592018473715,True,False
42,C2_PHASE_CONTRACT,OOD,86,crosswalk,False,False,False,0,0,31.72236204503489,1.8294022114653334,True,False
42,C2_PHASE_CONTRACT,OOD,87,crosswalk,False,False,False,0,1,22.8385758923368,1.2394588258531358,True,False
42,C2_PHASE_CONTRACT,OOD,88,crosswalk,False,False,False,0,1,30.42765954216662,1.2542811036109924,True,False
42,C2_PHASE_CONTRACT,OOD,89,crosswalk,False,False,False,0,1,28.721650576585066,1.7444076371747392,True,False
42,C2_PHASE_CONTRACT,OOD,90,crosswalk,False,False,False,0,1,30.922818093105235,1.4459736347198486,True,False
42,C2_PHASE_CONTRACT,OOD,91,crosswalk,False,False,False,0,1,23.67897918193659,1.453118469264056,True,False
42,C2_PHASE_CONTRACT,OOD,92,crosswalk,False,False,False,0,1,24.582252924055112,1.7734686817441665,True,False
42,C2_PHASE_CONTRACT,OOD,93,crosswalk,False,False,False,0,1,20.91230923201776,1.9256625121290032,True,False
42,C2_PHASE_CONTRACT,OOD,94,crosswalk,False,False,False,0,1,26.239000409273913,2.126546463240748,True,False
42,C2_PHASE_CONTRACT,OOD,95,crosswalk,False,False,False,0,1,21.648627593133266,1.4513831260876777,True,False
42,C2_PHASE_CONTRACT,OOD,96,crosswalk,False,False,False,0,1,28.518137350394746,1.961981524215188,True,False
42,C2_PHASE_CONTRACT,OOD,97,crosswalk,False,False,False,0,1,30.644366136186363,1.8320287493142213,True,False
42,C2_PHASE_CONTRACT,OOD,98,crosswalk,False,False,False,0,0,27.366887585518498,1.4401136730846604,True,False
42,C2_PHASE_CONTRACT,OOD,99,crosswalk,False,False,False,0,1,28.12700778883478,1.9529484277186187,True,False
42,C2_PHASE_CONTRACT,OOD,100,stop_intersection,False,False,False,0,1,23.292946277514027,2.8024295336670346,True,False
42,C2_PHASE_CONTRACT,OOD,101,stop_intersection,False,False,False,0,1,25.292695671582123,2.0923012759950423,True,False
42,C2_PHASE_CONTRACT,OOD,102,stop_intersection,False,False,False,0,1,30.800942026503463,1.4425358019377055,True,False
42,C2_PHASE_CONTRACT,OOD,103,stop_intersection,False,False,False,0,1,26.95004998449157,2.2083729257186255,True,False
42,C2_PHASE_CONTRACT,OOD,104,stop_intersection,False,False,False,0,1,26.714259274238653,2.0367789133028547,True,False
42,C2_PHASE_CONTRACT,OOD,105,stop_intersection,False,False,False,0,1,21.21130679038162,2.596574054985511,True,False
42,C2_PHASE_CONTRACT,OOD,106,stop_intersection,False,False,False,0,1,30.921463314859864,1.4721324883009257,True,False
42,C2_PHASE_CONTRACT,OOD,107,stop_intersection,False,False,False,0,1,28.293241374079457,2.006205117448847,True,False
42,C2_PHASE_CONTRACT,OOD,108,stop_intersection,False,False,False,0,1,24.860922707297526,3.2506273103796914,True,False
42,C2_PHASE_CONTRACT,OOD,109,stop_intersection,False,False,False,0,1,21.49955494181552,4.786453511979844,True,False
42,C2_PHASE_CONTRACT,OOD,110,stop_intersection,False,False,False,0,1,24.25587830427205,2.7108385617082766,True,False
42,C2_PHASE_CONTRACT,OOD,111,stop_intersection,False,False,False,0,1,23.61978033741829,2.6584443179043853,True,False
42,C2_PHASE_CONTRACT,OOD,112,stop_intersection,False,False,False,0,1,24.27813354184364,2.5750053026106046,True,False
42,C2_PHASE_CONTRACT,OOD,113,stop_intersection,False,False,False,0,1,30.613624231303714,1.1947193470868196,True,False
42,C2_PHASE_CONTRACT,OOD,114,stop_intersection,False,False,False,0,1,24.602978835540526,4.049444595972697,True,False
42,C2_PHASE_CONTRACT,OOD,115,stop_intersection,False,False,False,0,1,24.785826747403455,1.594061787064011,True,False
42,C2_PHASE_CONTRACT,OOD,116,stop_intersection,False,False,False,0,1,22.027479219023327,3.4556449014087054,True,False
42,C2_PHASE_CONTRACT,OOD,117,stop_intersection,False,False,False,0,1,29.002672720838053,2.304860314597254,True,False
42,C2_PHASE_CONTRACT,OOD,118,stop_intersection,False,False,False,0,1,28.39424031752185,1.6058092503934291,True,False
42,C2_PHASE_CONTRACT,OOD,119,stop_intersection,False,False,False,0,1,24.12062656909672,3.446874212134968,True,False
42,C2_PHASE_CONTRACT,OOD,120,stop_intersection,False,False,False,0,1,30.835654027021754,1.7783876352531964,True,False
42,C2_PHASE_CONTRACT,OOD,121,stop_intersection,False,False,False,0,1,21.544244415584682,2.1901229955255985,True,False
42,C2_PHASE_CONTRACT,OOD,122,stop_intersection,False,False,False,0,1,24.552251068707655,1.3563678613523158,True,False
42,C2_PHASE_CONTRACT,OOD,123,stop_intersection,False,False,False,0,1,31.386678300537,1.510399594902992,True,False
42,C2_PHASE_CONTRACT,OOD,124,stop_intersection,False,False,False,0,1,28.623563135764847,1.801466342321662,True,False
42,C2_PHASE_CONTRACT,OOD,125,stop_intersection,False,False,False,0,1,23.75929830725451,1.1373297638363307,True,False
42,C2_PHASE_CONTRACT,OOD,126,stop_intersection,False,False,False,0,1,31.2727949275344,2.3671782270390938,True,False
42,C2_PHASE_CONTRACT,OOD,127,stop_intersection,False,False,False,0,1,29.02633987615282,2.0555973813888873,True,False
42,C2_PHASE_CONTRACT,OOD,128,stop_intersection,False,False,False,0,1,29.53810125860056,1.4804169692491231,True,False
42,C2_PHASE_CONTRACT,OOD,129,stop_intersection,False,False,False,0,1,26.76435483600347,3.1441225143189127,True,False
42,C2_PHASE_CONTRACT,OOD,130,stop_intersection,False,False,False,0,1,21.80363160028131,1.2190810885540275,True,False
42,C2_PHASE_CONTRACT,OOD,131,stop_intersection,False,False,False,0,1,24.57092661996534,2.6817444590635073,True,False
42,C2_PHASE_CONTRACT,OOD,132,stop_intersection,False,False,False,0,1,21.555624365672873,2.9926306045636895,True,False
42,C2_PHASE_CONTRACT,OOD,133,stop_intersection,False,False,False,0,1,25.1838874216987,3.189704638460408,True,False
42,C2_PHASE_CONTRACT,OOD,134,stop_intersection,False,False,False,0,1,26.182424962197686,1.5880298614501953,True,False
42,C2_PHASE_CONTRACT,OOD,135,stop_intersection,False,False,False,0,1,21.63851288140807,1.3285988473739379,True,False
42,C2_PHASE_CONTRACT,OOD,136,stop_intersection,False,False,False,0,1,25.616493988264647,1.4498196421442804,True,False
42,C2_PHASE_CONTRACT,OOD,137,stop_intersection,False,False,False,0,1,30.962680044981735,1.5484743250740898,True,False
42,C2_PHASE_CONTRACT,OOD,138,stop_intersection,False,False,False,0,1,30.7561375752284,2.0822370452124894,True,False
42,C2_PHASE_CONTRACT,OOD,139,stop_intersection,False,False,False,0,1,27.64044546072764,1.4636450853103247,True,False
42,C2_PHASE_CONTRACT,OOD,140,stop_intersection,False,False,False,0,1,25.00033597611646,1.288094123204549,True,False
42,C2_PHASE_CONTRACT,OOD,141,stop_intersection,False,False,False,0,1,29.25192456835765,1.3788311426029647,True,False
42,C2_PHASE_CONTRACT,OOD,142,stop_intersection,False,False,False,0,1,22.9783719016683,2.7048929306593807,True,False
42,C2_PHASE_CONTRACT,OOD,143,stop_intersection,False,False,False,0,1,28.348017651680507,2.012015197958265,True,False
42,C2_PHASE_CONTRACT,OOD,144,stop_intersection,False,False,False,0,1,30.31347352870914,1.3605869427705422,True,False
42,C2_PHASE_CONTRACT,OOD,145,stop_intersection,False,False,False,0,1,27.50254862889645,3.143941912245243,True,False
42,C2_PHASE_CONTRACT,OOD,146,stop_intersection,False,False,False,0,1,27.179920329771015,2.444880298878017,True,False
42,C2_PHASE_CONTRACT,OOD,147,stop_intersection,False,False,False,0,1,21.00410810718905,1.589871516098847,True,False
42,C2_PHASE_CONTRACT,OOD,148,stop_intersection,False,False,False,0,1,20.587700785715583,1.0274545635495866,True,False
42,C2_PHASE_CONTRACT,OOD,149,stop_intersection,False,False,False,0,1,29.11178712624577,2.1956963488396175,True,False
42,C2_PHASE_CONTRACT,OOD,150,stop_intersection,False,False,False,0,1,22.883566426638094,1.999011127197224,True,False
42,C2_PHASE_CONTRACT,OOD,151,stop_intersection,False,False,False,0,1,23.280135598496635,1.4199054868597731,True,False
42,C2_PHASE_CONTRACT,OOD,152,stop_intersection,False,False,False,0,1,30.700601485991946,1.672119337159234,True,False
42,C2_PHASE_CONTRACT,OOD,153,stop_intersection,False,False,False,0,1,30.18218129249235,1.3176408918892464,True,False
42,C2_PHASE_CONTRACT,OOD,154,stop_intersection,False,False,False,0,1,21.8331968643371,4.09361332654953,True,False
42,C2_PHASE_CONTRACT,OOD,155,stop_intersection,False,False,False,0,1,24.3061631272434,1.4395574231942494,True,False
42,C2_PHASE_CONTRACT,OOD,156,stop_intersection,False,False,False,0,1,22.540021629391223,3.5929354506990183,True,False
42,C2_PHASE_CONTRACT,OOD,157,stop_intersection,False,False,False,0,1,23.15613659071292,2.5791955132817113,True,False
42,C2_PHASE_CONTRACT,OOD,158,stop_intersection,False,False,False,0,1,30.408451279788984,1.767907128777615,True,False
42,C2_PHASE_CONTRACT,OOD,159,stop_intersection,False,False,False,0,1,28.956529035727925,1.2882457223049428,True,False
42,C2_PHASE_CONTRACT,OOD,160,stop_intersection,False,False,False,0,1,25.413511756597803,2.3354071119557256,True,False
42,C2_PHASE_CONTRACT,OOD,161,stop_intersection,False,False,False,0,1,23.684288428778885,1.1206155108368914,True,False
42,C2_PHASE_CONTRACT,OOD,162,stop_intersection,False,False,False,0,1,27.355828223199282,1.276672316151996,True,False
42,C2_PHASE_CONTRACT,OOD,163,stop_intersection,False,False,False,0,1,26.00424951319321,1.4429247528314588,True,False
42,C2_PHASE_CONTRACT,OOD,164,stop_intersection,False,False,False,0,1,24.145273392923357,1.1861171417458112,True,False
42,C2_PHASE_CONTRACT,OOD,165,stop_intersection,False,False,False,0,1,28.310593485259332,1.761166195977818,True,False
42,C2_PHASE_CONTRACT,OOD,166,stop_intersection,False,False,False,0,1,26.77660656167579,2.0353367775678635,True,False
42,C2_PHASE_CONTRACT,OOD,167,stop_intersection,False,False,False,0,1,30.365208252756176,1.2012577316035395,True,False
42,C2_PHASE_CONTRACT,OOD,168,stop_intersection,False,False,False,0,1,31.11609931134101,1.3233063437721944,True,False
42,C2_PHASE_CONTRACT,OOD,169,stop_intersection,False,False,False,0,1,28.251484358212814,1.4616693594516852,True,False
42,C2_PHASE_CONTRACT,OOD,170,stop_intersection,False,False,False,0,1,20.76013154751955,1.4971568492742684,True,False
42,C2_PHASE_CONTRACT,OOD,171,stop_intersection,False,False,False,0,1,21.463449606360207,1.3251163911175083,True,False
42,C2_PHASE_CONTRACT,OOD,172,stop_intersection,False,False,False,0,1,22.66490163450562,4.72570393482844,True,False
42,C2_PHASE_CONTRACT,OOD,173,stop_intersection,False,False,False,0,1,28.55988648802773,1.166875906612562,True,False
42,C2_PHASE_CONTRACT,OOD,174,stop_intersection,False,False,False,0,1,22.365932398719913,4.4697199216703085,True,False
42,C2_PHASE_CONTRACT,OOD,175,stop_intersection,False,False,False,0,1,27.839875155107293,1.4727897776497734,True,False
42,C2_PHASE_CONTRACT,OOD,176,stop_intersection,False,False,False,0,1,22.136787216361924,3.3038179749666257,True,False
42,C2_PHASE_CONTRACT,OOD,177,stop_intersection,False,False,False,0,1,30.757696021145772,1.7584761630657109,True,False
42,C2_PHASE_CONTRACT,OOD,178,stop_intersection,False,False,False,0,1,28.483230528721883,1.3749938418990686,True,False
42,C2_PHASE_CONTRACT,OOD,179,stop_intersection,False,False,False,0,1,28.079446660888166,1.9686842094296992,True,False
42,C2_PHASE_CONTRACT,OOD,180,stop_intersection,False,False,False,0,1,21.485819797868125,1.2501741165206544,True,False
42,C2_PHASE_CONTRACT,OOD,181,stop_intersection,False,False,False,0,1,31.07453358420977,1.5436616241931915,True,False
42,C2_PHASE_CONTRACT,OOD,182,stop_intersection,False,False,False,0,1,22.86069585191907,1.293174460530281,True,False
42,C2_PHASE_CONTRACT,OOD,183,stop_intersection,False,False,False,0,1,22.014058313310393,1.437088282484757,True,False
42,C2_PHASE_CONTRACT,OOD,184,stop_intersection,False,False,False,0,1,30.212105746901365,2.4116801835120993,True,False
42,C2_PHASE_CONTRACT,OOD,185,stop_intersection,False,False,False,0,1,26.00076097850666,1.1498135846594104,True,False
42,C2_PHASE_CONTRACT,OOD,186,stop_intersection,False,False,False,0,1,30.40823550971989,2.328306995332241,True,False
42,C2_PHASE_CONTRACT,OOD,187,stop_intersection,False,False,False,0,1,27.318724232998278,2.0508630688373857,True,False
42,C2_PHASE_CONTRACT,OOD,188,stop_intersection,False,False,False,0,1,30.83086479430336,2.107436495522658,True,False
42,C2_PHASE_CONTRACT,OOD,189,stop_intersection,False,False,False,0,1,29.680066151569534,1.6367647454545302,True,False
42,C2_PHASE_CONTRACT,OOD,190,stop_intersection,False,False,False,0,1,24.84261035659859,2.014437858995638,True,False
42,C2_PHASE_CONTRACT,OOD,191,stop_intersection,False,False,False,0,1,26.77898641856225,2.104096992148293,True,False
42,C2_PHASE_CONTRACT,OOD,192,stop_intersection,False,False,False,0,1,30.05874346538535,1.3158409401427866,True,False
42,C2_PHASE_CONTRACT,OOD,193,stop_intersection,False,False,False,0,1,23.92235802656166,1.140945143169827,True,False
42,C2_PHASE_CONTRACT,OOD,194,stop_intersection,False,False,False,0,1,26.646122479743227,1.3597571849822998,True,False
42,C2_PHASE_CONTRACT,OOD,195,stop_intersection,False,False,False,0,1,26.720223974251944,2.5567420069561444,True,False
42,C2_PHASE_CONTRACT,OOD,196,stop_intersection,False,False,False,0,1,22.71919459264427,1.1272025037379492,True,False
42,C2_PHASE_CONTRACT,OOD,197,stop_intersection,False,False,False,0,1,29.219327032157857,2.33172707259655,True,False
42,C2_PHASE_CONTRACT,OOD,198,stop_intersection,False,False,False,0,1,28.86742653552909,1.8898906348192173,True,False
42,C2_PHASE_CONTRACT,OOD,199,stop_intersection,False,False,False,0,1,28.012295064279343,1.6116912100050185,True,False
42,C2_PHASE_CONTRACT,OOD,200,lead_brake,False,False,False,0,0,33.65322773426767,5.91862874602278,True,False
42,C2_PHASE_CONTRACT,OOD,201,lead_brake,False,False,False,0,0,30.5124758620507,4.21678347637256,True,False
42,C2_PHASE_CONTRACT,OOD,202,lead_brake,False,False,False,0,0,25.65376557746245,5.589759291460116,True,False
42,C2_PHASE_CONTRACT,OOD,203,lead_brake,False,False,False,0,0,30.512661158551172,8.241906809310118,True,False
42,C2_PHASE_CONTRACT,OOD,204,lead_brake,False,False,False,0,0,29.396753302959258,5.612416272362073,True,False
42,C2_PHASE_CONTRACT,OOD,205,lead_brake,False,False,False,0,0,28.175666035898473,5.024886531134445,True,False
42,C2_PHASE_CONTRACT,OOD,206,lead_brake,False,False,False,0,0,29.927513543950255,8.304938056816656,True,False
42,C2_PHASE_CONTRACT,OOD,207,lead_brake,False,False,False,0,0,32.60322882516241,6.2958419273296995,True,False
42,C2_PHASE_CONTRACT,OOD,208,lead_brake,False,False,False,0,0,37.92597630613891,6.109040981779495,True,False
42,C2_PHASE_CONTRACT,OOD,209,lead_brake,False,False,False,0,0,30.40250483264445,5.383983006079991,True,False
42,C2_PHASE_CONTRACT,OOD,210,lead_brake,False,False,False,0,0,29.470705445976677,6.817296334852775,True,False
42,C2_PHASE_CONTRACT,OOD,211,lead_brake,False,False,False,0,0,36.28310903206469,8.50998230278492,True,False
42,C2_PHASE_CONTRACT,OOD,212,lead_brake,False,False,False,0,0,27.271652621007128,7.303664669394492,True,False
42,C2_PHASE_CONTRACT,OOD,213,lead_brake,False,False,False,0,0,30.59601839083798,3.6611304817100363,True,False
42,C2_PHASE_CONTRACT,OOD,214,lead_brake,False,False,False,0,0,34.78213901873398,6.746969503040115,True,False
42,C2_PHASE_CONTRACT,OOD,215,lead_brake,False,False,False,0,0,26.495822864439685,6.40676133831342,True,False
42,C2_PHASE_CONTRACT,OOD,216,lead_brake,False,False,False,0,0,40.053217362876914,4.646205851187308,True,False
42,C2_PHASE_CONTRACT,OOD,217,lead_brake,False,False,False,0,0,34.528325369879596,7.46614781456689,True,False
42,C2_PHASE_CONTRACT,OOD,218,lead_brake,False,False,False,0,0,26.372471487396602,8.409067680438358,True,False
42,C2_PHASE_CONTRACT,OOD,219,lead_brake,False,False,False,0,0,34.20813737181185,5.53749525733292,True,False
42,C2_PHASE_CONTRACT,OOD,220,lead_brake,False,False,False,0,0,35.02964517764778,6.308916054666042,True,False
42,C2_PHASE_CONTRACT,OOD,221,lead_brake,False,False,False,0,0,23.873011126071233,8.387596817066271,True,False
42,C2_PHASE_CONTRACT,OOD,222,lead_brake,False,False,False,0,0,39.59587157131637,3.4317103462914624,True,False
42,C2_PHASE_CONTRACT,OOD,223,lead_brake,False,False,False,0,0,26.08141172613742,7.754731276383002,True,False
42,C2_PHASE_CONTRACT,OOD,224,lead_brake,False,False,False,0,0,31.07711959989589,9.040495458369454,True,False
42,C2_PHASE_CONTRACT,OOD,225,lead_brake,False,False,False,0,0,31.72594918673248,5.544565578301747,True,False
42,C2_PHASE_CONTRACT,OOD,226,lead_brake,False,False,False,0,0,26.95735423140227,7.314409867549935,True,False
42,C2_PHASE_CONTRACT,OOD,227,lead_brake,False,False,False,0,0,38.50621603596877,4.664811253547668,True,False
42,C2_PHASE_CONTRACT,OOD,228,lead_brake,False,False,False,0,0,39.578903864807415,8.326951370884975,True,False
42,C2_PHASE_CONTRACT,OOD,229,lead_brake,False,False,False,0,0,43.06475181512536,7.919549680625398,True,False
42,C2_PHASE_CONTRACT,OOD,230,lead_brake,False,False,False,0,0,33.91022212315906,4.580056423942247,True,False
42,C2_PHASE_CONTRACT,OOD,231,lead_brake,False,False,False,0,0,35.09710794242034,3.637382990370194,True,False
42,C2_PHASE_CONTRACT,OOD,232,lead_brake,False,False,False,0,0,32.638829288268674,7.0636034514755,True,False
42,C2_PHASE_CONTRACT,OOD,233,lead_brake,False,False,False,0,0,29.805183390464627,7.0013584047555915,True,False
42,C2_PHASE_CONTRACT,OOD,234,lead_brake,False,False,False,0,0,28.943582681596254,2.609985377639532,True,False
42,C2_PHASE_CONTRACT,OOD,235,lead_brake,False,False,False,0,0,32.15347002064459,2.892947797973951,True,False
42,C2_PHASE_CONTRACT,OOD,236,lead_brake,False,False,False,0,0,42.51050045251845,2.7113532461225986,True,False
42,C2_PHASE_CONTRACT,OOD,237,lead_brake,False,False,False,0,0,40.36226198020189,3.420892731597026,True,False
42,C2_PHASE_CONTRACT,OOD,238,lead_brake,False,False,False,0,0,26.01985999271275,6.18253140648206,True,False
42,C2_PHASE_CONTRACT,OOD,239,lead_brake,False,False,False,0,0,34.273251131535034,7.003582303101817,True,False
42,C2_PHASE_CONTRACT,OOD,240,lead_brake,False,False,False,0,0,36.70564213365321,7.37060655032595,True,False
42,C2_PHASE_CONTRACT,OOD,241,lead_brake,False,False,False,0,0,25.552109890235645,3.8740820710857706,True,False
42,C2_PHASE_CONTRACT,OOD,242,lead_brake,False,False,False,0,0,26.77523887621954,5.955855724712212,True,False
42,C2_PHASE_CONTRACT,OOD,243,lead_brake,False,False,False,0,0,30.886895181304567,5.299039592345555,True,False
42,C2_PHASE_CONTRACT,OOD,244,lead_brake,False,False,False,0,0,41.66936873584988,2.854218937456608,True,False
42,C2_PHASE_CONTRACT,OOD,245,lead_brake,False,False,False,0,0,43.487207920551256,6.818775077660877,True,False
42,C2_PHASE_CONTRACT,OOD,246,lead_brake,False,False,False,0,0,26.62532932697833,6.697262207667032,True,False
42,C2_PHASE_CONTRACT,OOD,247,lead_brake,False,False,False,0,0,31.285303710277084,6.0425461661070585,True,False
42,C2_PHASE_CONTRACT,OOD,248,lead_brake,False,False,False,0,0,27.42675971791702,5.647140459467967,True,False
42,C2_PHASE_CONTRACT,OOD,249,lead_brake,False,False,False,0,0,23.823113265494428,7.05802608281374,True,False
42,C2_PHASE_CONTRACT,OOD,250,lead_brake,False,False,False,0,0,33.543023906354954,5.931427766879398,True,False
42,C2_PHASE_CONTRACT,OOD,251,lead_brake,False,False,False,0,0,30.821120030518536,8.439177575831613,True,False
42,C2_PHASE_CONTRACT,OOD,252,lead_brake,False,False,False,0,0,40.14164993330335,8.1076004045705,True,False
42,C2_PHASE_CONTRACT,OOD,253,lead_brake,False,False,False,0,0,28.693365870416148,6.331297737856706,True,False
42,C2_PHASE_CONTRACT,OOD,254,lead_brake,False,False,False,0,0,28.022461050817586,4.708264934519926,True,False
42,C2_PHASE_CONTRACT,OOD,255,lead_brake,False,False,False,0,0,34.37900577319165,6.804296753679712,True,False
42,C2_PHASE_CONTRACT,OOD,256,lead_brake,False,False,False,0,0,24.854723022729164,6.780079717437426,True,False
42,C2_PHASE_CONTRACT,OOD,257,lead_brake,False,False,False,0,0,30.804691210530837,4.707367817560832,True,False
42,C2_PHASE_CONTRACT,OOD,258,lead_brake,False,False,False,0,0,23.44121152320854,4.577800127367178,True,False
42,C2_PHASE_CONTRACT,OOD,259,lead_brake,False,False,False,0,0,43.14983113599945,8.002686859263727,True,False
42,C2_PHASE_CONTRACT,OOD,260,lead_brake,False,False,False,0,0,34.631026576777266,3.8167318043609457,True,False
42,C2_PHASE_CONTRACT,OOD,261,lead_brake,False,False,False,0,0,28.609429415287636,4.890715171893437,True,False
42,C2_PHASE_CONTRACT,OOD,262,lead_brake,False,False,False,0,0,38.34900368439368,7.930691342179974,True,False
42,C2_PHASE_CONTRACT,OOD,263,lead_brake,False,False,False,0,0,30.513766894419234,5.835495355228582,True,False
42,C2_PHASE_CONTRACT,OOD,264,lead_brake,False,False,False,0,0,44.62543150905522,6.854387708939612,True,False
42,C2_PHASE_CONTRACT,OOD,265,lead_brake,False,False,False,0,0,40.15758608694281,7.39061212229232,True,False
42,C2_PHASE_CONTRACT,OOD,266,lead_brake,False,False,False,0,0,32.2719658622516,7.9545575845986605,True,False
42,C2_PHASE_CONTRACT,OOD,267,lead_brake,False,False,False,0,0,29.435462198154372,5.094387836754321,True,False
42,C2_PHASE_CONTRACT,OOD,268,lead_brake,False,False,False,0,0,29.091218998481533,7.2719580133756,True,False
42,C2_PHASE_CONTRACT,OOD,269,lead_brake,False,False,False,0,0,31.452322599570056,8.229170699914295,True,False
42,C2_PHASE_CONTRACT,OOD,270,lead_brake,False,False,False,0,0,25.40216886165406,3.980787379046281,True,False
42,C2_PHASE_CONTRACT,OOD,271,lead_brake,False,False,False,0,0,36.22188455523209,4.876228356113036,True,False
42,C2_PHASE_CONTRACT,OOD,272,lead_brake,False,False,False,0,0,34.19057486635802,5.917326083406806,True,False
42,C2_PHASE_CONTRACT,OOD,273,lead_brake,False,False,False,0,0,34.74971845248325,4.673229782531658,True,False
42,C2_PHASE_CONTRACT,OOD,274,lead_brake,False,False,False,0,0,37.18765675589002,5.281533332541584,True,False
42,C2_PHASE_CONTRACT,OOD,275,lead_brake,False,False,False,0,0,32.956502997987414,5.7918913799027605,True,False
42,C2_PHASE_CONTRACT,OOD,276,lead_brake,False,False,False,0,0,28.45344605904717,3.9419386486212407,True,False
42,C2_PHASE_CONTRACT,OOD,277,lead_brake,False,False,False,0,0,29.489092967808272,5.92576332266132,True,False
42,C2_PHASE_CONTRACT,OOD,278,lead_brake,False,False,False,0,0,30.02425623249582,3.5002450843652086,True,False
42,C2_PHASE_CONTRACT,OOD,279,lead_brake,False,False,False,0,0,38.69620293118054,7.185610005632042,True,False
42,C2_PHASE_CONTRACT,OOD,280,lead_brake,False,False,False,0,0,30.44077653053819,4.054917785028616,True,False
42,C2_PHASE_CONTRACT,OOD,281,lead_brake,False,False,False,0,0,31.31298636347057,6.782116627941528,True,False
42,C2_PHASE_CONTRACT,OOD,282,lead_brake,False,False,False,0,0,32.13540002119343,3.5761123088498907,True,False
42,C2_PHASE_CONTRACT,OOD,283,lead_brake,False,False,False,0,0,36.49419962972399,7.798576259364684,True,False
42,C2_PHASE_CONTRACT,OOD,284,lead_brake,False,False,False,0,0,25.760499443789655,9.230354931205511,True,False
42,C2_PHASE_CONTRACT,OOD,285,lead_brake,False,False,False,0,0,35.23994461083472,6.353663974131147,True,False
42,C2_PHASE_CONTRACT,OOD,286,lead_brake,False,False,False,0,0,28.962729483175384,3.0152790620923042,True,False
42,C2_PHASE_CONTRACT,OOD,287,lead_brake,False,False,False,0,0,32.46687106084054,8.069481992473206,True,False
42,C2_PHASE_CONTRACT,OOD,288,lead_brake,False,False,False,0,0,26.539480059349568,4.827727392315865,True,False
42,C2_PHASE_CONTRACT,OOD,289,lead_brake,False,False,False,0,0,39.73196891779828,3.513105974843105,True,False
42,C2_PHASE_CONTRACT,OOD,290,lead_brake,False,False,False,0,0,33.60975513973744,5.356659278273582,True,False
42,C2_PHASE_CONTRACT,OOD,291,lead_brake,False,False,False,0,0,21.527036197483543,5.067436106503009,True,False
42,C2_PHASE_CONTRACT,OOD,292,lead_brake,False,False,False,0,0,36.052120261034275,6.72299824655056,True,False
42,C2_PHASE_CONTRACT,OOD,293,lead_brake,False,False,False,0,0,25.32269096349041,8.522931071619192,True,False
42,C2_PHASE_CONTRACT,OOD,294,lead_brake,False,False,False,0,0,26.58251297732901,4.091740796963374,True,False
42,C2_PHASE_CONTRACT,OOD,295,lead_brake,False,False,False,0,0,28.14047222778202,3.0040861951808133,True,False
42,C2_PHASE_CONTRACT,OOD,296,lead_brake,False,False,False,0,0,35.517425268210644,7.896147252991795,True,False
42,C2_PHASE_CONTRACT,OOD,297,lead_brake,False,False,False,0,0,38.90963899266034,3.5937138361235457,True,False
42,C2_PHASE_CONTRACT,OOD,298,lead_brake,False,False,False,0,0,21.108000892364764,6.968607659141222,True,False
42,C2_PHASE_CONTRACT,OOD,299,lead_brake,False,False,False,0,0,25.564864226553986,4.152248702943325,True,False
42,D_PHASE_SHIELD,ID,0,crosswalk,False,False,False,0,0,29.43305651511619,2.0920691300522196,True,False
42,D_PHASE_SHIELD,ID,1,crosswalk,False,False,False,0,0,38.08515281219359,1.0886324817935626,True,False
42,D_PHASE_SHIELD,ID,2,crosswalk,False,False,False,0,0,28.053433528628936,2.5033944845199585,True,False
42,D_PHASE_SHIELD,ID,3,crosswalk,False,False,False,0,0,32.3681880410288,2.268044739252045,True,False
42,D_PHASE_SHIELD,ID,4,crosswalk,False,False,False,0,0,33.60745547768181,2.24086351015351,True,False
42,D_PHASE_SHIELD,ID,5,crosswalk,False,False,False,0,0,28.567481946016414,1.8893058792404507,True,False
42,D_PHASE_SHIELD,ID,6,crosswalk,False,False,False,0,0,35.21538163246804,0.4530210623686963,True,False
42,D_PHASE_SHIELD,ID,7,crosswalk,False,False,False,0,0,37.30781822433488,2.064240506539742,True,False
42,D_PHASE_SHIELD,ID,8,crosswalk,False,False,False,0,0,27.621232279984827,1.8207373826400093,True,False
42,D_PHASE_SHIELD,ID,9,crosswalk,False,False,False,0,0,33.96469192314397,2.010908851569349,True,False
42,D_PHASE_SHIELD,ID,10,crosswalk,False,False,False,0,0,36.15032289800231,2.0406537956517674,True,False
42,D_PHASE_SHIELD,ID,11,crosswalk,False,False,False,0,0,33.73796493828565,2.027156030138334,True,False
42,D_PHASE_SHIELD,ID,12,crosswalk,False,False,False,0,0,28.08059523691923,1.4100608151209981,True,False
42,D_PHASE_SHIELD,ID,13,crosswalk,False,False,False,0,0,31.631566263592482,1.6634520272845805,True,False
42,D_PHASE_SHIELD,ID,14,crosswalk,False,False,False,0,0,29.697274061068207,2.113085240125656,True,False
42,D_PHASE_SHIELD,ID,15,crosswalk,False,False,False,0,0,34.792895602138486,0.41640042934728705,True,False
42,D_PHASE_SHIELD,ID,16,crosswalk,False,False,False,0,0,28.267242479444377,2.355309403256366,True,False
42,D_PHASE_SHIELD,ID,17,crosswalk,False,False,False,0,0,26.848695258694512,2.072112333206903,True,False
42,D_PHASE_SHIELD,ID,18,crosswalk,False,False,False,0,0,35.52879111081993,1.8911203200166875,True,False
42,D_PHASE_SHIELD,ID,19,crosswalk,False,False,False,0,0,38.116925073668384,0.4099638108164072,True,False
42,D_PHASE_SHIELD,ID,20,crosswalk,False,False,False,0,0,31.248716279872188,2.0522511679501756,True,False
42,D_PHASE_SHIELD,ID,21,crosswalk,False,False,False,0,0,31.71054808880004,1.6912296041846275,True,False
42,D_PHASE_SHIELD,ID,22,crosswalk,False,False,False,0,0,27.955101667687124,1.9741342175338001,True,False
42,D_PHASE_SHIELD,ID,23,crosswalk,False,False,False,0,0,34.97479142488579,0.4409880157221447,True,False
42,D_PHASE_SHIELD,ID,24,crosswalk,False,False,False,0,0,27.747142129318203,1.8435711688116976,True,False
42,D_PHASE_SHIELD,ID,25,crosswalk,False,False,False,0,0,29.047879727861805,1.89102665299461,True,False
42,D_PHASE_SHIELD,ID,26,crosswalk,False,False,False,0,0,27.128056209986312,2.42722854802483,True,False
42,D_PHASE_SHIELD,ID,27,crosswalk,False,False,False,0,0,31.711459525860445,1.9128034139672914,True,False
42,D_PHASE_SHIELD,ID,28,crosswalk,False,False,False,0,0,35.3177842657434,1.411047584631226,True,False
42,D_PHASE_SHIELD,ID,29,crosswalk,False,False,False,0,0,28.882931679282898,2.3376720994710922,True,False
42,D_PHASE_SHIELD,ID,30,crosswalk,False,False,False,0,0,32.26526023639658,0.6265704638578674,True,False
42,D_PHASE_SHIELD,ID,31,crosswalk,False,False,False,0,0,28.42374284643971,1.8870530050733816,True,False
42,D_PHASE_SHIELD,ID,32,crosswalk,False,False,False,0,0,38.57016941887567,1.8711635873963435,True,False
42,D_PHASE_SHIELD,ID,33,crosswalk,False,False,False,0,0,31.833402153096735,0.44946496685345966,True,False
42,D_PHASE_SHIELD,ID,34,crosswalk,False,False,False,0,0,35.77189184947166,0.801311998317639,True,False
42,D_PHASE_SHIELD,ID,35,crosswalk,False,False,False,0,0,29.124582663314364,1.9192788393601126,True,False
42,D_PHASE_SHIELD,ID,36,crosswalk,False,False,False,0,0,38.17986302617639,0.3903609931468963,True,False
42,D_PHASE_SHIELD,ID,37,crosswalk,False,False,False,0,0,31.42985928737791,2.2008557346734134,True,False
42,D_PHASE_SHIELD,ID,38,crosswalk,False,False,False,0,0,34.49140859632582,2.0581628754734993,True,False
42,D_PHASE_SHIELD,ID,39,crosswalk,False,False,False,0,0,28.58962709734357,1.8039668016135693,True,False
42,D_PHASE_SHIELD,ID,40,crosswalk,False,False,False,0,0,31.84581708971354,0.41047628291628574,True,False
42,D_PHASE_SHIELD,ID,41,crosswalk,False,False,False,0,0,35.151755511964666,1.794763488525694,True,False
42,D_PHASE_SHIELD,ID,42,crosswalk,False,False,False,0,0,37.80387714056623,0.40001668346424896,True,False
42,D_PHASE_SHIELD,ID,43,crosswalk,False,False,False,0,0,31.056935471474905,1.8510782967011132,True,False
42,D_PHASE_SHIELD,ID,44,crosswalk,False,False,False,0,0,31.292636495372818,1.814202442765236,True,False
42,D_PHASE_SHIELD,ID,45,crosswalk,False,False,False,0,0,35.73869177691867,0.8449701064576705,True,False
42,D_PHASE_SHIELD,ID,46,crosswalk,False,False,False,0,0,30.67393637469008,2.1774187548594037,True,False
42,D_PHASE_SHIELD,ID,47,crosswalk,False,False,False,0,0,28.061550637125293,0.39766073971986765,True,False
42,D_PHASE_SHIELD,ID,48,crosswalk,False,False,False,0,0,34.21772612413041,0.3677840841313203,True,False
42,D_PHASE_SHIELD,ID,49,crosswalk,False,False,False,0,0,37.831760810326635,0.4178868428520534,True,False
42,D_PHASE_SHIELD,ID,50,crosswalk,False,False,False,0,0,29.999281505767485,2.223552566021681,True,False
42,D_PHASE_SHIELD,ID,51,crosswalk,False,False,False,0,0,29.76723777454139,0.38595572823569885,True,False
42,D_PHASE_SHIELD,ID,52,crosswalk,False,False,False,0,0,36.66439936802939,0.41874798325200874,True,False
42,D_PHASE_SHIELD,ID,53,crosswalk,False,False,False,0,0,37.89867247076196,0.9582513481378555,True,False
42,D_PHASE_SHIELD,ID,54,crosswalk,False,False,False,0,0,37.2855333589423,0.3793361663818359,True,False
42,D_PHASE_SHIELD,ID,55,crosswalk,False,False,False,0,0,34.07546295008674,2.0183197002519258,True,False
42,D_PHASE_SHIELD,ID,56,crosswalk,False,False,False,0,0,30.64805401833255,2.2071132276739394,True,False
42,D_PHASE_SHIELD,ID,57,crosswalk,False,False,False,0,0,33.0915221142749,2.2583346746184607,True,False
42,D_PHASE_SHIELD,ID,58,crosswalk,False,False,False,0,0,35.64251728529784,1.0164467439703317,True,False
42,D_PHASE_SHIELD,ID,59,crosswalk,False,False,False,0,0,34.88994520804524,0.3975833610941966,True,False
42,D_PHASE_SHIELD,ID,60,crosswalk,False,False,False,0,0,36.34118117168214,2.037418093532324,True,False
42,D_PHASE_SHIELD,ID,61,crosswalk,False,False,False,0,0,37.266528056816114,0.38373829126358033,True,False
42,D_PHASE_SHIELD,ID,62,crosswalk,False,False,False,0,0,32.225510801527,2.2225712104277173,True,False
42,D_PHASE_SHIELD,ID,63,crosswalk,False,False,False,0,0,31.939402434141087,0.9334734330574671,True,False
42,D_PHASE_SHIELD,ID,64,crosswalk,False,False,False,0,0,29.045552056669727,2.1402173601090904,True,False
42,D_PHASE_SHIELD,ID,65,crosswalk,False,False,False,0,0,37.07604141856956,1.9509321885804334,True,False
42,D_PHASE_SHIELD,ID,66,crosswalk,False,False,False,0,0,33.31221023940173,1.1725835750500362,True,False
42,D_PHASE_SHIELD,ID,67,crosswalk,False,False,False,0,0,28.152305311466563,0.4521466007358149,True,False
42,D_PHASE_SHIELD,ID,68,crosswalk,False,False,False,0,0,31.84793039974693,0.3923191164027561,True,False
42,D_PHASE_SHIELD,ID,69,crosswalk,False,False,False,0,0,30.80744857001453,1.865874541302522,True,False
42,D_PHASE_SHIELD,ID,70,crosswalk,False,False,False,0,0,39.064596016934544,0.5210356259097656,True,False
42,D_PHASE_SHIELD,ID,71,crosswalk,False,False,False,0,0,35.18336374535161,0.3827377843360106,True,False
42,D_PHASE_SHIELD,ID,72,crosswalk,False,False,False,0,0,36.19163913548448,0.39825401889781153,True,False
42,D_PHASE_SHIELD,ID,73,crosswalk,False,False,False,0,0,32.88554898259255,1.945820664140311,True,False
42,D_PHASE_SHIELD,ID,74,crosswalk,False,False,False,0,0,36.3806682557924,0.39179326655964053,True,False
42,D_PHASE_SHIELD,ID,75,crosswalk,False,False,False,0,0,34.60588552443927,1.9232497669079087,True,False
42,D_PHASE_SHIELD,ID,76,crosswalk,False,False,False,0,0,36.03753842270584,0.4088687772552172,True,False
42,D_PHASE_SHIELD,ID,77,crosswalk,False,False,False,0,0,35.42514252205569,2.0448763465339486,True,False
42,D_PHASE_SHIELD,ID,78,crosswalk,False,False,False,0,0,33.73798070933233,1.946224592005213,True,False
42,D_PHASE_SHIELD,ID,79,crosswalk,False,False,False,0,0,34.66341602223632,2.023379294120747,True,False
42,D_PHASE_SHIELD,ID,80,crosswalk,False,False,False,0,0,30.793038461623937,0.41181617904277074,True,False
42,D_PHASE_SHIELD,ID,81,crosswalk,False,False,False,0,0,32.677861413339045,2.265678603540767,True,False
42,D_PHASE_SHIELD,ID,82,crosswalk,False,False,False,0,0,36.00191423842692,2.0482295441130796,True,False
42,D_PHASE_SHIELD,ID,83,crosswalk,False,False,False,0,0,37.43374791334388,0.36695909041624797,True,False
42,D_PHASE_SHIELD,ID,84,crosswalk,False,False,False,0,0,32.382518894310955,1.6767501604297887,True,False
42,D_PHASE_SHIELD,ID,85,crosswalk,False,False,False,0,0,32.33239745803288,0.5001794901632126,True,False
42,D_PHASE_SHIELD,ID,86,crosswalk,False,False,False,0,0,28.71494332925065,1.714394760131836,True,False
42,D_PHASE_SHIELD,ID,87,crosswalk,False,False,False,0,0,35.222537148195684,1.1676653722922008,True,False
42,D_PHASE_SHIELD,ID,88,crosswalk,False,False,False,0,0,30.913819086293202,2.0242918185565784,True,False
42,D_PHASE_SHIELD,ID,89,crosswalk,False,False,False,0,0,33.43219522773032,0.3799409386904343,True,False
42,D_PHASE_SHIELD,ID,90,crosswalk,False,False,False,0,0,28.283808384251827,0.3980404399335384,True,False
42,D_PHASE_SHIELD,ID,91,crosswalk,False,False,False,0,0,28.26089378746954,2.007790790362791,True,False
42,D_PHASE_SHIELD,ID,92,crosswalk,False,False,False,0,0,39.045131155657344,0.6811075722393781,True,False
42,D_PHASE_SHIELD,ID,93,crosswalk,False,False,False,0,0,31.067606095001338,1.8795712168018022,True,False
42,D_PHASE_SHIELD,ID,94,crosswalk,False,False,False,0,0,31.586371339986783,2.1055364112059274,True,False
42,D_PHASE_SHIELD,ID,95,crosswalk,False,False,False,0,0,30.807622206951486,0.37768523124131287,True,False
42,D_PHASE_SHIELD,ID,96,crosswalk,False,False,False,0,0,27.74079981301518,2.305157572031021,True,False
42,D_PHASE_SHIELD,ID,97,crosswalk,False,False,False,0,0,36.983114898185676,0.5666435956954955,True,False
42,D_PHASE_SHIELD,ID,98,crosswalk,False,False,False,0,0,31.294856028979495,2.3748900331556797,True,False
42,D_PHASE_SHIELD,ID,99,crosswalk,False,False,False,0,0,31.35924036219664,0.8369620665907859,True,False
42,D_PHASE_SHIELD,ID,100,stop_intersection,False,False,False,3,1,26.281036949627264,1.8032346643783426,True,False
42,D_PHASE_SHIELD,ID,101,stop_intersection,False,False,False,3,1,31.355451840187143,1.642693030640362,True,False
42,D_PHASE_SHIELD,ID,102,stop_intersection,False,False,False,3,1,26.305298447384594,1.8954017289258818,True,False
42,D_PHASE_SHIELD,ID,103,stop_intersection,False,False,False,3,1,28.962171563701382,1.7695698142051697,True,False
42,D_PHASE_SHIELD,ID,104,stop_intersection,False,False,False,3,1,27.163630063941138,1.720963952834146,True,False
42,D_PHASE_SHIELD,ID,105,stop_intersection,False,False,False,3,1,31.270887043126095,1.6248212073876604,True,False
42,D_PHASE_SHIELD,ID,106,stop_intersection,False,False,False,3,1,32.298538923907955,1.634691777268076,True,False
42,D_PHASE_SHIELD,ID,107,stop_intersection,False,False,False,3,1,30.090575211728996,1.855473916272859,True,False
42,D_PHASE_SHIELD,ID,108,stop_intersection,False,False,False,3,1,31.98701207138954,1.7831626666916738,True,False
42,D_PHASE_SHIELD,ID,109,stop_intersection,False,False,False,3,1,33.376030860175945,1.683998965635532,True,False
42,D_PHASE_SHIELD,ID,110,stop_intersection,False,False,False,3,1,28.88332558137342,1.841774083472587,True,False
42,D_PHASE_SHIELD,ID,111,stop_intersection,False,False,False,3,1,35.6277829532514,1.6481146216392517,True,False
42,D_PHASE_SHIELD,ID,112,stop_intersection,False,False,False,2,1,35.69569960975968,1.6376948214712597,True,False
42,D_PHASE_SHIELD,ID,113,stop_intersection,False,False,False,2,1,35.452259634662056,1.6250728813428728,True,False
42,D_PHASE_SHIELD,ID,114,stop_intersection,False,False,False,3,1,35.31039639519146,1.6428080201148987,True,False
42,D_PHASE_SHIELD,ID,115,stop_intersection,False,False,False,3,1,36.853405733925165,1.6708636993453614,True,False
42,D_PHASE_SHIELD,ID,116,stop_intersection,False,False,False,2,1,30.996192457787867,1.8184973550470251,True,False
42,D_PHASE_SHIELD,ID,117,stop_intersection,False,False,False,2,1,27.642231523746226,1.8254970220832136,True,False
42,D_PHASE_SHIELD,ID,118,stop_intersection,False,False,False,3,1,31.547628003809493,1.7604306026508934,True,False
42,D_PHASE_SHIELD,ID,119,stop_intersection,False,False,False,3,1,34.659200464792974,1.6931139279187213,True,False
42,D_PHASE_SHIELD,ID,120,stop_intersection,False,False,False,3,1,36.940368547068445,1.7225290357581968,True,False
42,D_PHASE_SHIELD,ID,121,stop_intersection,False,False,False,2,1,36.10935909036217,1.6481518603506542,True,False
42,D_PHASE_SHIELD,ID,122,stop_intersection,False,False,False,3,1,32.598448534316,1.5932700014303598,True,False
42,D_PHASE_SHIELD,ID,123,stop_intersection,False,False,False,3,1,26.570032094975335,1.873624109559589,True,False
42,D_PHASE_SHIELD,ID,124,stop_intersection,False,False,False,3,1,33.79279713441846,1.6275090381266577,True,False
42,D_PHASE_SHIELD,ID,125,stop_intersection,False,False,False,3,1,35.182531237789426,1.7066799852906205,True,False
42,D_PHASE_SHIELD,ID,126,stop_intersection,False,False,False,3,1,38.23678951091587,1.5795417409954648,True,False
42,D_PHASE_SHIELD,ID,127,stop_intersection,False,False,False,3,1,27.15705956808043,1.8087673849529688,True,False
42,D_PHASE_SHIELD,ID,128,stop_intersection,False,False,False,3,1,33.21040995902383,1.696686472992102,True,False
42,D_PHASE_SHIELD,ID,129,stop_intersection,False,False,False,2,1,34.95370724097126,1.695313949895099,True,False
42,D_PHASE_SHIELD,ID,130,stop_intersection,False,False,False,2,1,26.812640275147917,1.739817606775384,True,False
42,D_PHASE_SHIELD,ID,131,stop_intersection,False,False,False,2,1,27.84193716640132,1.9155127549612962,True,False
42,D_PHASE_SHIELD,ID,132,stop_intersection,False,False,False,3,1,32.4588806888416,1.7211357057094572,True,False
42,D_PHASE_SHIELD,ID,133,stop_intersection,False,False,False,3,1,30.44522208482026,1.7328942280549269,True,False
42,D_PHASE_SHIELD,ID,134,stop_intersection,False,False,False,3,1,37.991250502258225,1.619085939355599,True,False
42,D_PHASE_SHIELD,ID,135,stop_intersection,False,False,False,2,1,31.64753941277448,1.7900377206313303,True,False
42,D_PHASE_SHIELD,ID,136,stop_intersection,False,False,False,3,1,35.73308856012178,1.605199787505837,True,False
42,D_PHASE_SHIELD,ID,137,stop_intersection,False,False,False,3,1,31.1481753473385,1.6983824908733365,True,False
42,D_PHASE_SHIELD,ID,138,stop_intersection,False,False,False,3,1,32.66278917309006,1.6461128723330614,True,False
42,D_PHASE_SHIELD,ID,139,stop_intersection,False,False,False,3,1,30.561354032863516,1.6973606592569594,True,False
42,D_PHASE_SHIELD,ID,140,stop_intersection,False,False,False,3,1,37.768182344268546,1.5184512933095295,True,False
42,D_PHASE_SHIELD,ID,141,stop_intersection,False,False,False,2,1,37.1177220412877,1.6799603899319966,True,False
42,D_PHASE_SHIELD,ID,142,stop_intersection,False,False,False,3,1,35.04895729305723,1.586797320565512,True,False
42,D_PHASE_SHIELD,ID,143,stop_intersection,False,False,False,3,1,26.43651465776172,1.899532484235587,True,False
42,D_PHASE_SHIELD,ID,144,stop_intersection,False,False,False,2,1,29.153166909422197,1.7112003839932954,True,False
42,D_PHASE_SHIELD,ID,145,stop_intersection,False,False,False,3,1,35.82945768912818,1.7207780989204964,True,False
42,D_PHASE_SHIELD,ID,146,stop_intersection,False,False,False,3,1,36.03297322334697,1.5643571917757844,True,False
42,D_PHASE_SHIELD,ID,147,stop_intersection,False,False,False,3,1,31.40186401571434,1.7618855487587106,True,False
42,D_PHASE_SHIELD,ID,148,stop_intersection,False,False,False,3,1,33.09176806592407,1.6776958762145624,True,False
42,D_PHASE_SHIELD,ID,149,stop_intersection,False,False,False,3,1,35.6876061996097,1.7129478512740717,True,False
42,D_PHASE_SHIELD,ID,150,stop_intersection,False,False,False,3,1,33.9654822046938,1.6807711201954663,True,False
42,D_PHASE_SHIELD,ID,151,stop_intersection,False,False,False,3,1,27.189931204859807,1.9164377583397763,True,False
42,D_PHASE_SHIELD,ID,152,stop_intersection,False,False,False,3,1,27.754504204174708,1.8208133529972386,True,False
42,D_PHASE_SHIELD,ID,153,stop_intersection,False,False,False,3,1,33.861699399377514,1.7467628747224806,True,False
42,D_PHASE_SHIELD,ID,154,stop_intersection,False,False,False,3,1,34.383055524313264,1.6230482998348417,True,False
42,D_PHASE_SHIELD,ID,155,stop_intersection,False,False,False,3,1,29.44220001722423,1.7784721443527622,True,False
42,D_PHASE_SHIELD,ID,156,stop_intersection,False,False,False,3,1,33.21848820711911,1.6038739539328075,True,False
42,D_PHASE_SHIELD,ID,157,stop_intersection,False,False,False,3,1,35.611240983401416,1.6301825888573176,True,False
42,D_PHASE_SHIELD,ID,158,stop_intersection,False,False,False,3,1,35.06891403890667,1.699920034990078,True,False
42,D_PHASE_SHIELD,ID,159,stop_intersection,False,False,False,2,1,31.17350964306522,1.7742085915345411,True,False
42,D_PHASE_SHIELD,ID,160,stop_intersection,False,False,False,3,1,37.9772068752012,1.6739150881767273,True,False
42,D_PHASE_SHIELD,ID,161,stop_intersection,False,False,False,3,1,30.236895671911842,1.780143530745255,True,False
42,D_PHASE_SHIELD,ID,162,stop_intersection,False,False,False,3,1,36.73117961718983,1.7188908559520069,True,False
42,D_PHASE_SHIELD,ID,163,stop_intersection,False,False,False,2,1,32.13453825484116,1.7662356215664465,True,False
42,D_PHASE_SHIELD,ID,164,stop_intersection,False,False,False,3,1,27.513380773137683,1.7541875951998942,True,False
42,D_PHASE_SHIELD,ID,165,stop_intersection,False,False,False,3,1,32.6945896714265,1.749490088886685,True,False
42,D_PHASE_SHIELD,ID,166,stop_intersection,False,False,False,2,1,38.135063187490175,1.6309060024660686,True,False
42,D_PHASE_SHIELD,ID,167,stop_intersection,False,False,False,2,1,28.195254954214867,1.7785176728901109,True,False
42,D_PHASE_SHIELD,ID,168,stop_intersection,False,False,False,3,1,34.96215654934993,1.6448716322580972,True,False
42,D_PHASE_SHIELD,ID,169,stop_intersection,False,False,False,2,1,34.88746793205566,1.7586519658565518,True,False
42,D_PHASE_SHIELD,ID,170,stop_intersection,False,False,False,3,1,29.775064194366934,1.7408256841520977,True,False
42,D_PHASE_SHIELD,ID,171,stop_intersection,False,False,False,3,1,29.261552657163758,1.78356667789253,True,False
42,D_PHASE_SHIELD,ID,172,stop_intersection,False,False,False,3,1,28.167584429385265,1.8601328005661835,True,False
42,D_PHASE_SHIELD,ID,173,stop_intersection,False,False,False,3,1,28.05988297365299,1.7637762741038672,True,False
42,D_PHASE_SHIELD,ID,174,stop_intersection,False,False,False,3,1,34.16154072719401,1.6115461715630122,True,False
42,D_PHASE_SHIELD,ID,175,stop_intersection,False,False,False,3,1,27.220019131745673,1.733828489717684,True,False
42,D_PHASE_SHIELD,ID,176,stop_intersection,False,False,False,3,1,36.16887942038766,1.6351128476006642,True,False
42,D_PHASE_SHIELD,ID,177,stop_intersection,False,False,False,3,1,30.27347641113612,1.8365554119411267,True,False
42,D_PHASE_SHIELD,ID,178,stop_intersection,False,False,False,3,1,28.58927120598735,1.7523778896582753,True,False
42,D_PHASE_SHIELD,ID,179,stop_intersection,False,False,False,3,1,29.84117716099093,1.6574928586681683,True,False
42,D_PHASE_SHIELD,ID,180,stop_intersection,False,False,False,3,1,31.437598127661246,1.7812653499790743,True,False
42,D_PHASE_SHIELD,ID,181,stop_intersection,False,False,False,3,1,35.03227998617575,1.699406576835043,True,False
42,D_PHASE_SHIELD,ID,182,stop_intersection,False,False,False,2,1,30.67331589203486,1.698309397086119,True,False
42,D_PHASE_SHIELD,ID,183,stop_intersection,False,False,False,3,1,35.13122634880861,1.6321423649787903,True,False
42,D_PHASE_SHIELD,ID,184,stop_intersection,False,False,False,3,1,33.51616717212629,1.6679406825119885,True,False
42,D_PHASE_SHIELD,ID,185,stop_intersection,False,False,False,3,1,36.49130172952792,1.6627417575745356,True,False
42,D_PHASE_SHIELD,ID,186,stop_intersection,False,False,False,3,1,34.91934787656005,1.5749576757120531,True,False
42,D_PHASE_SHIELD,ID,187,stop_intersection,False,False,False,2,1,37.013176057101894,1.7309634714591793,True,False
42,D_PHASE_SHIELD,ID,188,stop_intersection,False,False,False,2,1,29.49266953164601,1.723217603407408,True,False
42,D_PHASE_SHIELD,ID,189,stop_intersection,False,False,False,3,1,35.10484716467243,1.6477319740113756,True,False
42,D_PHASE_SHIELD,ID,190,stop_intersection,False,False,False,3,1,35.67573122409813,1.6014306360436963,True,False
42,D_PHASE_SHIELD,ID,191,stop_intersection,False,False,False,2,1,31.523829646179845,1.7623083051453292,True,False
42,D_PHASE_SHIELD,ID,192,stop_intersection,False,False,False,2,1,31.181912425910163,1.8394733175896762,True,False
42,D_PHASE_SHIELD,ID,193,stop_intersection,False,False,False,2,1,29.014012911019385,1.810995716797678,True,False
42,D_PHASE_SHIELD,ID,194,stop_intersection,False,False,False,3,1,29.975408256772575,1.8255647175144731,True,False
42,D_PHASE_SHIELD,ID,195,stop_intersection,False,False,False,3,1,35.08872495347747,1.5965584267017452,True,False
42,D_PHASE_SHIELD,ID,196,stop_intersection,False,False,False,3,1,28.23698182446131,1.8347026174132888,True,False
42,D_PHASE_SHIELD,ID,197,stop_intersection,False,False,False,2,1,27.781315684858775,1.8170985096209757,True,False
42,D_PHASE_SHIELD,ID,198,stop_intersection,False,False,False,2,1,28.054957765441472,1.7298040332501396,True,False
42,D_PHASE_SHIELD,ID,199,stop_intersection,False,False,False,3,1,37.34802774427538,1.6719279828525724,True,False
42,D_PHASE_SHIELD,ID,200,lead_brake,False,False,False,0,0,76.17508081281282,4.839484944939613,True,False
42,D_PHASE_SHIELD,ID,201,lead_brake,False,False,False,0,0,84.35183372061586,7.012229636311531,True,False
42,D_PHASE_SHIELD,ID,202,lead_brake,False,False,False,0,0,63.96326078211733,2.803625086943308,True,False
42,D_PHASE_SHIELD,ID,203,lead_brake,False,False,False,0,0,61.932651989618364,5.08803745607535,True,False
42,D_PHASE_SHIELD,ID,204,lead_brake,False,False,False,0,0,86.3027957212925,6.075726447006066,True,False
42,D_PHASE_SHIELD,ID,205,lead_brake,False,False,False,0,0,62.6459868993545,2.2082021981477737,True,False
42,D_PHASE_SHIELD,ID,206,lead_brake,False,False,False,0,0,76.24341345815716,5.040181224544843,True,False
42,D_PHASE_SHIELD,ID,207,lead_brake,False,False,False,0,0,73.39085518732492,0.33079943557580305,True,False
42,D_PHASE_SHIELD,ID,208,lead_brake,False,False,False,0,0,78.3339575100682,2.558819164832433,True,False
42,D_PHASE_SHIELD,ID,209,lead_brake,False,False,False,0,0,59.64700629214495,10.736387784282366,True,False
42,D_PHASE_SHIELD,ID,210,lead_brake,False,False,False,0,0,62.182161344431975,4.826219690342744,True,False
42,D_PHASE_SHIELD,ID,211,lead_brake,False,False,False,0,0,77.3418433516179,1.1602514684200287,True,False
42,D_PHASE_SHIELD,ID,212,lead_brake,False,False,False,0,0,78.16862187411533,8.977376813689867,True,False
42,D_PHASE_SHIELD,ID,213,lead_brake,False,False,False,0,0,54.256305792762575,7.232380177825688,True,False
42,D_PHASE_SHIELD,ID,214,lead_brake,False,False,False,0,0,91.89002080545299,0.3567875474691391,True,False
42,D_PHASE_SHIELD,ID,215,lead_brake,False,False,False,0,0,66.2565540925844,10.33466195811828,True,False
42,D_PHASE_SHIELD,ID,216,lead_brake,False,False,False,0,0,59.99214027438671,2.6624951933821044,True,False
42,D_PHASE_SHIELD,ID,217,lead_brake,False,False,False,0,0,60.31232635188084,7.647553198039532,True,False
42,D_PHASE_SHIELD,ID,218,lead_brake,False,False,False,0,0,62.06213491035798,7.671869910011689,True,False
42,D_PHASE_SHIELD,ID,219,lead_brake,False,False,False,0,0,76.30119762651505,4.6868599355220795,True,False
42,D_PHASE_SHIELD,ID,220,lead_brake,False,False,False,0,0,54.72947820940203,1.9151654827098052,True,False
42,D_PHASE_SHIELD,ID,221,lead_brake,False,False,False,0,0,52.740057487904366,5.421355060612162,True,False
42,D_PHASE_SHIELD,ID,222,lead_brake,False,False,False,0,0,83.21388152522644,0.7163826078176497,True,False
42,D_PHASE_SHIELD,ID,223,lead_brake,False,False,False,0,0,66.86596591955126,5.6238494863112765,True,False
42,D_PHASE_SHIELD,ID,224,lead_brake,False,False,False,0,0,71.00476259810651,9.066324313481648,True,False
42,D_PHASE_SHIELD,ID,225,lead_brake,False,False,False,0,0,95.86144567340608,0.5849361568689346,True,False
42,D_PHASE_SHIELD,ID,226,lead_brake,False,False,False,0,0,65.1782388405402,9.501389779150486,True,False
42,D_PHASE_SHIELD,ID,227,lead_brake,False,False,False,0,0,97.44449024820366,0.0768549603720506,True,False
42,D_PHASE_SHIELD,ID,228,lead_brake,False,False,False,0,0,74.42402633185489,1.8603718578815458,True,False
42,D_PHASE_SHIELD,ID,229,lead_brake,False,False,False,0,0,68.80237013276432,9.488115429878233,True,False
42,D_PHASE_SHIELD,ID,230,lead_brake,False,False,False,0,0,84.19769559919841,0.6150655448436737,True,False
42,D_PHASE_SHIELD,ID,231,lead_brake,False,False,False,0,0,94.040630237459,0.34567708646257717,True,False
42,D_PHASE_SHIELD,ID,232,lead_brake,False,False,False,0,0,78.38915726997108,7.308005757629871,True,False
42,D_PHASE_SHIELD,ID,233,lead_brake,False,False,False,0,0,60.69076253300253,2.6580105225245156,True,False
42,D_PHASE_SHIELD,ID,234,lead_brake,False,False,False,0,0,64.77179296818436,9.724307497342426,True,False
42,D_PHASE_SHIELD,ID,235,lead_brake,False,False,False,0,0,95.03326359878905,1.0787652557094891,True,False
42,D_PHASE_SHIELD,ID,236,lead_brake,False,False,False,0,0,75.95317520982135,4.089903401831785,True,False
42,D_PHASE_SHIELD,ID,237,lead_brake,False,False,False,0,0,55.880011850433476,11.840392674009005,True,False
42,D_PHASE_SHIELD,ID,238,lead_brake,False,False,False,0,0,73.01684937718632,8.542406869431337,True,False
42,D_PHASE_SHIELD,ID,239,lead_brake,False,False,False,0,0,75.2556693951135,3.654972622791926,True,False
42,D_PHASE_SHIELD,ID,240,lead_brake,False,False,False,0,0,73.95453561150674,8.065038152039051,True,False
42,D_PHASE_SHIELD,ID,241,lead_brake,False,False,False,0,0,55.08128062112158,8.444158104093123,True,False
42,D_PHASE_SHIELD,ID,242,lead_brake,False,False,False,0,0,92.19679291977334,1.4968731415768461,True,False
42,D_PHASE_SHIELD,ID,243,lead_brake,False,False,False,0,0,94.06311356789188,0.37043509383996326,True,False
42,D_PHASE_SHIELD,ID,244,lead_brake,False,False,False,0,0,60.72380794762947,9.7160549685359,True,False
42,D_PHASE_SHIELD,ID,245,lead_brake,False,False,False,0,0,68.14682864778828,6.951352704316378,True,False
42,D_PHASE_SHIELD,ID,246,lead_brake,False,False,False,0,0,69.62959207460375,3.764767453074455,True,False
42,D_PHASE_SHIELD,ID,247,lead_brake,False,False,False,0,0,67.66907372535624,5.265449408441782,True,False
42,D_PHASE_SHIELD,ID,248,lead_brake,False,False,False,0,0,56.937937596528705,2.231756820032994,True,False
42,D_PHASE_SHIELD,ID,249,lead_brake,False,False,False,0,0,60.58251908366377,11.34292257328828,True,False
42,D_PHASE_SHIELD,ID,250,lead_brake,False,False,False,0,0,62.663290894605545,5.692876743773619,True,False
42,D_PHASE_SHIELD,ID,251,lead_brake,False,False,False,0,0,63.56912037661251,2.8528328786293664,True,False
42,D_PHASE_SHIELD,ID,252,lead_brake,False,False,False,0,0,82.25190989894493,5.138893565783898,True,False
42,D_PHASE_SHIELD,ID,253,lead_brake,False,False,False,0,0,90.50936266623214,0.32907729347546893,True,False
42,D_PHASE_SHIELD,ID,254,lead_brake,False,False,False,0,0,57.553455196551134,10.79109606395165,True,False
42,D_PHASE_SHIELD,ID,255,lead_brake,False,False,False,0,0,69.42291712738101,6.9601428136229515,True,False
42,D_PHASE_SHIELD,ID,256,lead_brake,False,False,False,0,0,61.08997344338374,5.158237020795544,True,False
42,D_PHASE_SHIELD,ID,257,lead_brake,False,False,False,0,0,95.5752985847373,0.8113951757550238,True,False
42,D_PHASE_SHIELD,ID,258,lead_brake,False,False,False,0,0,71.75322942814309,6.082885868847369,True,False
42,D_PHASE_SHIELD,ID,259,lead_brake,False,False,False,0,0,98.12784428268671,0.029338682691256206,True,False
42,D_PHASE_SHIELD,ID,260,lead_brake,False,False,False,0,0,57.190642113688526,12.226402472704649,True,False
42,D_PHASE_SHIELD,ID,261,lead_brake,False,False,False,0,0,68.77690315710923,6.75717348853747,True,False
42,D_PHASE_SHIELD,ID,262,lead_brake,False,False,False,0,0,54.322934935194624,6.925071666638056,True,False
42,D_PHASE_SHIELD,ID,263,lead_brake,False,False,False,0,0,60.5040927613098,10.514877565205095,True,False
42,D_PHASE_SHIELD,ID,264,lead_brake,False,False,False,0,0,93.18943987666792,1.101312426229318,True,False
42,D_PHASE_SHIELD,ID,265,lead_brake,False,False,False,0,0,86.85543163188308,2.3801450903216996,True,False
42,D_PHASE_SHIELD,ID,266,lead_brake,False,False,False,0,0,66.51907192542238,4.0195037722587585,True,False
42,D_PHASE_SHIELD,ID,267,lead_brake,False,False,False,0,0,79.78994553643156,1.0278638874491055,True,False
42,D_PHASE_SHIELD,ID,268,lead_brake,False,False,False,0,0,60.80752643326713,8.970068710545698,True,False
42,D_PHASE_SHIELD,ID,269,lead_brake,False,False,False,0,0,70.21924437616202,6.654617550472418,True,False
42,D_PHASE_SHIELD,ID,270,lead_brake,False,False,False,0,0,78.66614852575458,6.253335997462273,True,False
42,D_PHASE_SHIELD,ID,271,lead_brake,False,False,False,0,0,69.25960800959616,10.95408203949531,True,False
42,D_PHASE_SHIELD,ID,272,lead_brake,False,False,False,0,0,87.32828162640156,0.3536950846513112,True,False
42,D_PHASE_SHIELD,ID,273,lead_brake,False,False,False,0,0,61.27544370511621,7.451219476759434,True,False
42,D_PHASE_SHIELD,ID,274,lead_brake,False,False,False,0,0,95.11119379894144,0.2693678140640259,True,False
42,D_PHASE_SHIELD,ID,275,lead_brake,False,False,False,0,0,85.50025018751624,2.5269018200536566,True,False
42,D_PHASE_SHIELD,ID,276,lead_brake,False,False,False,0,0,59.58061888055856,1.670682723323504,True,False
42,D_PHASE_SHIELD,ID,277,lead_brake,False,False,False,0,0,76.52570179952939,4.035982879499594,True,False
42,D_PHASE_SHIELD,ID,278,lead_brake,False,False,False,0,0,81.27405008551727,0.30440720419089,True,False
42,D_PHASE_SHIELD,ID,279,lead_brake,False,False,False,0,0,91.03198496862113,2.2256864036122956,True,False
42,D_PHASE_SHIELD,ID,280,lead_brake,False,False,False,0,0,81.82528503169966,0.9462120061119397,True,False
42,D_PHASE_SHIELD,ID,281,lead_brake,False,False,False,0,0,82.4577997853952,1.613999533156554,True,False
42,D_PHASE_SHIELD,ID,282,lead_brake,False,False,False,0,0,87.68622867764026,3.0242486993471775,True,False
42,D_PHASE_SHIELD,ID,283,lead_brake,False,False,False,0,0,56.399137200448784,7.267881942912935,True,False
42,D_PHASE_SHIELD,ID,284,lead_brake,False,False,False,0,0,85.4906574735046,6.130977234492699,True,False
42,D_PHASE_SHIELD,ID,285,lead_brake,False,False,False,0,0,71.01557761479341,9.709924772381783,True,False
42,D_PHASE_SHIELD,ID,286,lead_brake,False,False,False,0,0,92.3860966154872,1.634431893626849,True,False
42,D_PHASE_SHIELD,ID,287,lead_brake,False,False,False,0,0,75.95984278120943,8.85977603495121,True,False
42,D_PHASE_SHIELD,ID,288,lead_brake,False,False,False,0,0,67.89381548571842,10.4813463712732,True,False
42,D_PHASE_SHIELD,ID,289,lead_brake,False,False,False,0,0,61.11176486735169,6.565078742802142,True,False
42,D_PHASE_SHIELD,ID,290,lead_brake,False,False,False,0,0,95.44734365836284,0.1274234689772129,True,False
42,D_PHASE_SHIELD,ID,291,lead_brake,False,False,False,0,0,76.80427639529064,0.6929393957058588,True,False
42,D_PHASE_SHIELD,ID,292,lead_brake,False,False,False,0,0,73.70978506632092,0.387530376513799,True,False
42,D_PHASE_SHIELD,ID,293,lead_brake,False,False,False,0,0,80.57047498316133,2.764379061758518,True,False
42,D_PHASE_SHIELD,ID,294,lead_brake,False,False,False,0,0,60.32848998968094,2.4908182869354882,True,False
42,D_PHASE_SHIELD,ID,295,lead_brake,False,False,False,0,0,82.30507779661595,2.3532162637760243,True,False
42,D_PHASE_SHIELD,ID,296,lead_brake,False,False,False,0,0,61.06959515469331,0.4942220076918602,True,False
42,D_PHASE_SHIELD,ID,297,lead_brake,False,False,False,0,0,74.6009296658915,0.450748565296332,True,False
42,D_PHASE_SHIELD,ID,298,lead_brake,False,False,False,0,0,94.02511011641283,0.6482125595211982,True,False
42,D_PHASE_SHIELD,ID,299,lead_brake,False,False,False,0,0,67.37131125596571,0.5463230510552723,True,False
42,D_PHASE_SHIELD,OOD,0,crosswalk,False,False,False,2,0,30.387034085493116,2.8125697911061622,True,False
42,D_PHASE_SHIELD,OOD,1,crosswalk,False,False,False,0,0,31.20982142832529,1.4182903730508052,True,False
42,D_PHASE_SHIELD,OOD,2,crosswalk,False,False,False,4,1,22.997339869958875,1.4674532342524753,True,False
42,D_PHASE_SHIELD,OOD,3,crosswalk,False,False,False,0,0,30.444210400492874,1.6780956053152318,True,False
42,D_PHASE_SHIELD,OOD,4,crosswalk,False,False,False,0,0,24.72974480244344,1.350876245743189,True,False
42,D_PHASE_SHIELD,OOD,5,crosswalk,False,False,False,2,1,25.037224987505276,2.735746640534628,True,False
42,D_PHASE_SHIELD,OOD,6,crosswalk,False,False,False,1,1,20.66372321774974,2.0556364095572266,True,False
42,D_PHASE_SHIELD,OOD,7,crosswalk,False,False,False,2,1,22.219565877372982,2.647469331297958,True,False
42,D_PHASE_SHIELD,OOD,8,crosswalk,False,False,False,2,1,30.321926066381145,1.874160091744529,True,False
42,D_PHASE_SHIELD,OOD,9,crosswalk,False,False,False,0,0,29.84345218123279,1.5680244484463253,True,False
42,D_PHASE_SHIELD,OOD,10,crosswalk,False,False,False,1,1,26.39382754060242,2.185894917874109,True,False
42,D_PHASE_SHIELD,OOD,11,crosswalk,False,False,False,2,1,24.29479293668689,2.3256999210613527,True,False
42,D_PHASE_SHIELD,OOD,12,crosswalk,False,False,False,3,1,27.36278261803766,1.6863115628560383,True,False
42,D_PHASE_SHIELD,OOD,13,crosswalk,False,False,False,2,1,23.449086497435758,2.4109292548635732,True,False
42,D_PHASE_SHIELD,OOD,14,crosswalk,False,False,False,2,1,31.36541766075098,2.294656528839989,True,False
42,D_PHASE_SHIELD,OOD,15,crosswalk,False,False,False,1,1,22.509322010365644,1.9475209307163321,True,False
42,D_PHASE_SHIELD,OOD,16,crosswalk,False,False,False,2,1,22.72299187089634,2.2386007931497365,True,False
42,D_PHASE_SHIELD,OOD,17,crosswalk,False,False,False,3,1,21.12749057096066,1.4187054674733768,True,False
42,D_PHASE_SHIELD,OOD,18,crosswalk,False,False,False,3,1,22.19907300742423,1.7567567567567568,True,False
42,D_PHASE_SHIELD,OOD,19,crosswalk,False,False,False,2,1,22.00025236433437,2.6774220126015793,True,False
42,D_PHASE_SHIELD,OOD,20,crosswalk,False,False,False,3,1,29.757772709507428,1.526174464460575,True,False
42,D_PHASE_SHIELD,OOD,21,crosswalk,False,False,False,2,1,22.32844779590694,2.3571629407613175,True,False
42,D_PHASE_SHIELD,OOD,22,crosswalk,False,False,False,1,1,21.135025817991032,2.6488486076394717,True,False
42,D_PHASE_SHIELD,OOD,23,crosswalk,False,False,False,3,1,29.123863247043957,2.2928167410599167,True,False
42,D_PHASE_SHIELD,OOD,24,crosswalk,False,False,False,0,0,22.24779606109844,1.8314211106881861,True,False
42,D_PHASE_SHIELD,OOD,25,crosswalk,False,False,False,3,1,22.432010096014228,1.3126025923976192,True,False
42,D_PHASE_SHIELD,OOD,26,crosswalk,False,False,False,3,1,22.93105781430502,1.3904378548048546,True,False
42,D_PHASE_SHIELD,OOD,27,crosswalk,False,False,False,2,1,29.439466143893114,2.5448433588380395,True,False
42,D_PHASE_SHIELD,OOD,28,crosswalk,False,False,False,2,1,30.96669739885038,2.6144742591258807,True,False
42,D_PHASE_SHIELD,OOD,29,crosswalk,False,False,False,0,0,29.32883892996016,1.5027555113747006,True,False
42,D_PHASE_SHIELD,OOD,30,crosswalk,False,False,False,0,0,28.58403761855177,1.6628427758361353,True,False
42,D_PHASE_SHIELD,OOD,31,crosswalk,False,False,False,1,1,23.213624717213925,1.8839685842394829,True,False
42,D_PHASE_SHIELD,OOD,32,crosswalk,False,False,False,3,1,27.767860163760368,2.1645168538974677,True,False
42,D_PHASE_SHIELD,OOD,33,crosswalk,False,False,False,3,1,26.715498846819195,2.4617396402892058,True,False
42,D_PHASE_SHIELD,OOD,34,crosswalk,False,False,False,4,1,24.66994820044644,1.4130434782608694,True,False
42,D_PHASE_SHIELD,OOD,35,crosswalk,False,False,False,1,1,22.403218535937015,2.1019835582999296,True,False
42,D_PHASE_SHIELD,OOD,36,crosswalk,False,False,False,1,1,21.328205130086005,1.9371112050833523,True,False
42,D_PHASE_SHIELD,OOD,37,crosswalk,False,False,False,2,1,22.71121873629625,2.7040996838074465,True,False
42,D_PHASE_SHIELD,OOD,38,crosswalk,False,False,False,3,1,20.846886230700605,1.625,True,False
42,D_PHASE_SHIELD,OOD,39,crosswalk,False,False,False,3,1,30.53408542008456,2.275737413101726,True,False
42,D_PHASE_SHIELD,OOD,40,crosswalk,False,False,False,1,1,21.699162297975164,2.1103380560412885,True,False
42,D_PHASE_SHIELD,OOD,41,crosswalk,False,False,False,4,1,24.281836974287586,1.4404036866294012,True,False
42,D_PHASE_SHIELD,OOD,42,crosswalk,False,False,False,0,0,25.55037287632089,2.176666353878222,True,False
42,D_PHASE_SHIELD,OOD,43,crosswalk,False,False,False,3,1,20.68395910717704,1.3933419096164215,True,False
42,D_PHASE_SHIELD,OOD,44,crosswalk,False,False,False,3,1,31.37559364940117,1.432945244701196,True,False
42,D_PHASE_SHIELD,OOD,45,crosswalk,False,False,False,1,1,21.690728100351517,1.9506670629724543,True,False
42,D_PHASE_SHIELD,OOD,46,crosswalk,False,False,False,4,1,30.883968213709167,1.4927266402678054,True,False
42,D_PHASE_SHIELD,OOD,47,crosswalk,False,False,False,2,1,24.467989353730097,2.4469825106136724,True,False
42,D_PHASE_SHIELD,OOD,48,crosswalk,False,False,False,3,1,27.611221784135036,1.6878424546657462,True,False
42,D_PHASE_SHIELD,OOD,49,crosswalk,False,False,False,0,0,26.954699844262088,1.7123903334140778,True,False
42,D_PHASE_SHIELD,OOD,50,crosswalk,False,False,False,0,0,27.2918703674759,1.3992703126536477,True,False
42,D_PHASE_SHIELD,OOD,51,crosswalk,False,False,False,0,0,26.94774122591155,1.942855417728424,True,False
42,D_PHASE_SHIELD,OOD,52,crosswalk,False,False,False,0,0,22.150704099164315,2.0810318797042493,True,False
42,D_PHASE_SHIELD,OOD,53,crosswalk,False,False,False,3,1,21.934752465180843,1.627098611883215,True,False
42,D_PHASE_SHIELD,OOD,54,crosswalk,False,False,False,0,1,25.368577965494158,1.1692235469818115,True,False
42,D_PHASE_SHIELD,OOD,55,crosswalk,False,False,False,0,0,29.56064304580528,1.8621659435723958,True,False
42,D_PHASE_SHIELD,OOD,56,crosswalk,False,False,False,2,1,22.763719983302593,2.421307348927786,True,False
42,D_PHASE_SHIELD,OOD,57,crosswalk,False,False,False,1,1,21.469858570557438,2.157502885961878,True,False
42,D_PHASE_SHIELD,OOD,58,crosswalk,False,False,False,2,1,28.7023363644509,2.132263751528787,True,False
42,D_PHASE_SHIELD,OOD,59,crosswalk,False,False,False,1,1,23.35945925664402,2.037506253161329,True,False
42,D_PHASE_SHIELD,OOD,60,crosswalk,False,False,False,3,1,27.57886247563969,1.7585609617986178,True,False
42,D_PHASE_SHIELD,OOD,61,crosswalk,False,False,False,3,1,23.496944425563072,1.6666666666666665,True,False
42,D_PHASE_SHIELD,OOD,62,crosswalk,False,False,False,3,1,28.450880631691305,1.4459826764853103,True,False
42,D_PHASE_SHIELD,OOD,63,crosswalk,False,False,False,3,1,21.696796004638703,1.5853658536585364,True,False
42,D_PHASE_SHIELD,OOD,64,crosswalk,False,False,False,1,1,24.42413557379762,2.446537087129992,True,False
42,D_PHASE_SHIELD,OOD,65,crosswalk,False,False,False,3,1,30.33405455877616,1.4765323003133137,True,False
42,D_PHASE_SHIELD,OOD,66,crosswalk,False,False,False,1,1,21.647720841073465,2.0511913475890955,True,False
42,D_PHASE_SHIELD,OOD,67,crosswalk,False,False,False,1,1,27.95535536976995,2.194843361112806,True,False
42,D_PHASE_SHIELD,OOD,68,crosswalk,False,False,False,3,1,20.71683663892341,1.4557676288214596,True,False
42,D_PHASE_SHIELD,OOD,69,crosswalk,False,False,False,4,1,25.529333586672514,1.770982130153759,True,False
42,D_PHASE_SHIELD,OOD,70,crosswalk,False,False,False,0,0,23.22667924987296,1.860418311859432,True,False
42,D_PHASE_SHIELD,OOD,71,crosswalk,False,False,False,1,0,28.176344233831735,1.8732978290365647,True,False
42,D_PHASE_SHIELD,OOD,72,crosswalk,False,False,False,3,1,23.11477483419708,1.5812344958142535,True,False
42,D_PHASE_SHIELD,OOD,73,crosswalk,False,False,False,3,1,28.21330556480509,1.4817338519626193,True,False
42,D_PHASE_SHIELD,OOD,74,crosswalk,False,False,False,3,1,24.63901494975845,1.751649363620861,True,False
42,D_PHASE_SHIELD,OOD,75,crosswalk,False,False,False,0,0,26.79266987677247,1.7456642381454768,True,False
42,D_PHASE_SHIELD,OOD,76,crosswalk,False,False,False,1,1,29.13682864073948,1.686637922381678,True,False
42,D_PHASE_SHIELD,OOD,77,crosswalk,False,False,False,4,1,26.01013280745827,1.563023044949486,True,False
42,D_PHASE_SHIELD,OOD,78,crosswalk,False,False,False,1,1,29.410525907649713,1.9950536065029372,True,False
42,D_PHASE_SHIELD,OOD,79,crosswalk,False,False,False,0,0,20.26184273550325,1.9565900601446629,True,False
42,D_PHASE_SHIELD,OOD,80,crosswalk,False,False,False,0,0,24.43540749082012,1.7070123018362584,True,False
42,D_PHASE_SHIELD,OOD,81,crosswalk,False,False,False,0,0,23.021417502583716,2.0197857916355133,True,False
42,D_PHASE_SHIELD,OOD,82,crosswalk,False,False,False,2,1,25.091403218043467,2.117602698180986,True,False
42,D_PHASE_SHIELD,OOD,83,crosswalk,False,False,False,1,1,28.926064772088132,1.8759389623351719,True,False
42,D_PHASE_SHIELD,OOD,84,crosswalk,False,False,False,3,1,27.757855464151902,1.557728038277737,True,False
42,D_PHASE_SHIELD,OOD,85,crosswalk,False,False,False,3,1,21.86350918780584,1.4131517517897818,True,False
42,D_PHASE_SHIELD,OOD,86,crosswalk,False,False,False,1,0,31.07303509150458,2.0883045055364304,True,False
42,D_PHASE_SHIELD,OOD,87,crosswalk,False,False,False,3,1,22.790936255988633,1.4397361150494328,True,False
42,D_PHASE_SHIELD,OOD,88,crosswalk,False,False,False,4,1,30.231774155272305,1.5530088543891907,True,False
42,D_PHASE_SHIELD,OOD,89,crosswalk,False,False,False,2,1,28.60326852316042,2.2352623200231747,True,False
42,D_PHASE_SHIELD,OOD,90,crosswalk,False,False,False,3,1,30.62902548597453,1.6870336532592771,True,False
42,D_PHASE_SHIELD,OOD,91,crosswalk,False,False,False,3,1,23.44216014676219,1.709039034070195,True,False
42,D_PHASE_SHIELD,OOD,92,crosswalk,False,False,False,2,1,24.528982289114474,2.2778477876905407,True,False
42,D_PHASE_SHIELD,OOD,93,crosswalk,False,False,False,1,1,20.91059099241233,1.8745476271618493,True,False
42,D_PHASE_SHIELD,OOD,94,crosswalk,False,False,False,2,1,26.204310104902405,2.4166077591370847,True,False
42,D_PHASE_SHIELD,OOD,95,crosswalk,False,False,False,3,1,21.494074222407477,1.6617898222727652,True,False
42,D_PHASE_SHIELD,OOD,96,crosswalk,False,False,False,3,1,28.33638837419192,2.2663104902635247,True,False
42,D_PHASE_SHIELD,OOD,97,crosswalk,False,False,False,2,1,30.538920405155253,2.334814366969195,True,False
42,D_PHASE_SHIELD,OOD,98,crosswalk,False,False,False,0,0,27.366887585518498,1.4401136730846604,True,False
42,D_PHASE_SHIELD,OOD,99,crosswalk,False,False,False,2,1,28.088909696805814,2.4483267595802527,True,False
42,D_PHASE_SHIELD,OOD,100,stop_intersection,False,False,False,1,1,22.93731116490804,2.931343817959229,True,False
42,D_PHASE_SHIELD,OOD,101,stop_intersection,False,False,False,0,1,25.292695671582123,2.0923012759950423,True,False
42,D_PHASE_SHIELD,OOD,102,stop_intersection,False,False,False,2,1,30.660265111984014,1.78890604425121,True,False
42,D_PHASE_SHIELD,OOD,103,stop_intersection,False,False,False,1,1,26.918275248482033,2.2084030508995056,True,False
42,D_PHASE_SHIELD,OOD,104,stop_intersection,False,False,False,1,1,26.713653515849813,2.0784611385880094,True,False
42,D_PHASE_SHIELD,OOD,105,stop_intersection,False,False,False,0,1,21.21130679038162,2.596574054985511,True,False
42,D_PHASE_SHIELD,OOD,106,stop_intersection,False,False,False,3,1,30.79013301185305,1.8045844258488835,True,False
42,D_PHASE_SHIELD,OOD,107,stop_intersection,False,False,False,0,1,28.293241374079457,2.006205117448847,True,False
42,D_PHASE_SHIELD,OOD,108,stop_intersection,False,False,False,1,1,24.638445808433616,3.2505183893701304,True,False
42,D_PHASE_SHIELD,OOD,109,stop_intersection,False,False,False,1,1,21.818854313356063,4.280301263166028,True,False
42,D_PHASE_SHIELD,OOD,110,stop_intersection,False,False,False,0,1,24.25587830427205,2.7108385617082766,True,False
42,D_PHASE_SHIELD,OOD,111,stop_intersection,False,False,False,0,1,23.61978033741829,2.6584443179043853,True,False
42,D_PHASE_SHIELD,OOD,112,stop_intersection,False,False,False,1,1,24.023411655578855,2.696522746910003,True,False
42,D_PHASE_SHIELD,OOD,113,stop_intersection,False,False,False,3,1,30.46865757244327,1.4870801017139896,True,False
42,D_PHASE_SHIELD,OOD,114,stop_intersection,False,False,False,1,1,24.08212832081071,4.048633350266351,True,False
42,D_PHASE_SHIELD,OOD,115,stop_intersection,False,False,False,3,1,24.65248990662277,1.7496764015507054,True,False
42,D_PHASE_SHIELD,OOD,116,stop_intersection,False,False,False,0,1,22.027479219023327,3.4556449014087054,True,False
42,D_PHASE_SHIELD,OOD,117,stop_intersection,False,False,False,0,1,29.002672720838053,2.304860314597254,True,False
42,D_PHASE_SHIELD,OOD,118,stop_intersection,False,False,False,3,1,28.24962453030491,1.758934490315549,True,False
42,D_PHASE_SHIELD,OOD,119,stop_intersection,False,False,False,1,1,23.924032329921403,3.4465605833313684,True,False
42,D_PHASE_SHIELD,OOD,120,stop_intersection,False,False,False,2,1,30.79440888060811,1.969673088354658,True,False
42,D_PHASE_SHIELD,OOD,121,stop_intersection,False,False,False,2,1,21.119537832628666,2.28378503350541,True,False
42,D_PHASE_SHIELD,OOD,122,stop_intersection,False,False,False,3,1,24.42550978932416,1.5697280032847953,True,False
42,D_PHASE_SHIELD,OOD,123,stop_intersection,False,False,False,3,1,31.236612156870745,1.641303330659866,True,False
42,D_PHASE_SHIELD,OOD,124,stop_intersection,False,False,False,2,1,28.58961763306462,2.252265770536984,True,False
42,D_PHASE_SHIELD,OOD,125,stop_intersection,False,False,False,2,1,23.645703315077906,1.4245659510294597,True,False
42,D_PHASE_SHIELD,OOD,126,stop_intersection,False,False,False,0,1,31.2727949275344,2.3671782270390938,True,False
42,D_PHASE_SHIELD,OOD,127,stop_intersection,False,False,False,0,1,29.02633987615282,2.0555973813888873,True,False
42,D_PHASE_SHIELD,OOD,128,stop_intersection,False,False,False,3,1,29.40855457588391,1.7345426584544934,True,False
42,D_PHASE_SHIELD,OOD,129,stop_intersection,False,False,False,1,1,26.63441180322219,3.143935241597764,True,False
42,D_PHASE_SHIELD,OOD,130,stop_intersection,False,False,False,2,1,21.705578040730288,1.456308736357578,True,False
42,D_PHASE_SHIELD,OOD,131,stop_intersection,False,False,False,0,1,24.57092661996534,2.6817444590635073,True,False
42,D_PHASE_SHIELD,OOD,132,stop_intersection,False,False,False,2,1,21.128182598474528,3.1602257630992225,True,False
42,D_PHASE_SHIELD,OOD,133,stop_intersection,False,False,False,1,1,25.051510423870216,3.1895012311313464,True,False
42,D_PHASE_SHIELD,OOD,134,stop_intersection,False,False,False,3,1,26.043354549525546,1.7588205273086959,True,False
42,D_PHASE_SHIELD,OOD,135,stop_intersection,False,False,False,3,1,21.517643454660245,1.5219631797482824,True,False
42,D_PHASE_SHIELD,OOD,136,stop_intersection,False,False,False,3,1,25.477060530323833,1.8594381053436984,True,False
42,D_PHASE_SHIELD,OOD,137,stop_intersection,False,False,False,0,1,30.962680044981735,1.5484743250740898,True,False
42,D_PHASE_SHIELD,OOD,138,stop_intersection,False,False,False,2,1,30.667207963227614,2.2408439378912854,True,False
42,D_PHASE_SHIELD,OOD,139,stop_intersection,False,False,False,3,1,27.499800726163674,1.664409968588087,True,False
42,D_PHASE_SHIELD,OOD,140,stop_intersection,False,False,False,2,1,24.881864235013406,1.5390038674785977,True,False
42,D_PHASE_SHIELD,OOD,141,stop_intersection,False,False,False,3,1,29.112603823035585,1.5094597639963607,True,False
42,D_PHASE_SHIELD,OOD,142,stop_intersection,False,False,False,1,1,22.914687097665855,2.7048234370621764,True,False
42,D_PHASE_SHIELD,OOD,143,stop_intersection,False,False,False,0,1,28.348017651680507,2.012015197958265,True,False
42,D_PHASE_SHIELD,OOD,144,stop_intersection,False,False,False,2,1,30.164473112917257,1.6680047552809756,True,False
42,D_PHASE_SHIELD,OOD,145,stop_intersection,False,False,False,1,1,27.308915292784548,3.143725319111601,True,False
42,D_PHASE_SHIELD,OOD,146,stop_intersection,False,False,False,2,1,27.136141847670615,2.6924490850222735,True,False
42,D_PHASE_SHIELD,OOD,147,stop_intersection,False,False,False,3,1,20.88294118779209,1.754741486128386,True,False
42,D_PHASE_SHIELD,OOD,148,stop_intersection,False,False,False,2,1,20.49195424826298,1.2699167685849324,True,False
42,D_PHASE_SHIELD,OOD,149,stop_intersection,False,False,False,1,1,29.079068418326646,2.1956505800815336,True,False
42,D_PHASE_SHIELD,OOD,150,stop_intersection,False,False,False,2,1,22.767615835501083,2.1193703622489735,True,False
42,D_PHASE_SHIELD,OOD,151,stop_intersection,False,False,False,3,1,23.152925412015158,1.6417122514624343,True,False
42,D_PHASE_SHIELD,OOD,152,stop_intersection,False,False,False,3,1,30.554429680206624,1.817832121977935,True,False
42,D_PHASE_SHIELD,OOD,153,stop_intersection,False,False,False,2,1,30.040317821544697,1.6117711905541459,True,False
42,D_PHASE_SHIELD,OOD,154,stop_intersection,False,False,False,1,1,21.199361503949987,4.092829525470734,True,False
42,D_PHASE_SHIELD,OOD,155,stop_intersection,False,False,False,2,1,24.166412788034542,1.7977400068883542,True,False
42,D_PHASE_SHIELD,OOD,156,stop_intersection,False,False,False,1,1,22.082340294200293,3.5922393202781677,True,False
42,D_PHASE_SHIELD,OOD,157,stop_intersection,False,False,False,0,1,23.15613659071292,2.5791955132817113,True,False
42,D_PHASE_SHIELD,OOD,158,stop_intersection,False,False,False,1,1,30.395217236548437,1.9479175445645351,True,False
42,D_PHASE_SHIELD,OOD,159,stop_intersection,False,False,False,3,1,28.83327149012954,1.518398216528486,True,False
42,D_PHASE_SHIELD,OOD,160,stop_intersection,False,False,False,1,1,25.38225019822652,2.3354377694751904,True,False
42,D_PHASE_SHIELD,OOD,161,stop_intersection,False,False,False,2,1,23.577876528507197,1.388360768124677,True,False
42,D_PHASE_SHIELD,OOD,162,stop_intersection,False,False,False,2,1,27.221269445986184,1.5221727864686831,True,False
42,D_PHASE_SHIELD,OOD,163,stop_intersection,False,False,False,3,1,25.86996926364858,1.622779308259487,True,False
42,D_PHASE_SHIELD,OOD,164,stop_intersection,False,False,False,2,1,24.025731880719164,1.4726321540137592,True,False
42,D_PHASE_SHIELD,OOD,165,stop_intersection,False,False,False,1,1,28.310310335897725,1.7824686846949838,True,False
42,D_PHASE_SHIELD,OOD,166,stop_intersection,False,False,False,0,1,26.77660656167579,2.0353367775678635,True,False
42,D_PHASE_SHIELD,OOD,167,stop_intersection,False,False,False,3,1,30.22801609904406,1.4297990954440571,True,False
42,D_PHASE_SHIELD,OOD,168,stop_intersection,False,False,False,3,1,30.977329861525654,1.4994352514093572,True,False
42,D_PHASE_SHIELD,OOD,169,stop_intersection,False,False,False,3,1,28.110442681279174,1.6697342696352901,True,False
42,D_PHASE_SHIELD,OOD,170,stop_intersection,False,False,False,3,1,20.643148035033924,1.6684628908450787,True,False
42,D_PHASE_SHIELD,OOD,171,stop_intersection,False,False,False,3,1,21.335261759123412,1.5839518829508943,True,False
42,D_PHASE_SHIELD,OOD,172,stop_intersection,False,False,False,1,1,22.018536732694734,4.724881403976016,True,False
42,D_PHASE_SHIELD,OOD,173,stop_intersection,False,False,False,3,1,28.42351051232453,1.5243046589843603,True,False
42,D_PHASE_SHIELD,OOD,174,stop_intersection,False,False,False,1,1,22.033194503072227,4.469219751474333,True,False
42,D_PHASE_SHIELD,OOD,175,stop_intersection,False,False,False,3,1,27.695309830634407,1.8335248082876205,True,False
42,D_PHASE_SHIELD,OOD,176,stop_intersection,False,False,False,1,1,21.90363599249248,3.3036593157191607,True,False
42,D_PHASE_SHIELD,OOD,177,stop_intersection,False,False,False,0,1,30.757696021145772,1.7584761630657109,True,False
42,D_PHASE_SHIELD,OOD,178,stop_intersection,False,False,False,3,1,28.33797637303389,1.7192153548985196,True,False
42,D_PHASE_SHIELD,OOD,179,stop_intersection,False,False,False,1,1,28.075827863744863,2.115419844786326,True,False
42,D_PHASE_SHIELD,OOD,180,stop_intersection,False,False,False,3,1,21.372474338562245,1.4345102575090196,True,False
42,D_PHASE_SHIELD,OOD,181,stop_intersection,False,False,False,3,1,30.92608163417033,1.6518352925777435,True,False
42,D_PHASE_SHIELD,OOD,182,stop_intersection,False,False,False,2,1,22.73338868445625,1.626675397157669,True,False
42,D_PHASE_SHIELD,OOD,183,stop_intersection,False,False,False,2,1,21.904667563711833,1.7011547841523822,True,False
42,D_PHASE_SHIELD,OOD,184,stop_intersection,False,False,False,0,1,30.212105746901365,2.4116801835120993,True,False
42,D_PHASE_SHIELD,OOD,185,stop_intersection,False,False,False,2,1,25.889275718504678,1.4015726110209588,True,False
42,D_PHASE_SHIELD,OOD,186,stop_intersection,False,False,False,0,1,30.40823550971989,2.328306995332241,True,False
42,D_PHASE_SHIELD,OOD,187,stop_intersection,False,False,False,1,1,27.282861152992215,2.4178293703967686,True,False
42,D_PHASE_SHIELD,OOD,188,stop_intersection,False,False,False,1,1,30.798435742161555,2.107392114897569,True,False
42,D_PHASE_SHIELD,OOD,189,stop_intersection,False,False,False,3,1,29.53581688488795,1.7833106888307109,True,False
42,D_PHASE_SHIELD,OOD,190,stop_intersection,False,False,False,1,1,24.55284045885898,2.4963117398713766,True,False
42,D_PHASE_SHIELD,OOD,191,stop_intersection,False,False,False,2,1,26.341664397845285,2.2111259118274407,True,False
42,D_PHASE_SHIELD,OOD,192,stop_intersection,False,False,False,3,1,29.91669926236849,1.5092558592788932,True,False
42,D_PHASE_SHIELD,OOD,193,stop_intersection,False,False,False,2,1,23.812352038858013,1.404018465677897,True,False
42,D_PHASE_SHIELD,OOD,194,stop_intersection,False,False,False,3,1,26.518334305752752,1.5135816742283428,True,False
42,D_PHASE_SHIELD,OOD,195,stop_intersection,False,False,False,0,1,26.720223974251944,2.5567420069561444,True,False
42,D_PHASE_SHIELD,OOD,196,stop_intersection,False,False,False,3,1,22.594554151286182,1.4518209809348694,True,False
42,D_PHASE_SHIELD,OOD,197,stop_intersection,False,False,False,1,1,29.218761120209177,2.342300465951363,True,False
42,D_PHASE_SHIELD,OOD,198,stop_intersection,False,False,False,1,1,28.810840082508523,2.052867460617984,True,False
42,D_PHASE_SHIELD,OOD,199,stop_intersection,False,False,False,1,1,28.003281941661143,1.7570404079225326,True,False
42,D_PHASE_SHIELD,OOD,200,lead_brake,False,False,False,0,0,33.65322773426767,5.91862874602278,True,False
42,D_PHASE_SHIELD,OOD,201,lead_brake,False,False,False,0,0,30.5124758620507,4.21678347637256,True,False
42,D_PHASE_SHIELD,OOD,202,lead_brake,False,False,False,0,0,25.65376557746245,5.589759291460116,True,False
42,D_PHASE_SHIELD,OOD,203,lead_brake,False,False,False,0,0,30.512661158551172,8.241906809310118,True,False
42,D_PHASE_SHIELD,OOD,204,lead_brake,False,False,False,0,0,29.396753302959258,5.612416272362073,True,False
42,D_PHASE_SHIELD,OOD,205,lead_brake,False,False,False,0,0,28.175666035898473,5.024886531134445,True,False
42,D_PHASE_SHIELD,OOD,206,lead_brake,False,False,False,0,0,29.927513543950255,8.304938056816656,True,False
42,D_PHASE_SHIELD,OOD,207,lead_brake,False,False,False,0,0,32.60322882516241,6.2958419273296995,True,False
42,D_PHASE_SHIELD,OOD,208,lead_brake,False,False,False,0,0,37.92597630613891,6.109040981779495,True,False
42,D_PHASE_SHIELD,OOD,209,lead_brake,False,False,False,0,0,30.40250483264445,5.383983006079991,True,False
42,D_PHASE_SHIELD,OOD,210,lead_brake,False,False,False,0,0,29.470705445976677,6.817296334852775,True,False
42,D_PHASE_SHIELD,OOD,211,lead_brake,False,False,False,0,0,36.28310903206469,8.50998230278492,True,False
42,D_PHASE_SHIELD,OOD,212,lead_brake,False,False,False,0,0,27.271652621007128,7.303664669394492,True,False
42,D_PHASE_SHIELD,OOD,213,lead_brake,False,False,False,0,0,30.59601839083798,3.6611304817100363,True,False
42,D_PHASE_SHIELD,OOD,214,lead_brake,False,False,False,0,0,34.78213901873398,6.746969503040115,True,False
42,D_PHASE_SHIELD,OOD,215,lead_brake,False,False,False,0,0,26.495822864439685,6.40676133831342,True,False
42,D_PHASE_SHIELD,OOD,216,lead_brake,False,False,False,0,0,40.053217362876914,4.646205851187308,True,False
42,D_PHASE_SHIELD,OOD,217,lead_brake,False,False,False,0,0,34.528325369879596,7.46614781456689,True,False
42,D_PHASE_SHIELD,OOD,218,lead_brake,False,False,False,0,0,26.372471487396602,8.409067680438358,True,False
42,D_PHASE_SHIELD,OOD,219,lead_brake,False,False,False,0,0,34.20813737181185,5.53749525733292,True,False
42,D_PHASE_SHIELD,OOD,220,lead_brake,False,False,False,0,0,35.02964517764778,6.308916054666042,True,False
42,D_PHASE_SHIELD,OOD,221,lead_brake,False,False,False,0,0,23.873011126071233,8.387596817066271,True,False
42,D_PHASE_SHIELD,OOD,222,lead_brake,False,False,False,0,0,39.59587157131637,3.4317103462914624,True,False
42,D_PHASE_SHIELD,OOD,223,lead_brake,False,False,False,0,0,26.08141172613742,7.754731276383002,True,False
42,D_PHASE_SHIELD,OOD,224,lead_brake,False,False,False,0,0,31.07711959989589,9.040495458369454,True,False
42,D_PHASE_SHIELD,OOD,225,lead_brake,False,False,False,0,0,31.72594918673248,5.544565578301747,True,False
42,D_PHASE_SHIELD,OOD,226,lead_brake,False,False,False,0,0,26.95735423140227,7.314409867549935,True,False
42,D_PHASE_SHIELD,OOD,227,lead_brake,False,False,False,0,0,38.50621603596877,4.664811253547668,True,False
42,D_PHASE_SHIELD,OOD,228,lead_brake,False,False,False,0,0,39.578903864807415,8.326951370884975,True,False
42,D_PHASE_SHIELD,OOD,229,lead_brake,False,False,False,0,0,43.06475181512536,7.919549680625398,True,False
42,D_PHASE_SHIELD,OOD,230,lead_brake,False,False,False,0,0,33.91022212315906,4.580056423942247,True,False
42,D_PHASE_SHIELD,OOD,231,lead_brake,False,False,False,0,0,35.09710794242034,3.637382990370194,True,False
42,D_PHASE_SHIELD,OOD,232,lead_brake,False,False,False,0,0,32.638829288268674,7.0636034514755,True,False
42,D_PHASE_SHIELD,OOD,233,lead_brake,False,False,False,0,0,29.805183390464627,7.0013584047555915,True,False
42,D_PHASE_SHIELD,OOD,234,lead_brake,False,False,False,0,0,28.943582681596254,2.609985377639532,True,False
42,D_PHASE_SHIELD,OOD,235,lead_brake,False,False,False,0,0,32.15347002064459,2.892947797973951,True,False
42,D_PHASE_SHIELD,OOD,236,lead_brake,False,False,False,0,0,42.51050045251845,2.7113532461225986,True,False
42,D_PHASE_SHIELD,OOD,237,lead_brake,False,False,False,0,0,40.36226198020189,3.420892731597026,True,False
42,D_PHASE_SHIELD,OOD,238,lead_brake,False,False,False,0,0,26.01985999271275,6.18253140648206,True,False
42,D_PHASE_SHIELD,OOD,239,lead_brake,False,False,False,0,0,34.273251131535034,7.003582303101817,True,False
42,D_PHASE_SHIELD,OOD,240,lead_brake,False,False,False,0,0,36.70564213365321,7.37060655032595,True,False
42,D_PHASE_SHIELD,OOD,241,lead_brake,False,False,False,0,0,25.552109890235645,3.8740820710857706,True,False
42,D_PHASE_SHIELD,OOD,242,lead_brake,False,False,False,0,0,26.77523887621954,5.955855724712212,True,False
42,D_PHASE_SHIELD,OOD,243,lead_brake,False,False,False,0,0,30.886895181304567,5.299039592345555,True,False
42,D_PHASE_SHIELD,OOD,244,lead_brake,False,False,False,0,0,41.66936873584988,2.854218937456608,True,False
42,D_PHASE_SHIELD,OOD,245,lead_brake,False,False,False,0,0,43.487207920551256,6.818775077660877,True,False
42,D_PHASE_SHIELD,OOD,246,lead_brake,False,False,False,0,0,26.62532932697833,6.697262207667032,True,False
42,D_PHASE_SHIELD,OOD,247,lead_brake,False,False,False,0,0,31.285303710277084,6.0425461661070585,True,False
42,D_PHASE_SHIELD,OOD,248,lead_brake,False,False,False,0,0,27.42675971791702,5.647140459467967,True,False
42,D_PHASE_SHIELD,OOD,249,lead_brake,False,False,False,0,0,23.823113265494428,7.05802608281374,True,False
42,D_PHASE_SHIELD,OOD,250,lead_brake,False,False,False,0,0,33.543023906354954,5.931427766879398,True,False
42,D_PHASE_SHIELD,OOD,251,lead_brake,False,False,False,0,0,30.821120030518536,8.439177575831613,True,False
42,D_PHASE_SHIELD,OOD,252,lead_brake,False,False,False,0,0,40.14164993330335,8.1076004045705,True,False
42,D_PHASE_SHIELD,OOD,253,lead_brake,False,False,False,0,0,28.693365870416148,6.331297737856706,True,False
42,D_PHASE_SHIELD,OOD,254,lead_brake,False,False,False,0,0,28.022461050817586,4.708264934519926,True,False
42,D_PHASE_SHIELD,OOD,255,lead_brake,False,False,False,0,0,34.37900577319165,6.804296753679712,True,False
42,D_PHASE_SHIELD,OOD,256,lead_brake,False,False,False,0,0,24.854723022729164,6.780079717437426,True,False
42,D_PHASE_SHIELD,OOD,257,lead_brake,False,False,False,0,0,30.804691210530837,4.707367817560832,True,False
42,D_PHASE_SHIELD,OOD,258,lead_brake,False,False,False,0,0,23.44121152320854,4.577800127367178,True,False
42,D_PHASE_SHIELD,OOD,259,lead_brake,False,False,False,0,0,43.14983113599945,8.002686859263727,True,False
42,D_PHASE_SHIELD,OOD,260,lead_brake,False,False,False,0,0,34.631026576777266,3.8167318043609457,True,False
42,D_PHASE_SHIELD,OOD,261,lead_brake,False,False,False,0,0,28.609429415287636,4.890715171893437,True,False
42,D_PHASE_SHIELD,OOD,262,lead_brake,False,False,False,0,0,38.34900368439368,7.930691342179974,True,False
42,D_PHASE_SHIELD,OOD,263,lead_brake,False,False,False,0,0,30.513766894419234,5.835495355228582,True,False
42,D_PHASE_SHIELD,OOD,264,lead_brake,False,False,False,0,0,44.62543150905522,6.854387708939612,True,False
42,D_PHASE_SHIELD,OOD,265,lead_brake,False,False,False,0,0,40.15758608694281,7.39061212229232,True,False
42,D_PHASE_SHIELD,OOD,266,lead_brake,False,False,False,0,0,32.2719658622516,7.9545575845986605,True,False
42,D_PHASE_SHIELD,OOD,267,lead_brake,False,False,False,0,0,29.435462198154372,5.094387836754321,True,False
42,D_PHASE_SHIELD,OOD,268,lead_brake,False,False,False,0,0,29.091218998481533,7.2719580133756,True,False
42,D_PHASE_SHIELD,OOD,269,lead_brake,False,False,False,0,0,31.452322599570056,8.229170699914295,True,False
42,D_PHASE_SHIELD,OOD,270,lead_brake,False,False,False,0,0,25.40216886165406,3.980787379046281,True,False
42,D_PHASE_SHIELD,OOD,271,lead_brake,False,False,False,0,0,36.22188455523209,4.876228356113036,True,False
42,D_PHASE_SHIELD,OOD,272,lead_brake,False,False,False,0,0,34.19057486635802,5.917326083406806,True,False
42,D_PHASE_SHIELD,OOD,273,lead_brake,False,False,False,0,0,34.74971845248325,4.673229782531658,True,False
42,D_PHASE_SHIELD,OOD,274,lead_brake,False,False,False,0,0,37.18765675589002,5.281533332541584,True,False
42,D_PHASE_SHIELD,OOD,275,lead_brake,False,False,False,0,0,32.956502997987414,5.7918913799027605,True,False
42,D_PHASE_SHIELD,OOD,276,lead_brake,False,False,False,0,0,28.45344605904717,3.9419386486212407,True,False
42,D_PHASE_SHIELD,OOD,277,lead_brake,False,False,False,0,0,29.489092967808272,5.92576332266132,True,False
42,D_PHASE_SHIELD,OOD,278,lead_brake,False,False,False,0,0,30.02425623249582,3.5002450843652086,True,False
42,D_PHASE_SHIELD,OOD,279,lead_brake,False,False,False,0,0,38.69620293118054,7.185610005632042,True,False
42,D_PHASE_SHIELD,OOD,280,lead_brake,False,False,False,0,0,30.44077653053819,4.054917785028616,True,False
42,D_PHASE_SHIELD,OOD,281,lead_brake,False,False,False,0,0,31.31298636347057,6.782116627941528,True,False
42,D_PHASE_SHIELD,OOD,282,lead_brake,False,False,False,0,0,32.13540002119343,3.5761123088498907,True,False
42,D_PHASE_SHIELD,OOD,283,lead_brake,False,False,False,0,0,36.49419962972399,7.798576259364684,True,False
42,D_PHASE_SHIELD,OOD,284,lead_brake,False,False,False,0,0,25.760499443789655,9.230354931205511,True,False
42,D_PHASE_SHIELD,OOD,285,lead_brake,False,False,False,0,0,35.23994461083472,6.353663974131147,True,False
42,D_PHASE_SHIELD,OOD,286,lead_brake,False,False,False,0,0,28.962729483175384,3.0152790620923042,True,False
42,D_PHASE_SHIELD,OOD,287,lead_brake,False,False,False,0,0,32.46687106084054,8.069481992473206,True,False
42,D_PHASE_SHIELD,OOD,288,lead_brake,False,False,False,0,0,26.539480059349568,4.827727392315865,True,False
42,D_PHASE_SHIELD,OOD,289,lead_brake,False,False,False,0,0,39.73196891779828,3.513105974843105,True,False
42,D_PHASE_SHIELD,OOD,290,lead_brake,False,False,False,0,0,33.60975513973744,5.356659278273582,True,False
42,D_PHASE_SHIELD,OOD,291,lead_brake,False,False,False,0,0,21.527036197483543,5.067436106503009,True,False
42,D_PHASE_SHIELD,OOD,292,lead_brake,False,False,False,0,0,36.052120261034275,6.72299824655056,True,False
42,D_PHASE_SHIELD,OOD,293,lead_brake,False,False,False,0,0,25.32269096349041,8.522931071619192,True,False
42,D_PHASE_SHIELD,OOD,294,lead_brake,False,False,False,0,0,26.58251297732901,4.091740796963374,True,False
42,D_PHASE_SHIELD,OOD,295,lead_brake,False,False,False,0,0,28.14047222778202,3.0040861951808133,True,False
42,D_PHASE_SHIELD,OOD,296,lead_brake,False,False,False,0,0,35.517425268210644,7.896147252991795,True,False
42,D_PHASE_SHIELD,OOD,297,lead_brake,False,False,False,0,0,38.90963899266034,3.5937138361235457,True,False
42,D_PHASE_SHIELD,OOD,298,lead_brake,False,False,False,0,0,21.108000892364764,6.968607659141222,True,False
42,D_PHASE_SHIELD,OOD,299,lead_brake,False,False,False,0,0,25.564864226553986,4.152248702943325,True,False
43,A_STATE,ID,0,crosswalk,False,False,False,0,0,29.25201970930764,2.220064740289341,True,False
43,A_STATE,ID,1,crosswalk,False,False,False,0,0,38.08572972897764,0.9395431370163957,True,False
43,A_STATE,ID,2,crosswalk,False,False,False,0,0,28.12070950069724,2.597857870553669,True,False
43,A_STATE,ID,3,crosswalk,False,False,False,0,0,32.43892351078731,2.2976331980455487,True,False
43,A_STATE,ID,4,crosswalk,False,False,False,0,0,33.58208985176388,2.2630282762375744,True,False
43,A_STATE,ID,5,crosswalk,False,False,False,0,0,28.260960756803616,2.0544231715409653,True,False
43,A_STATE,ID,6,crosswalk,False,False,False,0,0,35.26799897285396,0.48909983174367383,True,False
43,A_STATE,ID,7,crosswalk,False,False,False,0,0,37.23276705851571,2.0613599568605423,True,False
43,A_STATE,ID,8,crosswalk,False,False,False,0,0,27.41544596001375,2.037569362184276,True,False
43,A_STATE,ID,9,crosswalk,False,False,False,0,0,34.051214705290896,1.9786353341557763,True,False
43,A_STATE,ID,10,crosswalk,False,False,False,0,0,36.201086006434615,1.9935243933097175,True,False
43,A_STATE,ID,11,crosswalk,False,False,False,0,0,33.43801013350755,2.069850116968155,True,False
43,A_STATE,ID,12,crosswalk,False,False,False,0,0,28.204368282757105,1.432291139897547,True,False
43,A_STATE,ID,13,crosswalk,False,False,False,0,0,31.656798822140928,1.7468159354251362,True,False
43,A_STATE,ID,14,crosswalk,False,False,False,0,0,29.539774610623034,2.213219715790315,True,False
43,A_STATE,ID,15,crosswalk,False,False,False,0,0,34.904839394988265,0.4014665552455446,True,False
43,A_STATE,ID,16,crosswalk,False,False,False,0,0,26.834929915467697,2.5372707181506686,True,False
43,A_STATE,ID,17,crosswalk,False,False,False,0,0,26.73135014017188,2.295627239204588,True,False
43,A_STATE,ID,18,crosswalk,False,False,False,0,0,35.59693054289256,1.758594958280975,True,False
43,A_STATE,ID,19,crosswalk,False,False,False,0,0,38.37288577909773,0.5493669336040815,True,False
43,A_STATE,ID,20,crosswalk,False,False,False,0,0,31.344936801799058,2.0803269034340266,True,False
43,A_STATE,ID,21,crosswalk,False,False,False,0,0,31.779920234035572,1.7308122292160988,True,False
43,A_STATE,ID,22,crosswalk,False,False,False,0,0,28.115817005976865,1.9654497297273743,True,False
43,A_STATE,ID,23,crosswalk,False,False,False,0,0,35.1032267037187,0.4622842269864949,True,False
43,A_STATE,ID,24,crosswalk,False,False,False,0,0,27.866864027158705,1.895618528911942,True,False
43,A_STATE,ID,25,crosswalk,False,False,False,0,0,29.058231637856885,1.9563416356132142,True,False
43,A_STATE,ID,26,crosswalk,False,False,False,0,0,27.134532712404827,2.5189475793587532,True,False
43,A_STATE,ID,27,crosswalk,False,False,False,0,0,31.383430033064975,2.007051184773445,True,False
43,A_STATE,ID,28,crosswalk,False,False,False,0,0,35.422664160298,1.2840341302481564,True,False
43,A_STATE,ID,29,crosswalk,False,False,False,0,0,28.882794724498503,2.428284093737602,True,False
43,A_STATE,ID,30,crosswalk,False,False,False,0,0,32.375848033412474,0.6481649269434538,True,False
43,A_STATE,ID,31,crosswalk,False,False,False,0,0,28.088275124321807,2.0319324472676152,True,False
43,A_STATE,ID,32,crosswalk,False,False,False,0,0,38.57329076540898,1.7330718257774909,True,False
43,A_STATE,ID,33,crosswalk,False,False,False,0,0,31.97375831469111,0.39663340718973245,True,False
43,A_STATE,ID,34,crosswalk,False,False,False,0,0,35.84648056341561,0.7849632048358519,True,False
43,A_STATE,ID,35,crosswalk,False,False,False,0,0,28.802062683837438,2.044440896614738,True,False
43,A_STATE,ID,36,crosswalk,False,False,False,0,0,38.14322793382853,0.4006584495306015,True,False
43,A_STATE,ID,37,crosswalk,False,False,False,0,0,31.26484532320173,2.256598960269581,True,False
43,A_STATE,ID,38,crosswalk,False,False,False,0,0,34.229799138892595,2.0370873684684434,True,False
43,A_STATE,ID,39,crosswalk,False,False,False,0,0,28.68527172545112,1.8748283758759499,True,False
43,A_STATE,ID,40,crosswalk,False,False,False,0,0,31.9617832778761,0.45551273294470523,True,False
43,A_STATE,ID,41,crosswalk,False,False,False,0,0,35.213347890581,1.6734256900169633,True,False
43,A_STATE,ID,42,crosswalk,False,False,False,0,0,38.25223594529879,0.5718345940113068,True,False
43,A_STATE,ID,43,crosswalk,False,False,False,0,0,30.83493415075519,1.977287580569585,True,False
43,A_STATE,ID,44,crosswalk,False,False,False,0,0,31.394664999684863,1.8310243210622241,True,False
43,A_STATE,ID,45,crosswalk,False,False,False,0,0,35.815584351348186,0.8265123671541611,True,False
43,A_STATE,ID,46,crosswalk,False,False,False,0,0,30.49936812898114,2.2459550066427747,True,False
43,A_STATE,ID,47,crosswalk,False,False,False,0,0,28.19646242999963,0.48821461200714106,True,False
43,A_STATE,ID,48,crosswalk,False,False,False,0,0,34.446247516624844,0.33576450000206626,True,False
43,A_STATE,ID,49,crosswalk,False,False,False,0,0,37.786562191855,0.4904676358336988,True,False
43,A_STATE,ID,50,crosswalk,False,False,False,0,0,30.118564860645915,2.254246562719345,True,False
43,A_STATE,ID,51,crosswalk,False,False,False,0,0,30.06957781296016,0.37656159628005254,True,False
43,A_STATE,ID,52,crosswalk,False,False,False,0,0,36.66406648130373,0.4193359799683094,True,False
43,A_STATE,ID,53,crosswalk,False,False,False,0,0,37.89808305771513,0.8724019587039947,True,False
43,A_STATE,ID,54,crosswalk,False,False,False,0,0,37.339658114950694,0.3730897605419159,True,False
43,A_STATE,ID,55,crosswalk,False,False,False,0,0,34.16162224195017,1.9808060506528073,True,False
43,A_STATE,ID,56,crosswalk,False,False,False,0,0,30.682407580627988,2.290631355274291,True,False
43,A_STATE,ID,57,crosswalk,False,False,False,0,0,33.00919823944369,2.2602411088618366,True,False
43,A_STATE,ID,58,crosswalk,False,False,False,0,0,35.71831508124921,0.9512592657752659,True,False
43,A_STATE,ID,59,crosswalk,False,False,False,0,0,34.99983700743555,0.3480630585302909,True,False
43,A_STATE,ID,60,crosswalk,False,False,False,0,0,36.250762294080516,2.0683570454518,True,False
43,A_STATE,ID,61,crosswalk,False,False,False,0,0,37.311838525936864,0.3758112594485283,True,False
43,A_STATE,ID,62,crosswalk,False,False,False,0,0,32.10598288849305,2.26179610599171,True,False
43,A_STATE,ID,63,crosswalk,False,False,False,0,0,32.06925889527862,0.9139240639550346,True,False
43,A_STATE,ID,64,crosswalk,False,False,False,0,0,29.127962093889252,2.206275977194309,True,False
43,A_STATE,ID,65,crosswalk,False,False,False,0,0,37.08169081922102,1.9188642594963312,True,False
43,A_STATE,ID,66,crosswalk,False,False,False,0,0,33.448124773136044,1.1092039020288558,True,False
43,A_STATE,ID,67,crosswalk,False,False,False,0,0,28.30385498931537,0.4346098319480294,True,False
43,A_STATE,ID,68,crosswalk,False,False,False,0,0,32.01369928148512,0.3436334194107489,True,False
43,A_STATE,ID,69,crosswalk,False,False,False,0,0,30.46475243497043,2.0013065387805304,True,False
43,A_STATE,ID,70,crosswalk,False,False,False,0,0,39.01478657924237,0.5133394043271741,True,False
43,A_STATE,ID,71,crosswalk,False,False,False,0,0,35.331119769950696,0.34600596719731885,True,False
43,A_STATE,ID,72,crosswalk,False,False,False,0,0,34.96995963268122,0.4155958152335623,True,False
43,A_STATE,ID,73,crosswalk,False,False,False,0,0,32.96861078706595,1.9590849971229378,True,False
43,A_STATE,ID,74,crosswalk,False,False,False,0,0,36.816162446246885,0.42608965498705703,True,False
43,A_STATE,ID,75,crosswalk,False,False,False,0,0,34.685138688075014,1.8482339348305354,True,False
43,A_STATE,ID,76,crosswalk,False,False,False,0,0,34.54426247578226,0.37625170596267865,True,False
43,A_STATE,ID,77,crosswalk,False,False,False,0,0,35.51108012219148,1.9415730237960815,True,False
43,A_STATE,ID,78,crosswalk,False,False,False,0,0,33.599005799847944,2.0267841840783754,True,False
43,A_STATE,ID,79,crosswalk,False,False,False,0,0,34.70087140905378,2.0425204220025437,True,False
43,A_STATE,ID,80,crosswalk,False,False,False,0,0,30.965790579734595,0.3599934350876581,True,False
43,A_STATE,ID,81,crosswalk,False,False,False,0,0,32.5590432819518,2.2590438615192063,True,False
43,A_STATE,ID,82,crosswalk,False,False,False,0,0,35.87317798504614,2.0735343856116137,True,False
43,A_STATE,ID,83,crosswalk,False,False,False,0,0,37.94907116780994,0.3770252460470566,True,False
43,A_STATE,ID,84,crosswalk,False,False,False,0,0,32.42069604569293,1.735444444677104,True,False
43,A_STATE,ID,85,crosswalk,False,False,False,0,0,32.44894631542377,0.47564931213855743,True,False
43,A_STATE,ID,86,crosswalk,False,False,False,0,0,28.467509838497477,1.8624911308288574,True,False
43,A_STATE,ID,87,crosswalk,False,False,False,0,0,35.32310030778069,1.037093090514342,True,False
43,A_STATE,ID,88,crosswalk,False,False,False,0,0,30.68535346184156,2.125498393307561,True,False
43,A_STATE,ID,89,crosswalk,False,False,False,0,0,33.76151645480398,0.33788662241852796,True,False
43,A_STATE,ID,90,crosswalk,False,False,False,0,0,28.43533707798742,0.46254177764058113,True,False
43,A_STATE,ID,91,crosswalk,False,False,False,0,0,28.007768245067275,2.166861119595441,True,False
43,A_STATE,ID,92,crosswalk,False,False,False,0,0,39.074383315252824,0.6265367535145385,True,False
43,A_STATE,ID,93,crosswalk,False,False,False,0,0,30.72215564362729,2.0046298454205194,True,False
43,A_STATE,ID,94,crosswalk,False,False,False,0,0,31.690859294364913,2.125844813528515,True,False
43,A_STATE,ID,95,crosswalk,False,False,False,0,0,31.17100543513428,0.3819244388829578,True,False
43,A_STATE,ID,96,crosswalk,False,False,False,0,0,27.632536969823555,2.4004928171634674,True,False
43,A_STATE,ID,97,crosswalk,False,False,False,0,0,36.99453903106924,0.5610815733671188,True,False
43,A_STATE,ID,98,crosswalk,False,False,False,0,0,29.86892876171447,2.488886290474942,True,False
43,A_STATE,ID,99,crosswalk,False,False,False,0,0,31.50801270082541,0.7941523268818854,True,False
43,A_STATE,ID,100,stop_intersection,False,False,False,0,1,26.64124969797296,1.3654846275174939,True,False
43,A_STATE,ID,101,stop_intersection,False,False,False,0,1,31.714835775210624,1.227413330759321,True,False
43,A_STATE,ID,102,stop_intersection,False,False,False,0,1,26.686090570051856,1.4023472328443782,True,False
43,A_STATE,ID,103,stop_intersection,False,False,False,0,1,29.33481326255223,1.3385417828193076,True,False
43,A_STATE,ID,104,stop_intersection,False,False,False,0,1,27.50975660291817,1.2414365854018772,True,False
43,A_STATE,ID,105,stop_intersection,False,False,False,0,1,31.610179262329346,1.1958584047499157,True,False
43,A_STATE,ID,106,stop_intersection,False,False,False,0,1,32.65338989061795,1.2277799560910179,True,False
43,A_STATE,ID,107,stop_intersection,False,False,False,0,1,30.4886925839391,1.4353675748172559,True,False
43,A_STATE,ID,108,stop_intersection,False,False,False,0,1,32.371149684373705,1.354484051465988,True,False
43,A_STATE,ID,109,stop_intersection,False,False,False,0,1,33.73365793023285,1.2282137260880581,True,False
43,A_STATE,ID,110,stop_intersection,False,False,False,0,1,29.27241622544457,1.41220759404333,True,False
43,A_STATE,ID,111,stop_intersection,False,False,False,0,1,36.01051829590044,1.2394725444704986,True,False
43,A_STATE,ID,112,stop_intersection,False,False,False,0,1,36.07140194746208,1.2471880607826764,True,False
43,A_STATE,ID,113,stop_intersection,False,False,False,0,1,35.824548865269726,1.232034868972246,True,False
43,A_STATE,ID,114,stop_intersection,False,False,False,0,1,35.68610197452739,1.233105978300405,True,False
43,A_STATE,ID,115,stop_intersection,False,False,False,0,1,37.23966889431633,1.2478354919788448,True,False
43,A_STATE,ID,116,stop_intersection,False,False,False,0,1,31.388552744795362,1.3863910620029156,True,False
43,A_STATE,ID,117,stop_intersection,False,False,False,0,1,28.01076373309177,1.359497136191318,True,False
43,A_STATE,ID,118,stop_intersection,False,False,False,0,1,31.936680355015405,1.3886956373850503,True,False
43,A_STATE,ID,119,stop_intersection,False,False,False,0,1,35.045066393708765,1.2825422343753634,True,False
43,A_STATE,ID,120,stop_intersection,False,False,False,0,1,37.34258679497203,1.2892137538819086,True,False
43,A_STATE,ID,121,stop_intersection,False,False,False,0,1,36.36015639626543,1.2760590939294725,True,False
43,A_STATE,ID,122,stop_intersection,False,False,False,0,1,32.945123818220395,1.1772011324416758,True,False
43,A_STATE,ID,123,stop_intersection,False,False,False,0,1,26.94574351478509,1.38207327675175,True,False
43,A_STATE,ID,124,stop_intersection,False,False,False,0,1,34.1496312315124,1.2168064505554907,True,False
43,A_STATE,ID,125,stop_intersection,False,False,False,0,1,35.564807230346915,1.275905313945952,True,False
43,A_STATE,ID,126,stop_intersection,False,False,False,0,1,38.61201907934156,1.1721658839119804,True,False
43,A_STATE,ID,127,stop_intersection,False,False,False,0,1,27.53632834162218,1.3964657686852118,True,False
43,A_STATE,ID,128,stop_intersection,False,False,False,0,1,33.59206570824236,1.331077159904852,True,False
43,A_STATE,ID,129,stop_intersection,False,False,False,0,1,35.133796430820844,1.3115442380672548,True,False
43,A_STATE,ID,130,stop_intersection,False,False,False,0,1,26.996177050085596,1.2716169540698712,True,False
43,A_STATE,ID,131,stop_intersection,False,False,False,0,1,28.230272081989455,1.4362602781605076,True,False
43,A_STATE,ID,132,stop_intersection,False,False,False,0,1,32.82989120437391,1.2899702205890562,True,False
43,A_STATE,ID,133,stop_intersection,False,False,False,0,1,30.780033771138292,1.2377535279204206,True,False
43,A_STATE,ID,134,stop_intersection,False,False,False,0,1,38.37833812243548,1.2156382203102112,True,False
43,A_STATE,ID,135,stop_intersection,False,False,False,0,1,31.91886932962246,1.3833723159936757,True,False
43,A_STATE,ID,136,stop_intersection,False,False,False,0,1,36.09894499386046,1.1962283605879003,True,False
43,A_STATE,ID,137,stop_intersection,False,False,False,0,1,31.508036832538934,1.2708017157345282,True,False
43,A_STATE,ID,138,stop_intersection,False,False,False,0,1,33.02141074562806,1.2234457050051006,True,False
43,A_STATE,ID,139,stop_intersection,False,False,False,0,1,30.93476212048789,1.3153304159641266,True,False
43,A_STATE,ID,140,stop_intersection,False,False,False,0,1,38.13712019963886,1.1324101686477661,True,False
43,A_STATE,ID,141,stop_intersection,False,False,False,0,1,37.40858230728934,1.2889588163012549,True,False
43,A_STATE,ID,142,stop_intersection,False,False,False,0,1,35.410680393900165,1.1880226704207333,True,False
43,A_STATE,ID,143,stop_intersection,False,False,False,0,1,26.817153814101403,1.404427918227943,True,False
43,A_STATE,ID,144,stop_intersection,False,False,False,0,1,29.387471949795213,1.2511384785175321,True,False
43,A_STATE,ID,145,stop_intersection,False,False,False,0,1,36.21974882228421,1.2738541620118276,True,False
43,A_STATE,ID,146,stop_intersection,False,False,False,0,1,36.393211708244536,1.1601703034506903,True,False
43,A_STATE,ID,147,stop_intersection,False,False,False,0,1,31.753568107103685,1.2722454856081706,True,False
43,A_STATE,ID,148,stop_intersection,False,False,False,0,1,33.453980022461124,1.2534040496462866,True,False
43,A_STATE,ID,149,stop_intersection,False,False,False,0,1,36.08186788660284,1.2912355718158541,True,False
43,A_STATE,ID,150,stop_intersection,False,False,False,0,1,34.33886128066487,1.2653241980643497,True,False
43,A_STATE,ID,151,stop_intersection,False,False,False,0,1,27.579343956916617,1.441587322467082,True,False
43,A_STATE,ID,152,stop_intersection,False,False,False,0,1,28.12868408377951,1.3611267899212083,True,False
43,A_STATE,ID,153,stop_intersection,False,False,False,0,1,34.24714557484917,1.3149162763502538,True,False
43,A_STATE,ID,154,stop_intersection,False,False,False,0,1,34.74907752142925,1.209609868914582,True,False
43,A_STATE,ID,155,stop_intersection,False,False,False,0,1,29.820277876205772,1.3532650470733643,True,False
43,A_STATE,ID,156,stop_intersection,False,False,False,0,1,33.57272597250394,1.1870763190957,True,False
43,A_STATE,ID,157,stop_intersection,False,False,False,0,1,35.96949439512498,1.1966356499628588,True,False
43,A_STATE,ID,158,stop_intersection,False,False,False,0,1,35.457254184586155,1.2881494987578617,True,False
43,A_STATE,ID,159,stop_intersection,False,False,False,0,1,31.373763725347,1.3616757209484391,True,False
43,A_STATE,ID,160,stop_intersection,False,False,False,0,1,38.37478152112842,1.271032219709352,True,False
43,A_STATE,ID,161,stop_intersection,False,False,False,0,1,30.62404294445136,1.4067567617465286,True,False
43,A_STATE,ID,162,stop_intersection,False,False,False,0,1,37.1264852793861,1.2736561752500988,True,False
43,A_STATE,ID,163,stop_intersection,False,False,False,0,1,32.52607873206063,1.3465538173913953,True,False
43,A_STATE,ID,164,stop_intersection,False,False,False,0,1,27.881540863817907,1.3462825982194198,True,False
43,A_STATE,ID,165,stop_intersection,False,False,False,0,1,33.087301678962646,1.3724079430103302,True,False
43,A_STATE,ID,166,stop_intersection,False,False,False,0,1,38.5155156547287,1.214257085865194,True,False
43,A_STATE,ID,167,stop_intersection,False,False,False,0,1,28.558107994889,1.3119916121164956,True,False
43,A_STATE,ID,168,stop_intersection,False,False,False,0,1,35.33352381783074,1.2254358031028925,True,False
43,A_STATE,ID,169,stop_intersection,False,False,False,0,1,35.28825442692395,1.3196104328806806,True,False
43,A_STATE,ID,170,stop_intersection,False,False,False,0,1,30.141676923439768,1.2942267954349518,True,False
43,A_STATE,ID,171,stop_intersection,False,False,False,0,1,29.646973253735975,1.4246801796712374,True,False
43,A_STATE,ID,172,stop_intersection,False,False,False,0,1,28.54999771177978,1.3946690214307684,True,False
43,A_STATE,ID,173,stop_intersection,False,False,False,0,1,28.40769664235911,1.3033806666349752,True,False
43,A_STATE,ID,174,stop_intersection,False,False,False,0,1,34.503854056357234,1.1730214005166832,True,False
43,A_STATE,ID,175,stop_intersection,False,False,False,0,1,27.566760602929545,1.264149928704286,True,False
43,A_STATE,ID,176,stop_intersection,False,False,False,0,1,36.548520155609665,1.2283280422521192,True,False
43,A_STATE,ID,177,stop_intersection,False,False,False,0,1,30.65516025030686,1.3740874100954104,True,False
43,A_STATE,ID,178,stop_intersection,False,False,False,0,1,28.91185925108894,1.242277055978775,True,False
43,A_STATE,ID,179,stop_intersection,False,False,False,0,1,30.196069175062064,1.2347915550557578,True,False
43,A_STATE,ID,180,stop_intersection,False,False,False,0,1,31.819997310446283,1.3585002720355988,True,False
43,A_STATE,ID,181,stop_intersection,False,False,False,0,1,35.41685033770234,1.2810476904823667,True,False
43,A_STATE,ID,182,stop_intersection,False,False,False,0,1,30.860082952319157,1.33542862534523,True,False
43,A_STATE,ID,183,stop_intersection,False,False,False,0,1,35.50192254927471,1.2444482570470765,True,False
43,A_STATE,ID,184,stop_intersection,False,False,False,0,1,33.88221621608601,1.243199138414292,True,False
43,A_STATE,ID,185,stop_intersection,False,False,False,0,1,36.875858911542565,1.2499157495276871,True,False
43,A_STATE,ID,186,stop_intersection,False,False,False,0,1,35.28098408328798,1.1759211935780265,True,False
43,A_STATE,ID,187,stop_intersection,False,False,False,0,1,37.41822525108193,1.29813490878968,True,False
43,A_STATE,ID,188,stop_intersection,False,False,False,0,1,29.867113803622026,1.3278186932588234,True,False
43,A_STATE,ID,189,stop_intersection,False,False,False,0,1,35.47803863898943,1.2179741055466407,True,False
43,A_STATE,ID,190,stop_intersection,False,False,False,0,1,36.03925862061167,1.19926857677373,True,False
43,A_STATE,ID,191,stop_intersection,False,False,False,0,1,31.898654542907103,1.3098281919956205,True,False
43,A_STATE,ID,192,stop_intersection,False,False,False,0,1,31.57215743592998,1.367778243162693,True,False
43,A_STATE,ID,193,stop_intersection,False,False,False,0,1,29.37242578881735,1.3286442328722048,True,False
43,A_STATE,ID,194,stop_intersection,False,False,False,0,1,30.34735511120021,1.3637916552714813,True,False
43,A_STATE,ID,195,stop_intersection,False,False,False,0,1,35.45366145910788,1.1878596788102929,True,False
43,A_STATE,ID,196,stop_intersection,False,False,False,0,1,28.608805226696408,1.3750698848774559,True,False
43,A_STATE,ID,197,stop_intersection,False,False,False,0,1,28.135582053991794,1.332221674291711,True,False
43,A_STATE,ID,198,stop_intersection,False,False,False,0,1,28.398966831021976,1.2826891128833477,True,False
43,A_STATE,ID,199,stop_intersection,False,False,False,0,1,37.740788543541115,1.2560594497725022,True,False
43,A_STATE,ID,200,lead_brake,False,False,False,0,0,76.25572731399632,0.2439392457405726,True,False
43,A_STATE,ID,201,lead_brake,False,False,False,0,0,84.59668098162743,0.6139206588268279,True,False
43,A_STATE,ID,202,lead_brake,False,False,False,0,0,64.0328818613834,0.7551838656266531,True,False
43,A_STATE,ID,203,lead_brake,False,False,False,0,0,62.09746904210188,4.169804727037747,True,False
43,A_STATE,ID,204,lead_brake,False,False,False,0,0,86.54298566907644,0.25086383521556854,True,False
43,A_STATE,ID,205,lead_brake,False,False,False,0,0,62.74236597425587,4.542979770650466,True,False
43,A_STATE,ID,206,lead_brake,False,False,False,0,0,76.1735383507496,1.3751142174005508,True,False
43,A_STATE,ID,207,lead_brake,False,False,False,0,0,73.56016370668829,0.23798299332459766,True,False
43,A_STATE,ID,208,lead_brake,False,False,False,0,0,78.3697162012002,0.3072304874658584,True,False
43,A_STATE,ID,209,lead_brake,False,False,False,0,0,59.74272301639168,2.5983843008677163,True,False
43,A_STATE,ID,210,lead_brake,False,False,False,0,0,62.335770277970184,2.596973485002915,True,False
43,A_STATE,ID,211,lead_brake,False,False,False,0,0,77.50696767677411,0.23355826983849207,True,False
43,A_STATE,ID,212,lead_brake,False,False,False,0,0,78.19880521055198,1.1278647606571515,True,False
43,A_STATE,ID,213,lead_brake,False,False,False,0,0,54.33802489457897,4.359906439979871,True,False
43,A_STATE,ID,214,lead_brake,False,False,False,0,0,92.12778185531974,0.23437028874953586,True,False
43,A_STATE,ID,215,lead_brake,False,False,False,0,0,66.3343254477961,0.3102092792590459,True,False
43,A_STATE,ID,216,lead_brake,False,False,False,0,0,60.09824594561371,7.1425748616456985,True,False
43,A_STATE,ID,217,lead_brake,False,False,False,0,0,60.350362754344744,2.5071005659798775,True,False
43,A_STATE,ID,218,lead_brake,False,False,False,0,0,62.12100685564971,0.5929270436366398,True,False
43,A_STATE,ID,219,lead_brake,False,False,False,0,0,76.26363167725384,0.7713747421900431,True,False
43,A_STATE,ID,220,lead_brake,False,False,False,0,0,54.79744906493609,3.930281077822049,True,False
43,A_STATE,ID,221,lead_brake,False,False,False,0,0,52.818650696023695,8.060740776360035,True,False
43,A_STATE,ID,222,lead_brake,False,False,False,0,0,83.34054081720907,0.2362155864636103,True,False
43,A_STATE,ID,223,lead_brake,False,False,False,0,0,66.95626376008687,1.4180190650125342,True,False
43,A_STATE,ID,224,lead_brake,False,False,False,0,0,71.10051623685082,0.6020072897275288,True,False
43,A_STATE,ID,225,lead_brake,False,False,False,0,0,96.47679180651907,0.23509445786476132,True,False
43,A_STATE,ID,226,lead_brake,False,False,False,0,0,65.23866875364381,0.9618021448453268,True,False
43,A_STATE,ID,227,lead_brake,False,False,False,0,0,98.43732465261256,0.22448426485061643,True,False
43,A_STATE,ID,228,lead_brake,False,False,False,0,0,74.47132290090428,0.9386527861158053,True,False
43,A_STATE,ID,229,lead_brake,False,False,False,0,0,68.98395971562478,1.7124663467208545,True,False
43,A_STATE,ID,230,lead_brake,False,False,False,0,0,84.47026007235056,0.18046743422746656,True,False
43,A_STATE,ID,231,lead_brake,False,False,False,0,0,94.05914026111247,0.15653099368015921,True,False
43,A_STATE,ID,232,lead_brake,False,False,False,0,0,78.42746571965668,0.37212976564963657,True,False
43,A_STATE,ID,233,lead_brake,False,False,False,0,0,60.79829599519912,5.246022243052721,True,False
43,A_STATE,ID,234,lead_brake,False,False,False,0,0,64.85236515668097,1.444655381143093,True,False
43,A_STATE,ID,235,lead_brake,False,False,False,0,0,95.26930353175533,0.2135446717341741,True,False
43,A_STATE,ID,236,lead_brake,False,False,False,0,0,76.0173592627655,0.25324022769927973,True,False
43,A_STATE,ID,237,lead_brake,False,False,False,0,0,55.948432185785855,1.7546020137766996,True,False
43,A_STATE,ID,238,lead_brake,False,False,False,0,0,73.13549501884107,1.9654438806076842,True,False
43,A_STATE,ID,239,lead_brake,False,False,False,0,0,75.28659052946621,0.5596665019790331,True,False
43,A_STATE,ID,240,lead_brake,False,False,False,0,0,73.99052105748301,0.6624084959427515,True,False
43,A_STATE,ID,241,lead_brake,False,False,False,0,0,55.14806447977094,4.955128251264493,True,False
43,A_STATE,ID,242,lead_brake,False,False,False,0,0,92.50267120762513,0.24216640616456667,True,False
43,A_STATE,ID,243,lead_brake,False,False,False,0,0,94.50501271224327,0.2679473360379537,True,False
43,A_STATE,ID,244,lead_brake,False,False,False,0,0,60.748183640831584,4.019001543521881,True,False
43,A_STATE,ID,245,lead_brake,False,False,False,0,0,68.21402550467447,0.49860055247942603,True,False
43,A_STATE,ID,246,lead_brake,False,False,False,0,0,69.7440203250954,0.24158669759829837,True,False
43,A_STATE,ID,247,lead_brake,False,False,False,0,0,67.71218921245487,0.4118422990043958,True,False
43,A_STATE,ID,248,lead_brake,False,False,False,0,0,56.989548095776605,7.62791084125638,True,False
43,A_STATE,ID,249,lead_brake,False,False,False,0,0,60.65397481743986,1.284279944996039,True,False
43,A_STATE,ID,250,lead_brake,False,False,False,0,0,62.749289452858584,6.709467473129431,True,False
43,A_STATE,ID,251,lead_brake,False,False,False,0,0,63.602776145394394,3.1883729211986065,True,False
43,A_STATE,ID,252,lead_brake,False,False,False,0,0,82.25330413294661,0.2604549154639244,True,False
43,A_STATE,ID,253,lead_brake,False,False,False,0,0,90.7089478939003,0.14378658682107923,True,False
43,A_STATE,ID,254,lead_brake,False,False,False,0,0,57.61208150171402,6.136114060878753,True,False
43,A_STATE,ID,255,lead_brake,False,False,False,0,0,69.46535832382257,0.9168948257962862,True,False
43,A_STATE,ID,256,lead_brake,False,False,False,0,0,61.147915469194224,4.410684258987506,True,False
43,A_STATE,ID,257,lead_brake,False,False,False,0,0,95.92028534296944,0.23227639496326447,True,False
43,A_STATE,ID,258,lead_brake,False,False,False,0,0,71.7942731311032,0.3050850455959638,True,False
43,A_STATE,ID,259,lead_brake,False,False,False,0,0,98.1791198250651,0.14751200129588443,True,False
43,A_STATE,ID,260,lead_brake,False,False,False,0,0,57.30857519507696,0.7527802723149458,True,False
43,A_STATE,ID,261,lead_brake,False,False,False,0,0,68.81227854716204,0.9002332662542661,True,False
43,A_STATE,ID,262,lead_brake,False,False,False,0,0,54.40229460465641,3.006567878027757,True,False
43,A_STATE,ID,263,lead_brake,False,False,False,0,0,60.549078499408445,2.4760424407819905,True,False
43,A_STATE,ID,264,lead_brake,False,False,False,0,0,93.83169372677031,0.29343327879905695,True,False
43,A_STATE,ID,265,lead_brake,False,False,False,0,0,86.99392993636936,0.21611138433218,True,False
43,A_STATE,ID,266,lead_brake,False,False,False,0,0,66.58415034755151,0.3130749662717183,True,False
43,A_STATE,ID,267,lead_brake,False,False,False,0,0,79.83999724495102,0.26355532308419544,True,False
43,A_STATE,ID,268,lead_brake,False,False,False,0,0,60.86697474936438,0.9116441781322161,True,False
43,A_STATE,ID,269,lead_brake,False,False,False,0,0,70.27039063710896,1.1744391831258931,True,False
43,A_STATE,ID,270,lead_brake,False,False,False,0,0,79.0639395168225,0.9886896039048829,True,False
43,A_STATE,ID,271,lead_brake,False,False,False,0,0,69.37296600474858,0.6639397715528806,True,False
43,A_STATE,ID,272,lead_brake,False,False,False,0,0,87.45435568660328,0.2410543312629064,True,False
43,A_STATE,ID,273,lead_brake,False,False,False,0,0,61.32987512061447,1.1640662190814812,True,False
43,A_STATE,ID,274,lead_brake,False,False,False,0,0,95.84857850984933,0.26269759237766266,True,False
43,A_STATE,ID,275,lead_brake,False,False,False,0,0,85.42446031063798,0.20126484086116156,True,False
43,A_STATE,ID,276,lead_brake,False,False,False,0,0,59.67892544234159,0.7223665167888006,True,False
43,A_STATE,ID,277,lead_brake,False,False,False,0,0,76.59704039617145,0.1700953096151352,True,False
43,A_STATE,ID,278,lead_brake,False,False,False,0,0,81.41817679462083,0.23912470787763596,True,False
43,A_STATE,ID,279,lead_brake,False,False,False,0,0,91.28743916823332,0.26061132798592246,True,False
43,A_STATE,ID,280,lead_brake,False,False,False,0,0,82.03297032883115,0.22116912404696146,True,False
43,A_STATE,ID,281,lead_brake,False,False,False,0,0,82.6850728660422,0.21299544970194498,True,False
43,A_STATE,ID,282,lead_brake,False,False,False,0,0,87.76603485585248,0.21044744302829105,True,False
43,A_STATE,ID,283,lead_brake,False,False,False,0,0,56.46853814329588,7.554061722010374,True,False
43,A_STATE,ID,284,lead_brake,False,False,False,0,0,85.61510749697692,0.33230586349964136,True,False
43,A_STATE,ID,285,lead_brake,False,False,False,0,0,71.069455820063,2.571316034843524,True,False
43,A_STATE,ID,286,lead_brake,False,False,False,0,0,92.63461399882412,0.23795515795548758,True,False
43,A_STATE,ID,287,lead_brake,False,False,False,0,0,76.07420761057081,0.8414208590984343,True,False
43,A_STATE,ID,288,lead_brake,False,False,False,0,0,67.95836663413309,0.3936165273189544,True,False
43,A_STATE,ID,289,lead_brake,False,False,False,0,0,61.13088960622375,1.1898434795439243,True,False
43,A_STATE,ID,290,lead_brake,False,False,False,0,0,96.26757178769014,0.2483366852005323,True,False
43,A_STATE,ID,291,lead_brake,False,False,False,0,0,76.96903080031237,0.30907315015792847,True,False
43,A_STATE,ID,292,lead_brake,False,False,False,0,0,73.74928438283447,0.28570456306139624,True,False
43,A_STATE,ID,293,lead_brake,False,False,False,0,0,80.65706025720208,0.2606359273195267,True,False
43,A_STATE,ID,294,lead_brake,False,False,False,0,0,60.43378061119999,0.5157311310370762,True,False
43,A_STATE,ID,295,lead_brake,False,False,False,0,0,82.41583785872929,0.2607245494922002,True,False
43,A_STATE,ID,296,lead_brake,False,False,False,0,0,61.09865126686358,1.9463624333341916,True,False
43,A_STATE,ID,297,lead_brake,False,False,False,0,0,74.8529679648858,0.22616664444406828,True,False
43,A_STATE,ID,298,lead_brake,False,False,False,0,0,94.22753109048858,0.1915296639005343,True,False
43,A_STATE,ID,299,lead_brake,False,False,False,0,0,67.56344658267903,1.539091767122348,True,False
43,A_STATE,OOD,0,crosswalk,False,False,False,0,0,29.893246734608915,1.3442924092797672,True,False
43,A_STATE,OOD,1,crosswalk,False,False,False,0,0,31.45665417646743,1.3391779275501474,True,False
43,A_STATE,OOD,2,crosswalk,False,False,False,0,1,22.895756317544752,1.0024843855601984,True,False
43,A_STATE,OOD,3,crosswalk,False,False,False,0,0,29.780838320166808,1.2279139059345896,True,False
43,A_STATE,OOD,4,crosswalk,False,False,False,0,1,25.58946947865677,1.1290537118911743,True,False
43,A_STATE,OOD,5,crosswalk,False,False,False,0,1,24.68437856319212,1.223241875811321,True,False
43,A_STATE,OOD,6,crosswalk,False,False,False,0,1,20.388844416642335,1.254327839543653,True,False
43,A_STATE,OOD,7,crosswalk,False,False,False,0,0,22.35036149337335,1.2133243599453487,True,False
43,A_STATE,OOD,8,crosswalk,False,False,False,0,0,30.43105146705372,1.0116277635097504,True,False
43,A_STATE,OOD,9,crosswalk,False,False,False,0,0,29.84397003711542,1.2769557978655839,True,False
43,A_STATE,OOD,10,crosswalk,False,False,False,0,0,26.46680548653196,1.1472921000748144,True,False
43,A_STATE,OOD,11,crosswalk,False,False,False,0,1,23.957670389136354,1.1272871494293213,True,False
43,A_STATE,OOD,12,crosswalk,False,False,False,0,1,27.474639460350645,1.166093349456787,True,False
43,A_STATE,OOD,13,crosswalk,False,False,False,0,1,24.008719838603042,1.0870659869650134,True,False
43,A_STATE,OOD,14,crosswalk,False,False,False,0,0,31.09070587893879,1.120040774345398,True,False
43,A_STATE,OOD,15,crosswalk,False,False,False,0,1,22.222143302974615,1.1517762279380923,True,False
43,A_STATE,OOD,16,crosswalk,False,False,False,0,1,23.280619921250675,1.0048654344346788,True,False
43,A_STATE,OOD,17,crosswalk,False,False,False,0,1,20.973042081360745,0.9976429994716199,True,False
43,A_STATE,OOD,18,crosswalk,False,False,False,0,1,22.0803277586825,1.1907258298661973,True,False
43,A_STATE,OOD,19,crosswalk,False,False,False,0,1,22.62842523272031,1.1216147740681965,True,False
43,A_STATE,OOD,20,crosswalk,False,False,False,0,1,29.63097292717969,1.0359859327937282,True,False
43,A_STATE,OOD,21,crosswalk,False,False,False,0,1,22.891740673661772,0.976260369238646,True,False
43,A_STATE,OOD,22,crosswalk,False,False,False,0,1,20.854691287228363,1.1717474995515285,True,False
43,A_STATE,OOD,23,crosswalk,False,False,False,0,1,29.227848534133294,1.0590934753417969,True,False
43,A_STATE,OOD,24,crosswalk,False,False,False,0,1,22.432272704899184,1.2366728129841031,True,False
43,A_STATE,OOD,25,crosswalk,False,False,False,0,1,22.303054495301495,0.8576744337650862,True,False
43,A_STATE,OOD,26,crosswalk,False,False,False,0,1,22.763604186998457,0.9785995483398438,True,False
43,A_STATE,OOD,27,crosswalk,False,False,False,0,1,30.031556518702814,1.0676016237424768,True,False
43,A_STATE,OOD,28,crosswalk,False,False,False,0,0,31.00313197764773,1.2617483010163177,True,False
43,A_STATE,OOD,29,crosswalk,False,False,False,0,0,29.021546781191258,1.130877397954464,True,False
43,A_STATE,OOD,30,crosswalk,False,False,False,0,0,29.49970031823915,1.3003435134887693,True,False
43,A_STATE,OOD,31,crosswalk,False,False,False,0,1,23.024012163156577,1.081383302807808,True,False
43,A_STATE,OOD,32,crosswalk,False,False,False,0,1,27.402313245338927,1.0142809417512682,True,False
43,A_STATE,OOD,33,crosswalk,False,False,False,0,1,26.72803253820379,1.1294654607772827,True,False
43,A_STATE,OOD,34,crosswalk,False,False,False,0,1,24.4915506752686,0.9616818957858615,True,False
43,A_STATE,OOD,35,crosswalk,False,False,False,0,1,22.153380931086488,1.2381148054486228,True,False
43,A_STATE,OOD,36,crosswalk,False,False,False,0,1,21.13473439426786,1.1704337038099766,True,False
43,A_STATE,OOD,37,crosswalk,False,False,False,0,1,22.45426111406394,1.2605899337090944,True,False
43,A_STATE,OOD,38,crosswalk,False,False,False,0,1,20.705283418963667,1.0957100452520907,True,False
43,A_STATE,OOD,39,crosswalk,False,False,False,0,1,30.740514377867086,1.1108454262338034,True,False
43,A_STATE,OOD,40,crosswalk,False,False,False,0,1,21.53437480814371,1.2402025255418958,True,False
43,A_STATE,OOD,41,crosswalk,False,False,False,0,1,24.13473413970263,1.007003133947199,True,False
43,A_STATE,OOD,42,crosswalk,False,False,False,0,0,25.139868439231915,1.310747007006093,True,False
43,A_STATE,OOD,43,crosswalk,False,False,False,0,1,20.602751850192234,0.9164663012090482,True,False
43,A_STATE,OOD,44,crosswalk,False,False,False,0,1,31.22482269542776,0.9649057362390601,True,False
43,A_STATE,OOD,45,crosswalk,False,False,False,0,1,21.538145822844925,1.0853787187648856,True,False
43,A_STATE,OOD,46,crosswalk,False,False,False,0,1,30.73541873276003,1.0267491673314293,True,False
43,A_STATE,OOD,47,crosswalk,False,False,False,0,1,25.043767772943845,1.0300329937176271,True,False
43,A_STATE,OOD,48,crosswalk,False,False,False,0,1,27.82316291438942,1.1656263000086735,True,False
43,A_STATE,OOD,49,crosswalk,False,False,False,0,0,27.06451999281201,1.2415732644699713,True,False
43,A_STATE,OOD,50,crosswalk,False,False,False,0,0,27.328681547590648,1.2872944441106584,True,False
43,A_STATE,OOD,51,crosswalk,False,False,False,0,0,27.27622095250382,1.2576020661837013,True,False
43,A_STATE,OOD,52,crosswalk,False,False,False,0,1,22.131390819475953,1.2515727587436376,True,False
43,A_STATE,OOD,53,crosswalk,False,False,False,0,1,21.866445706638082,1.1281807472308476,True,False
43,A_STATE,OOD,54,crosswalk,False,False,False,0,0,25.85498174753363,1.1484736662644606,True,False
43,A_STATE,OOD,55,crosswalk,False,False,False,0,0,29.844678283891504,1.301246636953109,True,False
43,A_STATE,OOD,56,crosswalk,False,False,False,0,1,22.36068004439625,1.0910772141956147,True,False
43,A_STATE,OOD,57,crosswalk,False,False,False,0,1,21.26092572263402,1.2459488908449807,True,False
43,A_STATE,OOD,58,crosswalk,False,False,False,0,1,28.313189194626002,0.9846092436624609,True,False
43,A_STATE,OOD,59,crosswalk,False,False,False,0,1,23.918612329824974,0.9647814453916346,True,False
43,A_STATE,OOD,60,crosswalk,False,False,False,0,1,27.802393351844223,1.180410675100378,True,False
43,A_STATE,OOD,61,crosswalk,False,False,False,0,1,23.38116726142671,1.1477791635613692,True,False
43,A_STATE,OOD,62,crosswalk,False,False,False,0,1,28.298079807270305,0.9892505009969075,True,False
43,A_STATE,OOD,63,crosswalk,False,False,False,0,1,21.54435415038219,1.0666321516036987,True,False
43,A_STATE,OOD,64,crosswalk,False,False,False,0,1,24.15917457734351,1.130232729372524,True,False
43,A_STATE,OOD,65,crosswalk,False,False,False,0,1,30.187923013148634,1.0111135786229912,True,False
43,A_STATE,OOD,66,crosswalk,False,False,False,0,1,20.941190748751097,1.2685811748871436,True,False
43,A_STATE,OOD,67,crosswalk,False,False,False,0,1,27.801256211115934,1.2253340011970564,True,False
43,A_STATE,OOD,68,crosswalk,False,False,False,0,1,20.547210910309822,0.9990475898565249,True,False
43,A_STATE,OOD,69,crosswalk,False,False,False,0,1,25.950360336289933,1.23030424118042,True,False
43,A_STATE,OOD,70,crosswalk,False,False,False,0,0,22.660857619365267,1.2612464200509221,True,False
43,A_STATE,OOD,71,crosswalk,False,False,False,0,0,28.33253832103656,1.1891653007546137,True,False
43,A_STATE,OOD,72,crosswalk,False,False,False,0,1,22.994721161605668,1.0949219465255737,True,False
43,A_STATE,OOD,73,crosswalk,False,False,False,0,1,28.077759284332224,1.0150801593607122,True,False
43,A_STATE,OOD,74,crosswalk,False,False,False,0,1,24.63429699151871,1.2356537414921653,True,False
43,A_STATE,OOD,75,crosswalk,False,False,False,0,0,27.107972906319304,1.2527605432730453,True,False
43,A_STATE,OOD,76,crosswalk,False,False,False,0,1,28.90333415126274,1.091904591607011,True,False
43,A_STATE,OOD,77,crosswalk,False,False,False,0,1,25.897246191907527,1.0852025340243083,True,False
43,A_STATE,OOD,78,crosswalk,False,False,False,0,0,29.497194802963115,1.0913043451863664,True,False
43,A_STATE,OOD,79,crosswalk,False,False,False,0,1,20.503901954088736,1.2889407538786168,True,False
43,A_STATE,OOD,80,crosswalk,False,False,False,0,1,23.790929365843958,1.2408405083876388,True,False
43,A_STATE,OOD,81,crosswalk,False,False,False,0,1,22.367567990543115,1.34181278708734,True,False
43,A_STATE,OOD,82,crosswalk,False,False,False,0,1,25.7066331093524,0.9660151730413021,True,False
43,A_STATE,OOD,83,crosswalk,False,False,False,0,1,28.873125943116385,1.0438070131672752,True,False
43,A_STATE,OOD,84,crosswalk,False,False,False,0,1,27.653855929017695,1.0383032617114838,True,False
43,A_STATE,OOD,85,crosswalk,False,False,False,0,1,21.754263348918975,0.9674094217579539,True,False
43,A_STATE,OOD,86,crosswalk,False,False,False,0,0,30.95370894072962,1.195648077287172,True,False
43,A_STATE,OOD,87,crosswalk,False,False,False,0,1,22.629345330307423,0.9891507842323997,True,False
43,A_STATE,OOD,88,crosswalk,False,False,False,0,1,30.116862855557713,1.0175570776296217,True,False
43,A_STATE,OOD,89,crosswalk,False,False,False,0,1,28.593777107137843,1.0780417351495653,True,False
43,A_STATE,OOD,90,crosswalk,False,False,False,0,1,31.033767886046533,1.1402009847836616,True,False
43,A_STATE,OOD,91,crosswalk,False,False,False,0,1,23.375470802624044,1.1934661037392085,True,False
43,A_STATE,OOD,92,crosswalk,False,False,False,0,1,24.286949491140994,1.1174125206179735,True,False
43,A_STATE,OOD,93,crosswalk,False,False,False,0,1,20.579550752897013,1.0816295514273089,True,False
43,A_STATE,OOD,94,crosswalk,False,False,False,0,1,26.833940138312737,1.0323501669842263,True,False
43,A_STATE,OOD,95,crosswalk,False,False,False,0,1,21.35380072816305,1.1191415786743164,True,False
43,A_STATE,OOD,96,crosswalk,False,False,False,0,1,28.02661896419208,1.074444225856236,True,False
43,A_STATE,OOD,97,crosswalk,False,False,False,0,1,30.366047479547316,1.0845481101856675,True,False
43,A_STATE,OOD,98,crosswalk,False,False,False,0,0,27.717517404897833,1.1995103229314852,True,False
43,A_STATE,OOD,99,crosswalk,False,False,False,0,1,28.67809465010474,1.0514883113944011,True,False
43,A_STATE,OOD,100,stop_intersection,False,False,False,0,0,22.94028901389356,1.6344148371108742,True,False
43,A_STATE,OOD,101,stop_intersection,False,False,False,0,1,25.280204318629192,1.4060150117290262,True,False
43,A_STATE,OOD,102,stop_intersection,False,False,False,0,1,31.07822898806529,1.3860358062543368,True,False
43,A_STATE,OOD,103,stop_intersection,False,False,False,0,1,27.28525616598112,1.5834989914527304,True,False
43,A_STATE,OOD,104,stop_intersection,False,False,False,0,1,27.33257701812962,1.709614633159204,True,False
43,A_STATE,OOD,105,stop_intersection,False,False,False,0,0,20.7337569934842,1.70228622002261,True,False
43,A_STATE,OOD,106,stop_intersection,False,False,False,0,1,31.20246289704466,1.3569002273755195,True,False
43,A_STATE,OOD,107,stop_intersection,False,False,False,0,1,28.265295334920896,1.369247646892772,True,False
43,A_STATE,OOD,108,stop_intersection,False,False,False,0,1,25.024466930359523,1.9192527751533353,True,False
43,A_STATE,OOD,109,stop_intersection,False,False,False,0,1,21.090784874244985,1.6186923755181803,True,False
43,A_STATE,OOD,110,stop_intersection,False,False,False,0,1,24.611256114241584,1.7813617474323995,True,False
43,A_STATE,OOD,111,stop_intersection,False,False,False,0,1,23.594357501115095,1.788787486705374,True,False
43,A_STATE,OOD,112,stop_intersection,False,False,False,0,1,24.461561369442727,1.7282192473826201,True,False
43,A_STATE,OOD,113,stop_intersection,False,False,False,0,1,30.96302331618632,1.1719197238033467,True,False
43,A_STATE,OOD,114,stop_intersection,False,False,False,0,1,24.678733907360886,1.6523432880640028,True,False
43,A_STATE,OOD,115,stop_intersection,False,False,False,0,1,25.13427821431361,1.3965059534923447,True,False
43,A_STATE,OOD,116,stop_intersection,False,False,False,0,0,22.25949284475091,1.6537002225716908,True,False
43,A_STATE,OOD,117,stop_intersection,False,False,False,0,1,28.95078059826951,1.7474480390548703,True,False
43,A_STATE,OOD,118,stop_intersection,False,False,False,0,1,28.66842272002227,1.3408050725334568,True,False
43,A_STATE,OOD,119,stop_intersection,False,False,False,0,1,23.52321831173525,1.8066671732309703,True,False
43,A_STATE,OOD,120,stop_intersection,False,False,False,0,1,31.084801767482006,1.5249806642532349,True,False
43,A_STATE,OOD,121,stop_intersection,False,False,False,0,1,21.51881967607305,1.9636148075724758,True,False
43,A_STATE,OOD,122,stop_intersection,False,False,False,0,1,24.927922561417915,1.2585783259170809,True,False
43,A_STATE,OOD,123,stop_intersection,False,False,False,0,1,31.64840955827369,1.2896905243396757,True,False
43,A_STATE,OOD,124,stop_intersection,False,False,False,0,1,28.95097857053448,1.7371255159378052,True,False
43,A_STATE,OOD,125,stop_intersection,False,False,False,0,1,24.149882099897177,1.1520244744088914,True,False
43,A_STATE,OOD,126,stop_intersection,False,False,False,0,1,31.05440104868311,1.688286732224857,True,False
43,A_STATE,OOD,127,stop_intersection,False,False,False,0,1,28.852183192762247,1.4284675845912858,True,False
43,A_STATE,OOD,128,stop_intersection,False,False,False,0,1,29.83838839968646,1.3815773945105703,True,False
43,A_STATE,OOD,129,stop_intersection,False,False,False,0,1,26.915063669694582,1.693108081817627,True,False
43,A_STATE,OOD,130,stop_intersection,False,False,False,0,1,22.21934427934895,1.1636123511680336,True,False
43,A_STATE,OOD,131,stop_intersection,False,False,False,0,1,24.881628696110823,1.836345162656572,True,False
43,A_STATE,OOD,132,stop_intersection,False,False,False,0,0,21.25739428238611,1.5385782048106194,True,False
43,A_STATE,OOD,133,stop_intersection,False,False,False,0,1,25.262356940400657,1.6991678406210504,True,False
43,A_STATE,OOD,134,stop_intersection,False,False,False,0,1,26.46714921785545,1.3274085038417094,True,False
43,A_STATE,OOD,135,stop_intersection,False,False,False,0,1,22.011850655198693,1.2000734817523222,True,False
43,A_STATE,OOD,136,stop_intersection,False,False,False,0,1,25.892121926037298,1.312293007567122,True,False
43,A_STATE,OOD,137,stop_intersection,False,False,False,0,1,31.153479350881454,1.4202806295133104,True,False
43,A_STATE,OOD,138,stop_intersection,False,False,False,0,1,31.067283367553127,1.7664420339796276,True,False
43,A_STATE,OOD,139,stop_intersection,False,False,False,0,1,27.94830306028662,1.2763339281082153,True,False
43,A_STATE,OOD,140,stop_intersection,False,False,False,0,1,25.403036546504026,1.159309595823288,True,False
43,A_STATE,OOD,141,stop_intersection,False,False,False,0,1,29.611091917696193,1.1796320420365,True,False
43,A_STATE,OOD,142,stop_intersection,False,False,False,0,1,22.989996289318853,1.8133831024169922,True,False
43,A_STATE,OOD,143,stop_intersection,False,False,False,0,1,28.15574436891756,1.866182152261125,True,False
43,A_STATE,OOD,144,stop_intersection,False,False,False,0,1,30.56487446832252,1.285559207201004,True,False
43,A_STATE,OOD,145,stop_intersection,False,False,False,0,1,27.579403002125517,1.7489428672136045,True,False
43,A_STATE,OOD,146,stop_intersection,False,False,False,0,1,27.446569699786203,1.798097386956215,True,False
43,A_STATE,OOD,147,stop_intersection,False,False,False,0,1,21.394503503666677,1.2975684654068302,True,False
43,A_STATE,OOD,148,stop_intersection,False,False,False,0,1,21.014809854263913,1.0012986546471006,True,False
43,A_STATE,OOD,149,stop_intersection,False,False,False,0,1,29.31660499290829,1.4559225007599474,True,False
43,A_STATE,OOD,150,stop_intersection,False,False,False,0,0,22.77847125662133,1.6602702836195629,True,False
43,A_STATE,OOD,151,stop_intersection,False,False,False,0,1,23.6499843306722,1.305588585765738,True,False
43,A_STATE,OOD,152,stop_intersection,False,False,False,0,1,30.977472226987974,1.3972997822259603,True,False
43,A_STATE,OOD,153,stop_intersection,False,False,False,0,1,30.508439512823138,1.2857216196816141,True,False
43,A_STATE,OOD,154,stop_intersection,False,False,False,0,0,21.585578630040207,1.7292814035164683,True,False
43,A_STATE,OOD,155,stop_intersection,False,False,False,0,1,24.591612587311566,1.3584033317036097,True,False
43,A_STATE,OOD,156,stop_intersection,False,False,False,0,1,22.28311367270679,1.452425830769089,True,False
43,A_STATE,OOD,157,stop_intersection,False,False,False,0,1,23.227622905776318,1.8443968448233097,True,False
43,A_STATE,OOD,158,stop_intersection,False,False,False,0,1,30.79919244188026,1.6185029770465604,True,False
43,A_STATE,OOD,159,stop_intersection,False,False,False,0,1,29.338643285144165,1.2081093150515887,True,False
43,A_STATE,OOD,160,stop_intersection,False,False,False,0,1,25.689954002259874,1.6197408391879156,True,False
43,A_STATE,OOD,161,stop_intersection,False,False,False,0,1,24.0958955053639,1.128353539692319,True,False
43,A_STATE,OOD,162,stop_intersection,False,False,False,0,1,27.731043280032647,1.2242593287035475,True,False
43,A_STATE,OOD,163,stop_intersection,False,False,False,0,1,26.362306801252444,1.2242389097809792,True,False
43,A_STATE,OOD,164,stop_intersection,False,False,False,0,1,24.536269616544896,1.1804460387590319,True,False
43,A_STATE,OOD,165,stop_intersection,False,False,False,0,1,28.72406354044541,1.819661183560148,True,False
43,A_STATE,OOD,166,stop_intersection,False,False,False,0,1,27.112579322169033,1.967861255009969,True,False
43,A_STATE,OOD,167,stop_intersection,False,False,False,0,1,30.734151920474773,1.1524912196656931,True,False
43,A_STATE,OOD,168,stop_intersection,False,False,False,0,1,31.47915036514835,1.2087948925115843,True,False
43,A_STATE,OOD,169,stop_intersection,False,False,False,0,1,28.56083367766592,1.2985487167651837,True,False
43,A_STATE,OOD,170,stop_intersection,False,False,False,0,1,21.173004878673535,1.2245146471720474,True,False
43,A_STATE,OOD,171,stop_intersection,False,False,False,0,1,21.833834209596784,1.2439486021931105,True,False
43,A_STATE,OOD,172,stop_intersection,False,False,False,0,1,22.322155917389303,1.5960201621055603,True,False
43,A_STATE,OOD,173,stop_intersection,False,False,False,0,1,28.938548607506444,1.0853623631207838,True,False
43,A_STATE,OOD,174,stop_intersection,False,False,False,0,1,21.936264772492766,1.6061597565809884,True,False
43,A_STATE,OOD,175,stop_intersection,False,False,False,0,1,28.124515742030738,1.4022745312871159,True,False
43,A_STATE,OOD,176,stop_intersection,False,False,False,0,0,22.754339108567535,1.5931084408209875,True,False
43,A_STATE,OOD,177,stop_intersection,False,False,False,0,1,30.486141028297347,1.7547600974841993,True,False
43,A_STATE,OOD,178,stop_intersection,False,False,False,0,1,28.762052441970994,1.3811702477304557,True,False
43,A_STATE,OOD,179,stop_intersection,False,False,False,0,1,28.677133829022996,1.7545679665130116,True,False
43,A_STATE,OOD,180,stop_intersection,False,False,False,0,1,21.88217590622925,1.1358417978598958,True,False
43,A_STATE,OOD,181,stop_intersection,False,False,False,0,1,31.374822360274358,1.3155276328325272,True,False
43,A_STATE,OOD,182,stop_intersection,False,False,False,0,1,23.25616734223498,1.2171996086835861,True,False
43,A_STATE,OOD,183,stop_intersection,False,False,False,0,1,22.40644512395587,1.2466016254926982,True,False
43,A_STATE,OOD,184,stop_intersection,False,False,False,0,1,30.124763971981267,1.6967197376139023,True,False
43,A_STATE,OOD,185,stop_intersection,False,False,False,0,1,26.403793987163706,1.1154228254504825,True,False
43,A_STATE,OOD,186,stop_intersection,False,False,False,0,1,30.403390748398206,1.6713092648066008,True,False
43,A_STATE,OOD,187,stop_intersection,False,False,False,0,1,27.64661198919494,1.9332897256721149,True,False
43,A_STATE,OOD,188,stop_intersection,False,False,False,0,1,31.06721572955174,1.4162212954117699,True,False
43,A_STATE,OOD,189,stop_intersection,False,False,False,0,1,29.954104301162324,1.3894795744042647,True,False
43,A_STATE,OOD,190,stop_intersection,False,False,False,0,1,24.87919767914387,1.9567770458931146,True,False
43,A_STATE,OOD,191,stop_intersection,False,False,False,0,1,26.7227809599382,1.830412821566805,True,False
43,A_STATE,OOD,192,stop_intersection,False,False,False,0,1,30.39633436399223,1.1666981009549873,True,False
43,A_STATE,OOD,193,stop_intersection,False,False,False,0,1,24.329411763516436,1.1401111516687605,True,False
43,A_STATE,OOD,194,stop_intersection,False,False,False,0,1,27.011975561056033,1.2191442157640013,True,False
43,A_STATE,OOD,195,stop_intersection,False,False,False,0,1,26.572339901828748,1.7401161984257076,True,False
43,A_STATE,OOD,196,stop_intersection,False,False,False,0,1,23.098933022744248,1.1583180885229791,True,False
43,A_STATE,OOD,197,stop_intersection,False,False,False,0,1,29.67323603941407,1.64171339227603,True,False
43,A_STATE,OOD,198,stop_intersection,False,False,False,0,1,29.440281236840292,1.7478886117105898,True,False
43,A_STATE,OOD,199,stop_intersection,False,False,False,0,1,28.235773412779636,1.5206485986709595,True,False
43,A_STATE,OOD,200,lead_brake,False,False,False,0,0,33.90698615491393,5.025453407938281,True,False
43,A_STATE,OOD,201,lead_brake,False,False,False,0,0,30.828107752794683,4.43210907963415,True,False
43,A_STATE,OOD,202,lead_brake,False,False,False,0,0,25.996500161972797,4.165201550349593,True,False
43,A_STATE,OOD,203,lead_brake,False,False,False,0,0,30.74118000324507,1.3441751115024088,True,False
43,A_STATE,OOD,204,lead_brake,False,False,False,0,0,29.71029367372159,3.6848779494563737,True,False
43,A_STATE,OOD,205,lead_brake,False,False,False,0,0,28.498555599041733,4.8440916165709496,True,False
43,A_STATE,OOD,206,lead_brake,False,False,False,0,0,30.207596519874254,4.947872297217448,True,False
43,A_STATE,OOD,207,lead_brake,False,False,False,0,0,32.828034911136356,4.876018330454826,True,False
43,A_STATE,OOD,208,lead_brake,False,False,False,0,0,38.1406326582417,5.046078741550446,True,False
43,A_STATE,OOD,209,lead_brake,False,False,False,0,0,30.694799852420044,3.282668262720108,True,False
43,A_STATE,OOD,210,lead_brake,False,False,False,0,0,29.793984577925606,5.4473443528016405,True,False
43,A_STATE,OOD,211,lead_brake,False,False,False,0,0,36.459848857372926,4.256449436148007,True,False
43,A_STATE,OOD,212,lead_brake,False,False,False,0,0,27.62234638181939,5.87561480452617,True,False
43,A_STATE,OOD,213,lead_brake,False,False,False,0,0,30.882237906340425,3.1289570393661656,True,False
43,A_STATE,OOD,214,lead_brake,False,False,False,0,0,35.00303189817534,3.199529348562161,True,False
43,A_STATE,OOD,215,lead_brake,False,False,False,0,0,26.842728481706544,5.203897920747598,True,False
43,A_STATE,OOD,216,lead_brake,False,False,False,0,0,40.23555211943005,4.118958577513695,True,False
43,A_STATE,OOD,217,lead_brake,False,False,False,0,0,34.747973348796364,1.7895676357050734,True,False
43,A_STATE,OOD,218,lead_brake,False,False,False,0,0,26.671740646981842,2.8092551759133735,True,False
43,A_STATE,OOD,219,lead_brake,False,False,False,0,0,34.44690182541663,3.2891870227952795,True,False
43,A_STATE,OOD,220,lead_brake,False,False,False,0,0,35.31420581959217,2.812453337634603,True,False
43,A_STATE,OOD,221,lead_brake,False,False,True,0,0,24.245160575062034,2.9110534333934384,True,False
43,A_STATE,OOD,222,lead_brake,False,False,False,0,0,39.75840234415137,4.581434855858484,True,False
43,A_STATE,OOD,223,lead_brake,False,False,False,0,0,26.434442643147957,5.547775627424319,True,False
43,A_STATE,OOD,224,lead_brake,False,False,False,0,0,31.308358694108524,3.271735977381468,True,False
43,A_STATE,OOD,225,lead_brake,False,False,False,0,0,31.9819250657162,4.198974493270119,True,False
43,A_STATE,OOD,226,lead_brake,False,False,False,0,0,27.23876524955032,1.6531625812252362,True,False
43,A_STATE,OOD,227,lead_brake,False,False,False,0,0,38.72852524656721,3.1651188296576342,True,False
43,A_STATE,OOD,228,lead_brake,False,False,False,0,0,39.75047076228907,4.19468004318575,True,False
43,A_STATE,OOD,229,lead_brake,False,False,False,0,0,43.197908394932725,2.9503490527470904,True,False
43,A_STATE,OOD,230,lead_brake,False,False,False,0,0,34.15700976033321,4.71044609323144,True,False
43,A_STATE,OOD,231,lead_brake,False,False,False,0,0,35.37943656789072,4.300007729480663,True,False
43,A_STATE,OOD,232,lead_brake,False,False,False,0,0,32.86791983307362,4.691071381171544,True,False
43,A_STATE,OOD,233,lead_brake,False,False,False,0,0,30.148814068820332,4.8403303641825906,True,False
43,A_STATE,OOD,234,lead_brake,False,False,False,0,0,29.222512448459852,3.977814906587203,True,False
43,A_STATE,OOD,235,lead_brake,False,False,False,0,0,32.39414882858865,2.915564184387525,True,False
43,A_STATE,OOD,236,lead_brake,False,False,False,0,0,42.650540354102844,4.471917723615964,True,False
43,A_STATE,OOD,237,lead_brake,False,False,False,0,0,40.53866349044049,3.5667773745954032,True,False
43,A_STATE,OOD,238,lead_brake,False,False,False,0,0,26.3742990577221,2.942249704152345,True,False
43,A_STATE,OOD,239,lead_brake,False,False,False,0,0,34.49238544701084,1.7964696759978929,True,False
43,A_STATE,OOD,240,lead_brake,False,False,False,0,0,36.88736302077774,4.0662469156086445,True,False
43,A_STATE,OOD,241,lead_brake,False,False,False,0,0,25.88350476826547,4.438162088394165,True,False
43,A_STATE,OOD,242,lead_brake,False,False,True,0,0,27.13699635825939,3.3543609293798604,True,False
43,A_STATE,OOD,243,lead_brake,False,False,False,0,0,31.20694422206911,4.906237481161952,True,False
43,A_STATE,OOD,244,lead_brake,False,False,False,0,0,41.80759580597276,3.0339297565321126,True,False
43,A_STATE,OOD,245,lead_brake,False,False,False,0,0,43.61322544753552,4.307859338199099,True,False
43,A_STATE,OOD,246,lead_brake,False,False,False,0,0,26.978561444571625,2.22201592164735,True,False
43,A_STATE,OOD,247,lead_brake,False,False,False,0,0,31.535579723666324,4.177015087256828,True,False
43,A_STATE,OOD,248,lead_brake,False,False,True,0,0,27.799212464497142,3.3878621098895865,True,False
43,A_STATE,OOD,249,lead_brake,False,False,True,0,0,24.19799887044964,5.73485380411148,True,False
43,A_STATE,OOD,250,lead_brake,False,False,False,0,0,33.76489955574756,4.399840076764424,True,False
43,A_STATE,OOD,251,lead_brake,False,False,False,0,0,31.073251837950117,3.9746734276413918,True,False
43,A_STATE,OOD,252,lead_brake,False,False,False,0,0,40.30349288090564,3.2136214735607305,True,False
43,A_STATE,OOD,253,lead_brake,False,False,False,0,0,28.956823810338975,4.838260803371668,True,False
43,A_STATE,OOD,254,lead_brake,False,False,False,0,0,28.35277645430886,3.424083153406779,True,False
43,A_STATE,OOD,255,lead_brake,False,False,False,0,0,34.59788027410704,3.4669787598152957,True,False
43,A_STATE,OOD,256,lead_brake,False,False,True,0,0,25.243517441898593,3.5657254215329885,True,False
43,A_STATE,OOD,257,lead_brake,False,False,False,0,0,31.04911583586791,5.159259535993139,True,False
43,A_STATE,OOD,258,lead_brake,False,False,True,0,0,23.80696260497989,3.9023751206696033,True,False
43,A_STATE,OOD,259,lead_brake,False,False,False,0,0,43.281995940208446,2.6524464537700014,True,False
43,A_STATE,OOD,260,lead_brake,False,False,False,0,0,34.879680232723516,2.542587549736102,True,False
43,A_STATE,OOD,261,lead_brake,False,False,False,0,0,28.90845118817892,1.8034948768715064,True,False
43,A_STATE,OOD,262,lead_brake,False,False,False,0,0,38.52720897863022,3.8789634065081673,True,False
43,A_STATE,OOD,263,lead_brake,False,False,False,0,0,30.855281830061717,4.571229532981913,True,False
43,A_STATE,OOD,264,lead_brake,False,False,False,0,0,44.74553801506759,4.179100622733434,True,False
43,A_STATE,OOD,265,lead_brake,False,False,False,0,0,40.32442772987392,4.390042771895726,True,False
43,A_STATE,OOD,266,lead_brake,False,False,False,0,0,32.533396042547885,5.6954494174569845,True,False
43,A_STATE,OOD,267,lead_brake,False,False,False,0,0,29.733320954934975,4.3736541749288635,True,False
43,A_STATE,OOD,268,lead_brake,False,False,False,0,0,29.43154894848636,5.4902170325318975,True,False
43,A_STATE,OOD,269,lead_brake,False,False,False,0,0,31.701501161287304,3.5850043905278044,True,False
43,A_STATE,OOD,270,lead_brake,False,False,False,0,0,25.752627877321505,1.533597289274136,True,False
43,A_STATE,OOD,271,lead_brake,False,False,False,0,0,36.40018321351362,5.103270852317412,True,False
43,A_STATE,OOD,272,lead_brake,False,False,False,0,0,34.41805085201917,2.9759463494022684,True,False
43,A_STATE,OOD,273,lead_brake,False,False,False,0,0,34.96062503600105,4.872091591358185,True,False
43,A_STATE,OOD,274,lead_brake,False,False,False,0,0,37.36182178355317,3.0160743234058223,True,False
43,A_STATE,OOD,275,lead_brake,False,False,False,0,0,33.291867130957996,2.6670609414577484,True,False
43,A_STATE,OOD,276,lead_brake,False,False,False,0,0,28.766164106546796,3.946173100421826,True,False
43,A_STATE,OOD,277,lead_brake,False,False,False,0,0,29.81149828821419,3.977819010615349,True,False
43,A_STATE,OOD,278,lead_brake,False,False,False,0,0,30.32470469784309,3.6225725449621673,True,False
43,A_STATE,OOD,279,lead_brake,False,False,False,0,0,38.911711497008795,5.484131964544455,True,False
43,A_STATE,OOD,280,lead_brake,False,False,False,0,0,30.703362036381325,5.2235402787725125,True,False
43,A_STATE,OOD,281,lead_brake,False,False,False,0,0,31.621083794236167,2.397862490887443,True,False
43,A_STATE,OOD,282,lead_brake,False,False,False,0,0,32.37902406957553,2.7685421612113714,True,False
43,A_STATE,OOD,283,lead_brake,False,False,False,0,0,36.70201621815561,0.7124801414708296,True,False
43,A_STATE,OOD,284,lead_brake,False,False,True,0,0,26.1380323054292,5.605892945701877,True,False
43,A_STATE,OOD,285,lead_brake,False,False,False,0,0,35.47672964946981,3.661837796370188,True,False
43,A_STATE,OOD,286,lead_brake,False,False,False,0,0,29.210624539333704,3.7436929152657585,True,False
43,A_STATE,OOD,287,lead_brake,False,False,False,0,0,32.76436613734782,3.6191714691619072,True,False
43,A_STATE,OOD,288,lead_brake,False,False,True,0,0,26.891754968635656,3.2185119893401857,True,False
43,A_STATE,OOD,289,lead_brake,False,False,False,0,0,39.886792429190166,4.1634188902874785,True,False
43,A_STATE,OOD,290,lead_brake,False,False,False,0,0,33.90203708642634,3.81100852539142,True,False
43,A_STATE,OOD,291,lead_brake,False,False,True,0,0,21.912474010437712,2.2035135428110757,True,False
43,A_STATE,OOD,292,lead_brake,False,False,False,0,0,36.275014696112166,4.342788762102525,True,False
43,A_STATE,OOD,293,lead_brake,False,False,False,0,0,25.678942871338965,4.80165208193163,True,False
43,A_STATE,OOD,294,lead_brake,False,False,False,0,0,26.928274598029336,3.4001360659797983,True,False
43,A_STATE,OOD,295,lead_brake,False,False,False,0,0,28.412386603206382,2.5203045532107353,True,False
43,A_STATE,OOD,296,lead_brake,False,False,False,0,0,35.73328193976747,4.398875096191962,True,False
43,A_STATE,OOD,297,lead_brake,False,False,False,0,0,39.18452048506643,5.824640594422817,True,False
43,A_STATE,OOD,298,lead_brake,False,False,True,0,0,21.485135767778775,3.509146694093942,True,False
43,A_STATE,OOD,299,lead_brake,False,False,False,0,0,25.89309969795165,1.453622631728649,True,False
43,B_COC,ID,0,crosswalk,False,False,False,0,0,29.571297307867496,2.1705604276873847,True,False
43,B_COC,ID,1,crosswalk,False,False,False,0,0,38.39851066131469,1.0510273929685354,True,False
43,B_COC,ID,2,crosswalk,False,False,False,0,0,28.634938551869975,2.6290979393218694,True,False
43,B_COC,ID,3,crosswalk,False,False,False,0,0,32.96080818879347,2.402083458645003,True,False
43,B_COC,ID,4,crosswalk,False,False,False,0,0,34.1991942554385,2.3386333984407512,True,False
43,B_COC,ID,5,crosswalk,False,False,False,0,0,28.11209641393529,1.9477166041083955,True,False
43,B_COC,ID,6,crosswalk,False,False,False,0,0,35.483870384415916,0.45991189439188346,True,False
43,B_COC,ID,7,crosswalk,False,False,False,0,0,37.83966984560506,2.1650762017816305,True,False
43,B_COC,ID,8,crosswalk,False,False,False,0,0,27.502906442134258,1.8968513737554134,True,False
43,B_COC,ID,9,crosswalk,False,False,False,0,0,34.45866869914779,2.0344594154845583,True,False
43,B_COC,ID,10,crosswalk,False,False,False,0,0,35.08218955530279,2.1784620291807433,True,False
43,B_COC,ID,11,crosswalk,False,False,False,0,0,33.91319156706601,2.066575810313225,True,False
43,B_COC,ID,12,crosswalk,False,False,False,0,0,28.41729347398073,1.6731395101860949,True,False
43,B_COC,ID,13,crosswalk,False,False,False,0,0,31.77876294777417,1.8016448908525964,True,False
43,B_COC,ID,14,crosswalk,False,False,False,0,0,29.974330715759898,2.171775779940865,True,False
43,B_COC,ID,15,crosswalk,False,False,False,0,0,35.060320351870494,0.4132422448500343,True,False
43,B_COC,ID,16,crosswalk,False,False,False,0,0,27.186533757249308,2.617526348266337,True,False
43,B_COC,ID,17,crosswalk,False,False,False,0,0,26.983038104372852,2.1931087403070357,True,False
43,B_COC,ID,18,crosswalk,False,False,False,0,0,36.012258879846684,1.831102157858285,True,False
43,B_COC,ID,19,crosswalk,False,False,False,0,0,38.68980030249064,0.6131769095857939,True,False
43,B_COC,ID,20,crosswalk,False,False,False,0,0,31.708927274950263,2.159458345600537,True,False
43,B_COC,ID,21,crosswalk,False,False,False,0,0,32.01285953993711,1.8188041482459416,True,False
43,B_COC,ID,22,crosswalk,False,False,False,0,0,28.488544356569474,2.0943443021840515,True,False
43,B_COC,ID,23,crosswalk,False,False,False,0,0,35.37958050461153,0.48646738244728605,True,False
43,B_COC,ID,24,crosswalk,False,False,False,0,0,28.06037981368729,2.027267950930093,True,False
43,B_COC,ID,25,crosswalk,False,False,False,0,0,29.158893320045394,1.9944042002870923,True,False
43,B_COC,ID,26,crosswalk,False,False,False,0,0,27.47329831451664,2.533922869908182,True,False
43,B_COC,ID,27,crosswalk,False,False,False,0,0,31.57336725000252,1.9720973819494247,True,False
43,B_COC,ID,28,crosswalk,False,False,False,0,0,34.117600244208845,1.4341961805309569,True,False
43,B_COC,ID,29,crosswalk,False,False,False,0,0,29.301529680286166,2.460874244570732,True,False
43,B_COC,ID,30,crosswalk,False,False,False,0,0,32.58401019109704,0.8243808726018126,True,False
43,B_COC,ID,31,crosswalk,False,False,False,0,0,27.847305256019464,1.9189021120900691,True,False
43,B_COC,ID,32,crosswalk,False,False,False,0,0,39.03355606449077,1.8353879731148481,True,False
43,B_COC,ID,33,crosswalk,False,False,False,0,0,32.23560828759485,0.4353802864040647,True,False
43,B_COC,ID,34,crosswalk,False,False,False,0,0,36.01672799421701,0.876642536992828,True,False
43,B_COC,ID,35,crosswalk,False,False,False,0,0,28.693563561873464,1.956996684489043,True,False
43,B_COC,ID,36,crosswalk,False,False,False,0,0,38.286525731717035,0.39685835540294645,True,False
43,B_COC,ID,37,crosswalk,False,False,False,0,0,31.741770648595406,2.2610864856026387,True,False
43,B_COC,ID,38,crosswalk,False,False,False,0,0,34.822379624832564,2.0793130745490394,True,False
43,B_COC,ID,39,crosswalk,False,False,False,0,0,28.829509740268357,1.962952461093664,True,False
43,B_COC,ID,40,crosswalk,False,False,False,0,0,32.17601296547743,0.5822659114545041,True,False
43,B_COC,ID,41,crosswalk,False,False,False,0,0,35.60068256309162,1.7484109273011033,True,False
43,B_COC,ID,42,crosswalk,False,False,False,0,0,38.56576734392297,0.543959088002642,True,False
43,B_COC,ID,43,crosswalk,False,False,False,0,0,31.231665467798493,1.9106442481279373,True,False
43,B_COC,ID,44,crosswalk,False,False,False,0,0,31.698262770316177,1.912300278033529,True,False
43,B_COC,ID,45,crosswalk,False,False,False,0,0,35.99083637498548,0.9278608827541271,True,False
43,B_COC,ID,46,crosswalk,False,False,False,0,0,30.971592812742735,2.224614078348333,True,False
43,B_COC,ID,47,crosswalk,False,False,False,0,0,28.35173698210649,0.8563571237027645,True,False
43,B_COC,ID,48,crosswalk,False,False,False,0,0,34.76877901127211,0.3719736604640881,True,False
43,B_COC,ID,49,crosswalk,False,False,False,0,0,38.00552414656788,0.4757337628499321,True,False
43,B_COC,ID,50,crosswalk,False,False,False,0,0,28.922981904692104,2.4670713002744473,True,False
43,B_COC,ID,51,crosswalk,False,False,False,0,0,28.75418167036675,0.402133759111166,True,False
43,B_COC,ID,52,crosswalk,False,False,False,0,0,36.78168816791134,0.3989252789566914,True,False
43,B_COC,ID,53,crosswalk,False,False,False,0,0,38.09855314554138,0.9550793379545212,True,False
43,B_COC,ID,54,crosswalk,False,False,False,0,0,37.44338929761533,0.3838358074426651,True,False
43,B_COC,ID,55,crosswalk,False,False,False,0,0,34.5782565485598,2.041299475187605,True,False
43,B_COC,ID,56,crosswalk,False,False,False,0,0,31.077165044262,2.3461906221650897,True,False
43,B_COC,ID,57,crosswalk,False,False,False,0,0,33.63800145149031,2.317427789623087,True,False
43,B_COC,ID,58,crosswalk,False,False,False,0,0,35.9470418092117,1.026099450562311,True,False
43,B_COC,ID,59,crosswalk,False,False,False,0,0,35.14713407448172,0.3821072137604157,True,False
43,B_COC,ID,60,crosswalk,False,False,False,0,0,36.81081920787361,2.16073937403659,True,False
43,B_COC,ID,61,crosswalk,False,False,False,0,0,37.4097806679764,0.38509757816791534,True,False
43,B_COC,ID,62,crosswalk,False,False,False,0,0,32.66036065176438,2.2926652973348443,True,False
43,B_COC,ID,63,crosswalk,False,False,False,0,0,32.33718302747671,1.0955350562220527,True,False
43,B_COC,ID,64,crosswalk,False,False,False,0,0,27.80199998136034,2.3645836781514316,True,False
43,B_COC,ID,65,crosswalk,False,False,False,0,0,35.948231836218625,2.095184497859167,True,False
43,B_COC,ID,66,crosswalk,False,False,False,0,0,32.091097693296845,1.2335306964814663,True,False
43,B_COC,ID,67,crosswalk,False,False,False,0,0,28.58701250424515,0.6441176839564975,True,False
43,B_COC,ID,68,crosswalk,False,False,False,0,0,32.26908397939924,0.39075681093064224,True,False
43,B_COC,ID,69,crosswalk,False,False,False,0,0,30.54298242646604,1.9363785162568092,True,False
43,B_COC,ID,70,crosswalk,False,False,False,0,0,39.27651213966909,0.4441315960139036,True,False
43,B_COC,ID,71,crosswalk,False,False,False,0,0,35.52323289080459,0.38687062449753284,True,False
43,B_COC,ID,72,crosswalk,False,False,False,0,0,35.2617634923025,0.44020184032295057,True,False
43,B_COC,ID,73,crosswalk,False,False,False,0,0,33.3167501011214,2.0152575082399626,True,False
43,B_COC,ID,74,crosswalk,False,False,False,0,0,35.45106902197012,0.44239128737345984,True,False
43,B_COC,ID,75,crosswalk,False,False,False,0,0,35.088025882827694,1.9135875288735738,True,False
43,B_COC,ID,76,crosswalk,False,False,False,0,0,34.68871656712257,0.38908513667790784,True,False
43,B_COC,ID,77,crosswalk,False,False,False,0,0,35.97168995698172,2.0124586028131572,True,False
43,B_COC,ID,78,crosswalk,False,False,False,0,0,33.96863565232168,2.0595845424880586,True,False
43,B_COC,ID,79,crosswalk,False,False,False,0,0,33.52967251050511,2.201076681641015,True,False
43,B_COC,ID,80,crosswalk,False,False,False,0,0,31.261026557801515,0.4082843412955602,True,False
43,B_COC,ID,81,crosswalk,False,False,False,0,0,33.172377374747654,2.3035749928517775,True,False
43,B_COC,ID,82,crosswalk,False,False,False,0,0,36.4460198775866,2.1485954243689775,True,False
43,B_COC,ID,83,crosswalk,False,False,False,0,0,38.16095376889226,0.38732155297811216,True,False
43,B_COC,ID,84,crosswalk,False,False,False,0,0,32.61928871118642,1.8071265874997429,True,False
43,B_COC,ID,85,crosswalk,False,False,False,0,0,32.66785719700269,0.5200862565210888,True,False
43,B_COC,ID,86,crosswalk,False,False,False,0,0,28.513781187689144,1.7550856590270996,True,False
43,B_COC,ID,87,crosswalk,False,False,False,0,0,35.61603211810011,1.049524996252287,True,False
43,B_COC,ID,88,crosswalk,False,False,False,0,0,31.044006384352667,2.0868715773458066,True,False
43,B_COC,ID,89,crosswalk,False,False,False,0,0,32.50796097513391,0.396863076497208,True,False
43,B_COC,ID,90,crosswalk,False,False,False,0,0,28.615344652247657,0.7598254717886447,True,False
43,B_COC,ID,91,crosswalk,False,False,False,0,0,27.973742978896773,2.075457559390501,True,False
43,B_COC,ID,92,crosswalk,False,False,False,0,0,37.64140346991826,0.5660731176083738,True,False
43,B_COC,ID,93,crosswalk,False,False,False,0,0,30.83152372114384,1.9471371298034985,True,False
43,B_COC,ID,94,crosswalk,False,False,False,0,0,30.477361938223293,2.30761019513011,True,False
43,B_COC,ID,95,crosswalk,False,False,False,0,0,31.51253272816072,0.3820210593667897,True,False
43,B_COC,ID,96,crosswalk,False,False,False,0,0,27.880386584145743,2.376747190952301,True,False
43,B_COC,ID,97,crosswalk,False,False,False,0,0,37.1170384442615,0.5684296697378158,True,False
43,B_COC,ID,98,crosswalk,False,False,False,0,0,30.402360342377204,2.5994907672467984,True,False
43,B_COC,ID,99,crosswalk,False,False,False,0,0,31.792875033765508,0.9187434203922747,True,False
43,B_COC,ID,100,stop_intersection,False,False,False,0,1,26.817537324895092,1.304604878296723,True,False
43,B_COC,ID,101,stop_intersection,False,False,False,0,1,31.90357950837827,1.179107427597046,True,False
43,B_COC,ID,102,stop_intersection,False,False,False,0,1,26.846243365366647,1.3421616683135162,True,False
43,B_COC,ID,103,stop_intersection,False,False,False,0,1,29.508350597948045,1.2559852233299842,True,False
43,B_COC,ID,104,stop_intersection,False,False,False,0,1,27.705540373300575,1.2263126251025076,True,False
43,B_COC,ID,105,stop_intersection,False,False,False,0,1,31.80589856125756,1.1689856506529308,True,False
43,B_COC,ID,106,stop_intersection,False,False,False,0,1,32.84999223989926,1.1816968804314023,True,False
43,B_COC,ID,107,stop_intersection,False,False,False,0,1,30.652154241701616,1.3731949423488816,True,False
43,B_COC,ID,108,stop_intersection,False,False,False,0,1,32.53399707007822,1.3247944116592407,True,False
43,B_COC,ID,109,stop_intersection,False,False,False,0,1,33.90972460899529,1.203497897746951,True,False
43,B_COC,ID,110,stop_intersection,False,False,False,0,1,29.436715286146903,1.3437382798445852,True,False
43,B_COC,ID,111,stop_intersection,False,False,False,0,1,36.18573238028726,1.2525812969651333,True,False
43,B_COC,ID,112,stop_intersection,False,False,False,0,1,36.25150228025864,1.2510844164116437,True,False
43,B_COC,ID,113,stop_intersection,False,False,False,0,1,36.00702274383218,1.2528152521266493,True,False
43,B_COC,ID,114,stop_intersection,False,False,False,0,1,35.863095722775,1.2509566684101903,True,False
43,B_COC,ID,115,stop_intersection,False,False,False,0,1,37.4066939689771,1.2366050481796265,True,False
43,B_COC,ID,116,stop_intersection,False,False,False,0,1,31.55316852491049,1.3774806413895042,True,False
43,B_COC,ID,117,stop_intersection,False,False,False,0,1,28.193931874933654,1.2957020182358592,True,False
43,B_COC,ID,118,stop_intersection,False,False,False,0,1,32.11049876565039,1.3591986588942697,True,False
43,B_COC,ID,119,stop_intersection,False,False,False,0,1,35.21494056591944,1.287327550706409,True,False
43,B_COC,ID,120,stop_intersection,False,False,False,0,1,37.50116084712703,1.2953745609238034,True,False
43,B_COC,ID,121,stop_intersection,False,False,False,0,1,36.505251452262804,1.2787392527558084,True,False
43,B_COC,ID,122,stop_intersection,False,False,False,0,1,33.14398605734278,1.1381845696027888,True,False
43,B_COC,ID,123,stop_intersection,False,False,False,0,1,27.118960717210093,1.3145453221089132,True,False
43,B_COC,ID,124,stop_intersection,False,False,False,0,1,34.33372332834449,1.1882990460063136,True,False
43,B_COC,ID,125,stop_intersection,False,False,False,0,1,35.73247024100375,1.2590580327170235,True,False
43,B_COC,ID,126,stop_intersection,False,False,False,0,1,38.78720420242753,1.1661302778455946,True,False
43,B_COC,ID,127,stop_intersection,False,False,False,0,1,27.711193679530453,1.3306001070383433,True,False
43,B_COC,ID,128,stop_intersection,False,False,False,0,1,33.76432087709754,1.2734013068966747,True,False
43,B_COC,ID,129,stop_intersection,False,False,False,0,1,35.27627765833796,1.2798015276590982,True,False
43,B_COC,ID,130,stop_intersection,False,False,False,0,1,27.188847907991942,1.22193055275159,True,False
43,B_COC,ID,131,stop_intersection,False,False,False,0,1,28.39603232969683,1.3926042737187565,True,False
43,B_COC,ID,132,stop_intersection,False,False,False,0,1,33.007176253037514,1.29812380162681,True,False
43,B_COC,ID,133,stop_intersection,False,False,False,0,1,30.972428453903305,1.2017047114488555,True,False
43,B_COC,ID,134,stop_intersection,False,False,False,0,1,38.546747905977625,1.2293380363421007,True,False
43,B_COC,ID,135,stop_intersection,False,False,False,0,1,32.05774259321994,1.3313796520233152,True,False
43,B_COC,ID,136,stop_intersection,False,False,False,0,1,36.28164340520594,1.1680306087840686,True,False
43,B_COC,ID,137,stop_intersection,False,False,False,0,1,31.689475909201,1.2281578343089032,True,False
43,B_COC,ID,138,stop_intersection,False,False,False,0,1,33.21351953888674,1.1954009532928467,True,False
43,B_COC,ID,139,stop_intersection,False,False,False,0,1,31.117216098847592,1.2379121780395508,True,False
43,B_COC,ID,140,stop_intersection,False,False,False,0,1,38.32308472110653,1.1707659389661706,True,False
43,B_COC,ID,141,stop_intersection,False,False,False,0,1,37.544333664963936,1.2550717315008475,True,False
43,B_COC,ID,142,stop_intersection,False,False,False,0,1,35.596919535424,1.1921202594583684,True,False
43,B_COC,ID,143,stop_intersection,False,False,False,0,1,26.977697651648704,1.3421389863297744,True,False
43,B_COC,ID,144,stop_intersection,False,False,False,0,1,29.584921036699733,1.2166972756385803,True,False
43,B_COC,ID,145,stop_intersection,False,False,False,0,1,36.38708057118699,1.2722320216042653,True,False
43,B_COC,ID,146,stop_intersection,False,False,False,0,1,36.58182907747911,1.1288675732082791,True,False
43,B_COC,ID,147,stop_intersection,False,False,False,0,1,31.931971464967113,1.2322824175764875,True,False
43,B_COC,ID,148,stop_intersection,False,False,False,0,1,33.633352114350515,1.2354339020592826,True,False
43,B_COC,ID,149,stop_intersection,False,False,False,0,1,36.23347050678727,1.2736302188464572,True,False
43,B_COC,ID,150,stop_intersection,False,False,False,0,1,34.51600275008387,1.2407205218360535,True,False
43,B_COC,ID,151,stop_intersection,False,False,False,0,1,27.73430785199909,1.3772758922061403,True,False
43,B_COC,ID,152,stop_intersection,False,False,False,0,1,28.302389455099764,1.2855310816513865,True,False
43,B_COC,ID,153,stop_intersection,False,False,False,0,1,34.40571539826893,1.2817667170268734,True,False
43,B_COC,ID,154,stop_intersection,False,False,False,0,1,34.93867372976322,1.2018285241237907,True,False
43,B_COC,ID,155,stop_intersection,False,False,False,0,1,29.99320940787348,1.2662727404863405,True,False
43,B_COC,ID,156,stop_intersection,False,False,False,0,1,33.77000012216023,1.1468491997829704,True,False
43,B_COC,ID,157,stop_intersection,False,False,False,0,1,36.14497211800821,1.2333651293407786,True,False
43,B_COC,ID,158,stop_intersection,False,False,False,0,1,35.62320021639501,1.2974676064082553,True,False
43,B_COC,ID,159,stop_intersection,False,False,False,0,1,31.523675665444806,1.2863535284996033,True,False
43,B_COC,ID,160,stop_intersection,False,False,False,0,1,38.529998308079904,1.2485528130863988,True,False
43,B_COC,ID,161,stop_intersection,False,False,False,0,1,30.78589080109218,1.3311313971495016,True,False
43,B_COC,ID,162,stop_intersection,False,False,False,0,1,37.2683316894222,1.2631711433100146,True,False
43,B_COC,ID,163,stop_intersection,False,False,False,0,1,32.69430101280136,1.3412628769874573,True,False
43,B_COC,ID,164,stop_intersection,False,False,False,0,1,28.052412277764052,1.280106933493363,True,False
43,B_COC,ID,165,stop_intersection,False,False,False,0,1,33.254804223782955,1.330226570367813,True,False
43,B_COC,ID,166,stop_intersection,False,False,False,0,1,38.677929315016556,1.2326862053437666,True,False
43,B_COC,ID,167,stop_intersection,False,False,False,0,1,28.731773862932897,1.2555862695742874,True,False
43,B_COC,ID,168,stop_intersection,False,False,False,0,1,35.51533995466775,1.1979476795640103,True,False
43,B_COC,ID,169,stop_intersection,False,False,False,0,1,35.44866830965632,1.3095101641445623,True,False
43,B_COC,ID,170,stop_intersection,False,False,False,0,1,30.31562946479109,1.238177955150604,True,False
43,B_COC,ID,171,stop_intersection,False,False,False,0,1,29.810580506572208,1.3684180849476864,True,False
43,B_COC,ID,172,stop_intersection,False,False,False,0,1,28.711076508762545,1.329647051660638,True,False
43,B_COC,ID,173,stop_intersection,False,False,False,0,1,28.59389716931185,1.2499397840255344,True,False
43,B_COC,ID,174,stop_intersection,False,False,False,0,1,34.692858701406806,1.1501782048832285,True,False
43,B_COC,ID,175,stop_intersection,False,False,False,0,1,27.750885816943708,1.2290859833741798,True,False
43,B_COC,ID,176,stop_intersection,False,False,False,0,1,36.702303800941536,1.2345577099106528,True,False
43,B_COC,ID,177,stop_intersection,False,False,False,0,1,30.816195504308478,1.329848521795028,True,False
43,B_COC,ID,178,stop_intersection,False,False,False,0,1,29.11147534591659,1.1981748938560484,True,False
43,B_COC,ID,179,stop_intersection,False,False,False,0,1,30.385618588981515,1.1731512372086688,True,False
43,B_COC,ID,180,stop_intersection,False,False,False,0,1,31.984297873055006,1.3233123421669006,True,False
43,B_COC,ID,181,stop_intersection,False,False,False,0,1,35.58388505609664,1.258280106953212,True,False
43,B_COC,ID,182,stop_intersection,False,False,False,0,1,31.03456483924247,1.2624526023864746,True,False
43,B_COC,ID,183,stop_intersection,False,False,False,0,1,35.68496861573769,1.2185638449912846,True,False
43,B_COC,ID,184,stop_intersection,False,False,False,0,1,34.04720009332762,1.1778617459674212,True,False
43,B_COC,ID,185,stop_intersection,False,False,False,0,1,37.04320251789537,1.233929534291112,True,False
43,B_COC,ID,186,stop_intersection,False,False,False,0,1,35.4524405180147,1.1461148262023926,True,False
43,B_COC,ID,187,stop_intersection,False,False,False,0,1,37.57622944617603,1.2894745809691293,True,False
43,B_COC,ID,188,stop_intersection,False,False,False,0,1,30.02672579407384,1.2290400266647339,True,False
43,B_COC,ID,189,stop_intersection,False,False,False,0,1,35.66273277417848,1.1941371407619743,True,False
43,B_COC,ID,190,stop_intersection,False,False,False,0,1,36.216770734659676,1.1690056324005127,True,False
43,B_COC,ID,191,stop_intersection,False,False,False,0,1,32.0795252117952,1.2699564695358274,True,False
43,B_COC,ID,192,stop_intersection,False,False,False,0,1,31.739488708889684,1.3449670412601569,True,False
43,B_COC,ID,193,stop_intersection,False,False,False,0,1,29.550332071510496,1.2875478695600462,True,False
43,B_COC,ID,194,stop_intersection,False,False,False,0,1,30.515830718987942,1.3173528206654084,True,False
43,B_COC,ID,195,stop_intersection,False,False,False,0,1,35.64118483366536,1.15814669565721,True,False
43,B_COC,ID,196,stop_intersection,False,False,False,0,1,28.764320362223064,1.284635861714681,True,False
43,B_COC,ID,197,stop_intersection,False,False,False,0,1,28.33088757071161,1.2837188494832892,True,False
43,B_COC,ID,198,stop_intersection,False,False,False,0,1,28.60180145507402,1.23202947469858,True,False
43,B_COC,ID,199,stop_intersection,False,False,False,0,1,37.905227022785816,1.2721285709114962,True,False
43,B_COC,ID,200,lead_brake,False,False,False,0,0,76.23771582627396,0.2628916949033737,True,False
43,B_COC,ID,201,lead_brake,False,False,False,0,0,84.44304736625286,1.1144257312019665,True,False
43,B_COC,ID,202,lead_brake,False,False,False,0,0,64.00860088115402,1.111292159805695,True,False
43,B_COC,ID,203,lead_brake,False,False,False,0,0,62.095792876044335,1.8245560725529988,True,False
43,B_COC,ID,204,lead_brake,False,False,False,0,0,86.34101296246057,0.7096137404441833,True,False
43,B_COC,ID,205,lead_brake,False,False,False,0,0,62.74734663508186,2.333910656472047,True,False
43,B_COC,ID,206,lead_brake,False,False,False,0,0,76.21043894915641,2.65223944435517,True,False
43,B_COC,ID,207,lead_brake,False,False,False,0,0,73.51353783353981,0.23569901784261066,True,False
43,B_COC,ID,208,lead_brake,False,False,False,0,0,78.36423079229806,0.3597253262996673,True,False
43,B_COC,ID,209,lead_brake,False,False,False,0,0,59.69643937329502,3.902458594491084,True,False
43,B_COC,ID,210,lead_brake,False,False,False,0,0,62.33719801887189,1.322873793542385,True,False
43,B_COC,ID,211,lead_brake,False,False,False,0,0,77.43460162271603,0.23326128348708153,True,False
43,B_COC,ID,212,lead_brake,False,False,False,0,0,78.10972826879365,1.686996688445409,True,False
43,B_COC,ID,213,lead_brake,False,False,False,0,0,54.2958929580288,6.020727876573801,True,False
43,B_COC,ID,214,lead_brake,False,False,False,0,0,92.26355748549581,0.23898218820492426,True,False
43,B_COC,ID,215,lead_brake,False,False,False,0,0,66.31398773056105,0.8807071472207704,True,False
43,B_COC,ID,216,lead_brake,False,False,False,0,0,60.0958371463826,4.559879720211029,True,False
43,B_COC,ID,217,lead_brake,False,False,False,0,0,60.32584304559215,4.638030512879292,True,False
43,B_COC,ID,218,lead_brake,False,False,False,0,0,62.108286195380465,0.5862662506600221,True,False
43,B_COC,ID,219,lead_brake,False,False,False,0,0,76.33328661732249,0.6749624361594517,True,False
43,B_COC,ID,220,lead_brake,False,False,False,0,0,54.75668831505959,5.717709557463724,True,False
43,B_COC,ID,221,lead_brake,False,False,False,0,0,52.77438372526993,8.505610760301352,True,False
43,B_COC,ID,222,lead_brake,False,False,False,0,0,83.26522917387683,0.25295749058326084,True,False
43,B_COC,ID,223,lead_brake,False,False,False,0,0,66.95686152121115,0.6803298058609167,True,False
43,B_COC,ID,224,lead_brake,False,False,False,0,0,71.05274210182743,2.878407488266627,True,False
43,B_COC,ID,225,lead_brake,False,False,False,0,0,95.93473514616491,0.26346418013175327,True,False
43,B_COC,ID,226,lead_brake,False,False,False,0,0,65.21922457947326,1.7597814326484997,True,False
43,B_COC,ID,227,lead_brake,False,False,False,0,0,97.56992347830578,0.2403440202275912,True,False
43,B_COC,ID,228,lead_brake,False,False,False,0,0,74.42207802052602,0.9826949052512646,True,False
43,B_COC,ID,229,lead_brake,False,False,False,0,0,68.91146571065998,5.533278524875641,True,False
43,B_COC,ID,230,lead_brake,False,False,False,0,0,84.40762910604477,0.18359251817067465,True,False
43,B_COC,ID,231,lead_brake,False,False,False,0,0,94.33681486576671,0.15099715441465378,True,False
43,B_COC,ID,232,lead_brake,False,False,False,0,0,78.34918350763776,3.116801676650842,True,False
43,B_COC,ID,233,lead_brake,False,False,False,0,0,60.80158418809715,2.618619573613008,True,False
43,B_COC,ID,234,lead_brake,False,False,False,0,0,64.81295000073374,5.1362944791714344,True,False
43,B_COC,ID,235,lead_brake,False,False,False,0,0,95.1334954990043,0.21177933365106583,True,False
43,B_COC,ID,236,lead_brake,False,False,False,0,0,75.99745021543016,0.26947798579931254,True,False
43,B_COC,ID,237,lead_brake,False,False,False,0,0,55.91567451401245,5.378888012220462,True,False
43,B_COC,ID,238,lead_brake,False,False,False,0,0,73.05586087080968,5.776835737129052,True,False
43,B_COC,ID,239,lead_brake,False,False,False,0,0,75.26427225925971,1.5267505856851737,True,False
43,B_COC,ID,240,lead_brake,False,False,False,0,0,73.92442153268703,2.5472593729694686,True,False
43,B_COC,ID,241,lead_brake,False,False,False,0,0,55.11701684409645,6.020718913525342,True,False
43,B_COC,ID,242,lead_brake,False,False,False,0,0,92.3640414501613,0.2515901910761992,True,False
43,B_COC,ID,243,lead_brake,False,False,False,0,0,94.15951525903056,0.28791337460279465,True,False
43,B_COC,ID,244,lead_brake,False,False,False,0,0,60.78015982239825,0.43903305505712825,True,False
43,B_COC,ID,245,lead_brake,False,False,False,0,0,68.19436400526355,1.3177139237523077,True,False
43,B_COC,ID,246,lead_brake,False,False,False,0,0,69.74437067359777,0.2426503747701645,True,False
43,B_COC,ID,247,lead_brake,False,False,False,0,0,67.71376542599356,0.8427398974696795,True,False
43,B_COC,ID,248,lead_brake,False,False,False,0,0,56.97888484151562,6.31711912030975,True,False
43,B_COC,ID,249,lead_brake,False,False,False,0,0,60.6209714541286,4.422426518052816,True,False
43,B_COC,ID,250,lead_brake,False,False,False,0,0,62.74540374619543,4.766865028689304,True,False
43,B_COC,ID,251,lead_brake,False,False,False,0,0,63.57902249028858,6.186472579836845,True,False
43,B_COC,ID,252,lead_brake,False,False,False,0,0,82.20691666392311,0.3625009978810946,True,False
43,B_COC,ID,253,lead_brake,False,False,False,0,0,90.6801463421411,0.1360923374692599,True,False
43,B_COC,ID,254,lead_brake,False,False,False,0,0,57.577972440204626,6.882600845148166,True,False
43,B_COC,ID,255,lead_brake,False,False,False,0,0,69.41486587978422,5.1656054481863976,True,False
43,B_COC,ID,256,lead_brake,False,False,False,0,0,61.12942156591493,4.440871788809696,True,False
43,B_COC,ID,257,lead_brake,False,False,False,0,0,95.51210672799535,0.2401591713229815,True,False
43,B_COC,ID,258,lead_brake,False,False,False,0,0,71.78048992729272,0.9816006297866503,True,False
43,B_COC,ID,259,lead_brake,False,False,False,0,0,97.81417791187758,0.13880320638418198,True,False
43,B_COC,ID,260,lead_brake,False,False,False,0,0,57.25998647332487,4.127283884833257,True,False
43,B_COC,ID,261,lead_brake,False,False,False,0,0,68.78958639609242,0.7708928982416788,True,False
43,B_COC,ID,262,lead_brake,False,False,False,0,0,54.386278207329255,2.7541478785375753,True,False
43,B_COC,ID,263,lead_brake,False,False,False,0,0,60.53348460886065,4.063526085267464,True,False
43,B_COC,ID,264,lead_brake,False,False,False,0,0,93.35184535443015,0.34375233699878055,True,False
43,B_COC,ID,265,lead_brake,False,False,False,0,0,86.9944643157026,0.21490177512168882,True,False
43,B_COC,ID,266,lead_brake,False,False,False,0,0,66.58252937062663,0.58672430117925,True,False
43,B_COC,ID,267,lead_brake,False,False,False,0,0,79.79502295839471,0.2777582307656606,True,False
43,B_COC,ID,268,lead_brake,False,False,False,0,0,60.84747462103555,2.391127683222294,True,False
43,B_COC,ID,269,lead_brake,False,False,False,0,0,70.2529360294732,1.8152279121180375,True,False
43,B_COC,ID,270,lead_brake,False,False,False,0,0,78.87849492860836,3.9372624779740963,True,False
43,B_COC,ID,271,lead_brake,False,False,False,0,0,69.34125805481219,2.678725220263004,True,False
43,B_COC,ID,272,lead_brake,False,False,False,0,0,87.34509049013077,0.2443652898073196,True,False
43,B_COC,ID,273,lead_brake,False,False,False,0,0,61.288671739344224,4.7495303961137925,True,False
43,B_COC,ID,274,lead_brake,False,False,False,0,0,95.32334044055354,0.29625125477711356,True,False
43,B_COC,ID,275,lead_brake,False,False,False,0,0,85.42978266566993,0.20062851657470065,True,False
43,B_COC,ID,276,lead_brake,False,False,False,0,0,59.65693127999064,0.6480627991259098,True,False
43,B_COC,ID,277,lead_brake,False,False,False,0,0,76.62332248477894,0.15940263122320172,True,False
43,B_COC,ID,278,lead_brake,False,False,False,0,0,81.36545694944506,0.2418244332075119,True,False
43,B_COC,ID,279,lead_brake,False,False,False,0,0,91.07734765990446,0.2836575830976168,True,False
43,B_COC,ID,280,lead_brake,False,False,False,0,0,81.94381010016154,0.2223475935558478,True,False
43,B_COC,ID,281,lead_brake,False,False,False,0,0,82.64937629591392,0.2091777871052424,True,False
43,B_COC,ID,282,lead_brake,False,False,False,0,0,87.8179536655644,0.20370210210482279,True,False
43,B_COC,ID,283,lead_brake,False,False,False,0,0,56.43672861095155,7.598585510005553,True,False
43,B_COC,ID,284,lead_brake,False,False,False,0,0,85.47077629834415,0.7906742269794146,True,False
43,B_COC,ID,285,lead_brake,False,False,False,0,0,71.04703546751463,5.77127892524004,True,False
43,B_COC,ID,286,lead_brake,False,False,False,0,0,92.50647298931464,0.2395585849881172,True,False
43,B_COC,ID,287,lead_brake,False,False,False,0,0,76.06453648217865,1.0180242247879505,True,False
43,B_COC,ID,288,lead_brake,False,False,False,0,0,67.9291792090561,2.2589235603809357,True,False
43,B_COC,ID,289,lead_brake,False,False,False,0,0,61.12121608738722,1.231198908140262,True,False
43,B_COC,ID,290,lead_brake,False,False,False,0,0,95.63912630484006,0.2696994220217069,True,False
43,B_COC,ID,291,lead_brake,False,False,False,0,0,76.91969590708572,0.2727033570408821,True,False
43,B_COC,ID,292,lead_brake,False,False,False,0,0,73.74568996734867,0.3355537801980972,True,False
43,B_COC,ID,293,lead_brake,False,False,False,0,0,80.60263340414126,0.26943451662858325,True,False
43,B_COC,ID,294,lead_brake,False,False,False,0,0,60.416094246549314,0.5333944857120513,True,False
43,B_COC,ID,295,lead_brake,False,False,False,0,0,82.36093595486165,0.2670956651369731,True,False
43,B_COC,ID,296,lead_brake,False,False,False,0,0,61.09736059474011,2.0024152162174382,True,False
43,B_COC,ID,297,lead_brake,False,False,False,0,0,74.75509816098027,0.229170107593139,True,False
43,B_COC,ID,298,lead_brake,False,False,False,0,0,94.21710176836508,0.18846211830774942,True,False
43,B_COC,ID,299,lead_brake,False,False,False,0,0,67.55255339023876,0.91629991432031,True,False
43,B_COC,OOD,0,crosswalk,False,False,False,0,1,29.74938765024229,1.3113566736380258,True,False
43,B_COC,OOD,1,crosswalk,False,False,False,0,0,31.229478601184006,1.4007178942362466,True,False
43,B_COC,OOD,2,crosswalk,False,False,False,0,1,23.268196992262432,0.9685690984839485,True,False
43,B_COC,OOD,3,crosswalk,False,False,False,0,1,30.56493374096618,1.3836399714152017,True,False
43,B_COC,OOD,4,crosswalk,False,False,False,0,1,25.601870057270986,1.2621012032032013,True,False
43,B_COC,OOD,5,crosswalk,False,False,False,0,1,25.32098631231336,1.2394408952622187,True,False
43,B_COC,OOD,6,crosswalk,False,False,False,0,1,20.98106710662857,1.059670394117182,True,False
43,B_COC,OOD,7,crosswalk,False,False,False,0,1,22.516141450096633,1.2080496235897666,True,False
43,B_COC,OOD,8,crosswalk,False,False,False,0,1,30.477806919113867,1.0186065038045247,True,False
43,B_COC,OOD,9,crosswalk,False,False,False,0,0,29.515034289921434,1.3475392262140908,True,False
43,B_COC,OOD,10,crosswalk,False,False,False,0,1,26.709129561137157,1.1356060277848017,True,False
43,B_COC,OOD,11,crosswalk,False,False,False,0,1,24.392487943603065,1.1398178193627333,True,False
43,B_COC,OOD,12,crosswalk,False,False,False,0,1,27.73088033280086,1.119389106065799,True,False
43,B_COC,OOD,13,crosswalk,False,False,False,0,1,23.617309548669866,1.123067918031112,True,False
43,B_COC,OOD,14,crosswalk,False,False,False,0,1,31.527270059865025,1.08929781686692,True,False
43,B_COC,OOD,15,crosswalk,False,False,False,0,1,22.80314650149802,1.1479969544613615,True,False
43,B_COC,OOD,16,crosswalk,False,False,False,0,1,22.80717753154306,1.0354248682657878,True,False
43,B_COC,OOD,17,crosswalk,False,False,False,0,1,21.027728735388145,0.9140797772190787,True,False
43,B_COC,OOD,18,crosswalk,False,False,False,0,1,22.251419193683887,1.1279575244800464,True,False
43,B_COC,OOD,19,crosswalk,False,False,False,0,1,22.155471988405438,1.1107340880802699,True,False
43,B_COC,OOD,20,crosswalk,False,False,False,0,1,30.09697294046076,1.0045265067707407,True,False
43,B_COC,OOD,21,crosswalk,False,False,False,0,1,22.488728805374556,1.080710285383722,True,False
43,B_COC,OOD,22,crosswalk,False,False,False,0,1,21.416805648409614,1.1369958817958832,True,False
43,B_COC,OOD,23,crosswalk,False,False,False,0,1,29.188807781329864,1.069247001825377,True,False
43,B_COC,OOD,24,crosswalk,False,False,False,0,1,22.98200271612393,1.1406695565512013,True,False
43,B_COC,OOD,25,crosswalk,False,False,False,0,1,22.62755923077968,0.8409879489077462,True,False
43,B_COC,OOD,26,crosswalk,False,False,False,0,1,22.88286821762984,0.9400758535965629,True,False
43,B_COC,OOD,27,crosswalk,False,False,False,0,1,29.591743095106473,1.1926847178003062,True,False
43,B_COC,OOD,28,crosswalk,False,False,False,0,1,31.211939769772435,1.2934420047662194,True,False
43,B_COC,OOD,29,crosswalk,False,False,False,0,1,29.272596136434778,1.10993038776309,True,False
43,B_COC,OOD,30,crosswalk,False,False,False,0,0,29.095822425446933,1.3448212317058017,True,False
43,B_COC,OOD,31,crosswalk,False,False,False,0,1,23.520679032574492,1.1595219762428948,True,False
43,B_COC,OOD,32,crosswalk,False,False,False,0,1,27.66507850011406,0.9947721206623574,True,False
43,B_COC,OOD,33,crosswalk,False,False,False,0,1,26.693784202683172,1.056066722404666,True,False
43,B_COC,OOD,34,crosswalk,False,False,False,0,1,24.536309868448466,0.9175772770591404,True,False
43,B_COC,OOD,35,crosswalk,False,False,False,0,1,22.589251213625502,1.1898342121479122,True,False
43,B_COC,OOD,36,crosswalk,False,False,False,0,1,21.5713823216203,1.0978595813115437,True,False
43,B_COC,OOD,37,crosswalk,False,False,False,0,1,23.249731176247778,1.2502893270590367,True,False
43,B_COC,OOD,38,crosswalk,False,False,False,0,1,20.74484148307459,1.0376103371381757,True,False
43,B_COC,OOD,39,crosswalk,False,False,False,0,1,30.494573413697555,1.019325540179298,True,False
43,B_COC,OOD,40,crosswalk,False,False,False,0,1,21.91736718214665,1.1278858850168627,True,False
43,B_COC,OOD,41,crosswalk,False,False,False,0,1,24.351037099584445,0.9687760670979818,True,False
43,B_COC,OOD,42,crosswalk,False,False,False,0,1,25.495537182599364,1.3061971542162771,True,False
43,B_COC,OOD,43,crosswalk,False,False,False,0,1,20.94364848052833,0.8651632452622438,True,False
43,B_COC,OOD,44,crosswalk,False,False,False,0,1,31.649739880713614,0.9476645576192978,True,False
43,B_COC,OOD,45,crosswalk,False,False,False,0,1,21.932284200234186,1.0622954558818898,True,False
43,B_COC,OOD,46,crosswalk,False,False,False,0,1,31.13709356257345,0.9891112826087257,True,False
43,B_COC,OOD,47,crosswalk,False,False,False,0,1,24.72244958580776,1.1976818604902788,True,False
43,B_COC,OOD,48,crosswalk,False,False,False,0,1,27.985302340675652,1.1196130361312473,True,False
43,B_COC,OOD,49,crosswalk,False,False,False,0,1,27.208775068073706,1.2887717077606602,True,False
43,B_COC,OOD,50,crosswalk,False,False,False,0,0,27.9686702298607,1.2450993392202587,True,False
43,B_COC,OOD,51,crosswalk,False,False,False,0,1,27.675087713620115,1.3068097829818726,True,False
43,B_COC,OOD,52,crosswalk,False,False,False,0,1,22.792912839112788,1.299278552715595,True,False
43,B_COC,OOD,53,crosswalk,False,False,False,0,1,22.29115827573173,1.070075969438295,True,False
43,B_COC,OOD,54,crosswalk,False,False,False,0,0,26.310896032069635,1.078943350376227,True,False
43,B_COC,OOD,55,crosswalk,False,False,False,0,1,29.35877089569846,1.48492816167,True,False
43,B_COC,OOD,56,crosswalk,False,False,False,0,1,22.94770472653184,1.1079875812974087,True,False
43,B_COC,OOD,57,crosswalk,False,False,False,0,1,21.66928589350504,1.078641440557397,True,False
43,B_COC,OOD,58,crosswalk,False,False,False,0,1,28.598199698104608,0.9862315527936245,True,False
43,B_COC,OOD,59,crosswalk,False,False,False,0,1,23.524864883912432,1.0577506841497217,True,False
43,B_COC,OOD,60,crosswalk,False,False,False,0,1,28.170415824379162,1.1432358779405292,True,False
43,B_COC,OOD,61,crosswalk,False,False,False,0,1,23.62857785662269,1.0929586948492587,True,False
43,B_COC,OOD,62,crosswalk,False,False,False,0,1,28.618991621425366,0.9563074941220491,True,False
43,B_COC,OOD,63,crosswalk,False,False,False,0,1,21.56496960331438,1.010423695168844,True,False
43,B_COC,OOD,64,crosswalk,False,False,False,0,1,24.727586530773056,1.172293785006501,True,False
43,B_COC,OOD,65,crosswalk,False,False,False,0,1,30.583292136264426,0.9757811228434244,True,False
43,B_COC,OOD,66,crosswalk,False,False,False,0,1,21.83316920348996,1.1072969734668732,True,False
43,B_COC,OOD,67,crosswalk,False,False,False,0,1,28.344393732395325,1.289829519059923,True,False
43,B_COC,OOD,68,crosswalk,False,False,False,0,1,20.512381016885584,0.9143094989386471,True,False
43,B_COC,OOD,69,crosswalk,False,False,False,0,1,25.914347506706143,1.1790139610702925,True,False
43,B_COC,OOD,70,crosswalk,False,False,False,0,1,23.281903093374787,1.3048507922734969,True,False
43,B_COC,OOD,71,crosswalk,False,False,False,0,1,28.789209155971044,1.2281971357085486,True,False
43,B_COC,OOD,72,crosswalk,False,False,False,0,1,23.221663954605148,1.0482674110226513,True,False
43,B_COC,OOD,73,crosswalk,False,False,False,0,1,28.463786136391224,0.9755536715189614,True,False
43,B_COC,OOD,74,crosswalk,False,False,False,0,1,25.057374362989812,1.178235025019259,True,False
43,B_COC,OOD,75,crosswalk,False,False,False,0,1,27.67943390639992,1.3349151313304901,True,False
43,B_COC,OOD,76,crosswalk,False,False,False,0,1,29.427763065359777,1.1287125628045265,True,False
43,B_COC,OOD,77,crosswalk,False,False,False,0,1,26.305088843403595,1.036977810519082,True,False
43,B_COC,OOD,78,crosswalk,False,False,False,0,1,29.68951844909158,1.0807370326735755,True,False
43,B_COC,OOD,79,crosswalk,False,False,False,0,1,21.09146001836217,1.1429914761157263,True,False
43,B_COC,OOD,80,crosswalk,False,False,False,0,1,24.61305502684384,1.2718155086040497,True,False
43,B_COC,OOD,81,crosswalk,False,False,False,0,1,23.13469166151453,1.3657723405422308,True,False
43,B_COC,OOD,82,crosswalk,False,False,False,0,1,25.017887545912952,0.9973736949588942,True,False
43,B_COC,OOD,83,crosswalk,False,False,False,0,1,29.183213273521282,1.0555805848992388,True,False
43,B_COC,OOD,84,crosswalk,False,False,False,0,1,28.164340054626358,1.011244959609453,True,False
43,B_COC,OOD,85,crosswalk,False,False,False,0,1,22.05433958113555,0.9232609541643233,True,False
43,B_COC,OOD,86,crosswalk,False,False,False,0,1,31.625739068854386,1.2223389148712156,True,False
43,B_COC,OOD,87,crosswalk,False,False,False,0,1,22.698394383632248,0.9464813338385688,True,False
43,B_COC,OOD,88,crosswalk,False,False,False,0,1,30.65976614177584,1.0067594864151694,True,False
43,B_COC,OOD,89,crosswalk,False,False,False,0,1,28.79300070434219,1.1018903310908827,True,False
43,B_COC,OOD,90,crosswalk,False,False,False,0,1,31.14571686784832,1.1079123318195343,True,False
43,B_COC,OOD,91,crosswalk,False,False,False,0,1,23.875789328170978,1.1438289526346568,True,False
43,B_COC,OOD,92,crosswalk,False,False,False,0,1,24.803068296845883,1.1723536962554566,True,False
43,B_COC,OOD,93,crosswalk,False,False,False,0,1,21.366831797767627,0.9898966279896823,True,False
43,B_COC,OOD,94,crosswalk,False,False,False,0,1,26.213481384399557,1.1071273036625073,True,False
43,B_COC,OOD,95,crosswalk,False,False,False,0,1,21.396568300017965,1.0570161770551632,True,False
43,B_COC,OOD,96,crosswalk,False,False,False,0,1,28.303862344277306,1.0408021128454874,True,False
43,B_COC,OOD,97,crosswalk,False,False,False,0,1,30.78119143368664,1.1774091828953135,True,False
43,B_COC,OOD,98,crosswalk,False,False,False,0,1,28.20982988577496,1.2491947710514069,True,False
43,B_COC,OOD,99,crosswalk,False,False,False,0,1,28.25377016444889,1.1736666508342908,True,False
43,B_COC,OOD,100,stop_intersection,False,False,False,0,1,23.67411178263599,1.4837150375048318,True,False
43,B_COC,OOD,101,stop_intersection,False,False,False,0,1,25.301750358982737,1.033094394497755,True,False
43,B_COC,OOD,102,stop_intersection,False,False,False,0,1,31.228454345180552,1.3918332677138479,True,False
43,B_COC,OOD,103,stop_intersection,False,False,False,0,1,27.05869960913442,1.2824722223503644,True,False
43,B_COC,OOD,104,stop_intersection,False,False,False,0,1,27.3580291774611,1.4997619932348076,True,False
43,B_COC,OOD,105,stop_intersection,False,False,False,0,1,21.287878410534937,1.640431142101685,True,False
43,B_COC,OOD,106,stop_intersection,False,False,False,0,1,31.358746711057666,1.3945943587704708,True,False
43,B_COC,OOD,107,stop_intersection,False,False,False,0,1,28.222522148397353,0.9663138606331565,True,False
43,B_COC,OOD,108,stop_intersection,False,False,False,0,1,25.08009874605957,2.095144096671081,True,False
43,B_COC,OOD,109,stop_intersection,False,False,False,0,1,21.762540970843382,1.577227180068557,True,False
43,B_COC,OOD,110,stop_intersection,False,False,False,0,1,24.125750259654346,1.7448300123214722,True,False
43,B_COC,OOD,111,stop_intersection,False,False,False,0,1,23.878253202178872,1.5156379816207017,True,False
43,B_COC,OOD,112,stop_intersection,False,False,False,0,1,23.865367119838893,1.4170755677753024,True,False
43,B_COC,OOD,113,stop_intersection,False,False,False,0,1,31.042605040970763,1.1511115052483298,True,False
43,B_COC,OOD,114,stop_intersection,False,False,False,0,1,24.3716223068772,1.6757960808582795,True,False
43,B_COC,OOD,115,stop_intersection,False,False,False,0,1,25.209425972439874,1.3598724152590775,True,False
43,B_COC,OOD,116,stop_intersection,False,False,False,0,1,22.270253966633412,1.5138870408368665,True,False
43,B_COC,OOD,117,stop_intersection,False,False,False,0,1,28.780461579794007,1.4445142967756404,True,False
43,B_COC,OOD,118,stop_intersection,False,False,False,0,1,28.798927446193765,1.3010798002544202,True,False
43,B_COC,OOD,119,stop_intersection,False,False,False,0,1,24.076499004895812,1.8331586992418443,True,False
43,B_COC,OOD,120,stop_intersection,False,False,False,0,1,31.076161769188,1.1464730633629692,True,False
43,B_COC,OOD,121,stop_intersection,False,False,False,0,1,21.738597567794844,1.5661439821124075,True,False
43,B_COC,OOD,122,stop_intersection,False,False,False,0,1,24.998760669011496,1.2249607429271792,True,False
43,B_COC,OOD,123,stop_intersection,False,False,False,0,1,31.801547676659958,1.26961874961853,True,False
43,B_COC,OOD,124,stop_intersection,False,False,False,0,1,29.015342806041286,1.3512296177620111,True,False
43,B_COC,OOD,125,stop_intersection,False,False,False,0,1,24.24755411532572,1.1028050581614175,True,False
43,B_COC,OOD,126,stop_intersection,False,False,False,0,1,31.326939092165006,1.402980724106664,True,False
43,B_COC,OOD,127,stop_intersection,False,False,False,0,1,29.20089494984021,0.9940954718900763,True,False
43,B_COC,OOD,128,stop_intersection,False,False,False,0,1,29.974639632310517,1.360211686084145,True,False
43,B_COC,OOD,129,stop_intersection,False,False,False,0,1,26.78058665679535,1.9227447680064609,True,False
43,B_COC,OOD,130,stop_intersection,False,False,False,0,1,22.291687953502034,1.1145177137020021,True,False
43,B_COC,OOD,131,stop_intersection,False,False,False,0,1,24.403619786344713,1.7337176360582052,True,False
43,B_COC,OOD,132,stop_intersection,False,False,False,0,1,21.621497678207817,1.4379410336657268,True,False
43,B_COC,OOD,133,stop_intersection,False,False,False,0,1,25.34309606784832,1.5610534923021182,True,False
43,B_COC,OOD,134,stop_intersection,False,False,False,0,1,26.586324646007533,1.299937158017545,True,False
43,B_COC,OOD,135,stop_intersection,False,False,False,0,1,22.08266678095851,1.1754795374014437,True,False
43,B_COC,OOD,136,stop_intersection,False,False,False,0,1,26.003449705698525,1.2922625928311733,True,False
43,B_COC,OOD,137,stop_intersection,False,False,False,0,1,31.23168317387891,1.0099125556323838,True,False
43,B_COC,OOD,138,stop_intersection,False,False,False,0,1,30.973001859522945,1.43884826191636,True,False
43,B_COC,OOD,139,stop_intersection,False,False,False,0,1,28.05187166159687,1.2447981956677558,True,False
43,B_COC,OOD,140,stop_intersection,False,False,False,0,1,25.45610782304955,1.1415699550083704,True,False
43,B_COC,OOD,141,stop_intersection,False,False,False,0,1,29.691429605426972,1.1430734811827192,True,False
43,B_COC,OOD,142,stop_intersection,False,False,False,0,1,23.057222667747098,1.7365231168897528,True,False
43,B_COC,OOD,143,stop_intersection,False,False,False,0,1,28.073295363983462,1.5908278197776982,True,False
43,B_COC,OOD,144,stop_intersection,False,False,False,0,1,30.710269709702267,1.2570014595985413,True,False
43,B_COC,OOD,145,stop_intersection,False,False,False,0,1,27.88570315100562,2.039580103896913,True,False
43,B_COC,OOD,146,stop_intersection,False,False,False,0,1,27.474491855839943,1.7926911303871556,True,False
43,B_COC,OOD,147,stop_intersection,False,False,False,0,1,21.421128237472335,1.288002568322259,True,False
43,B_COC,OOD,148,stop_intersection,False,False,False,0,1,21.081764392043013,0.9686597614061265,True,False
43,B_COC,OOD,149,stop_intersection,False,False,False,0,1,29.35323943392145,1.2402712021555218,True,False
43,B_COC,OOD,150,stop_intersection,False,False,False,0,1,22.599556870046413,1.4164235790570574,True,False
43,B_COC,OOD,151,stop_intersection,False,False,False,0,1,23.716115509944263,1.2777067485608553,True,False
43,B_COC,OOD,152,stop_intersection,False,False,False,0,1,31.115845159660466,1.3814977595680638,True,False
43,B_COC,OOD,153,stop_intersection,False,False,False,0,1,30.62833636162094,1.2761319846641728,True,False
43,B_COC,OOD,154,stop_intersection,False,False,False,0,0,21.504535275348847,1.7567567567567568,True,False
43,B_COC,OOD,155,stop_intersection,False,False,False,0,1,24.693811631539162,1.334624687830607,True,False
43,B_COC,OOD,156,stop_intersection,False,False,False,0,1,22.291270064956564,1.2307224913341241,True,False
43,B_COC,OOD,157,stop_intersection,False,False,False,0,1,23.173216910130687,1.7267200507615743,True,False
43,B_COC,OOD,158,stop_intersection,False,False,False,0,1,30.780958389902707,1.2444929882537485,True,False
43,B_COC,OOD,159,stop_intersection,False,False,False,0,1,29.422795971740086,1.1647965741711992,True,False
43,B_COC,OOD,160,stop_intersection,False,False,False,0,1,25.94070008224144,1.3989546824069248,True,False
43,B_COC,OOD,161,stop_intersection,False,False,False,0,1,24.180348557795234,1.0760608445043147,True,False
43,B_COC,OOD,162,stop_intersection,False,False,False,0,1,27.80079674866697,1.198431087094684,True,False
43,B_COC,OOD,163,stop_intersection,False,False,False,0,1,26.42559434699305,1.2006921768188477,True,False
43,B_COC,OOD,164,stop_intersection,False,False,False,0,1,24.626592848361184,1.1473711077557054,True,False
43,B_COC,OOD,165,stop_intersection,False,False,False,0,1,28.614332999220714,1.3320074298165059,True,False
43,B_COC,OOD,166,stop_intersection,False,False,False,0,1,26.855788895120916,1.5442747895310565,True,False
43,B_COC,OOD,167,stop_intersection,False,False,False,0,1,30.82142457650879,1.1336728800898013,True,False
43,B_COC,OOD,168,stop_intersection,False,False,False,0,1,31.5624911503537,1.1932250586423006,True,False
43,B_COC,OOD,169,stop_intersection,False,False,False,0,1,28.664953556077215,1.2775591092231946,True,False
43,B_COC,OOD,170,stop_intersection,False,False,False,0,1,21.18511445424317,1.2139336268107097,True,False
43,B_COC,OOD,171,stop_intersection,False,False,False,0,1,21.890397152561384,1.2244883582398698,True,False
43,B_COC,OOD,172,stop_intersection,False,False,False,0,1,22.229003693193796,1.6113541065118249,True,False
43,B_COC,OOD,173,stop_intersection,False,False,False,0,1,29.010549183927694,1.0537449173305344,True,False
43,B_COC,OOD,174,stop_intersection,False,False,False,0,1,22.302636621781723,1.4910167786810131,True,False
43,B_COC,OOD,175,stop_intersection,False,False,False,0,1,28.2653378274709,1.4328777458932664,True,False
43,B_COC,OOD,176,stop_intersection,False,False,False,0,1,22.455806695192656,1.5710832006656206,True,False
43,B_COC,OOD,177,stop_intersection,False,False,False,0,1,30.352042891301004,1.3784394846406094,True,False
43,B_COC,OOD,178,stop_intersection,False,False,False,0,1,28.886027597324546,1.3523096787302116,True,False
43,B_COC,OOD,179,stop_intersection,False,False,False,0,1,27.880733044470368,1.4740921126471624,True,False
43,B_COC,OOD,180,stop_intersection,False,False,False,0,1,21.947282895500052,1.0965931415557861,True,False
43,B_COC,OOD,181,stop_intersection,False,False,False,0,1,31.497845510539577,1.3121981620788574,True,False
43,B_COC,OOD,182,stop_intersection,False,False,False,0,1,23.27807801680697,1.1964458227157593,True,False
43,B_COC,OOD,183,stop_intersection,False,False,False,0,1,22.44500143121209,1.2431209338338751,True,False
43,B_COC,OOD,184,stop_intersection,False,False,False,0,1,30.1245315823712,1.511627906976744,True,False
43,B_COC,OOD,185,stop_intersection,False,False,False,0,1,26.500501558163563,1.1009553981863933,True,False
43,B_COC,OOD,186,stop_intersection,False,False,False,0,1,30.27512803096539,1.4859117973934521,True,False
43,B_COC,OOD,187,stop_intersection,False,False,False,0,1,27.43971586063427,1.4765472964542665,True,False
43,B_COC,OOD,188,stop_intersection,False,False,False,0,1,30.88961864374486,1.1250069601969286,True,False
43,B_COC,OOD,189,stop_intersection,False,False,False,0,1,30.089770787187184,1.3748227922539962,True,False
43,B_COC,OOD,190,stop_intersection,False,False,False,0,1,24.79470346956092,1.470708817243576,True,False
43,B_COC,OOD,191,stop_intersection,False,False,False,0,1,27.00817573322138,1.4517673982514274,True,False
43,B_COC,OOD,192,stop_intersection,False,False,False,0,1,30.487183391327875,1.13566143568172,True,False
43,B_COC,OOD,193,stop_intersection,False,False,False,0,1,24.415884763417026,1.0922742154863145,True,False
43,B_COC,OOD,194,stop_intersection,False,False,False,0,1,27.10469419998277,1.1880203041919442,True,False
43,B_COC,OOD,195,stop_intersection,False,False,False,0,1,26.563814269963487,1.5283294639936307,True,False
43,B_COC,OOD,196,stop_intersection,False,False,False,0,1,23.196708750105696,1.1244412192276545,True,False
43,B_COC,OOD,197,stop_intersection,False,False,False,0,1,29.537094385942837,1.468722919623057,True,False
43,B_COC,OOD,198,stop_intersection,False,False,False,0,1,29.485566078727814,1.4267375935678897,True,False
43,B_COC,OOD,199,stop_intersection,False,False,False,0,1,28.614247935317017,1.094349894258711,True,False
43,B_COC,OOD,200,lead_brake,False,False,False,0,0,33.82924254059792,6.778960670034091,True,False
43,B_COC,OOD,201,lead_brake,False,False,False,0,0,30.744694841796804,5.785028116156657,True,False
43,B_COC,OOD,202,lead_brake,False,False,False,0,0,25.90931454086021,4.913972788800796,True,False
43,B_COC,OOD,203,lead_brake,False,False,False,0,0,30.668279698301763,4.412902157753706,True,False
43,B_COC,OOD,204,lead_brake,False,False,False,0,0,29.62841240212089,6.627057921141386,True,False
43,B_COC,OOD,205,lead_brake,False,False,False,0,0,28.412319880314612,4.183375287801027,True,False
43,B_COC,OOD,206,lead_brake,False,False,False,0,0,30.125392489569137,8.117030666520199,True,False
43,B_COC,OOD,207,lead_brake,False,False,False,0,0,32.75263788713071,8.120111503948767,True,False
43,B_COC,OOD,208,lead_brake,False,False,False,0,0,38.08231782772991,4.999172552178303,True,False
43,B_COC,OOD,209,lead_brake,False,False,False,0,0,30.619498709340068,6.641733607898155,True,False
43,B_COC,OOD,210,lead_brake,False,False,False,0,0,29.708994287671242,6.410572922478119,True,False
43,B_COC,OOD,211,lead_brake,False,False,False,0,0,36.3910275429487,7.631048116832971,True,False
43,B_COC,OOD,212,lead_brake,False,False,False,0,0,27.533085653013135,5.784509883572658,True,False
43,B_COC,OOD,213,lead_brake,False,False,False,0,0,30.800495100948893,4.217300982524951,True,False
43,B_COC,OOD,214,lead_brake,False,False,False,0,0,34.92760175529589,7.162718873471021,True,False
43,B_COC,OOD,215,lead_brake,False,False,False,0,0,26.754649980035005,5.068825953950484,True,False
43,B_COC,OOD,216,lead_brake,False,False,False,0,0,40.184614550884724,5.639414180070161,True,False
43,B_COC,OOD,217,lead_brake,False,False,False,0,0,34.67247653275731,6.786852514992157,True,False
43,B_COC,OOD,218,lead_brake,False,False,False,0,0,26.587843260341554,7.201597170283397,True,False
43,B_COC,OOD,219,lead_brake,False,False,False,0,0,34.37111127157866,6.475649921844402,True,False
43,B_COC,OOD,220,lead_brake,False,False,False,0,0,35.237160713300426,3.293521668761968,True,False
43,B_COC,OOD,221,lead_brake,False,False,False,0,0,24.15345267504453,5.174180667847394,True,False
43,B_COC,OOD,222,lead_brake,False,False,False,0,0,39.69881582261523,6.53115947296222,True,False
43,B_COC,OOD,223,lead_brake,False,False,False,0,0,26.346133748364686,5.739302969227234,True,False
43,B_COC,OOD,224,lead_brake,False,False,False,0,0,31.233229661228478,8.277628884961207,True,False
43,B_COC,OOD,225,lead_brake,False,False,False,0,0,31.907215971400444,6.965190424273412,True,False
43,B_COC,OOD,226,lead_brake,False,False,False,0,0,27.15943633526562,5.038356141497691,True,False
43,B_COC,OOD,227,lead_brake,False,False,False,0,0,38.66637293461632,3.7656499855220313,True,False
43,B_COC,OOD,228,lead_brake,False,False,False,0,0,39.683073897398046,6.206702779978513,True,False
43,B_COC,OOD,229,lead_brake,False,False,False,0,0,43.13631733059883,7.318498545636733,True,False
43,B_COC,OOD,230,lead_brake,False,False,False,0,0,34.09027973373045,2.721263164033492,True,False
43,B_COC,OOD,231,lead_brake,False,False,False,0,0,35.302071482557125,5.629066247493029,True,False
43,B_COC,OOD,232,lead_brake,False,False,False,0,0,32.79394658134342,8.357855189591646,True,False
43,B_COC,OOD,233,lead_brake,False,False,False,0,0,30.063830362048027,5.272943247109652,True,False
43,B_COC,OOD,234,lead_brake,False,False,False,0,0,29.14038291278479,7.449303161352872,True,False
43,B_COC,OOD,235,lead_brake,False,False,False,0,0,32.31536188667287,7.2221303172409534,True,False
43,B_COC,OOD,236,lead_brake,False,False,False,0,0,42.58763242393736,6.491329545776049,True,False
43,B_COC,OOD,237,lead_brake,False,False,False,0,0,40.472221198107846,7.129669920851787,True,False
43,B_COC,OOD,238,lead_brake,False,False,False,0,0,26.28554155796768,2.9523241606851416,True,False
43,B_COC,OOD,239,lead_brake,False,False,False,0,0,34.42001779674044,5.325115532924731,True,False
43,B_COC,OOD,240,lead_brake,False,False,False,0,0,36.81575755685562,7.854133925090233,True,False
43,B_COC,OOD,241,lead_brake,False,False,False,0,0,25.79577126706954,6.452826675027608,True,False
43,B_COC,OOD,242,lead_brake,False,False,False,0,0,27.046493546142067,4.058671185125907,True,False
43,B_COC,OOD,243,lead_brake,False,False,False,0,0,31.124670385486265,5.255877220382293,True,False
43,B_COC,OOD,244,lead_brake,False,False,False,0,0,41.744737331867206,6.171004436910152,True,False
43,B_COC,OOD,245,lead_brake,False,False,False,0,0,43.55753604769708,6.278998978435993,True,False
43,B_COC,OOD,246,lead_brake,False,False,False,0,0,26.891800504615908,3.273553414891163,True,False
43,B_COC,OOD,247,lead_brake,False,False,False,0,0,31.456051635096685,7.815150746454795,True,False
43,B_COC,OOD,248,lead_brake,False,False,False,0,0,27.708517595336502,3.3706859834492207,True,False
43,B_COC,OOD,249,lead_brake,False,False,False,0,0,24.104711897956683,5.621913229425748,True,False
43,B_COC,OOD,250,lead_brake,False,False,False,0,0,33.69683974266535,6.784521146366994,True,False
43,B_COC,OOD,251,lead_brake,False,False,False,0,0,30.99617416010415,8.037528752038876,True,False
43,B_COC,OOD,252,lead_brake,False,False,False,0,0,40.24994741171103,6.935021389275789,True,False
43,B_COC,OOD,253,lead_brake,False,False,False,0,0,28.87700910389422,8.423241229106981,True,False
43,B_COC,OOD,254,lead_brake,False,False,False,0,0,28.266683279642688,6.226697843521833,True,False
43,B_COC,OOD,255,lead_brake,False,False,False,0,0,34.522950935562456,7.776561447729667,True,False
43,B_COC,OOD,256,lead_brake,False,False,False,0,0,25.14948295444252,4.864204425364733,True,False
43,B_COC,OOD,257,lead_brake,False,False,False,0,0,30.97100300087791,8.515549397716919,True,False
43,B_COC,OOD,258,lead_brake,False,False,False,0,0,23.713498676727447,5.260927800089121,True,False
43,B_COC,OOD,259,lead_brake,False,False,False,0,0,43.22534324139362,6.7497217655181885,True,False
43,B_COC,OOD,260,lead_brake,False,False,False,0,0,34.80193981664373,5.56611675893267,True,False
43,B_COC,OOD,261,lead_brake,False,False,False,0,0,28.8240685949942,6.311200838536024,True,False
43,B_COC,OOD,262,lead_brake,False,False,False,0,0,38.46501243407243,7.209422184775272,True,False
43,B_COC,OOD,263,lead_brake,False,False,False,0,0,30.769575696219277,4.204234740386406,True,False
43,B_COC,OOD,264,lead_brake,False,False,False,0,0,44.69170416980982,7.402705753842989,True,False
43,B_COC,OOD,265,lead_brake,False,False,False,0,0,40.254943190990964,6.292804170399903,True,False
43,B_COC,OOD,266,lead_brake,False,False,False,0,0,32.45405456539221,5.395412356903155,True,False
43,B_COC,OOD,267,lead_brake,False,False,False,0,0,29.65077752669275,6.645603374888498,True,False
43,B_COC,OOD,268,lead_brake,False,False,False,0,0,29.345083048989064,5.583825867623091,True,False
43,B_COC,OOD,269,lead_brake,False,False,False,0,0,31.626955140213273,7.947942926237981,True,False
43,B_COC,OOD,270,lead_brake,False,False,False,0,0,25.663054118182956,6.098556701093912,True,False
43,B_COC,OOD,271,lead_brake,False,False,False,0,0,36.33330765069674,5.165239946295817,True,False
43,B_COC,OOD,272,lead_brake,False,False,False,0,0,34.34364973311482,6.614034529775381,True,False
43,B_COC,OOD,273,lead_brake,False,False,False,0,0,34.89088584297881,7.903102923184632,True,False
43,B_COC,OOD,274,lead_brake,False,False,False,0,0,37.29835237793183,7.330793615430593,True,False
43,B_COC,OOD,275,lead_brake,False,False,False,0,0,33.21083335455548,3.4727636637787023,True,False
43,B_COC,OOD,276,lead_brake,False,False,False,0,0,28.681324846564717,4.970687211801608,True,False
43,B_COC,OOD,277,lead_brake,False,False,False,0,0,29.727587889134835,5.296367681274812,True,False
43,B_COC,OOD,278,lead_brake,False,False,False,0,0,30.24287097033431,3.8743603241940336,True,False
43,B_COC,OOD,279,lead_brake,False,False,False,0,0,38.847140931487075,6.194117660323779,True,False
43,B_COC,OOD,280,lead_brake,False,False,False,0,0,30.62319313268779,8.08517841870586,True,False
43,B_COC,OOD,281,lead_brake,False,False,False,0,0,31.54155694693326,5.382019945730765,True,False
43,B_COC,OOD,282,lead_brake,False,False,False,0,0,32.306173156468105,6.936449712763229,True,False
43,B_COC,OOD,283,lead_brake,False,False,False,0,0,36.63593670204282,0.500754880408446,True,False
43,B_COC,OOD,284,lead_brake,False,False,False,0,0,26.04600731436393,6.40054240450263,True,False
43,B_COC,OOD,285,lead_brake,False,False,False,0,0,35.40064177782892,6.295678500086069,True,False
43,B_COC,OOD,286,lead_brake,False,False,False,0,0,29.131633487868438,7.904959878573814,True,False
43,B_COC,OOD,287,lead_brake,False,False,False,0,0,32.6832491817695,5.251618769019842,True,False
43,B_COC,OOD,288,lead_brake,False,False,False,0,0,26.801591355375848,4.182197373360395,True,False
43,B_COC,OOD,289,lead_brake,False,False,False,0,0,39.832491919349856,5.907490095744531,True,False
43,B_COC,OOD,290,lead_brake,False,False,False,0,0,33.825052106170965,4.314952931056419,True,False
43,B_COC,OOD,291,lead_brake,False,False,False,0,0,21.817841998636723,2.6960797595481076,True,False
43,B_COC,OOD,292,lead_brake,False,False,False,0,0,36.20308746590305,5.038474255551894,True,False
43,B_COC,OOD,293,lead_brake,False,False,False,0,0,25.589951270020855,6.495271398375431,True,False
43,B_COC,OOD,294,lead_brake,False,False,False,0,0,26.839217302408922,6.262303390850623,True,False
43,B_COC,OOD,295,lead_brake,False,False,False,0,0,28.330831662714456,6.0390509727100525,True,False
43,B_COC,OOD,296,lead_brake,False,False,False,0,0,35.67002069606649,6.057918760925531,True,False
43,B_COC,OOD,297,lead_brake,False,False,False,0,0,39.11395281534696,6.221779317905505,True,False
43,B_COC,OOD,298,lead_brake,False,False,False,0,0,21.38982149394454,6.290603440254927,True,False
43,B_COC,OOD,299,lead_brake,False,False,False,0,0,25.80824215141353,1.9835808786253133,True,False
43,C_LEGACY_CONTRACT,ID,0,crosswalk,False,False,False,0,0,29.68572584863373,2.1267069876194,True,False
43,C_LEGACY_CONTRACT,ID,1,crosswalk,False,False,False,0,0,38.2050895359772,0.9893792153646548,True,False
43,C_LEGACY_CONTRACT,ID,2,crosswalk,False,False,False,0,0,28.346277908173185,2.532837328157927,True,False
43,C_LEGACY_CONTRACT,ID,3,crosswalk,False,False,False,0,0,32.616217507598215,2.286909573844501,True,False
43,C_LEGACY_CONTRACT,ID,4,crosswalk,False,False,False,0,0,33.8527936800987,2.2542641278017648,True,False
43,C_LEGACY_CONTRACT,ID,5,crosswalk,False,False,False,0,0,28.887426119114025,2.007532029048256,True,False
43,C_LEGACY_CONTRACT,ID,6,crosswalk,False,False,False,0,0,35.25102912666493,0.418939587067474,True,False
43,C_LEGACY_CONTRACT,ID,7,crosswalk,False,False,False,0,0,37.54305992832201,2.0764462122072778,True,False
43,C_LEGACY_CONTRACT,ID,8,crosswalk,False,False,False,0,0,27.673930044619908,1.91043293994406,True,False
43,C_LEGACY_CONTRACT,ID,9,crosswalk,False,False,False,0,0,34.21088918413469,1.9652855895798316,True,False
43,C_LEGACY_CONTRACT,ID,10,crosswalk,False,False,False,0,0,36.38702995066529,2.046384211305691,True,False
43,C_LEGACY_CONTRACT,ID,11,crosswalk,False,False,False,0,0,34.00580769688159,2.0362218655645847,True,False
43,C_LEGACY_CONTRACT,ID,12,crosswalk,False,False,False,0,0,28.36755172637791,1.1428380198776722,True,False
43,C_LEGACY_CONTRACT,ID,13,crosswalk,False,False,False,0,0,32.012790711081266,1.576240434432807,True,False
43,C_LEGACY_CONTRACT,ID,14,crosswalk,False,False,False,0,0,29.9073482116305,2.1383332122455943,True,False
43,C_LEGACY_CONTRACT,ID,15,crosswalk,False,False,False,0,0,34.88211481973693,0.39522028163723316,True,False
43,C_LEGACY_CONTRACT,ID,16,crosswalk,False,False,False,0,0,27.027285139957854,2.4972848552796574,True,False
43,C_LEGACY_CONTRACT,ID,17,crosswalk,False,False,False,0,0,27.028570115762584,2.121917378334772,True,False
43,C_LEGACY_CONTRACT,ID,18,crosswalk,False,False,False,0,0,35.72066538744306,1.8223748389970174,True,False
43,C_LEGACY_CONTRACT,ID,19,crosswalk,False,False,False,0,0,38.17857004831734,0.37953547202050686,True,False
43,C_LEGACY_CONTRACT,ID,20,crosswalk,False,False,False,0,0,31.566265679903744,2.027836863306306,True,False
43,C_LEGACY_CONTRACT,ID,21,crosswalk,False,False,False,0,0,32.03523957612725,1.5660119691694323,True,False
43,C_LEGACY_CONTRACT,ID,22,crosswalk,False,False,False,0,0,28.223832441687406,1.773286914038989,True,False
43,C_LEGACY_CONTRACT,ID,23,crosswalk,False,False,False,0,0,35.017000812605424,0.41352049532261764,True,False
43,C_LEGACY_CONTRACT,ID,24,crosswalk,False,False,False,0,0,28.10861630953976,1.6554426627331658,True,False
43,C_LEGACY_CONTRACT,ID,25,crosswalk,False,False,False,0,0,27.88643524309053,1.9233311079442499,True,False
43,C_LEGACY_CONTRACT,ID,26,crosswalk,False,False,False,0,0,27.469283270542718,2.477365206730993,True,False
43,C_LEGACY_CONTRACT,ID,27,crosswalk,False,False,False,0,0,32.05096473131289,1.983363013714552,True,False
43,C_LEGACY_CONTRACT,ID,28,crosswalk,False,False,False,0,0,33.87109400324489,1.329538591560863,True,False
43,C_LEGACY_CONTRACT,ID,29,crosswalk,False,False,False,0,0,29.201030420456647,2.3745013177394867,True,False
43,C_LEGACY_CONTRACT,ID,30,crosswalk,False,False,False,0,0,32.42776846474328,0.5021667378869923,True,False
43,C_LEGACY_CONTRACT,ID,31,crosswalk,False,False,False,0,0,28.8114187251433,2.0164671410685,True,False
43,C_LEGACY_CONTRACT,ID,32,crosswalk,False,False,False,0,0,38.77478252147564,1.8523647605131068,True,False
43,C_LEGACY_CONTRACT,ID,33,crosswalk,False,False,False,0,0,31.922299591444066,0.42681124593530384,True,False
43,C_LEGACY_CONTRACT,ID,34,crosswalk,False,False,False,0,0,35.93423781862708,0.6889051478356123,True,False
43,C_LEGACY_CONTRACT,ID,35,crosswalk,False,False,False,0,0,29.513529959456946,2.0307423627894856,True,False
43,C_LEGACY_CONTRACT,ID,36,crosswalk,False,False,False,0,0,38.17093055840282,0.36349110305309296,True,False
43,C_LEGACY_CONTRACT,ID,37,crosswalk,False,False,False,0,0,31.7128072586027,2.214840935035185,True,False
43,C_LEGACY_CONTRACT,ID,38,crosswalk,False,False,False,0,0,34.71436403064817,2.0645262549320855,True,False
43,C_LEGACY_CONTRACT,ID,39,crosswalk,False,False,False,0,0,28.970788643454675,1.6514232037588954,True,False
43,C_LEGACY_CONTRACT,ID,40,crosswalk,False,False,False,0,0,31.977928984499904,0.39234040474349796,True,False
43,C_LEGACY_CONTRACT,ID,41,crosswalk,False,False,False,0,0,35.34225947840045,1.6962925378571858,True,False
43,C_LEGACY_CONTRACT,ID,42,crosswalk,False,False,False,0,0,37.87629334239615,0.370530029758811,True,False
43,C_LEGACY_CONTRACT,ID,43,crosswalk,False,False,False,0,0,31.133650980099823,1.8834275752305984,True,False
43,C_LEGACY_CONTRACT,ID,44,crosswalk,False,False,False,0,0,31.588409596002265,1.6879537373426414,True,False
43,C_LEGACY_CONTRACT,ID,45,crosswalk,False,False,False,0,0,35.9098799574398,0.7288289411614338,True,False
43,C_LEGACY_CONTRACT,ID,46,crosswalk,False,False,False,0,0,30.932568999435453,2.184714146635749,True,False
43,C_LEGACY_CONTRACT,ID,47,crosswalk,False,False,False,0,0,28.268138694404882,0.3760448498651385,True,False
43,C_LEGACY_CONTRACT,ID,48,crosswalk,False,False,False,0,0,34.35563249451688,0.35214621884127456,True,False
43,C_LEGACY_CONTRACT,ID,49,crosswalk,False,False,False,0,0,37.88780484804123,0.3884797737650249,True,False
43,C_LEGACY_CONTRACT,ID,50,crosswalk,False,False,False,0,0,28.73021896565621,2.3361513449957494,True,False
43,C_LEGACY_CONTRACT,ID,51,crosswalk,False,False,False,0,0,29.89309244859756,0.3707568161189556,True,False
43,C_LEGACY_CONTRACT,ID,52,crosswalk,False,False,False,0,0,36.665829231899544,0.390864439929525,True,False
43,C_LEGACY_CONTRACT,ID,53,crosswalk,False,False,False,0,0,37.999187504066654,0.816014763712883,True,False
43,C_LEGACY_CONTRACT,ID,54,crosswalk,False,False,False,0,0,37.37110530723217,0.3672116726636886,True,False
43,C_LEGACY_CONTRACT,ID,55,crosswalk,False,False,False,0,0,34.319614878586066,1.9767546408217063,True,False
43,C_LEGACY_CONTRACT,ID,56,crosswalk,False,False,False,0,0,30.957934910445395,2.23930784988971,True,False
43,C_LEGACY_CONTRACT,ID,57,crosswalk,False,False,False,0,0,33.34101889669697,2.2611316158012906,True,False
43,C_LEGACY_CONTRACT,ID,58,crosswalk,False,False,False,0,0,35.760955097030134,0.8782904530348985,True,False
43,C_LEGACY_CONTRACT,ID,59,crosswalk,False,False,False,0,0,34.99174156567692,0.37820486041406787,True,False
43,C_LEGACY_CONTRACT,ID,60,crosswalk,False,False,False,0,0,36.59066921993758,2.0457807276397943,True,False
43,C_LEGACY_CONTRACT,ID,61,crosswalk,False,False,False,0,0,37.342302758649836,0.36569356024265287,True,False
43,C_LEGACY_CONTRACT,ID,62,crosswalk,False,False,False,0,0,32.49364443287562,2.2266904535618695,True,False
43,C_LEGACY_CONTRACT,ID,63,crosswalk,False,False,False,0,0,32.117607707516,0.7783559833963711,True,False
43,C_LEGACY_CONTRACT,ID,64,crosswalk,False,False,False,0,0,27.829306925492194,2.237891488169369,True,False
43,C_LEGACY_CONTRACT,ID,65,crosswalk,False,False,False,0,0,37.319840066390526,1.9524591439403594,True,False
43,C_LEGACY_CONTRACT,ID,66,crosswalk,False,False,False,0,0,33.44854649864759,1.0250476889667055,True,False
43,C_LEGACY_CONTRACT,ID,67,crosswalk,False,False,False,0,0,28.27922388916741,0.43284289636894274,True,False
43,C_LEGACY_CONTRACT,ID,68,crosswalk,False,False,False,0,0,31.969161459775002,0.3757941020144657,True,False
43,C_LEGACY_CONTRACT,ID,69,crosswalk,False,False,False,0,0,31.125220573426773,1.957506462931633,True,False
43,C_LEGACY_CONTRACT,ID,70,crosswalk,False,False,False,0,0,39.12859430134894,0.4982980977122982,True,False
43,C_LEGACY_CONTRACT,ID,71,crosswalk,False,False,False,0,0,35.291460028206295,0.3649235609918833,True,False
43,C_LEGACY_CONTRACT,ID,72,crosswalk,False,False,False,0,0,36.338096451465866,0.3862684313207865,True,False
43,C_LEGACY_CONTRACT,ID,73,crosswalk,False,False,False,0,0,33.18030020003231,1.9061762052164835,True,False
43,C_LEGACY_CONTRACT,ID,74,crosswalk,False,False,False,0,0,36.47359452049568,0.369972117866079,True,False
43,C_LEGACY_CONTRACT,ID,75,crosswalk,False,False,False,0,0,34.82455972901231,1.8479851811108263,True,False
43,C_LEGACY_CONTRACT,ID,76,crosswalk,False,False,False,0,0,34.53299500707649,0.394166750104531,True,False
43,C_LEGACY_CONTRACT,ID,77,crosswalk,False,False,False,0,0,35.63431051378329,2.0197115542197768,True,False
43,C_LEGACY_CONTRACT,ID,78,crosswalk,False,False,False,0,0,34.05081800248037,1.9743292437245448,True,False
43,C_LEGACY_CONTRACT,ID,79,crosswalk,False,False,False,0,0,33.341179626167204,2.1131073717366564,True,False
43,C_LEGACY_CONTRACT,ID,80,crosswalk,False,False,False,0,0,30.907285228712706,0.39408350629465916,True,False
43,C_LEGACY_CONTRACT,ID,81,crosswalk,False,False,False,0,0,32.930676082352065,2.271437888795679,True,False
43,C_LEGACY_CONTRACT,ID,82,crosswalk,False,False,False,0,0,36.255938136372805,2.0553904492408037,True,False
43,C_LEGACY_CONTRACT,ID,83,crosswalk,False,False,False,0,0,37.60393759082076,0.35161228420642704,True,False
43,C_LEGACY_CONTRACT,ID,84,crosswalk,False,False,False,0,0,32.7302643867693,1.589211610186359,True,False
43,C_LEGACY_CONTRACT,ID,85,crosswalk,False,False,False,0,0,32.425213764385504,0.4557502872887112,True,False
43,C_LEGACY_CONTRACT,ID,86,crosswalk,False,False,False,0,0,28.629819344436967,1.7857612609863283,True,False
43,C_LEGACY_CONTRACT,ID,87,crosswalk,False,False,False,0,0,35.31425737996714,1.114717831923848,True,False
43,C_LEGACY_CONTRACT,ID,88,crosswalk,False,False,False,0,0,31.153673349360446,2.054980669332587,True,False
43,C_LEGACY_CONTRACT,ID,89,crosswalk,False,False,False,0,0,33.58433753720227,0.3639920800924301,True,False
43,C_LEGACY_CONTRACT,ID,90,crosswalk,False,False,False,0,0,28.46302101106667,0.38462189119309187,True,False
43,C_LEGACY_CONTRACT,ID,91,crosswalk,False,False,False,0,0,28.60424958857504,2.115740356120196,True,False
43,C_LEGACY_CONTRACT,ID,92,crosswalk,False,False,False,0,0,37.50215498278846,0.6916380842978304,True,False
43,C_LEGACY_CONTRACT,ID,93,crosswalk,False,False,False,0,0,31.396334115192538,1.9660594935218492,True,False
43,C_LEGACY_CONTRACT,ID,94,crosswalk,False,False,False,0,0,31.890755453834984,2.096077965661174,True,False
43,C_LEGACY_CONTRACT,ID,95,crosswalk,False,False,False,0,0,30.952607894833193,0.3624885165217248,True,False
43,C_LEGACY_CONTRACT,ID,96,crosswalk,False,False,False,0,0,28.086422856492714,2.363819047808647,True,False
43,C_LEGACY_CONTRACT,ID,97,crosswalk,False,False,False,0,0,37.089897400717675,0.4973167210817337,True,False
43,C_LEGACY_CONTRACT,ID,98,crosswalk,False,False,False,0,0,29.961872812741767,2.520585126782718,True,False
43,C_LEGACY_CONTRACT,ID,99,crosswalk,False,False,False,0,0,31.485237764641123,0.7225428186357021,True,False
43,C_LEGACY_CONTRACT,ID,100,stop_intersection,False,False,False,0,1,26.711656945835692,1.6074468857712214,True,False
43,C_LEGACY_CONTRACT,ID,101,stop_intersection,False,False,False,0,1,31.83303317011574,1.4449158819710335,True,False
43,C_LEGACY_CONTRACT,ID,102,stop_intersection,False,False,False,0,1,26.71125072117586,1.9226020077864328,True,False
43,C_LEGACY_CONTRACT,ID,103,stop_intersection,False,False,False,0,1,29.40813333564339,1.5841612847227797,True,False
43,C_LEGACY_CONTRACT,ID,104,stop_intersection,False,False,False,0,1,27.619270261116434,1.4708272406929417,True,False
43,C_LEGACY_CONTRACT,ID,105,stop_intersection,False,False,False,0,1,31.70133314051076,1.6063347095396459,True,False
43,C_LEGACY_CONTRACT,ID,106,stop_intersection,False,False,False,0,1,32.79906303728229,1.4314041195846186,True,False
43,C_LEGACY_CONTRACT,ID,107,stop_intersection,False,False,False,0,1,30.498152214190018,1.8422036578780725,True,False
43,C_LEGACY_CONTRACT,ID,108,stop_intersection,False,False,False,0,1,32.44167693328022,1.5689914654462767,True,False
43,C_LEGACY_CONTRACT,ID,109,stop_intersection,False,False,False,0,1,33.799050382189726,1.6416863600413003,True,False
43,C_LEGACY_CONTRACT,ID,110,stop_intersection,False,False,False,0,1,29.329441963079876,1.5608673160140578,True,False
43,C_LEGACY_CONTRACT,ID,111,stop_intersection,False,False,False,0,1,36.13430562707727,1.4724063589459373,True,False
43,C_LEGACY_CONTRACT,ID,112,stop_intersection,False,False,False,0,1,36.20717748420018,1.5660451707385836,True,False
43,C_LEGACY_CONTRACT,ID,113,stop_intersection,False,False,False,0,1,35.96257378959418,1.6045849663870675,True,False
43,C_LEGACY_CONTRACT,ID,114,stop_intersection,False,False,False,0,1,35.81169087655476,1.3802482116790042,True,False
43,C_LEGACY_CONTRACT,ID,115,stop_intersection,False,False,False,0,1,37.34015062660511,1.4624725636981784,True,False
43,C_LEGACY_CONTRACT,ID,116,stop_intersection,False,False,False,0,1,31.46621694617965,1.738546522040116,True,False
43,C_LEGACY_CONTRACT,ID,117,stop_intersection,False,False,False,0,1,28.099724951334736,1.6852758381817792,True,False
43,C_LEGACY_CONTRACT,ID,118,stop_intersection,False,False,False,0,1,32.01383403352159,1.5640785819605776,True,False
43,C_LEGACY_CONTRACT,ID,119,stop_intersection,False,False,False,0,1,35.15416036711191,1.4367542179619393,True,False
43,C_LEGACY_CONTRACT,ID,120,stop_intersection,False,False,False,0,1,37.444020375205795,1.6946623528875955,True,False
43,C_LEGACY_CONTRACT,ID,121,stop_intersection,False,False,False,0,1,36.391204627390316,1.643492607843308,True,False
43,C_LEGACY_CONTRACT,ID,122,stop_intersection,False,False,False,0,1,33.076901636206664,1.380844343276251,True,False
43,C_LEGACY_CONTRACT,ID,123,stop_intersection,False,False,False,0,1,27.006067036275567,1.613411655028661,True,False
43,C_LEGACY_CONTRACT,ID,124,stop_intersection,False,False,False,0,1,34.23827771597353,1.5182270464443026,True,False
43,C_LEGACY_CONTRACT,ID,125,stop_intersection,False,False,False,0,1,35.65709319083562,1.5132830782634457,True,False
43,C_LEGACY_CONTRACT,ID,126,stop_intersection,False,False,False,0,1,38.72615595572876,1.3912366330623627,True,False
43,C_LEGACY_CONTRACT,ID,127,stop_intersection,False,False,False,0,1,27.60070113760154,1.6434488031599255,True,False
43,C_LEGACY_CONTRACT,ID,128,stop_intersection,False,False,False,0,1,33.68416022419525,1.4776501059532166,True,False
43,C_LEGACY_CONTRACT,ID,129,stop_intersection,False,False,False,0,1,35.16108191072406,1.700244720389203,True,False
43,C_LEGACY_CONTRACT,ID,130,stop_intersection,False,False,False,0,1,27.078991297991806,1.7623141094257957,True,False
43,C_LEGACY_CONTRACT,ID,131,stop_intersection,False,False,False,0,1,28.28540354066299,1.75609591934416,True,False
43,C_LEGACY_CONTRACT,ID,132,stop_intersection,False,False,False,0,1,32.93966287385307,1.4286098927259443,True,False
43,C_LEGACY_CONTRACT,ID,133,stop_intersection,False,False,False,0,1,30.86651459906588,1.6633490622043607,True,False
43,C_LEGACY_CONTRACT,ID,134,stop_intersection,False,False,False,0,1,38.49782965018773,1.4117667425510494,True,False
43,C_LEGACY_CONTRACT,ID,135,stop_intersection,False,False,False,0,1,31.937070887914373,1.7899125967270286,True,False
43,C_LEGACY_CONTRACT,ID,136,stop_intersection,False,False,False,0,1,36.215045328360624,1.4183590994324795,True,False
43,C_LEGACY_CONTRACT,ID,137,stop_intersection,False,False,False,0,1,31.597254801530678,1.5697488188743591,True,False
43,C_LEGACY_CONTRACT,ID,138,stop_intersection,False,False,False,0,1,33.1607640096144,1.4287733304791332,True,False
43,C_LEGACY_CONTRACT,ID,139,stop_intersection,False,False,False,0,1,31.03566703852554,1.4511925746233034,True,False
43,C_LEGACY_CONTRACT,ID,140,stop_intersection,False,False,False,0,1,38.28431231289275,1.364997691578335,True,False
43,C_LEGACY_CONTRACT,ID,141,stop_intersection,False,False,False,0,1,37.43031468417774,1.699691116809845,True,False
43,C_LEGACY_CONTRACT,ID,142,stop_intersection,False,False,False,0,1,35.54138064974733,1.3354723259460093,True,False
43,C_LEGACY_CONTRACT,ID,143,stop_intersection,False,False,False,0,1,26.84109512355346,1.924162788523568,True,False
43,C_LEGACY_CONTRACT,ID,144,stop_intersection,False,False,False,0,1,29.47603623423906,1.6871515145668616,True,False
43,C_LEGACY_CONTRACT,ID,145,stop_intersection,False,False,False,0,1,36.323190635604206,1.4689744827223987,True,False
43,C_LEGACY_CONTRACT,ID,146,stop_intersection,False,False,False,0,1,36.514334906749724,1.3822502168742092,True,False
43,C_LEGACY_CONTRACT,ID,147,stop_intersection,False,False,False,0,1,31.822816281607132,1.7156822383403776,True,False
43,C_LEGACY_CONTRACT,ID,148,stop_intersection,False,False,False,0,1,33.53555501768084,1.585175525851366,True,False
43,C_LEGACY_CONTRACT,ID,149,stop_intersection,False,False,False,0,1,36.11822617721553,1.726666790683095,True,False
43,C_LEGACY_CONTRACT,ID,150,stop_intersection,False,False,False,0,1,34.45543047841679,1.4057135581970215,True,False
43,C_LEGACY_CONTRACT,ID,151,stop_intersection,False,False,False,0,1,27.623463822214887,1.6974548167652552,True,False
43,C_LEGACY_CONTRACT,ID,152,stop_intersection,False,False,False,0,1,28.194493771137438,1.5652878381110527,True,False
43,C_LEGACY_CONTRACT,ID,153,stop_intersection,False,False,False,0,1,34.30861231134466,1.6535519808530807,True,False
43,C_LEGACY_CONTRACT,ID,154,stop_intersection,False,False,False,0,1,34.893710437379916,1.527801397300902,True,False
43,C_LEGACY_CONTRACT,ID,155,stop_intersection,False,False,False,0,1,29.89535080865265,1.5281566036374945,True,False
43,C_LEGACY_CONTRACT,ID,156,stop_intersection,False,False,False,0,1,33.71730290699203,1.327697748229617,True,False
43,C_LEGACY_CONTRACT,ID,157,stop_intersection,False,False,False,0,1,36.033536835777824,1.5901499016340388,True,False
43,C_LEGACY_CONTRACT,ID,158,stop_intersection,False,False,False,0,1,35.55769093723689,1.431943992289101,True,False
43,C_LEGACY_CONTRACT,ID,159,stop_intersection,False,False,False,0,1,31.407514853662917,1.7765680490395959,True,False
43,C_LEGACY_CONTRACT,ID,160,stop_intersection,False,False,False,0,1,38.45414456367383,1.5000703930854797,True,False
43,C_LEGACY_CONTRACT,ID,161,stop_intersection,False,False,False,0,1,30.65758360280613,1.7865287316472906,True,False
43,C_LEGACY_CONTRACT,ID,162,stop_intersection,False,False,False,0,1,37.15322144645937,1.6906513628505526,True,False
43,C_LEGACY_CONTRACT,ID,163,stop_intersection,False,False,False,0,1,32.61927905556038,1.6526591013639402,True,False
43,C_LEGACY_CONTRACT,ID,164,stop_intersection,False,False,False,0,1,27.927260890310976,1.7606678041251929,True,False
43,C_LEGACY_CONTRACT,ID,165,stop_intersection,False,False,False,0,1,33.170052897605586,1.5104905458597035,True,False
43,C_LEGACY_CONTRACT,ID,166,stop_intersection,False,False,False,0,1,38.56224409793407,1.6492790260980295,True,False
43,C_LEGACY_CONTRACT,ID,167,stop_intersection,False,False,False,0,1,28.612160947416996,1.808279391966368,True,False
43,C_LEGACY_CONTRACT,ID,168,stop_intersection,False,False,False,0,1,35.46100765829888,1.367609699567159,True,False
43,C_LEGACY_CONTRACT,ID,169,stop_intersection,False,False,False,0,1,35.381332939246846,1.628277748823166,True,False
43,C_LEGACY_CONTRACT,ID,170,stop_intersection,False,False,False,0,1,30.198749124810966,1.7684010817454412,True,False
43,C_LEGACY_CONTRACT,ID,171,stop_intersection,False,False,False,0,1,29.68400895739504,1.723073946463095,True,False
43,C_LEGACY_CONTRACT,ID,172,stop_intersection,False,False,False,0,1,28.600510025026516,1.7262741198410858,True,False
43,C_LEGACY_CONTRACT,ID,173,stop_intersection,False,False,False,0,1,28.478009624560684,1.7447628629835028,True,False
43,C_LEGACY_CONTRACT,ID,174,stop_intersection,False,False,False,0,1,34.58340979581961,1.5513205251028372,True,False
43,C_LEGACY_CONTRACT,ID,175,stop_intersection,False,False,False,0,1,27.637703554165427,1.7710619380599573,True,False
43,C_LEGACY_CONTRACT,ID,176,stop_intersection,False,False,False,0,1,36.589736945615236,1.5954691448877023,True,False
43,C_LEGACY_CONTRACT,ID,177,stop_intersection,False,False,False,0,1,30.69361745560242,1.8302342609355322,True,False
43,C_LEGACY_CONTRACT,ID,178,stop_intersection,False,False,False,0,1,29.06307702456705,1.731085557686655,True,False
43,C_LEGACY_CONTRACT,ID,179,stop_intersection,False,False,False,0,1,30.296771253941642,1.5060390830039976,True,False
43,C_LEGACY_CONTRACT,ID,180,stop_intersection,False,False,False,0,1,31.891642493520408,1.5509464954718566,True,False
43,C_LEGACY_CONTRACT,ID,181,stop_intersection,False,False,False,0,1,35.516151028985576,1.4713452938126352,True,False
43,C_LEGACY_CONTRACT,ID,182,stop_intersection,False,False,False,0,1,30.914248113273153,1.707055736810733,True,False
43,C_LEGACY_CONTRACT,ID,183,stop_intersection,False,False,False,0,1,35.64033309735117,1.5066575010617573,True,False
43,C_LEGACY_CONTRACT,ID,184,stop_intersection,False,False,False,0,1,34.02511258956446,1.6716844134214448,True,False
43,C_LEGACY_CONTRACT,ID,185,stop_intersection,False,False,False,0,1,36.98073010570704,1.4390637335323153,True,False
43,C_LEGACY_CONTRACT,ID,186,stop_intersection,False,False,False,0,1,35.436487058339104,1.5357571701670802,True,False
43,C_LEGACY_CONTRACT,ID,187,stop_intersection,False,False,False,0,1,37.51728583706695,1.6608212488453562,True,False
43,C_LEGACY_CONTRACT,ID,188,stop_intersection,False,False,False,0,1,29.96615643338177,1.6905318906432703,True,False
43,C_LEGACY_CONTRACT,ID,189,stop_intersection,False,False,False,0,1,35.61401320612174,1.4987818825812564,True,False
43,C_LEGACY_CONTRACT,ID,190,stop_intersection,False,False,False,0,1,36.10544460641528,1.6046933102053265,True,False
43,C_LEGACY_CONTRACT,ID,191,stop_intersection,False,False,False,0,1,32.00630714325632,1.6198666890462239,True,False
43,C_LEGACY_CONTRACT,ID,192,stop_intersection,False,False,False,0,1,31.651616639299906,1.6970448431215786,True,False
43,C_LEGACY_CONTRACT,ID,193,stop_intersection,False,False,False,0,1,29.430672920969666,1.7949533619378744,True,False
43,C_LEGACY_CONTRACT,ID,194,stop_intersection,False,False,False,0,1,30.417562245387426,1.6486195200367977,True,False
43,C_LEGACY_CONTRACT,ID,195,stop_intersection,False,False,False,0,1,35.58626435773113,1.3442861202151275,True,False
43,C_LEGACY_CONTRACT,ID,196,stop_intersection,False,False,False,0,1,28.644046922636903,1.788191999259748,True,False
43,C_LEGACY_CONTRACT,ID,197,stop_intersection,False,False,False,0,1,28.238043398149436,1.6463254432420473,True,False
43,C_LEGACY_CONTRACT,ID,198,stop_intersection,False,False,False,0,1,28.5242189692225,1.573422974661777,True,False
43,C_LEGACY_CONTRACT,ID,199,stop_intersection,False,False,False,0,1,37.85312306258778,1.4874931886082603,True,False
43,C_LEGACY_CONTRACT,ID,200,lead_brake,False,False,False,0,0,76.23204500095639,2.7842248783757286,True,False
43,C_LEGACY_CONTRACT,ID,201,lead_brake,False,False,False,0,0,84.48152554463476,2.7842844302455583,True,False
43,C_LEGACY_CONTRACT,ID,202,lead_brake,False,False,False,0,0,63.97156514799068,7.624543789463739,True,False
43,C_LEGACY_CONTRACT,ID,203,lead_brake,False,False,False,0,0,61.96682271988136,1.631037817026178,True,False
43,C_LEGACY_CONTRACT,ID,204,lead_brake,False,False,False,0,0,86.38869719713924,2.0547793967028456,True,False
43,C_LEGACY_CONTRACT,ID,205,lead_brake,False,False,False,0,0,62.660780786790916,0.6910534650087355,True,False
43,C_LEGACY_CONTRACT,ID,206,lead_brake,False,False,False,0,0,76.30141833728906,7.605605145295461,True,False
43,C_LEGACY_CONTRACT,ID,207,lead_brake,False,False,False,0,0,73.44451970703727,1.5833420331279437,True,False
43,C_LEGACY_CONTRACT,ID,208,lead_brake,False,False,False,0,0,78.38821256436324,3.4592494002232947,True,False
43,C_LEGACY_CONTRACT,ID,209,lead_brake,False,False,False,0,0,59.68393238561904,3.8060904446368413,True,False
43,C_LEGACY_CONTRACT,ID,210,lead_brake,False,False,False,0,0,62.205303561233634,2.7334417731811604,True,False
43,C_LEGACY_CONTRACT,ID,211,lead_brake,False,False,False,0,0,77.39723936279165,2.126121489331126,True,False
43,C_LEGACY_CONTRACT,ID,212,lead_brake,False,False,False,0,0,78.20883329655861,7.379449983437856,True,False
43,C_LEGACY_CONTRACT,ID,213,lead_brake,False,False,False,0,0,54.258932196556195,10.17949903383851,True,False
43,C_LEGACY_CONTRACT,ID,214,lead_brake,False,False,False,0,0,92.09082675427669,1.3766849872966607,True,False
43,C_LEGACY_CONTRACT,ID,215,lead_brake,False,False,False,0,0,66.29837338146403,5.295951794832945,True,False
43,C_LEGACY_CONTRACT,ID,216,lead_brake,False,False,False,0,0,60.000451216663954,3.31155506397287,True,False
43,C_LEGACY_CONTRACT,ID,217,lead_brake,False,False,False,0,0,60.308071753412314,9.153394340847928,True,False
43,C_LEGACY_CONTRACT,ID,218,lead_brake,False,False,False,0,0,62.08820777146315,6.146599261090159,True,False
43,C_LEGACY_CONTRACT,ID,219,lead_brake,False,False,False,0,0,76.3768137023586,3.609666060656309,True,False
43,C_LEGACY_CONTRACT,ID,220,lead_brake,False,False,False,0,0,54.72087253571636,9.502629627784092,True,False
43,C_LEGACY_CONTRACT,ID,221,lead_brake,False,False,False,0,0,52.737693928151685,11.128149670548737,True,False
43,C_LEGACY_CONTRACT,ID,222,lead_brake,False,False,False,0,0,83.30049025674957,0.4510297402739525,True,False
43,C_LEGACY_CONTRACT,ID,223,lead_brake,False,False,False,0,0,66.87884068740601,8.046760271613795,True,False
43,C_LEGACY_CONTRACT,ID,224,lead_brake,False,False,False,0,0,71.029365261549,9.467452339828014,True,False
43,C_LEGACY_CONTRACT,ID,225,lead_brake,False,False,False,0,0,96.07705433435746,0.5163284155229727,True,False
43,C_LEGACY_CONTRACT,ID,226,lead_brake,False,False,False,0,0,65.19054933047788,10.069640236596266,True,False
43,C_LEGACY_CONTRACT,ID,227,lead_brake,False,False,False,0,0,97.59894233213404,0.07364441081881523,True,False
43,C_LEGACY_CONTRACT,ID,228,lead_brake,False,False,False,0,0,74.44367013084695,8.386118757848937,True,False
43,C_LEGACY_CONTRACT,ID,229,lead_brake,False,False,False,0,0,68.82836242999649,10.28447342167298,True,False
43,C_LEGACY_CONTRACT,ID,230,lead_brake,False,False,False,0,0,84.27023789256816,0.9174654384454091,True,False
43,C_LEGACY_CONTRACT,ID,231,lead_brake,False,False,False,0,0,94.29784944988673,0.4481150209903717,True,False
43,C_LEGACY_CONTRACT,ID,232,lead_brake,False,False,False,0,0,78.43227554425744,7.3941533242662745,True,False
43,C_LEGACY_CONTRACT,ID,233,lead_brake,False,False,False,0,0,60.701193649002356,0.46308984359105426,True,False
43,C_LEGACY_CONTRACT,ID,234,lead_brake,False,False,False,0,0,64.8238389923877,10.184060310324032,True,False
43,C_LEGACY_CONTRACT,ID,235,lead_brake,False,False,False,0,0,95.19079216126033,2.027645925680796,True,False
43,C_LEGACY_CONTRACT,ID,236,lead_brake,False,False,False,0,0,76.00202624744287,1.5765438452363014,True,False
43,C_LEGACY_CONTRACT,ID,237,lead_brake,False,False,False,0,0,55.89712089820401,10.69112724562486,True,False
43,C_LEGACY_CONTRACT,ID,238,lead_brake,False,False,False,0,0,73.0728332430435,9.983891047537327,True,False
43,C_LEGACY_CONTRACT,ID,239,lead_brake,False,False,False,0,0,75.28485694387008,8.707788531978924,True,False
43,C_LEGACY_CONTRACT,ID,240,lead_brake,False,False,False,0,0,73.96767128677318,8.99849868317445,True,False
43,C_LEGACY_CONTRACT,ID,241,lead_brake,False,False,False,0,0,55.08109631279379,10.643958422976235,True,False
43,C_LEGACY_CONTRACT,ID,242,lead_brake,False,False,False,0,0,92.29506083621425,2.2652652257432537,True,False
43,C_LEGACY_CONTRACT,ID,243,lead_brake,False,False,False,0,0,94.20063287122858,0.40770224233468366,True,False
43,C_LEGACY_CONTRACT,ID,244,lead_brake,False,False,False,0,0,60.75936905405801,6.558587732724845,True,False
43,C_LEGACY_CONTRACT,ID,245,lead_brake,False,False,False,0,0,68.18144414344025,1.4073760273555915,True,False
43,C_LEGACY_CONTRACT,ID,246,lead_brake,False,False,False,0,0,69.66660419598315,4.577126219247778,True,False
43,C_LEGACY_CONTRACT,ID,247,lead_brake,False,False,False,0,0,67.7028093876079,7.286422576755284,True,False
43,C_LEGACY_CONTRACT,ID,248,lead_brake,False,False,False,0,0,56.94523074397339,1.4807535732785861,True,False
43,C_LEGACY_CONTRACT,ID,249,lead_brake,False,False,False,0,0,60.608644793301785,10.111942658821741,True,False
43,C_LEGACY_CONTRACT,ID,250,lead_brake,False,False,False,0,0,62.676649636902205,7.755932292590538,True,False
43,C_LEGACY_CONTRACT,ID,251,lead_brake,False,False,False,0,0,63.56343936463769,8.95863442433377,True,False
43,C_LEGACY_CONTRACT,ID,252,lead_brake,False,False,False,0,0,82.32877268267501,1.2721636469165483,True,False
43,C_LEGACY_CONTRACT,ID,253,lead_brake,False,False,False,0,0,90.59793028384215,0.6603243698676426,True,False
43,C_LEGACY_CONTRACT,ID,254,lead_brake,False,False,False,0,0,57.56539002121149,10.926964638133844,True,False
43,C_LEGACY_CONTRACT,ID,255,lead_brake,False,False,False,0,0,69.44005566954137,9.74132195363442,True,False
43,C_LEGACY_CONTRACT,ID,256,lead_brake,False,False,False,0,0,61.1039847610243,8.078435353934765,True,False
43,C_LEGACY_CONTRACT,ID,257,lead_brake,False,False,False,0,0,95.65629110034592,0.2366185647745927,True,False
43,C_LEGACY_CONTRACT,ID,258,lead_brake,False,False,False,0,0,71.7964893055567,5.730328223357597,True,False
43,C_LEGACY_CONTRACT,ID,259,lead_brake,False,False,False,0,0,98.51983732461929,0.026828877627849575,True,False
43,C_LEGACY_CONTRACT,ID,260,lead_brake,False,False,False,0,0,57.213602802309296,8.93407777758936,True,False
43,C_LEGACY_CONTRACT,ID,261,lead_brake,False,False,False,0,0,68.79628316740114,8.27484680712223,True,False
43,C_LEGACY_CONTRACT,ID,262,lead_brake,False,False,False,0,0,54.33072531889112,9.216499654886622,True,False
43,C_LEGACY_CONTRACT,ID,263,lead_brake,False,False,False,0,0,60.52191400806793,8.263982328275839,True,False
43,C_LEGACY_CONTRACT,ID,264,lead_brake,False,False,False,0,0,93.23340999401329,0.9875988004108269,True,False
43,C_LEGACY_CONTRACT,ID,265,lead_brake,False,False,False,0,0,86.94744394556197,4.221850986902912,True,False
43,C_LEGACY_CONTRACT,ID,266,lead_brake,False,False,False,0,0,66.54864687561079,5.283225532621145,True,False
43,C_LEGACY_CONTRACT,ID,267,lead_brake,False,False,False,0,0,79.84841927769479,2.6111929894735413,True,False
43,C_LEGACY_CONTRACT,ID,268,lead_brake,False,False,False,0,0,60.82320078486987,8.42892214252303,True,False
43,C_LEGACY_CONTRACT,ID,269,lead_brake,False,False,False,0,0,70.23942824367613,9.181024295588335,True,False
43,C_LEGACY_CONTRACT,ID,270,lead_brake,False,False,False,0,0,78.69969884371268,8.499501124024391,True,False
43,C_LEGACY_CONTRACT,ID,271,lead_brake,False,False,False,0,0,69.28309252723007,9.714751208821932,True,False
43,C_LEGACY_CONTRACT,ID,272,lead_brake,False,False,False,0,0,87.39549956865434,2.92728444095701,True,False
43,C_LEGACY_CONTRACT,ID,273,lead_brake,False,False,False,0,0,61.27708252767173,10.902997223039467,True,False
43,C_LEGACY_CONTRACT,ID,274,lead_brake,False,False,False,0,0,95.25304606446338,0.5696470513939857,True,False
43,C_LEGACY_CONTRACT,ID,275,lead_brake,False,False,False,0,0,85.60811428733162,0.4827088626722495,True,False
43,C_LEGACY_CONTRACT,ID,276,lead_brake,False,False,False,0,0,59.58575692499035,5.646527683983247,True,False
43,C_LEGACY_CONTRACT,ID,277,lead_brake,False,False,False,0,0,76.53678508809459,8.188730527957281,True,False
43,C_LEGACY_CONTRACT,ID,278,lead_brake,False,False,False,0,0,81.33515078281117,1.957958687096834,True,False
43,C_LEGACY_CONTRACT,ID,279,lead_brake,False,False,False,0,0,91.16799624076857,1.067948115368684,True,False
43,C_LEGACY_CONTRACT,ID,280,lead_brake,False,False,False,0,0,81.8791350918795,1.9887904580682516,True,False
43,C_LEGACY_CONTRACT,ID,281,lead_brake,False,False,False,0,0,82.52365206125845,1.2814514661828675,True,False
43,C_LEGACY_CONTRACT,ID,282,lead_brake,False,False,False,0,0,87.79660051048785,5.645254042310019,True,False
43,C_LEGACY_CONTRACT,ID,283,lead_brake,False,False,False,0,0,56.41468872729328,4.697414018213749,True,False
43,C_LEGACY_CONTRACT,ID,284,lead_brake,False,False,False,0,0,85.58856583833698,3.1968936168899136,True,False
43,C_LEGACY_CONTRACT,ID,285,lead_brake,False,False,False,0,0,71.06821334671399,9.451496889193852,True,False
43,C_LEGACY_CONTRACT,ID,286,lead_brake,False,False,False,0,0,92.49194374046606,2.6310797662784657,True,False
43,C_LEGACY_CONTRACT,ID,287,lead_brake,False,False,False,0,0,76.04868960329239,7.965761122604211,True,False
43,C_LEGACY_CONTRACT,ID,288,lead_brake,False,False,False,0,0,67.92398434806131,9.72166889657577,True,False
43,C_LEGACY_CONTRACT,ID,289,lead_brake,False,False,False,0,0,61.114456369922806,10.31361529106895,True,False
43,C_LEGACY_CONTRACT,ID,290,lead_brake,False,False,False,0,0,95.56309756435948,0.11848016952474912,True,False
43,C_LEGACY_CONTRACT,ID,291,lead_brake,False,False,False,0,0,76.85959714561656,1.9956978000700472,True,False
43,C_LEGACY_CONTRACT,ID,292,lead_brake,False,False,False,0,0,73.743818000033,4.974730807046095,True,False
43,C_LEGACY_CONTRACT,ID,293,lead_brake,False,False,False,0,0,80.6359634885993,1.4910986373821893,True,False
43,C_LEGACY_CONTRACT,ID,294,lead_brake,False,False,False,0,0,60.334022332025455,5.737240873898069,True,False
43,C_LEGACY_CONTRACT,ID,295,lead_brake,False,False,False,0,0,82.38185145538317,1.9738685165842373,True,False
43,C_LEGACY_CONTRACT,ID,296,lead_brake,False,False,False,0,0,61.07604010494612,9.448814650997518,True,False
43,C_LEGACY_CONTRACT,ID,297,lead_brake,False,False,False,0,0,74.6469087223988,0.9450064462920029,True,False
43,C_LEGACY_CONTRACT,ID,298,lead_brake,False,False,False,0,0,94.19170692700708,0.31805944194396335,True,False
43,C_LEGACY_CONTRACT,ID,299,lead_brake,False,False,False,0,0,67.43347086695238,0.685444064438343,True,False
43,C_LEGACY_CONTRACT,OOD,0,crosswalk,False,False,False,0,1,30.35388967753577,1.781782395130879,True,False
43,C_LEGACY_CONTRACT,OOD,1,crosswalk,False,False,False,0,0,31.318263697156084,1.404615167309256,True,False
43,C_LEGACY_CONTRACT,OOD,2,crosswalk,False,False,False,0,1,23.193320812567308,1.2749096751213074,True,False
43,C_LEGACY_CONTRACT,OOD,3,crosswalk,False,False,False,0,1,30.148162351876962,1.3484457702863784,True,False
43,C_LEGACY_CONTRACT,OOD,4,crosswalk,False,False,False,0,1,25.224238947192312,1.31391966342926,True,False
43,C_LEGACY_CONTRACT,OOD,5,crosswalk,False,False,False,0,1,25.213636476738806,1.3534538518814814,True,False
43,C_LEGACY_CONTRACT,OOD,6,crosswalk,False,False,False,0,1,20.68885562323519,1.2433163889429786,True,False
43,C_LEGACY_CONTRACT,OOD,7,crosswalk,False,False,False,0,1,22.337109885934964,1.5807744076377466,True,False
43,C_LEGACY_CONTRACT,OOD,8,crosswalk,False,False,False,0,1,30.444569965531166,1.36773681640625,True,False
43,C_LEGACY_CONTRACT,OOD,9,crosswalk,False,False,False,0,1,30.049833022707812,1.5466037549470601,True,False
43,C_LEGACY_CONTRACT,OOD,10,crosswalk,False,False,False,0,1,26.495781324407368,1.2174514929453533,True,False
43,C_LEGACY_CONTRACT,OOD,11,crosswalk,False,False,False,0,1,24.470566255989393,1.6419663080355014,True,False
43,C_LEGACY_CONTRACT,OOD,12,crosswalk,False,False,False,0,1,27.6418100115582,1.3520589852944398,True,False
43,C_LEGACY_CONTRACT,OOD,13,crosswalk,False,False,False,0,1,23.54920515397273,1.2754835512327112,True,False
43,C_LEGACY_CONTRACT,OOD,14,crosswalk,False,False,False,0,1,31.552423442969314,1.1978211857023693,True,False
43,C_LEGACY_CONTRACT,OOD,15,crosswalk,False,False,False,0,1,22.548322385141994,1.2056415742065043,True,False
43,C_LEGACY_CONTRACT,OOD,16,crosswalk,False,False,False,0,1,22.829702130522204,1.1678218311733668,True,False
43,C_LEGACY_CONTRACT,OOD,17,crosswalk,False,False,False,0,1,21.29431836666616,1.217272945425727,True,False
43,C_LEGACY_CONTRACT,OOD,18,crosswalk,False,False,False,0,1,22.458955620680435,1.4808494980270797,True,False
43,C_LEGACY_CONTRACT,OOD,19,crosswalk,False,False,False,0,1,22.130087738047067,1.3771867752075195,True,False
43,C_LEGACY_CONTRACT,OOD,20,crosswalk,False,False,False,0,1,29.99625368731449,1.2908782742240212,True,False
43,C_LEGACY_CONTRACT,OOD,21,crosswalk,False,False,False,0,1,22.41835639463121,1.1464767255212949,True,False
43,C_LEGACY_CONTRACT,OOD,22,crosswalk,False,False,False,0,1,21.246785951312226,1.4507148563861845,True,False
43,C_LEGACY_CONTRACT,OOD,23,crosswalk,False,False,False,0,1,29.32558836415922,1.5276459205982296,True,False
43,C_LEGACY_CONTRACT,OOD,24,crosswalk,False,False,False,0,1,22.686398482566965,1.3379319324049836,True,False
43,C_LEGACY_CONTRACT,OOD,25,crosswalk,False,False,False,0,1,22.58049518223393,1.1502342091666327,True,False
43,C_LEGACY_CONTRACT,OOD,26,crosswalk,False,False,False,0,1,23.089460528255824,1.1148954863133638,True,False
43,C_LEGACY_CONTRACT,OOD,27,crosswalk,False,False,False,0,1,29.593998179025043,1.4705590320670086,True,False
43,C_LEGACY_CONTRACT,OOD,28,crosswalk,False,False,False,0,1,31.203488321689502,1.5585031264867537,True,False
43,C_LEGACY_CONTRACT,OOD,29,crosswalk,False,False,False,0,1,29.038171239148966,1.265057741209518,True,False
43,C_LEGACY_CONTRACT,OOD,30,crosswalk,False,False,False,0,1,29.233624468157597,1.52383258213868,True,False
43,C_LEGACY_CONTRACT,OOD,31,crosswalk,False,False,False,0,1,23.240379985136357,1.2324167545075,True,False
43,C_LEGACY_CONTRACT,OOD,32,crosswalk,False,False,False,0,1,27.958133275491065,1.419808216716932,True,False
43,C_LEGACY_CONTRACT,OOD,33,crosswalk,False,False,False,0,1,26.971488306383485,1.5324332655929935,True,False
43,C_LEGACY_CONTRACT,OOD,34,crosswalk,False,False,False,0,1,24.841118030739608,1.2627806870833687,True,False
43,C_LEGACY_CONTRACT,OOD,35,crosswalk,False,False,False,0,1,22.29502934157224,1.3526319902996682,True,False
43,C_LEGACY_CONTRACT,OOD,36,crosswalk,False,False,False,0,1,21.351736563464264,1.3795047170586054,True,False
43,C_LEGACY_CONTRACT,OOD,37,crosswalk,False,False,False,0,1,22.866898752866383,1.3576152137456794,True,False
43,C_LEGACY_CONTRACT,OOD,38,crosswalk,False,False,False,0,1,21.059965214690347,1.3928407430648804,True,False
43,C_LEGACY_CONTRACT,OOD,39,crosswalk,False,False,False,0,1,30.76759724284952,1.7126732496988206,True,False
43,C_LEGACY_CONTRACT,OOD,40,crosswalk,False,False,False,0,1,21.71761353875138,1.364843124567076,True,False
43,C_LEGACY_CONTRACT,OOD,41,crosswalk,False,False,False,0,1,24.468774391822052,1.1898750729031031,True,False
43,C_LEGACY_CONTRACT,OOD,42,crosswalk,False,False,False,0,1,25.15229143486326,1.6071295126890524,True,False
43,C_LEGACY_CONTRACT,OOD,43,crosswalk,False,False,False,0,1,20.8984973642927,1.2383226935680096,True,False
43,C_LEGACY_CONTRACT,OOD,44,crosswalk,False,False,False,0,1,31.59486620321458,1.1881700475165184,True,False
43,C_LEGACY_CONTRACT,OOD,45,crosswalk,False,False,False,0,1,21.707799674779984,1.4457757549082977,True,False
43,C_LEGACY_CONTRACT,OOD,46,crosswalk,False,False,False,0,1,31.149900252542015,1.1907592144879426,True,False
43,C_LEGACY_CONTRACT,OOD,47,crosswalk,False,False,False,0,1,24.589932920696082,1.210776235569607,True,False
43,C_LEGACY_CONTRACT,OOD,48,crosswalk,False,False,False,0,1,27.882872744982237,1.467102857736441,True,False
43,C_LEGACY_CONTRACT,OOD,49,crosswalk,False,False,False,0,1,26.85142038543454,1.4815829929552577,True,False
43,C_LEGACY_CONTRACT,OOD,50,crosswalk,False,False,False,0,1,27.623641638278496,1.6445211945353326,True,False
43,C_LEGACY_CONTRACT,OOD,51,crosswalk,False,False,False,0,1,27.29169220543097,1.5390199422836304,True,False
43,C_LEGACY_CONTRACT,OOD,52,crosswalk,False,False,False,0,1,22.349606946953557,1.3606482495864232,True,False
43,C_LEGACY_CONTRACT,OOD,53,crosswalk,False,False,False,0,1,22.190016779423065,1.3280728781545483,True,False
43,C_LEGACY_CONTRACT,OOD,54,crosswalk,False,False,False,0,1,25.876624190479113,1.3307217359542847,True,False
43,C_LEGACY_CONTRACT,OOD,55,crosswalk,False,False,False,0,1,29.92074371775559,1.6944493651390073,True,False
43,C_LEGACY_CONTRACT,OOD,56,crosswalk,False,False,False,0,1,22.877692106659794,1.3046538552572562,True,False
43,C_LEGACY_CONTRACT,OOD,57,crosswalk,False,False,False,0,1,21.49113252354597,1.3711521644955096,True,False
43,C_LEGACY_CONTRACT,OOD,58,crosswalk,False,False,False,0,1,28.87735974199985,1.3890525127979032,True,False
43,C_LEGACY_CONTRACT,OOD,59,crosswalk,False,False,False,0,1,23.41638021626049,1.1757324033595145,True,False
43,C_LEGACY_CONTRACT,OOD,60,crosswalk,False,False,False,0,1,27.834178111012648,1.6368639469146729,True,False
43,C_LEGACY_CONTRACT,OOD,61,crosswalk,False,False,False,0,1,23.70778221784041,1.6211935190054085,True,False
43,C_LEGACY_CONTRACT,OOD,62,crosswalk,False,False,False,0,1,28.631240855446077,1.350689543330151,True,False
43,C_LEGACY_CONTRACT,OOD,63,crosswalk,False,False,False,0,1,21.88372004783713,1.5023764168343892,True,False
43,C_LEGACY_CONTRACT,OOD,64,crosswalk,False,False,False,0,1,24.531219385416865,1.3472683485164199,True,False
43,C_LEGACY_CONTRACT,OOD,65,crosswalk,False,False,False,0,1,30.576784123616868,1.2014445728725858,True,False
43,C_LEGACY_CONTRACT,OOD,66,crosswalk,False,False,False,0,1,21.310495140425363,1.2214314551092682,True,False
43,C_LEGACY_CONTRACT,OOD,67,crosswalk,False,False,False,0,1,28.001068148347322,1.4573759237925212,True,False
43,C_LEGACY_CONTRACT,OOD,68,crosswalk,False,False,False,0,1,20.84108601199183,1.449147733775052,True,False
43,C_LEGACY_CONTRACT,OOD,69,crosswalk,False,False,False,0,1,25.79512768451562,1.5452036664292617,True,False
43,C_LEGACY_CONTRACT,OOD,70,crosswalk,False,False,False,0,1,22.86049853910298,1.414824563723344,True,False
43,C_LEGACY_CONTRACT,OOD,71,crosswalk,False,False,False,0,1,28.471849940874577,1.3498353009874169,True,False
43,C_LEGACY_CONTRACT,OOD,72,crosswalk,False,False,False,0,1,23.337489545251323,1.334227599748751,True,False
43,C_LEGACY_CONTRACT,OOD,73,crosswalk,False,False,False,0,1,28.424626492791717,1.2807000478108723,True,False
43,C_LEGACY_CONTRACT,OOD,74,crosswalk,False,False,False,0,1,24.91567628785181,1.3931232690811157,True,False
43,C_LEGACY_CONTRACT,OOD,75,crosswalk,False,False,False,0,1,27.26931952929925,1.3329884260892868,True,False
43,C_LEGACY_CONTRACT,OOD,76,crosswalk,False,False,False,0,1,29.206390104069655,1.1496660430380639,True,False
43,C_LEGACY_CONTRACT,OOD,77,crosswalk,False,False,False,0,1,26.24273339069046,1.3087455715451919,True,False
43,C_LEGACY_CONTRACT,OOD,78,crosswalk,False,False,False,0,1,29.498112744165667,1.290303739634427,True,False
43,C_LEGACY_CONTRACT,OOD,79,crosswalk,False,False,False,0,1,20.754379799866122,1.3474836298042818,True,False
43,C_LEGACY_CONTRACT,OOD,80,crosswalk,False,False,False,0,1,24.241885636014963,1.376688539981842,True,False
43,C_LEGACY_CONTRACT,OOD,81,crosswalk,False,False,False,0,1,22.639859692580337,1.3950324822694826,True,False
43,C_LEGACY_CONTRACT,OOD,82,crosswalk,False,False,False,0,1,25.245096356984334,1.3426520513451616,True,False
43,C_LEGACY_CONTRACT,OOD,83,crosswalk,False,False,False,0,1,29.018507076456775,1.2541903101879617,True,False
43,C_LEGACY_CONTRACT,OOD,84,crosswalk,False,False,False,0,1,27.955026601585992,1.4915051848389382,True,False
43,C_LEGACY_CONTRACT,OOD,85,crosswalk,False,False,False,0,1,22.06445080031049,1.1131208496434348,True,False
43,C_LEGACY_CONTRACT,OOD,86,crosswalk,False,False,False,0,1,31.429399339892612,1.4150608628988264,True,False
43,C_LEGACY_CONTRACT,OOD,87,crosswalk,False,False,False,0,1,22.96907832194133,1.1477282842000325,True,False
43,C_LEGACY_CONTRACT,OOD,88,crosswalk,False,False,False,0,1,30.473354042374517,1.2567992643876509,True,False
43,C_LEGACY_CONTRACT,OOD,89,crosswalk,False,False,False,0,1,28.742099615330105,1.3897644641787505,True,False
43,C_LEGACY_CONTRACT,OOD,90,crosswalk,False,False,False,0,1,30.86305901738909,1.6527270525693893,True,False
43,C_LEGACY_CONTRACT,OOD,91,crosswalk,False,False,False,0,1,23.709260804346414,1.3611658924334757,True,False
43,C_LEGACY_CONTRACT,OOD,92,crosswalk,False,False,False,0,1,24.64514613663492,1.4007135516121274,True,False
43,C_LEGACY_CONTRACT,OOD,93,crosswalk,False,False,False,0,1,20.940668549653086,1.1072955145077272,True,False
43,C_LEGACY_CONTRACT,OOD,94,crosswalk,False,False,False,0,1,26.356496553304815,1.4769908526669377,True,False
43,C_LEGACY_CONTRACT,OOD,95,crosswalk,False,False,False,0,1,21.71522500270364,1.5174140685643904,True,False
43,C_LEGACY_CONTRACT,OOD,96,crosswalk,False,False,False,0,1,28.567222268919526,1.521603783895803,True,False
43,C_LEGACY_CONTRACT,OOD,97,crosswalk,False,False,False,0,1,30.72048285845063,1.1809844320470635,True,False
43,C_LEGACY_CONTRACT,OOD,98,crosswalk,False,False,False,0,1,27.846901391468364,1.3019182085990904,True,False
43,C_LEGACY_CONTRACT,OOD,99,crosswalk,False,False,False,0,1,28.243196384399536,1.1803044573120447,True,False
43,C_LEGACY_CONTRACT,OOD,100,stop_intersection,False,False,False,0,1,23.45213114783104,1.5912019403444395,True,False
43,C_LEGACY_CONTRACT,OOD,101,stop_intersection,False,False,False,0,1,25.352460988900326,1.2236578789789503,True,False
43,C_LEGACY_CONTRACT,OOD,102,stop_intersection,False,False,False,0,1,31.13930534410717,1.7081403732299805,True,False
43,C_LEGACY_CONTRACT,OOD,103,stop_intersection,False,False,False,0,1,27.32917980564084,1.453453032527028,True,False
43,C_LEGACY_CONTRACT,OOD,104,stop_intersection,False,False,False,0,1,27.305211414682653,2.1178952875462445,True,False
43,C_LEGACY_CONTRACT,OOD,105,stop_intersection,False,False,False,0,1,21.307502673637575,1.6817556373361082,True,False
43,C_LEGACY_CONTRACT,OOD,106,stop_intersection,False,False,False,0,1,31.242905175179956,1.6496624334438428,True,False
43,C_LEGACY_CONTRACT,OOD,107,stop_intersection,False,False,False,0,1,28.300001748379568,1.2157923116215636,True,False
43,C_LEGACY_CONTRACT,OOD,108,stop_intersection,False,False,False,0,1,25.294581834703607,1.832171027597628,True,False
43,C_LEGACY_CONTRACT,OOD,109,stop_intersection,False,False,False,0,1,22.007505691334067,2.025184478308703,True,False
43,C_LEGACY_CONTRACT,OOD,110,stop_intersection,False,False,False,0,1,24.23304896980236,1.9379513296816082,True,False
43,C_LEGACY_CONTRACT,OOD,111,stop_intersection,False,False,False,0,1,23.670560016180765,1.6673622813753104,True,False
43,C_LEGACY_CONTRACT,OOD,112,stop_intersection,False,False,False,0,1,24.56402494067605,1.4793875999748707,True,False
43,C_LEGACY_CONTRACT,OOD,113,stop_intersection,False,False,False,0,1,31.031821163747026,1.4908917519179257,True,False
43,C_LEGACY_CONTRACT,OOD,114,stop_intersection,False,False,False,0,1,24.705502394420655,1.750837037196526,True,False
43,C_LEGACY_CONTRACT,OOD,115,stop_intersection,False,False,False,0,1,25.179754718900636,1.4721547026891963,True,False
43,C_LEGACY_CONTRACT,OOD,116,stop_intersection,False,False,False,0,1,22.14015800367836,1.8663927704788918,True,False
43,C_LEGACY_CONTRACT,OOD,117,stop_intersection,False,False,False,0,1,28.976420692087725,1.6950000142678616,True,False
43,C_LEGACY_CONTRACT,OOD,118,stop_intersection,False,False,False,0,1,28.690175675926962,1.4822802833608677,True,False
43,C_LEGACY_CONTRACT,OOD,119,stop_intersection,False,False,False,0,1,24.171641091217623,1.9038167424701353,True,False
43,C_LEGACY_CONTRACT,OOD,120,stop_intersection,False,False,False,0,1,31.270973446255113,1.8883796781301498,True,False
43,C_LEGACY_CONTRACT,OOD,121,stop_intersection,False,False,False,0,1,21.639296492025213,1.4430061867460608,True,False
43,C_LEGACY_CONTRACT,OOD,122,stop_intersection,False,False,False,0,1,25.016534535441426,1.4520383244607507,True,False
43,C_LEGACY_CONTRACT,OOD,123,stop_intersection,False,False,False,0,1,31.731444393610015,1.3604291826486585,True,False
43,C_LEGACY_CONTRACT,OOD,124,stop_intersection,False,False,False,0,1,29.16477151288097,1.7162252373473588,True,False
43,C_LEGACY_CONTRACT,OOD,125,stop_intersection,False,False,False,0,1,24.267374266144593,1.3495050801171196,True,False
43,C_LEGACY_CONTRACT,OOD,126,stop_intersection,False,False,False,0,1,31.205796550119196,1.5048362695328568,True,False
43,C_LEGACY_CONTRACT,OOD,127,stop_intersection,False,False,False,0,1,28.960637042764105,1.3478841073811054,True,False
43,C_LEGACY_CONTRACT,OOD,128,stop_intersection,False,False,False,0,1,29.894715403858193,1.4928918763210899,True,False
43,C_LEGACY_CONTRACT,OOD,129,stop_intersection,False,False,False,0,1,27.192777957779626,1.7021626234054565,True,False
43,C_LEGACY_CONTRACT,OOD,130,stop_intersection,False,False,False,0,1,22.327857305919846,1.2267239218534425,True,False
43,C_LEGACY_CONTRACT,OOD,131,stop_intersection,False,False,False,0,1,24.48684330442248,2.1606410912105014,True,False
43,C_LEGACY_CONTRACT,OOD,132,stop_intersection,False,False,False,0,1,21.625146343648836,1.7156575356678263,True,False
43,C_LEGACY_CONTRACT,OOD,133,stop_intersection,False,False,False,0,1,25.353568433784297,1.461681265297324,True,False
43,C_LEGACY_CONTRACT,OOD,134,stop_intersection,False,False,False,0,1,26.518603891779918,1.5170252645337903,True,False
43,C_LEGACY_CONTRACT,OOD,135,stop_intersection,False,False,False,0,1,22.10386915811393,1.3627763627431329,True,False
43,C_LEGACY_CONTRACT,OOD,136,stop_intersection,False,False,False,0,1,25.920725477569732,1.7595933579109808,True,False
43,C_LEGACY_CONTRACT,OOD,137,stop_intersection,False,False,False,0,1,31.27721721619936,1.5128162077495029,True,False
43,C_LEGACY_CONTRACT,OOD,138,stop_intersection,False,False,False,0,1,31.147769731614698,1.9478366008171668,True,False
43,C_LEGACY_CONTRACT,OOD,139,stop_intersection,False,False,False,0,1,28.012050014784762,1.496693369669792,True,False
43,C_LEGACY_CONTRACT,OOD,140,stop_intersection,False,False,False,0,1,25.48021172315637,1.314201887164797,True,False
43,C_LEGACY_CONTRACT,OOD,141,stop_intersection,False,False,False,0,1,29.69641600972524,1.2841036014778668,True,False
43,C_LEGACY_CONTRACT,OOD,142,stop_intersection,False,False,False,0,1,23.08616321951752,1.9180923530033656,True,False
43,C_LEGACY_CONTRACT,OOD,143,stop_intersection,False,False,False,0,1,28.217130107681438,1.5139358209037197,True,False
43,C_LEGACY_CONTRACT,OOD,144,stop_intersection,False,False,False,0,1,30.59428244883909,1.5987536081900962,True,False
43,C_LEGACY_CONTRACT,OOD,145,stop_intersection,False,False,False,0,1,28.00614861822066,1.7212605103850365,True,False
43,C_LEGACY_CONTRACT,OOD,146,stop_intersection,False,False,False,0,1,27.61461612037224,2.618570440524333,True,False
43,C_LEGACY_CONTRACT,OOD,147,stop_intersection,False,False,False,0,1,21.439121722156514,1.5618577599525452,True,False
43,C_LEGACY_CONTRACT,OOD,148,stop_intersection,False,False,False,0,1,21.113557164464595,1.0729610068457467,True,False
43,C_LEGACY_CONTRACT,OOD,149,stop_intersection,False,False,False,0,1,29.234647495923163,1.3298740600928283,True,False
43,C_LEGACY_CONTRACT,OOD,150,stop_intersection,False,False,False,0,1,23.356952887195177,1.6315284233702265,True,False
43,C_LEGACY_CONTRACT,OOD,151,stop_intersection,False,False,False,0,1,23.711837222131198,1.4789345154636784,True,False
43,C_LEGACY_CONTRACT,OOD,152,stop_intersection,False,False,False,0,1,31.003131405965966,1.5412525711832818,True,False
43,C_LEGACY_CONTRACT,OOD,153,stop_intersection,False,False,False,0,1,30.60572373057228,1.5400931893325434,True,False
43,C_LEGACY_CONTRACT,OOD,154,stop_intersection,False,False,False,0,1,22.029398493538427,1.9506031823785681,True,False
43,C_LEGACY_CONTRACT,OOD,155,stop_intersection,False,False,False,0,1,24.665642339285423,1.6824821382761002,True,False
43,C_LEGACY_CONTRACT,OOD,156,stop_intersection,False,False,False,0,1,22.686418826122193,1.266474847386523,True,False
43,C_LEGACY_CONTRACT,OOD,157,stop_intersection,False,False,False,0,1,23.273139147342327,1.6881321831361242,True,False
43,C_LEGACY_CONTRACT,OOD,158,stop_intersection,False,False,False,0,1,30.937881752980054,1.5765346690665842,True,False
43,C_LEGACY_CONTRACT,OOD,159,stop_intersection,False,False,False,0,1,29.42602428000537,1.3260932093442872,True,False
43,C_LEGACY_CONTRACT,OOD,160,stop_intersection,False,False,False,0,1,25.907775051950974,1.3483469605091072,True,False
43,C_LEGACY_CONTRACT,OOD,161,stop_intersection,False,False,False,0,1,24.20438108179131,1.2895389095596645,True,False
43,C_LEGACY_CONTRACT,OOD,162,stop_intersection,False,False,False,0,1,27.803705754621824,1.5314415859621624,True,False
43,C_LEGACY_CONTRACT,OOD,163,stop_intersection,False,False,False,0,1,26.427612198635174,1.45249205827713,True,False
43,C_LEGACY_CONTRACT,OOD,164,stop_intersection,False,False,False,0,1,24.637811056426266,1.402040796224461,True,False
43,C_LEGACY_CONTRACT,OOD,165,stop_intersection,False,False,False,0,1,28.85141605272529,1.6549554670398885,True,False
43,C_LEGACY_CONTRACT,OOD,166,stop_intersection,False,False,False,0,1,27.212401006188124,2.2318386573057905,True,False
43,C_LEGACY_CONTRACT,OOD,167,stop_intersection,False,False,False,0,1,30.82348142819383,1.4380622363608815,True,False
43,C_LEGACY_CONTRACT,OOD,168,stop_intersection,False,False,False,0,1,31.57105140738603,1.337762861089273,True,False
43,C_LEGACY_CONTRACT,OOD,169,stop_intersection,False,False,False,0,1,28.62261560460076,1.4971695649318206,True,False
43,C_LEGACY_CONTRACT,OOD,170,stop_intersection,False,False,False,0,1,21.228809501969796,1.5064743772531166,True,False
43,C_LEGACY_CONTRACT,OOD,171,stop_intersection,False,False,False,0,1,21.878822354409532,1.5661609938015808,True,False
43,C_LEGACY_CONTRACT,OOD,172,stop_intersection,False,False,False,0,1,21.71616791675797,2.0011861455675803,True,False
43,C_LEGACY_CONTRACT,OOD,173,stop_intersection,False,False,False,0,1,29.019144179366748,1.4280183418937349,True,False
43,C_LEGACY_CONTRACT,OOD,174,stop_intersection,False,False,False,0,1,22.321974958258984,1.781551730301645,True,False
43,C_LEGACY_CONTRACT,OOD,175,stop_intersection,False,False,False,0,1,28.096591592100268,1.8267049723201327,True,False
43,C_LEGACY_CONTRACT,OOD,176,stop_intersection,False,False,False,0,1,22.440940807562175,1.8121407266992788,True,False
43,C_LEGACY_CONTRACT,OOD,177,stop_intersection,False,False,False,0,1,30.50734261720187,1.486395926851975,True,False
43,C_LEGACY_CONTRACT,OOD,178,stop_intersection,False,False,False,0,1,28.793671822161972,1.689984547464471,True,False
43,C_LEGACY_CONTRACT,OOD,179,stop_intersection,False,False,False,0,1,28.678243171374554,2.0258753584778826,True,False
43,C_LEGACY_CONTRACT,OOD,180,stop_intersection,False,False,False,0,1,21.987441735321873,1.3124964776493253,True,False
43,C_LEGACY_CONTRACT,OOD,181,stop_intersection,False,False,False,0,1,31.448454327187772,1.363470360636711,True,False
43,C_LEGACY_CONTRACT,OOD,182,stop_intersection,False,False,False,0,1,23.32258992379888,1.4958860278129575,True,False
43,C_LEGACY_CONTRACT,OOD,183,stop_intersection,False,False,False,0,1,22.46804616720999,1.4329757345350165,True,False
43,C_LEGACY_CONTRACT,OOD,184,stop_intersection,False,False,False,0,1,30.111481430302337,1.8718820351820724,True,False
43,C_LEGACY_CONTRACT,OOD,185,stop_intersection,False,False,False,0,1,26.512029968610715,1.3427121354186016,True,False
43,C_LEGACY_CONTRACT,OOD,186,stop_intersection,False,False,False,0,1,30.44554109158058,1.4539878581498944,True,False
43,C_LEGACY_CONTRACT,OOD,187,stop_intersection,False,False,False,0,1,27.781666715609525,2.2290562171685067,True,False
43,C_LEGACY_CONTRACT,OOD,188,stop_intersection,False,False,False,0,1,30.92835767955042,1.3222962006544454,True,False
43,C_LEGACY_CONTRACT,OOD,189,stop_intersection,False,False,False,0,1,29.978090436305088,1.5002986547109243,True,False
43,C_LEGACY_CONTRACT,OOD,190,stop_intersection,False,False,False,0,1,25.05309563032837,1.9064355523962722,True,False
43,C_LEGACY_CONTRACT,OOD,191,stop_intersection,False,False,False,0,1,26.866925141379213,1.4087834217482142,True,False
43,C_LEGACY_CONTRACT,OOD,192,stop_intersection,False,False,False,0,1,30.48204832091084,1.367998012276583,True,False
43,C_LEGACY_CONTRACT,OOD,193,stop_intersection,False,False,False,0,1,24.43502907013186,1.3071586622132194,True,False
43,C_LEGACY_CONTRACT,OOD,194,stop_intersection,False,False,False,0,1,27.127761992520558,1.3125056166981541,True,False
43,C_LEGACY_CONTRACT,OOD,195,stop_intersection,False,False,False,0,1,26.693595997752475,1.6547175942034256,True,False
43,C_LEGACY_CONTRACT,OOD,196,stop_intersection,False,False,False,0,1,23.192199828974204,1.4504692171301161,True,False
43,C_LEGACY_CONTRACT,OOD,197,stop_intersection,False,False,False,0,1,29.708376258910747,1.512334125914744,True,False
43,C_LEGACY_CONTRACT,OOD,198,stop_intersection,False,False,False,0,1,29.43065032514877,1.67900870675626,True,False
43,C_LEGACY_CONTRACT,OOD,199,stop_intersection,False,False,False,0,1,28.574348849011624,1.482889645629459,True,False
43,C_LEGACY_CONTRACT,OOD,200,lead_brake,False,False,False,0,0,33.686757249385145,8.604764775683481,True,False
43,C_LEGACY_CONTRACT,OOD,201,lead_brake,False,False,False,0,0,30.56681932642527,2.5751578907171884,True,False
43,C_LEGACY_CONTRACT,OOD,202,lead_brake,False,False,False,0,0,25.701328273204105,6.7295471106966325,True,False
43,C_LEGACY_CONTRACT,OOD,203,lead_brake,False,False,False,0,0,30.53337561484119,7.312084348251422,True,False
43,C_LEGACY_CONTRACT,OOD,204,lead_brake,False,False,False,0,0,29.45084619469707,3.9396185452739396,True,False
43,C_LEGACY_CONTRACT,OOD,205,lead_brake,False,False,False,0,0,28.224948427565838,5.30466957638661,True,False
43,C_LEGACY_CONTRACT,OOD,206,lead_brake,False,False,False,0,0,29.96874782471532,8.082729172582427,True,False
43,C_LEGACY_CONTRACT,OOD,207,lead_brake,False,False,False,0,0,32.626634889225706,8.729160216326514,True,False
43,C_LEGACY_CONTRACT,OOD,208,lead_brake,False,False,False,0,0,37.95058199094089,8.775283854454756,True,False
43,C_LEGACY_CONTRACT,OOD,209,lead_brake,False,False,False,0,0,30.453491292197658,5.836476303016146,True,False
43,C_LEGACY_CONTRACT,OOD,210,lead_brake,False,False,False,0,0,29.516885459543865,8.69452076901992,True,False
43,C_LEGACY_CONTRACT,OOD,211,lead_brake,False,False,False,0,0,36.29417251005766,5.38719239210089,True,False
43,C_LEGACY_CONTRACT,OOD,212,lead_brake,False,False,False,0,0,27.321681085577723,6.070597612609466,True,False
43,C_LEGACY_CONTRACT,OOD,213,lead_brake,False,False,False,0,0,30.642326781112615,3.970741073290507,True,False
43,C_LEGACY_CONTRACT,OOD,214,lead_brake,False,False,False,0,0,34.80423010248408,6.554272831728061,True,False
43,C_LEGACY_CONTRACT,OOD,215,lead_brake,False,False,False,0,0,26.544497717883743,5.680720816055934,True,False
43,C_LEGACY_CONTRACT,OOD,216,lead_brake,False,False,False,0,0,40.061711776669966,6.175773245592911,True,False
43,C_LEGACY_CONTRACT,OOD,217,lead_brake,False,False,False,0,0,34.549224138334424,6.7232919695476685,True,False
43,C_LEGACY_CONTRACT,OOD,218,lead_brake,False,False,False,0,0,26.421396430307254,2.8780228247245154,True,False
43,C_LEGACY_CONTRACT,OOD,219,lead_brake,False,False,False,0,0,34.23711736318823,5.960813283299406,True,False
43,C_LEGACY_CONTRACT,OOD,220,lead_brake,False,False,False,0,0,35.073717601374135,4.66944953178366,True,False
43,C_LEGACY_CONTRACT,OOD,221,lead_brake,False,False,False,0,0,23.920914025828242,9.029119844858844,True,False
43,C_LEGACY_CONTRACT,OOD,222,lead_brake,False,False,False,0,0,39.60443506890438,6.219743475317954,True,False
43,C_LEGACY_CONTRACT,OOD,223,lead_brake,False,False,False,0,0,26.127473906424886,6.816698580359419,True,False
43,C_LEGACY_CONTRACT,OOD,224,lead_brake,False,False,False,0,0,31.09780994580908,8.333457958574096,True,False
43,C_LEGACY_CONTRACT,OOD,225,lead_brake,False,False,False,0,0,31.762315718581398,3.408437098066012,True,False
43,C_LEGACY_CONTRACT,OOD,226,lead_brake,False,False,False,0,0,26.996545117571955,6.841983638082941,True,False
43,C_LEGACY_CONTRACT,OOD,227,lead_brake,False,False,False,0,0,38.535668846852275,4.873849336678783,True,False
43,C_LEGACY_CONTRACT,OOD,228,lead_brake,False,False,False,0,0,39.58830658841783,8.8411526872466,True,False
43,C_LEGACY_CONTRACT,OOD,229,lead_brake,False,False,False,0,0,43.07041494183245,7.582470865299304,True,False
43,C_LEGACY_CONTRACT,OOD,230,lead_brake,False,False,False,0,0,33.94921341922689,4.801885024333993,True,False
43,C_LEGACY_CONTRACT,OOD,231,lead_brake,False,False,False,0,0,35.13753746868974,3.410406981905301,True,False
43,C_LEGACY_CONTRACT,OOD,232,lead_brake,False,False,False,0,0,32.658495728606596,5.25718466627101,True,False
43,C_LEGACY_CONTRACT,OOD,233,lead_brake,False,False,False,0,0,29.856556280192017,7.512827904274066,True,False
43,C_LEGACY_CONTRACT,OOD,234,lead_brake,False,False,False,0,0,28.98125707137583,7.04151730115215,True,False
43,C_LEGACY_CONTRACT,OOD,235,lead_brake,False,False,False,0,0,32.18252242771558,4.5413561171541605,True,False
43,C_LEGACY_CONTRACT,OOD,236,lead_brake,False,False,False,0,0,42.51536440052087,3.5767765293518696,True,False
43,C_LEGACY_CONTRACT,OOD,237,lead_brake,False,False,False,0,0,40.376623712878484,7.0311503012975045,True,False
43,C_LEGACY_CONTRACT,OOD,238,lead_brake,False,False,False,0,0,26.070868057236062,5.9668729376668725,True,False
43,C_LEGACY_CONTRACT,OOD,239,lead_brake,False,False,False,0,0,34.29506855143655,3.1326311826705933,True,False
43,C_LEGACY_CONTRACT,OOD,240,lead_brake,False,False,False,0,0,36.7134270055592,5.871668225775163,True,False
43,C_LEGACY_CONTRACT,OOD,241,lead_brake,False,False,False,0,0,25.604743362916686,2.641831924517949,True,False
43,C_LEGACY_CONTRACT,OOD,242,lead_brake,False,False,False,0,0,26.82128068737572,4.990489326417446,True,False
43,C_LEGACY_CONTRACT,OOD,243,lead_brake,False,False,False,0,0,30.936709498083943,5.751332546894748,True,False
43,C_LEGACY_CONTRACT,OOD,244,lead_brake,False,False,False,0,0,41.67664898850022,2.979758253321051,True,False
43,C_LEGACY_CONTRACT,OOD,245,lead_brake,False,False,False,0,0,43.488758151680216,8.768809746950865,True,False
43,C_LEGACY_CONTRACT,OOD,246,lead_brake,False,False,False,0,0,26.678211427918093,2.787212566783031,True,False
43,C_LEGACY_CONTRACT,OOD,247,lead_brake,False,False,False,0,0,31.313971654872326,7.158721145242453,True,False
43,C_LEGACY_CONTRACT,OOD,248,lead_brake,False,False,False,0,0,27.47343953687019,6.761018642534811,True,False
43,C_LEGACY_CONTRACT,OOD,249,lead_brake,False,False,False,0,0,23.86913628062843,5.357927972140411,True,False
43,C_LEGACY_CONTRACT,OOD,250,lead_brake,False,False,False,0,0,33.565718682785686,5.764051592598359,True,False
43,C_LEGACY_CONTRACT,OOD,251,lead_brake,False,False,False,0,0,30.850449317406767,7.8871796789268656,True,False
43,C_LEGACY_CONTRACT,OOD,252,lead_brake,False,False,False,0,0,40.16279444895188,5.831382051110268,True,False
43,C_LEGACY_CONTRACT,OOD,253,lead_brake,False,False,False,0,0,28.725363676697,4.863844023396571,True,False
43,C_LEGACY_CONTRACT,OOD,254,lead_brake,False,False,False,0,0,28.076762806394896,5.603776053835948,True,False
43,C_LEGACY_CONTRACT,OOD,255,lead_brake,False,False,False,0,0,34.39967939799026,8.002892090628544,True,False
43,C_LEGACY_CONTRACT,OOD,256,lead_brake,False,False,False,0,0,24.900130924582477,6.1757129998877645,True,False
43,C_LEGACY_CONTRACT,OOD,257,lead_brake,False,False,False,0,0,30.831765842430414,3.6313630901277065,True,False
43,C_LEGACY_CONTRACT,OOD,258,lead_brake,False,False,False,0,0,23.48783499711279,6.308896810126801,True,False
43,C_LEGACY_CONTRACT,OOD,259,lead_brake,False,False,False,0,0,43.15978692770004,2.2912779375910755,True,False
43,C_LEGACY_CONTRACT,OOD,260,lead_brake,False,False,False,0,0,34.66372375140086,4.302346086750427,True,False
43,C_LEGACY_CONTRACT,OOD,261,lead_brake,False,False,False,0,0,28.66001903315093,4.570610210920373,True,False
43,C_LEGACY_CONTRACT,OOD,262,lead_brake,False,False,False,0,0,38.36071180584242,4.541667080173889,True,False
43,C_LEGACY_CONTRACT,OOD,263,lead_brake,False,False,False,0,0,30.566347109903177,4.745925083756447,True,False
43,C_LEGACY_CONTRACT,OOD,264,lead_brake,False,False,False,0,0,44.64080080203714,2.1484000279257693,True,False
43,C_LEGACY_CONTRACT,OOD,265,lead_brake,False,False,False,0,0,40.165648299112,8.46557159970204,True,False
43,C_LEGACY_CONTRACT,OOD,266,lead_brake,False,False,False,0,0,32.30621108580357,8.270332138985395,True,False
43,C_LEGACY_CONTRACT,OOD,267,lead_brake,False,False,False,0,0,29.484017882094985,7.092278057709335,True,False
43,C_LEGACY_CONTRACT,OOD,268,lead_brake,False,False,False,0,0,29.142013519753696,5.531039868791898,True,False
43,C_LEGACY_CONTRACT,OOD,269,lead_brake,False,False,False,0,0,31.48625181725135,4.5418926769246655,True,False
43,C_LEGACY_CONTRACT,OOD,270,lead_brake,False,False,False,0,0,25.45107052790789,7.0685437098145485,True,False
43,C_LEGACY_CONTRACT,OOD,271,lead_brake,False,False,False,0,0,36.23130999678026,6.171009484057624,True,False
43,C_LEGACY_CONTRACT,OOD,272,lead_brake,False,False,False,0,0,34.218352941844415,4.248691749448577,True,False
43,C_LEGACY_CONTRACT,OOD,273,lead_brake,False,False,False,0,0,34.77080068261904,8.507222760468721,True,False
43,C_LEGACY_CONTRACT,OOD,274,lead_brake,False,False,False,0,0,37.19366640582241,7.6697584210584555,True,False
43,C_LEGACY_CONTRACT,OOD,275,lead_brake,False,False,False,0,0,33.01219669681088,6.944063461075226,True,False
43,C_LEGACY_CONTRACT,OOD,276,lead_brake,False,False,False,0,0,28.501710725768383,2.6248194848497706,True,False
43,C_LEGACY_CONTRACT,OOD,277,lead_brake,False,False,False,0,0,29.53933658204974,7.319484896957873,True,False
43,C_LEGACY_CONTRACT,OOD,278,lead_brake,False,False,False,0,0,30.075627991001518,4.718318886434038,True,False
43,C_LEGACY_CONTRACT,OOD,279,lead_brake,False,False,False,0,0,38.71862593092021,7.398621883243322,True,False
43,C_LEGACY_CONTRACT,OOD,280,lead_brake,False,False,False,0,0,30.478661018196927,6.8093452615042525,True,False
43,C_LEGACY_CONTRACT,OOD,281,lead_brake,False,False,False,0,0,31.36624799698591,6.2082918373246985,True,False
43,C_LEGACY_CONTRACT,OOD,282,lead_brake,False,False,False,0,0,32.16749764215749,3.4439417713632183,True,False
43,C_LEGACY_CONTRACT,OOD,283,lead_brake,False,False,False,0,0,36.51596873626116,8.448563538491726,True,False
43,C_LEGACY_CONTRACT,OOD,284,lead_brake,False,False,False,0,0,25.81183240290961,8.44797598135968,True,False
43,C_LEGACY_CONTRACT,OOD,285,lead_brake,False,False,False,0,0,35.26671302893821,7.361310604959726,True,False
43,C_LEGACY_CONTRACT,OOD,286,lead_brake,False,False,False,0,0,28.988918887156395,5.546666742612918,True,False
43,C_LEGACY_CONTRACT,OOD,287,lead_brake,False,False,False,0,0,32.51011410947861,6.17984679279228,True,False
43,C_LEGACY_CONTRACT,OOD,288,lead_brake,False,False,False,0,0,26.585279110319807,4.567133818442623,True,False
43,C_LEGACY_CONTRACT,OOD,289,lead_brake,False,False,False,0,0,39.74881954359636,4.512372157846888,True,False
43,C_LEGACY_CONTRACT,OOD,290,lead_brake,False,False,False,0,0,33.65441143372566,3.911928065121174,True,False
43,C_LEGACY_CONTRACT,OOD,291,lead_brake,False,False,False,0,0,21.57384902015328,4.154255769836405,True,False
43,C_LEGACY_CONTRACT,OOD,292,lead_brake,False,False,False,0,0,36.07628117210257,6.217480228592952,True,False
43,C_LEGACY_CONTRACT,OOD,293,lead_brake,False,False,False,0,0,25.372553856543536,9.865739100302259,True,False
43,C_LEGACY_CONTRACT,OOD,294,lead_brake,False,False,False,0,0,26.636289780271156,6.564727854604523,True,False
43,C_LEGACY_CONTRACT,OOD,295,lead_brake,False,False,False,0,0,28.179528705626705,6.684021913756927,True,False
43,C_LEGACY_CONTRACT,OOD,296,lead_brake,False,False,False,0,0,35.54766356817647,3.5563953878978887,True,False
43,C_LEGACY_CONTRACT,OOD,297,lead_brake,False,False,False,0,0,38.93766520861593,6.197419669479132,True,False
43,C_LEGACY_CONTRACT,OOD,298,lead_brake,False,False,False,0,0,21.158904244250063,6.538195553546149,True,False
43,C_LEGACY_CONTRACT,OOD,299,lead_brake,False,False,False,0,0,25.61586013850985,3.4446846370895705,True,False
43,C2_PHASE_CONTRACT,ID,0,crosswalk,False,False,False,0,0,29.678079970437967,2.0931248502297835,True,False
43,C2_PHASE_CONTRACT,ID,1,crosswalk,False,False,False,0,0,38.39139349598762,1.0702173101405303,True,False
43,C2_PHASE_CONTRACT,ID,2,crosswalk,False,False,False,0,0,28.337587203171843,2.528560145905143,True,False
43,C2_PHASE_CONTRACT,ID,3,crosswalk,False,False,False,0,0,32.64042268383247,2.3018949727217355,True,False
43,C2_PHASE_CONTRACT,ID,4,crosswalk,False,False,False,0,0,33.88652656462495,2.2855263067917386,True,False
43,C2_PHASE_CONTRACT,ID,5,crosswalk,False,False,False,0,0,28.826325493122205,1.933320164680481,True,False
43,C2_PHASE_CONTRACT,ID,6,crosswalk,False,False,False,0,0,35.4983153027504,0.4499306123365055,True,False
43,C2_PHASE_CONTRACT,ID,7,crosswalk,False,False,False,0,0,37.59243001034277,2.1179329976439476,True,False
43,C2_PHASE_CONTRACT,ID,8,crosswalk,False,False,False,0,0,27.743518820254685,1.8682495407436206,True,False
43,C2_PHASE_CONTRACT,ID,9,crosswalk,False,False,False,0,0,34.23881830680618,2.020776718854904,True,False
43,C2_PHASE_CONTRACT,ID,10,crosswalk,False,False,False,0,0,36.44582370248621,2.0824644034323483,True,False
43,C2_PHASE_CONTRACT,ID,11,crosswalk,False,False,False,0,0,33.993752265575225,2.0408197306096554,True,False
43,C2_PHASE_CONTRACT,ID,12,crosswalk,False,False,False,0,0,28.296910373173066,1.2749418145731874,True,False
43,C2_PHASE_CONTRACT,ID,13,crosswalk,False,False,False,0,0,31.869214326000446,1.6096383786719777,True,False
43,C2_PHASE_CONTRACT,ID,14,crosswalk,False,False,False,0,0,29.919917079433116,2.1294370022687046,True,False
43,C2_PHASE_CONTRACT,ID,15,crosswalk,False,False,False,0,0,34.957592663319545,0.4067101102808247,True,False
43,C2_PHASE_CONTRACT,ID,16,crosswalk,False,False,False,0,0,26.957186826268625,2.463886679874526,True,False
43,C2_PHASE_CONTRACT,ID,17,crosswalk,False,False,False,0,0,27.049569366174573,2.0906449783416017,True,False
43,C2_PHASE_CONTRACT,ID,18,crosswalk,False,False,False,0,0,35.84000002355014,1.9215486605059018,True,False
43,C2_PHASE_CONTRACT,ID,19,crosswalk,False,False,False,0,0,38.508046946629925,0.40678375711043674,True,False
43,C2_PHASE_CONTRACT,ID,20,crosswalk,False,False,False,0,0,31.50340895117116,2.0313539675303867,True,False
43,C2_PHASE_CONTRACT,ID,21,crosswalk,False,False,False,0,0,31.943870405804248,1.6213406080549413,True,False
43,C2_PHASE_CONTRACT,ID,22,crosswalk,False,False,False,0,0,28.20165309314412,1.8826962841881645,True,False
43,C2_PHASE_CONTRACT,ID,23,crosswalk,False,False,False,0,0,35.250437363401446,0.45102717524225056,True,False
43,C2_PHASE_CONTRACT,ID,24,crosswalk,False,False,False,0,0,27.9931374261541,1.7614876282842535,True,False
43,C2_PHASE_CONTRACT,ID,25,crosswalk,False,False,False,0,0,29.309969773075505,1.8457601042020888,True,False
43,C2_PHASE_CONTRACT,ID,26,crosswalk,False,False,False,0,0,27.408507929151163,2.4410137612568703,True,False
43,C2_PHASE_CONTRACT,ID,27,crosswalk,False,False,False,0,0,31.96671131256928,1.9335355423390865,True,False
43,C2_PHASE_CONTRACT,ID,28,crosswalk,False,False,False,0,0,34.00723123542931,1.430012597924187,True,False
43,C2_PHASE_CONTRACT,ID,29,crosswalk,False,False,False,0,0,29.154254437480684,2.350671738386154,True,False
43,C2_PHASE_CONTRACT,ID,30,crosswalk,False,False,False,0,0,32.430466496481685,0.5567500266161831,True,False
43,C2_PHASE_CONTRACT,ID,31,crosswalk,False,False,False,0,0,28.700766360054843,1.9256488395773845,True,False
43,C2_PHASE_CONTRACT,ID,32,crosswalk,False,False,False,0,0,38.89634006452987,1.930475402623415,True,False
43,C2_PHASE_CONTRACT,ID,33,crosswalk,False,False,False,0,0,31.988414093695212,0.43879688495681396,True,False
43,C2_PHASE_CONTRACT,ID,34,crosswalk,False,False,False,0,0,35.96908607734592,0.7193149626255035,True,False
43,C2_PHASE_CONTRACT,ID,35,crosswalk,False,False,False,0,0,29.400336695449376,1.9497759705004485,True,False
43,C2_PHASE_CONTRACT,ID,36,crosswalk,False,False,False,0,0,38.38675716314165,0.38585452437400813,True,False
43,C2_PHASE_CONTRACT,ID,37,crosswalk,False,False,False,0,0,31.697163421746808,2.2135555947368792,True,False
43,C2_PHASE_CONTRACT,ID,38,crosswalk,False,False,False,0,0,34.73177951513618,2.097487151622772,True,False
43,C2_PHASE_CONTRACT,ID,39,crosswalk,False,False,False,0,0,28.836606726442938,1.7324901446700096,True,False
43,C2_PHASE_CONTRACT,ID,40,crosswalk,False,False,False,0,0,31.98849470738265,0.3990137780254537,True,False
43,C2_PHASE_CONTRACT,ID,41,crosswalk,False,False,False,0,0,35.45067742606532,1.7975486814975739,True,False
43,C2_PHASE_CONTRACT,ID,42,crosswalk,False,False,False,0,0,38.20259735612524,0.406646275271972,True,False
43,C2_PHASE_CONTRACT,ID,43,crosswalk,False,False,False,0,0,31.189405053138508,1.8862960239251454,True,False
43,C2_PHASE_CONTRACT,ID,44,crosswalk,False,False,False,0,0,31.531523272833397,1.7474289735158284,True,False
43,C2_PHASE_CONTRACT,ID,45,crosswalk,False,False,False,0,0,35.93985339544942,0.7579339233537514,True,False
43,C2_PHASE_CONTRACT,ID,46,crosswalk,False,False,False,0,0,30.932152926530385,2.1980132027105848,True,False
43,C2_PHASE_CONTRACT,ID,47,crosswalk,False,False,False,0,0,28.22397383087806,0.3768004551529884,True,False
43,C2_PHASE_CONTRACT,ID,48,crosswalk,False,False,False,0,0,34.4100890075194,0.3584599929551283,True,False
43,C2_PHASE_CONTRACT,ID,49,crosswalk,False,False,False,0,0,38.17066869856028,0.45491085752196936,True,False
43,C2_PHASE_CONTRACT,ID,50,crosswalk,False,False,False,0,0,30.265856389824535,2.2139647528529163,True,False
43,C2_PHASE_CONTRACT,ID,51,crosswalk,False,False,False,0,0,29.917092112710485,0.3752324765636807,True,False
43,C2_PHASE_CONTRACT,ID,52,crosswalk,False,False,False,0,0,36.856740400653635,0.4094067650536696,True,False
43,C2_PHASE_CONTRACT,ID,53,crosswalk,False,False,False,0,0,38.132360436929886,0.8878198683261871,True,False
43,C2_PHASE_CONTRACT,ID,54,crosswalk,False,False,False,0,0,37.45726165611629,0.37552969455718993,True,False
43,C2_PHASE_CONTRACT,ID,55,crosswalk,False,False,False,0,0,34.35212181351197,2.031858136708086,True,False
43,C2_PHASE_CONTRACT,ID,56,crosswalk,False,False,False,0,0,30.900934024467062,2.2099209754239943,True,False
43,C2_PHASE_CONTRACT,ID,57,crosswalk,False,False,False,0,0,33.36955759912531,2.308136150240898,True,False
43,C2_PHASE_CONTRACT,ID,58,crosswalk,False,False,False,0,0,35.88023036564444,0.9450533143852067,True,False
43,C2_PHASE_CONTRACT,ID,59,crosswalk,False,False,False,0,0,35.03403988293051,0.38692792256673175,True,False
43,C2_PHASE_CONTRACT,ID,60,crosswalk,False,False,False,0,0,36.61041902020243,2.0737616904079914,True,False
43,C2_PHASE_CONTRACT,ID,61,crosswalk,False,False,False,0,0,37.438437708274385,0.37453037500381464,True,False
43,C2_PHASE_CONTRACT,ID,62,crosswalk,False,False,False,0,0,32.49775073960732,2.249946059151129,True,False
43,C2_PHASE_CONTRACT,ID,63,crosswalk,False,False,False,0,0,32.14075708022778,0.8300386014438811,True,False
43,C2_PHASE_CONTRACT,ID,64,crosswalk,False,False,False,0,0,27.722651701824567,2.2138302734023645,True,False
43,C2_PHASE_CONTRACT,ID,65,crosswalk,False,False,False,0,0,37.363165832417494,1.9832316972315311,True,False
43,C2_PHASE_CONTRACT,ID,66,crosswalk,False,False,False,0,0,33.56265770249692,1.0977826373917716,True,False
43,C2_PHASE_CONTRACT,ID,67,crosswalk,False,False,False,0,0,28.29836753299366,0.44005655928661946,True,False
43,C2_PHASE_CONTRACT,ID,68,crosswalk,False,False,False,0,0,31.994012321205176,0.38210200315172016,True,False
43,C2_PHASE_CONTRACT,ID,69,crosswalk,False,False,False,0,0,31.06551733899265,1.9000237683455148,True,False
43,C2_PHASE_CONTRACT,ID,70,crosswalk,False,False,False,0,0,39.40060608856977,0.5669425055384636,True,False
43,C2_PHASE_CONTRACT,ID,71,crosswalk,False,False,False,0,0,35.34951236112911,0.37336480493346846,True,False
43,C2_PHASE_CONTRACT,ID,72,crosswalk,False,False,False,0,0,34.8584610737129,0.405928259310515,True,False
43,C2_PHASE_CONTRACT,ID,73,crosswalk,False,False,False,0,0,33.13547486451479,1.9214680994098836,True,False
43,C2_PHASE_CONTRACT,ID,74,crosswalk,False,False,False,0,0,36.67444891373947,0.3887114922205607,True,False
43,C2_PHASE_CONTRACT,ID,75,crosswalk,False,False,False,0,0,34.89159939079231,1.9329855794256383,True,False
43,C2_PHASE_CONTRACT,ID,76,crosswalk,False,False,False,0,0,34.605722068512065,0.4080186006815537,True,False
43,C2_PHASE_CONTRACT,ID,77,crosswalk,False,False,False,0,0,35.733483416635565,2.0960863408717243,True,False
43,C2_PHASE_CONTRACT,ID,78,crosswalk,False,False,False,0,0,33.97474121924053,1.9474679231643677,True,False
43,C2_PHASE_CONTRACT,ID,79,crosswalk,False,False,False,0,0,33.33675302076378,2.122548446059227,True,False
43,C2_PHASE_CONTRACT,ID,80,crosswalk,False,False,False,0,0,30.937488167701517,0.40119181076685584,True,False
43,C2_PHASE_CONTRACT,ID,81,crosswalk,False,False,False,0,0,32.95464802888955,2.3092182725667953,True,False
43,C2_PHASE_CONTRACT,ID,82,crosswalk,False,False,False,0,0,36.26885148415351,2.079340529938539,True,False
43,C2_PHASE_CONTRACT,ID,83,crosswalk,False,False,False,0,0,37.72027848551986,0.35835242615296287,True,False
43,C2_PHASE_CONTRACT,ID,84,crosswalk,False,False,False,0,0,32.616493043240084,1.6228216951308043,True,False
43,C2_PHASE_CONTRACT,ID,85,crosswalk,False,False,False,0,0,32.49702634550743,0.4983272722789219,True,False
43,C2_PHASE_CONTRACT,ID,86,crosswalk,False,False,False,0,0,28.72190733388647,1.7777186393737792,True,False
43,C2_PHASE_CONTRACT,ID,87,crosswalk,False,False,False,0,0,35.557502242821634,1.1796230574448903,True,False
43,C2_PHASE_CONTRACT,ID,88,crosswalk,False,False,False,0,0,31.152229190508347,2.0282462887142017,True,False
43,C2_PHASE_CONTRACT,ID,89,crosswalk,False,False,False,0,0,33.64798641740087,0.3709213694800501,True,False
43,C2_PHASE_CONTRACT,ID,90,crosswalk,False,False,False,0,0,28.436000023496383,0.3867323100566864,True,False
43,C2_PHASE_CONTRACT,ID,91,crosswalk,False,False,False,0,0,28.5321056881806,2.0480207421562886,True,False
43,C2_PHASE_CONTRACT,ID,92,crosswalk,False,False,False,0,0,37.82937005805779,0.7489950887181541,True,False
43,C2_PHASE_CONTRACT,ID,93,crosswalk,False,False,False,0,0,31.327837194130062,1.9102931270996728,True,False
43,C2_PHASE_CONTRACT,ID,94,crosswalk,False,False,False,0,0,31.84638933760927,2.096078112011864,True,False
43,C2_PHASE_CONTRACT,ID,95,crosswalk,False,False,False,0,0,30.976435895408503,0.36691109565171326,True,False
43,C2_PHASE_CONTRACT,ID,96,crosswalk,False,False,False,0,0,28.022082250756938,2.3255177065730095,True,False
43,C2_PHASE_CONTRACT,ID,97,crosswalk,False,False,False,0,0,37.15947812108273,0.5304427683353424,True,False
43,C2_PHASE_CONTRACT,ID,98,crosswalk,False,False,False,0,0,29.995264489286914,2.5355558724779828,True,False
43,C2_PHASE_CONTRACT,ID,99,crosswalk,False,False,False,0,0,31.55942902490444,0.7646544203162193,True,False
43,C2_PHASE_CONTRACT,ID,100,stop_intersection,False,False,False,0,1,26.73284691176083,1.6505746046702066,True,False
43,C2_PHASE_CONTRACT,ID,101,stop_intersection,False,False,False,0,1,31.879424010228906,1.4103900077866343,True,False
43,C2_PHASE_CONTRACT,ID,102,stop_intersection,False,False,False,0,1,26.735170656059342,1.782492995262146,True,False
43,C2_PHASE_CONTRACT,ID,103,stop_intersection,False,False,False,0,1,29.434058299200288,1.5631958058005884,True,False
43,C2_PHASE_CONTRACT,ID,104,stop_intersection,False,False,False,0,1,27.81916244346659,1.4424827224329897,True,False
43,C2_PHASE_CONTRACT,ID,105,stop_intersection,False,False,False,0,1,31.74478310822216,1.5737611782260057,True,False
43,C2_PHASE_CONTRACT,ID,106,stop_intersection,False,False,False,0,1,33.00250824513142,1.3547573438504847,True,False
43,C2_PHASE_CONTRACT,ID,107,stop_intersection,False,False,False,0,1,30.53699832588969,1.6445263592820418,True,False
43,C2_PHASE_CONTRACT,ID,108,stop_intersection,False,False,False,0,1,32.46941686957935,1.5738193499736297,True,False
43,C2_PHASE_CONTRACT,ID,109,stop_intersection,False,False,False,0,1,33.86217152756478,1.5237003564834595,True,False
43,C2_PHASE_CONTRACT,ID,110,stop_intersection,False,False,False,0,1,29.4259132941994,1.5400611387716756,True,False
43,C2_PHASE_CONTRACT,ID,111,stop_intersection,False,False,False,0,1,36.43573765399997,1.4196571565809704,True,False
43,C2_PHASE_CONTRACT,ID,112,stop_intersection,False,False,False,0,1,35.47754001582232,1.4733148784172245,True,False
43,C2_PHASE_CONTRACT,ID,113,stop_intersection,False,False,False,0,1,35.293291760677974,1.4921947223384204,True,False
43,C2_PHASE_CONTRACT,ID,114,stop_intersection,False,False,False,0,1,35.96032677866155,1.4025566691444031,True,False
43,C2_PHASE_CONTRACT,ID,115,stop_intersection,False,False,False,0,1,37.36921621767884,1.4724643173671903,True,False
43,C2_PHASE_CONTRACT,ID,116,stop_intersection,False,False,False,0,1,30.767239661214937,1.6572975306897548,True,False
43,C2_PHASE_CONTRACT,ID,117,stop_intersection,False,False,False,0,1,27.36909292870118,1.625603503651089,True,False
43,C2_PHASE_CONTRACT,ID,118,stop_intersection,False,False,False,0,1,32.213720320972385,1.4815759658813477,True,False
43,C2_PHASE_CONTRACT,ID,119,stop_intersection,False,False,False,0,1,35.3477351887629,1.4298512586733187,True,False
43,C2_PHASE_CONTRACT,ID,120,stop_intersection,False,False,False,0,1,36.727699784845655,1.5830771028995512,True,False
43,C2_PHASE_CONTRACT,ID,121,stop_intersection,False,False,False,0,1,36.45454541746197,1.562428077061971,True,False
43,C2_PHASE_CONTRACT,ID,122,stop_intersection,False,False,False,0,1,33.1110110278787,1.3817392076764785,True,False
43,C2_PHASE_CONTRACT,ID,123,stop_intersection,False,False,False,0,1,27.193590875749287,1.5435510873794556,True,False
43,C2_PHASE_CONTRACT,ID,124,stop_intersection,False,False,False,0,1,34.27771437772033,1.5873296487899051,True,False
43,C2_PHASE_CONTRACT,ID,125,stop_intersection,False,False,False,0,1,35.68530049754027,1.5188402228239106,True,False
43,C2_PHASE_CONTRACT,ID,126,stop_intersection,False,False,False,0,1,38.77026409533639,1.4042058180678973,True,False
43,C2_PHASE_CONTRACT,ID,127,stop_intersection,False,False,False,0,1,27.895925742208163,1.5813799699147542,True,False
43,C2_PHASE_CONTRACT,ID,128,stop_intersection,False,False,False,0,1,33.70755574294489,1.4730337113142014,True,False
43,C2_PHASE_CONTRACT,ID,129,stop_intersection,False,False,False,0,1,35.21521782649789,1.5814013161310336,True,False
43,C2_PHASE_CONTRACT,ID,130,stop_intersection,False,False,False,0,1,27.108688736048705,1.6469819922196238,True,False
43,C2_PHASE_CONTRACT,ID,131,stop_intersection,False,False,False,0,1,28.56362068646356,1.6466293566756778,True,False
43,C2_PHASE_CONTRACT,ID,132,stop_intersection,False,False,False,0,1,32.9840124837645,1.4827924221754074,True,False
43,C2_PHASE_CONTRACT,ID,133,stop_intersection,False,False,False,0,1,30.908238675892346,1.5685392171144485,True,False
43,C2_PHASE_CONTRACT,ID,134,stop_intersection,False,False,False,0,1,38.702883751237636,1.3888051759364994,True,False
43,C2_PHASE_CONTRACT,ID,135,stop_intersection,False,False,False,0,1,31.975801395275035,1.6700916106884294,True,False
43,C2_PHASE_CONTRACT,ID,136,stop_intersection,False,False,False,0,1,36.253122285423196,1.439425085866174,True,False
43,C2_PHASE_CONTRACT,ID,137,stop_intersection,False,False,False,0,1,31.62391302819092,1.587371051311493,True,False
43,C2_PHASE_CONTRACT,ID,138,stop_intersection,False,False,False,0,1,33.3663293546037,1.362236243922536,True,False
43,C2_PHASE_CONTRACT,ID,139,stop_intersection,False,False,False,0,1,31.222741709615192,1.4186116059621174,True,False
43,C2_PHASE_CONTRACT,ID,140,stop_intersection,False,False,False,0,1,38.570490542045924,1.286189622349209,True,False
43,C2_PHASE_CONTRACT,ID,141,stop_intersection,False,False,False,0,1,37.4956209972289,1.596375632853735,True,False
43,C2_PHASE_CONTRACT,ID,142,stop_intersection,False,False,False,0,1,35.571918532971324,1.3917555226836091,True,False
43,C2_PHASE_CONTRACT,ID,143,stop_intersection,False,False,False,0,1,26.86119277056661,1.8255035082499185,True,False
43,C2_PHASE_CONTRACT,ID,144,stop_intersection,False,False,False,0,1,29.50983926574957,1.6078867056430914,True,False
43,C2_PHASE_CONTRACT,ID,145,stop_intersection,False,False,False,0,1,36.4837778435772,1.466760475461076,True,False
43,C2_PHASE_CONTRACT,ID,146,stop_intersection,False,False,False,0,1,36.56017380424193,1.409384472803636,True,False
43,C2_PHASE_CONTRACT,ID,147,stop_intersection,False,False,False,0,1,31.86566484650574,1.5990891009569168,True,False
43,C2_PHASE_CONTRACT,ID,148,stop_intersection,False,False,False,0,1,33.56765153077705,1.6293035920073344,True,False
43,C2_PHASE_CONTRACT,ID,149,stop_intersection,False,False,False,0,1,36.167490669019486,1.6947830886375614,True,False
43,C2_PHASE_CONTRACT,ID,150,stop_intersection,False,False,False,0,1,34.55828480508218,1.4421882571243656,True,False
43,C2_PHASE_CONTRACT,ID,151,stop_intersection,False,False,False,0,1,27.640304420316607,1.6889588534832,True,False
43,C2_PHASE_CONTRACT,ID,152,stop_intersection,False,False,False,0,1,28.27239493394061,1.5306379988386825,True,False
43,C2_PHASE_CONTRACT,ID,153,stop_intersection,False,False,False,0,1,34.325411441868155,1.7361910790205,True,False
43,C2_PHASE_CONTRACT,ID,154,stop_intersection,False,False,False,0,1,34.17674846224155,1.4376847918440654,True,False
43,C2_PHASE_CONTRACT,ID,155,stop_intersection,False,False,False,0,1,29.952598985584995,1.5073527160443758,True,False
43,C2_PHASE_CONTRACT,ID,156,stop_intersection,False,False,False,0,1,33.918244039895136,1.333853957198915,True,False
43,C2_PHASE_CONTRACT,ID,157,stop_intersection,False,False,False,0,1,36.109593190883274,1.4808750291203343,True,False
43,C2_PHASE_CONTRACT,ID,158,stop_intersection,False,False,False,0,1,35.66233879895603,1.4635936225332864,True,False
43,C2_PHASE_CONTRACT,ID,159,stop_intersection,False,False,False,0,1,31.446416822063213,1.6440159540909987,True,False
43,C2_PHASE_CONTRACT,ID,160,stop_intersection,False,False,False,0,1,38.47873966552428,1.619687903495062,True,False
43,C2_PHASE_CONTRACT,ID,161,stop_intersection,False,False,False,0,1,30.68518410727164,1.7250046918266697,True,False
43,C2_PHASE_CONTRACT,ID,162,stop_intersection,False,False,False,0,1,37.220422914061416,1.563285064129602,True,False
43,C2_PHASE_CONTRACT,ID,163,stop_intersection,False,False,False,0,1,31.890212864074247,1.5954487417873582,True,False
43,C2_PHASE_CONTRACT,ID,164,stop_intersection,False,False,False,0,1,27.950528802206787,1.7567567567567568,True,False
43,C2_PHASE_CONTRACT,ID,165,stop_intersection,False,False,False,0,1,33.30139288035361,1.4749107299706872,True,False
43,C2_PHASE_CONTRACT,ID,166,stop_intersection,False,False,False,0,1,38.63794382908968,1.561125211937483,True,False
43,C2_PHASE_CONTRACT,ID,167,stop_intersection,False,False,False,0,1,28.64208997426031,1.686692802529586,True,False
43,C2_PHASE_CONTRACT,ID,168,stop_intersection,False,False,False,0,1,35.6224599478206,1.3948163815907069,True,False
43,C2_PHASE_CONTRACT,ID,169,stop_intersection,False,False,False,0,1,35.639740832502206,1.5246030837297437,True,False
43,C2_PHASE_CONTRACT,ID,170,stop_intersection,False,False,False,0,1,30.22881350040992,1.6950461803338464,True,False
43,C2_PHASE_CONTRACT,ID,171,stop_intersection,False,False,False,0,1,29.700051578697177,1.769987795803998,True,False
43,C2_PHASE_CONTRACT,ID,172,stop_intersection,False,False,False,0,1,28.60812126171788,1.7619066625028041,True,False
43,C2_PHASE_CONTRACT,ID,173,stop_intersection,False,False,False,0,1,28.504838850063003,1.6800160157053092,True,False
43,C2_PHASE_CONTRACT,ID,174,stop_intersection,False,False,False,0,1,34.65542874006019,1.4885628916496454,True,False
43,C2_PHASE_CONTRACT,ID,175,stop_intersection,False,False,False,0,1,27.66065668575542,1.7105263157894737,True,False
43,C2_PHASE_CONTRACT,ID,176,stop_intersection,False,False,False,0,1,36.6682495437343,1.481379935907763,True,False
43,C2_PHASE_CONTRACT,ID,177,stop_intersection,False,False,False,0,1,30.718222866030658,1.784565872267673,True,False
43,C2_PHASE_CONTRACT,ID,178,stop_intersection,False,False,False,0,1,29.04261671635092,1.5599609032655373,True,False
43,C2_PHASE_CONTRACT,ID,179,stop_intersection,False,False,False,0,1,30.333569855543665,1.4611841589212418,True,False
43,C2_PHASE_CONTRACT,ID,180,stop_intersection,False,False,False,0,1,31.919604833958637,1.5751944902615669,True,False
43,C2_PHASE_CONTRACT,ID,181,stop_intersection,False,False,False,0,1,35.539016558343945,1.493004008037288,True,False
43,C2_PHASE_CONTRACT,ID,182,stop_intersection,False,False,False,0,1,30.9526128851514,1.6227044814672225,True,False
43,C2_PHASE_CONTRACT,ID,183,stop_intersection,False,False,False,0,1,35.9056333965784,1.3951774012474787,True,False
43,C2_PHASE_CONTRACT,ID,184,stop_intersection,False,False,False,0,1,34.00409458890787,1.487362824735187,True,False
43,C2_PHASE_CONTRACT,ID,185,stop_intersection,False,False,False,0,1,37.02218476071357,1.459909024692717,True,False
43,C2_PHASE_CONTRACT,ID,186,stop_intersection,False,False,False,0,1,35.431327421587916,1.3778427785093132,True,False
43,C2_PHASE_CONTRACT,ID,187,stop_intersection,False,False,False,0,1,36.782482020011635,1.5726739913225174,True,False
43,C2_PHASE_CONTRACT,ID,188,stop_intersection,False,False,False,0,1,29.956103285223016,1.5216889748206504,True,False
43,C2_PHASE_CONTRACT,ID,189,stop_intersection,False,False,False,0,1,34.869568707970956,1.457230986618414,True,False
43,C2_PHASE_CONTRACT,ID,190,stop_intersection,False,False,False,0,1,36.17676416847935,1.5319849169531532,True,False
43,C2_PHASE_CONTRACT,ID,191,stop_intersection,False,False,False,0,1,32.30959499685491,1.5278366895822377,True,False
43,C2_PHASE_CONTRACT,ID,192,stop_intersection,False,False,False,0,1,31.933208090691494,1.5952255067072414,True,False
43,C2_PHASE_CONTRACT,ID,193,stop_intersection,False,False,False,0,1,29.461858873961035,1.6957677665509676,True,False
43,C2_PHASE_CONTRACT,ID,194,stop_intersection,False,False,False,0,1,30.435451735956875,1.685052027827815,True,False
43,C2_PHASE_CONTRACT,ID,195,stop_intersection,False,False,False,0,1,35.727294355795166,1.3549143769020258,True,False
43,C2_PHASE_CONTRACT,ID,196,stop_intersection,False,False,False,0,1,28.67989652194946,1.6391759797146446,True,False
43,C2_PHASE_CONTRACT,ID,197,stop_intersection,False,False,False,0,1,28.54977460373205,1.5621091868426347,True,False
43,C2_PHASE_CONTRACT,ID,198,stop_intersection,False,False,False,0,1,27.811045953343836,1.5684696145959802,True,False
43,C2_PHASE_CONTRACT,ID,199,stop_intersection,False,False,False,0,1,38.02890153568187,1.4387049135707675,True,False
43,C2_PHASE_CONTRACT,ID,200,lead_brake,False,False,False,0,0,76.24730971449705,2.6844258283575377,True,False
43,C2_PHASE_CONTRACT,ID,201,lead_brake,False,False,False,0,0,84.59227647494416,7.652037764588991,True,False
43,C2_PHASE_CONTRACT,ID,202,lead_brake,False,False,False,0,0,63.99816807558603,7.2143798625717555,True,False
43,C2_PHASE_CONTRACT,ID,203,lead_brake,False,False,False,0,0,61.98183935926304,4.19228076438109,True,False
43,C2_PHASE_CONTRACT,ID,204,lead_brake,False,False,False,0,0,86.49966295123099,6.950570118923982,True,False
43,C2_PHASE_CONTRACT,ID,205,lead_brake,False,False,False,0,0,62.66915908954388,2.6948343316713967,True,False
43,C2_PHASE_CONTRACT,ID,206,lead_brake,False,False,False,0,0,76.38172356425578,7.30203363051017,True,False
43,C2_PHASE_CONTRACT,ID,207,lead_brake,False,False,False,0,0,73.43038392260497,0.6633513967196145,True,False
43,C2_PHASE_CONTRACT,ID,208,lead_brake,False,False,False,0,0,78.46756391830658,1.0172652105490365,True,False
43,C2_PHASE_CONTRACT,ID,209,lead_brake,False,False,False,0,0,59.69466298068613,1.9721514048675695,True,False
43,C2_PHASE_CONTRACT,ID,210,lead_brake,False,False,False,0,0,62.195890118621975,4.470323671897252,True,False
43,C2_PHASE_CONTRACT,ID,211,lead_brake,False,False,False,0,0,77.39908985112652,1.612758759409189,True,False
43,C2_PHASE_CONTRACT,ID,212,lead_brake,False,False,False,0,0,78.2784792947386,2.867261581122875,True,False
43,C2_PHASE_CONTRACT,ID,213,lead_brake,False,False,False,0,0,54.27261570511627,10.072287507355213,True,False
43,C2_PHASE_CONTRACT,ID,214,lead_brake,False,False,False,0,0,92.23604713336108,1.278225248058637,True,False
43,C2_PHASE_CONTRACT,ID,215,lead_brake,False,False,False,0,0,66.29842893731431,6.6207975273331,True,False
43,C2_PHASE_CONTRACT,ID,216,lead_brake,False,False,False,0,0,60.035883978050066,2.2772608449061713,True,False
43,C2_PHASE_CONTRACT,ID,217,lead_brake,False,False,False,0,0,60.339172639429414,9.55856871108214,True,False
43,C2_PHASE_CONTRACT,ID,218,lead_brake,False,False,False,0,0,62.10887143431397,5.023309362431367,True,False
43,C2_PHASE_CONTRACT,ID,219,lead_brake,False,False,False,0,0,76.44629235260066,4.495875517527262,True,False
43,C2_PHASE_CONTRACT,ID,220,lead_brake,False,False,False,0,0,54.73909478807039,10.138275055835644,True,False
43,C2_PHASE_CONTRACT,ID,221,lead_brake,False,False,False,0,0,52.756951145573794,10.30162562802434,True,False
43,C2_PHASE_CONTRACT,ID,222,lead_brake,False,False,False,0,0,83.31378458661635,0.620680975417296,True,False
43,C2_PHASE_CONTRACT,ID,223,lead_brake,False,False,False,0,0,66.92150983234936,7.408809593568245,True,False
43,C2_PHASE_CONTRACT,ID,224,lead_brake,False,False,False,0,0,71.05207829279621,10.872441495458284,True,False
43,C2_PHASE_CONTRACT,ID,225,lead_brake,False,False,False,0,0,96.56392768204212,0.8760857060551643,True,False
43,C2_PHASE_CONTRACT,ID,226,lead_brake,False,False,False,0,0,65.22295155986153,11.138117750485739,True,False
43,C2_PHASE_CONTRACT,ID,227,lead_brake,False,False,False,0,0,98.09704251343055,0.08637896925210951,True,False
43,C2_PHASE_CONTRACT,ID,228,lead_brake,False,False,False,0,0,74.48408016259766,10.107197682062784,True,False
43,C2_PHASE_CONTRACT,ID,229,lead_brake,False,False,False,0,0,68.89941544141385,9.708362172047297,True,False
43,C2_PHASE_CONTRACT,ID,230,lead_brake,False,False,False,0,0,84.3070063531399,0.8521262556314468,True,False
43,C2_PHASE_CONTRACT,ID,231,lead_brake,False,False,False,0,0,94.44441153824216,0.5561323240399361,True,False
43,C2_PHASE_CONTRACT,ID,232,lead_brake,False,False,False,0,0,78.49162113465525,9.806794544061024,True,False
43,C2_PHASE_CONTRACT,ID,233,lead_brake,False,False,False,0,0,60.705635148041864,3.236394092440605,True,False
43,C2_PHASE_CONTRACT,ID,234,lead_brake,False,False,False,0,0,64.82743769165943,9.793727164467175,True,False
43,C2_PHASE_CONTRACT,ID,235,lead_brake,False,False,False,0,0,95.35474834154978,1.4150123260915277,True,False
43,C2_PHASE_CONTRACT,ID,236,lead_brake,False,False,False,0,0,76.02259052640314,2.4420154988765717,True,False
43,C2_PHASE_CONTRACT,ID,237,lead_brake,False,False,False,0,0,55.907400867925986,10.52797955647111,True,False
43,C2_PHASE_CONTRACT,ID,238,lead_brake,False,False,False,0,0,73.15708468976739,10.62641718238592,True,False
43,C2_PHASE_CONTRACT,ID,239,lead_brake,False,False,False,0,0,75.3621816725378,9.694586848219235,True,False
43,C2_PHASE_CONTRACT,ID,240,lead_brake,False,False,False,0,0,74.00551549487957,10.353534291187922,True,False
43,C2_PHASE_CONTRACT,ID,241,lead_brake,False,False,False,0,0,55.11057750070367,9.86203143497308,True,False
43,C2_PHASE_CONTRACT,ID,242,lead_brake,False,False,False,0,0,92.40021705551794,2.3568892901142435,True,False
43,C2_PHASE_CONTRACT,ID,243,lead_brake,False,False,False,0,0,94.56920744276354,0.6138578255971272,True,False
43,C2_PHASE_CONTRACT,ID,244,lead_brake,False,False,False,0,0,60.792207958692096,7.857145006457965,True,False
43,C2_PHASE_CONTRACT,ID,245,lead_brake,False,False,False,0,0,68.21356536545943,2.978651229292154,True,False
43,C2_PHASE_CONTRACT,ID,246,lead_brake,False,False,False,0,0,69.69680231019946,5.558868678907554,True,False
43,C2_PHASE_CONTRACT,ID,247,lead_brake,False,False,False,0,0,67.71832182378921,8.3703839580218,True,False
43,C2_PHASE_CONTRACT,ID,248,lead_brake,False,False,False,0,0,56.96851306529241,1.0905909650027752,True,False
43,C2_PHASE_CONTRACT,ID,249,lead_brake,False,False,False,0,0,60.621477664753776,10.254455829660097,True,False
43,C2_PHASE_CONTRACT,ID,250,lead_brake,False,False,False,0,0,62.7100369342941,6.990181062370538,True,False
43,C2_PHASE_CONTRACT,ID,251,lead_brake,False,False,False,0,0,63.60477853422933,9.861066210394103,True,False
43,C2_PHASE_CONTRACT,ID,252,lead_brake,False,False,False,0,0,82.41180572343693,4.23107536137104,True,False
43,C2_PHASE_CONTRACT,ID,253,lead_brake,False,False,False,0,0,90.68352983765072,0.6600464383761088,True,False
43,C2_PHASE_CONTRACT,ID,254,lead_brake,False,False,False,0,0,57.58760536932112,10.45410820841789,True,False
43,C2_PHASE_CONTRACT,ID,255,lead_brake,False,False,False,0,0,69.46395875997374,10.544132540623346,True,False
43,C2_PHASE_CONTRACT,ID,256,lead_brake,False,False,False,0,0,61.13207662412003,7.426212814946969,True,False
43,C2_PHASE_CONTRACT,ID,257,lead_brake,False,False,False,0,0,95.83358382288404,0.7273056109746296,True,False
43,C2_PHASE_CONTRACT,ID,258,lead_brake,False,False,False,0,0,71.81986203780853,6.081508527199427,True,False
43,C2_PHASE_CONTRACT,ID,259,lead_brake,False,False,False,0,0,98.91598960459241,0.032952105005582176,True,False
43,C2_PHASE_CONTRACT,ID,260,lead_brake,False,False,False,0,0,57.216638379695965,8.889141845206419,True,False
43,C2_PHASE_CONTRACT,ID,261,lead_brake,False,False,False,0,0,68.8176302443685,9.820285506546497,True,False
43,C2_PHASE_CONTRACT,ID,262,lead_brake,False,False,False,0,0,54.36074181440208,2.990696098655462,True,False
43,C2_PHASE_CONTRACT,ID,263,lead_brake,False,False,False,0,0,60.54930514845436,9.062662338217098,True,False
43,C2_PHASE_CONTRACT,ID,264,lead_brake,False,False,False,0,0,93.69906321286388,1.0389137665430703,True,False
43,C2_PHASE_CONTRACT,ID,265,lead_brake,False,False,False,0,0,87.01513068132606,3.50567781055967,True,False
43,C2_PHASE_CONTRACT,ID,266,lead_brake,False,False,False,0,0,66.55752732752846,7.822404567152261,True,False
43,C2_PHASE_CONTRACT,ID,267,lead_brake,False,False,False,0,0,79.891420626816,1.2200285196304321,True,False
43,C2_PHASE_CONTRACT,ID,268,lead_brake,False,False,False,0,0,60.8329045386095,9.800825150062641,True,False
43,C2_PHASE_CONTRACT,ID,269,lead_brake,False,False,False,0,0,70.29448244545787,10.18003325164318,True,False
43,C2_PHASE_CONTRACT,ID,270,lead_brake,False,False,False,0,0,78.83382941810288,8.340460062026978,True,False
43,C2_PHASE_CONTRACT,ID,271,lead_brake,False,False,False,0,0,69.30629533841163,10.836160590251286,True,False
43,C2_PHASE_CONTRACT,ID,272,lead_brake,False,False,False,0,0,87.45718371152701,1.016314369936784,True,False
43,C2_PHASE_CONTRACT,ID,273,lead_brake,False,False,False,0,0,61.3016578266963,11.33039195338885,True,False
43,C2_PHASE_CONTRACT,ID,274,lead_brake,False,False,False,0,0,95.72854178385147,0.9243894095222155,True,False
43,C2_PHASE_CONTRACT,ID,275,lead_brake,False,False,False,0,0,85.70526729494335,2.8012958119312916,True,False
43,C2_PHASE_CONTRACT,ID,276,lead_brake,False,False,False,0,0,59.615353722069244,4.2284082397818565,True,False
43,C2_PHASE_CONTRACT,ID,277,lead_brake,False,False,False,0,0,76.60222772790752,8.487972264488537,True,False
43,C2_PHASE_CONTRACT,ID,278,lead_brake,False,False,False,0,0,81.36311180976281,1.2113412022590637,True,False
43,C2_PHASE_CONTRACT,ID,279,lead_brake,False,False,False,0,0,91.37387209399411,0.35628883043924964,True,False
43,C2_PHASE_CONTRACT,ID,280,lead_brake,False,False,False,0,0,81.90026298513365,2.9005943487087884,True,False
43,C2_PHASE_CONTRACT,ID,281,lead_brake,False,False,False,0,0,82.56247724439676,3.0941312635938325,True,False
43,C2_PHASE_CONTRACT,ID,282,lead_brake,False,False,False,0,0,87.87636635229974,4.055014268805583,True,False
43,C2_PHASE_CONTRACT,ID,283,lead_brake,False,False,False,0,0,56.43241890411463,4.385141033679247,True,False
43,C2_PHASE_CONTRACT,ID,284,lead_brake,False,False,False,0,0,85.70986991345872,5.349302199979623,True,False
43,C2_PHASE_CONTRACT,ID,285,lead_brake,False,False,False,0,0,71.13399471271956,10.104370497167109,True,False
43,C2_PHASE_CONTRACT,ID,286,lead_brake,False,False,False,0,0,92.59933510138973,2.5998846907168627,True,False
43,C2_PHASE_CONTRACT,ID,287,lead_brake,False,False,False,0,0,76.15439057537263,7.5545341074466705,True,False
43,C2_PHASE_CONTRACT,ID,288,lead_brake,False,False,False,0,0,67.93768587607403,10.316196635365486,True,False
43,C2_PHASE_CONTRACT,ID,289,lead_brake,False,False,False,0,0,61.15626153250161,9.415887176369626,True,False
43,C2_PHASE_CONTRACT,ID,290,lead_brake,False,False,False,0,0,96.13697400764131,0.1338642785946528,True,False
43,C2_PHASE_CONTRACT,ID,291,lead_brake,False,False,False,0,0,76.8551456274088,1.2921444649497666,True,False
43,C2_PHASE_CONTRACT,ID,292,lead_brake,False,False,False,0,0,73.78142344362983,4.574334189295769,True,False
43,C2_PHASE_CONTRACT,ID,293,lead_brake,False,False,False,0,0,80.67809454382021,2.566916858156522,True,False
43,C2_PHASE_CONTRACT,ID,294,lead_brake,False,False,False,0,0,60.36551277552334,4.399564693371454,True,False
43,C2_PHASE_CONTRACT,ID,295,lead_brake,False,False,False,0,0,82.42625024985553,3.504583513985077,True,False
43,C2_PHASE_CONTRACT,ID,296,lead_brake,False,False,False,0,0,61.11560633363387,6.033331636339426,True,False
43,C2_PHASE_CONTRACT,ID,297,lead_brake,False,False,False,0,0,74.64967364224607,0.862412421653668,True,False
43,C2_PHASE_CONTRACT,ID,298,lead_brake,False,False,False,0,0,94.32833995472447,0.5224524786074956,True,False
43,C2_PHASE_CONTRACT,ID,299,lead_brake,False,False,False,0,0,67.38900516745852,0.6250684062639872,True,False
43,C2_PHASE_CONTRACT,OOD,0,crosswalk,False,False,False,0,1,30.379410040805876,1.8014948593603597,True,False
43,C2_PHASE_CONTRACT,OOD,1,crosswalk,False,False,False,0,1,31.82694277877114,1.7025929206126444,True,False
43,C2_PHASE_CONTRACT,OOD,2,crosswalk,False,False,False,0,1,22.988305685840764,1.3078152672165915,True,False
43,C2_PHASE_CONTRACT,OOD,3,crosswalk,False,False,False,0,1,30.49228412754523,1.9547003365698314,True,False
43,C2_PHASE_CONTRACT,OOD,4,crosswalk,False,False,False,0,1,25.58962997154343,1.835954502224922,True,False
43,C2_PHASE_CONTRACT,OOD,5,crosswalk,False,False,False,0,1,25.248798935665334,1.7946191344942366,True,False
43,C2_PHASE_CONTRACT,OOD,6,crosswalk,False,False,False,0,1,20.76954273440429,1.8186521394686264,True,False
43,C2_PHASE_CONTRACT,OOD,7,crosswalk,False,False,False,0,1,22.55287294400133,1.671941484275617,True,False
43,C2_PHASE_CONTRACT,OOD,8,crosswalk,False,False,False,0,1,30.675742086102304,1.467142105102539,True,False
43,C2_PHASE_CONTRACT,OOD,9,crosswalk,False,False,False,0,1,30.429093343967317,1.8306121700688411,True,False
43,C2_PHASE_CONTRACT,OOD,10,crosswalk,False,False,False,0,1,26.742269904192153,1.7785887136345817,True,False
43,C2_PHASE_CONTRACT,OOD,11,crosswalk,False,False,False,0,1,24.504342659167424,1.5809245661991396,True,False
43,C2_PHASE_CONTRACT,OOD,12,crosswalk,False,False,False,0,1,27.498169459991118,1.4439214804233649,True,False
43,C2_PHASE_CONTRACT,OOD,13,crosswalk,False,False,False,0,1,23.521330792077222,1.6208444600519927,True,False
43,C2_PHASE_CONTRACT,OOD,14,crosswalk,False,False,False,0,1,31.7719081376703,1.5596727530161538,True,False
43,C2_PHASE_CONTRACT,OOD,15,crosswalk,False,False,False,0,1,22.59740168051306,1.733165205793178,True,False
43,C2_PHASE_CONTRACT,OOD,16,crosswalk,False,False,False,0,1,22.83866727362976,1.4052239788903131,True,False
43,C2_PHASE_CONTRACT,OOD,17,crosswalk,False,False,False,0,1,21.10844940350276,1.2077692828395148,True,False
43,C2_PHASE_CONTRACT,OOD,18,crosswalk,False,False,False,0,1,22.271575907090856,1.4761940208641258,True,False
43,C2_PHASE_CONTRACT,OOD,19,crosswalk,False,False,False,0,1,22.164045995408692,1.7511859110423496,True,False
43,C2_PHASE_CONTRACT,OOD,20,crosswalk,False,False,False,0,1,29.78067610251138,1.3451443748040632,True,False
43,C2_PHASE_CONTRACT,OOD,21,crosswalk,False,False,False,0,1,22.362934644951068,1.5373404356448546,True,False
43,C2_PHASE_CONTRACT,OOD,22,crosswalk,False,False,False,0,1,21.345740796681085,1.7325437813997269,True,False
43,C2_PHASE_CONTRACT,OOD,23,crosswalk,False,False,False,0,1,29.44047809692144,1.5559140194294063,True,False
43,C2_PHASE_CONTRACT,OOD,24,crosswalk,False,False,False,0,1,22.955819358697426,1.946000054825184,True,False
43,C2_PHASE_CONTRACT,OOD,25,crosswalk,False,False,False,0,1,22.406096166330457,1.2059540781709883,True,False
43,C2_PHASE_CONTRACT,OOD,26,crosswalk,False,False,False,0,1,22.90386053121221,1.1695107558499211,True,False
43,C2_PHASE_CONTRACT,OOD,27,crosswalk,False,False,False,0,1,29.617843954191574,1.6382831853369009,True,False
43,C2_PHASE_CONTRACT,OOD,28,crosswalk,False,False,False,0,1,31.33729801134774,1.707299000177628,True,False
43,C2_PHASE_CONTRACT,OOD,29,crosswalk,False,False,False,0,1,29.32668580862397,1.6756296157836914,True,False
43,C2_PHASE_CONTRACT,OOD,30,crosswalk,False,False,False,0,1,29.550019114469443,1.8556112051010132,True,False
43,C2_PHASE_CONTRACT,OOD,31,crosswalk,False,False,False,0,1,23.356267619340283,1.6390904913777888,True,False
43,C2_PHASE_CONTRACT,OOD,32,crosswalk,False,False,False,0,1,27.77254449322011,1.4344995954762334,True,False
43,C2_PHASE_CONTRACT,OOD,33,crosswalk,False,False,False,0,1,26.823841708684142,1.6323719082809076,True,False
43,C2_PHASE_CONTRACT,OOD,34,crosswalk,False,False,False,0,1,24.65543761375752,1.2465850166652512,True,False
43,C2_PHASE_CONTRACT,OOD,35,crosswalk,False,False,False,0,1,22.4992303125688,1.8869826682778292,True,False
43,C2_PHASE_CONTRACT,OOD,36,crosswalk,False,False,False,0,1,21.459314042349916,1.7023897171020508,True,False
43,C2_PHASE_CONTRACT,OOD,37,crosswalk,False,False,False,0,1,22.973594874626208,1.8173967683926606,True,False
43,C2_PHASE_CONTRACT,OOD,38,crosswalk,False,False,False,0,1,20.845236785494677,1.368860900402069,True,False
43,C2_PHASE_CONTRACT,OOD,39,crosswalk,False,False,False,0,1,30.664283750754926,1.5474431287674677,True,False
43,C2_PHASE_CONTRACT,OOD,40,crosswalk,False,False,False,0,1,21.878524602899333,1.9092396248218624,True,False
43,C2_PHASE_CONTRACT,OOD,41,crosswalk,False,False,False,0,1,24.267597962617437,1.2179961204528806,True,False
43,C2_PHASE_CONTRACT,OOD,42,crosswalk,False,False,False,0,1,25.401743258693863,2.1583789739853296,True,False
43,C2_PHASE_CONTRACT,OOD,43,crosswalk,False,False,False,0,1,20.685700598726825,1.2964693552408462,True,False
43,C2_PHASE_CONTRACT,OOD,44,crosswalk,False,False,False,0,1,31.378656494762353,1.2379186330957614,True,False
43,C2_PHASE_CONTRACT,OOD,45,crosswalk,False,False,False,0,1,21.813181438878985,1.5722220882456353,True,False
43,C2_PHASE_CONTRACT,OOD,46,crosswalk,False,False,False,0,1,30.96414715441178,1.2530517036264592,True,False
43,C2_PHASE_CONTRACT,OOD,47,crosswalk,False,False,False,0,1,24.621693252137355,1.5801131047985768,True,False
43,C2_PHASE_CONTRACT,OOD,48,crosswalk,False,False,False,0,1,27.750117660944454,1.5325626960167518,True,False
43,C2_PHASE_CONTRACT,OOD,49,crosswalk,False,False,False,0,1,27.136484037555107,1.99120620363637,True,False
43,C2_PHASE_CONTRACT,OOD,50,crosswalk,False,False,False,0,1,28.017104778715996,1.7490616521319826,True,False
43,C2_PHASE_CONTRACT,OOD,51,crosswalk,False,False,False,0,1,27.607403472425446,1.9864106476306913,True,False
43,C2_PHASE_CONTRACT,OOD,52,crosswalk,False,False,False,0,1,22.572440572925828,2.0044938532205725,True,False
43,C2_PHASE_CONTRACT,OOD,53,crosswalk,False,False,False,0,1,21.9796049643758,1.4234071768618919,True,False
43,C2_PHASE_CONTRACT,OOD,54,crosswalk,False,False,False,0,1,26.25992990282137,1.5629127621650696,True,False
43,C2_PHASE_CONTRACT,OOD,55,crosswalk,False,False,False,0,1,30.26837114928237,2.1530065536499023,True,False
43,C2_PHASE_CONTRACT,OOD,56,crosswalk,False,False,False,0,1,22.9473418278162,1.4790678578753804,True,False
43,C2_PHASE_CONTRACT,OOD,57,crosswalk,False,False,False,0,1,21.581781098300567,1.8291817540707793,True,False
43,C2_PHASE_CONTRACT,OOD,58,crosswalk,False,False,False,0,1,28.71720033392979,1.4323554203865376,True,False
43,C2_PHASE_CONTRACT,OOD,59,crosswalk,False,False,False,0,1,23.398318545525008,1.5422917426900662,True,False
43,C2_PHASE_CONTRACT,OOD,60,crosswalk,False,False,False,0,1,27.711105511244014,1.6692392135921277,True,False
43,C2_PHASE_CONTRACT,OOD,61,crosswalk,False,False,False,0,1,23.521164367775174,1.6175234623444386,True,False
43,C2_PHASE_CONTRACT,OOD,62,crosswalk,False,False,False,0,1,28.441248446887812,1.429195093071979,True,False
43,C2_PHASE_CONTRACT,OOD,63,crosswalk,False,False,False,0,1,21.688369033103815,1.578618840473454,True,False
43,C2_PHASE_CONTRACT,OOD,64,crosswalk,False,False,False,0,1,24.664637309761407,1.7290685759034268,True,False
43,C2_PHASE_CONTRACT,OOD,65,crosswalk,False,False,False,0,1,30.3594956208641,1.2668160332573786,True,False
43,C2_PHASE_CONTRACT,OOD,66,crosswalk,False,False,False,0,1,21.4906828204761,1.7759072333574293,True,False
43,C2_PHASE_CONTRACT,OOD,67,crosswalk,False,False,False,0,1,28.20741065743823,1.8980526791678534,True,False
43,C2_PHASE_CONTRACT,OOD,68,crosswalk,False,False,False,0,1,20.69711107479128,1.3119115883653814,True,False
43,C2_PHASE_CONTRACT,OOD,69,crosswalk,False,False,False,0,1,25.670025593777073,1.5715770624779364,True,False
43,C2_PHASE_CONTRACT,OOD,70,crosswalk,False,False,False,0,1,23.11625143888677,1.9439942103165846,True,False
43,C2_PHASE_CONTRACT,OOD,71,crosswalk,False,False,False,0,1,28.733137554198976,1.8139327927069229,True,False
43,C2_PHASE_CONTRACT,OOD,72,crosswalk,False,False,False,0,1,23.119745339061218,1.429370830698711,True,False
43,C2_PHASE_CONTRACT,OOD,73,crosswalk,False,False,False,0,1,28.213431592442934,1.332295881377326,True,False
43,C2_PHASE_CONTRACT,OOD,74,crosswalk,False,False,False,0,1,24.7571729050498,1.4389538926047247,True,False
43,C2_PHASE_CONTRACT,OOD,75,crosswalk,False,False,False,0,1,27.57021035783948,1.7768474370241165,True,False
43,C2_PHASE_CONTRACT,OOD,76,crosswalk,False,False,False,0,1,29.346638556252547,1.586994021496874,True,False
43,C2_PHASE_CONTRACT,OOD,77,crosswalk,False,False,False,0,1,26.022267613236927,1.3541606636274428,True,False
43,C2_PHASE_CONTRACT,OOD,78,crosswalk,False,False,False,0,1,29.76002369113089,1.7205256494608792,True,False
43,C2_PHASE_CONTRACT,OOD,79,crosswalk,False,False,False,0,1,20.929494697093844,1.9448294951802207,True,False
43,C2_PHASE_CONTRACT,OOD,80,crosswalk,False,False,False,0,1,24.561617591169963,2.0552264451980586,True,False
43,C2_PHASE_CONTRACT,OOD,81,crosswalk,False,False,False,0,1,22.884293779066613,2.078480426317606,True,False
43,C2_PHASE_CONTRACT,OOD,82,crosswalk,False,False,False,0,1,25.173038475059695,1.4505960371183313,True,False
43,C2_PHASE_CONTRACT,OOD,83,crosswalk,False,False,False,0,1,29.232043406918272,1.6270425008690874,True,False
43,C2_PHASE_CONTRACT,OOD,84,crosswalk,False,False,False,0,1,27.763656185898434,1.5137702919716058,True,False
43,C2_PHASE_CONTRACT,OOD,85,crosswalk,False,False,False,0,1,21.853673173676842,1.202835493854114,True,False
43,C2_PHASE_CONTRACT,OOD,86,crosswalk,False,False,False,0,1,31.710544946400073,1.6657193005084991,True,False
43,C2_PHASE_CONTRACT,OOD,87,crosswalk,False,False,False,0,1,22.774150653965904,1.258334265814887,True,False
43,C2_PHASE_CONTRACT,OOD,88,crosswalk,False,False,False,0,1,30.246754346592482,1.3745217296210201,True,False
43,C2_PHASE_CONTRACT,OOD,89,crosswalk,False,False,False,0,1,28.925520757580678,1.5853642031203867,True,False
43,C2_PHASE_CONTRACT,OOD,90,crosswalk,False,False,False,0,1,30.75975007319647,1.6742424368858337,True,False
43,C2_PHASE_CONTRACT,OOD,91,crosswalk,False,False,False,0,1,23.526522784224365,1.4563894271850586,True,False
43,C2_PHASE_CONTRACT,OOD,92,crosswalk,False,False,False,0,1,24.768834271185973,1.5360127886136372,True,False
43,C2_PHASE_CONTRACT,OOD,93,crosswalk,False,False,False,0,1,21.006346720721517,1.694691018624739,True,False
43,C2_PHASE_CONTRACT,OOD,94,crosswalk,False,False,False,0,1,26.266550234295373,1.580741366614466,True,False
43,C2_PHASE_CONTRACT,OOD,95,crosswalk,False,False,False,0,1,21.50347850972173,1.6141410974355843,True,False
43,C2_PHASE_CONTRACT,OOD,96,crosswalk,False,False,False,0,1,28.4295063404524,1.5470029864200325,True,False
43,C2_PHASE_CONTRACT,OOD,97,crosswalk,False,False,False,0,1,30.819733020421854,1.5065863322127948,True,False
43,C2_PHASE_CONTRACT,OOD,98,crosswalk,False,False,False,0,1,28.18032669035179,1.7505462169647217,True,False
43,C2_PHASE_CONTRACT,OOD,99,crosswalk,False,False,False,0,1,28.26418327586896,1.5094144188839456,True,False
43,C2_PHASE_CONTRACT,OOD,100,stop_intersection,False,False,False,0,1,22.90513409218307,2.2720136899839747,True,False
43,C2_PHASE_CONTRACT,OOD,101,stop_intersection,False,False,False,0,1,24.73759204222884,2.225241832435131,True,False
43,C2_PHASE_CONTRACT,OOD,102,stop_intersection,False,False,False,0,1,31.441420861961845,1.5982083533261273,True,False
43,C2_PHASE_CONTRACT,OOD,103,stop_intersection,False,False,False,0,1,27.650120807377736,3.048493731312635,True,False
43,C2_PHASE_CONTRACT,OOD,104,stop_intersection,False,False,False,0,1,26.629585550800357,1.649831311647282,True,False
43,C2_PHASE_CONTRACT,OOD,105,stop_intersection,False,False,False,0,1,21.622727043377285,2.7538227993581033,True,False
43,C2_PHASE_CONTRACT,OOD,106,stop_intersection,False,False,False,0,1,31.502853408843997,1.558474447276141,True,False
43,C2_PHASE_CONTRACT,OOD,107,stop_intersection,False,False,False,0,1,27.726675225969654,2.2227386585096034,True,False
43,C2_PHASE_CONTRACT,OOD,108,stop_intersection,False,False,False,0,0,24.582812716394585,2.737102251913812,True,False
43,C2_PHASE_CONTRACT,OOD,109,stop_intersection,False,False,False,0,1,21.989920914930487,4.039642138358874,True,False
43,C2_PHASE_CONTRACT,OOD,110,stop_intersection,False,False,False,0,1,24.583087616593243,2.810021413339151,True,False
43,C2_PHASE_CONTRACT,OOD,111,stop_intersection,False,False,False,0,1,23.144470117210314,2.1545683228692343,True,False
43,C2_PHASE_CONTRACT,OOD,112,stop_intersection,False,False,False,0,1,24.08494573387788,2.266939149962531,True,False
43,C2_PHASE_CONTRACT,OOD,113,stop_intersection,False,False,False,0,1,31.154591488028547,1.4202206243168225,True,False
43,C2_PHASE_CONTRACT,OOD,114,stop_intersection,False,False,False,0,1,24.73071438247605,3.8053030073642726,True,False
43,C2_PHASE_CONTRACT,OOD,115,stop_intersection,False,False,False,0,1,25.199835776918928,1.552882573089084,True,False
43,C2_PHASE_CONTRACT,OOD,116,stop_intersection,False,False,False,0,1,21.479084262805976,3.8477349423226856,True,False
43,C2_PHASE_CONTRACT,OOD,117,stop_intersection,False,False,False,0,1,29.387265518482717,2.3794708028435707,True,False
43,C2_PHASE_CONTRACT,OOD,118,stop_intersection,False,False,False,0,1,28.737053242494103,1.5586789878639014,True,False
43,C2_PHASE_CONTRACT,OOD,119,stop_intersection,False,False,False,0,1,24.459039523073294,3.3515209273288127,True,False
43,C2_PHASE_CONTRACT,OOD,120,stop_intersection,False,False,False,0,1,30.736592381141953,1.7834479744369918,True,False
43,C2_PHASE_CONTRACT,OOD,121,stop_intersection,False,False,False,0,1,21.143785745150794,1.6666666666666665,True,False
43,C2_PHASE_CONTRACT,OOD,122,stop_intersection,False,False,False,0,1,25.070231949444967,1.5720093686406205,True,False
43,C2_PHASE_CONTRACT,OOD,123,stop_intersection,False,False,False,0,1,31.786469662132653,1.4515721574425695,True,False
43,C2_PHASE_CONTRACT,OOD,124,stop_intersection,False,False,False,0,1,28.3799460054582,1.5651867325816833,True,False
43,C2_PHASE_CONTRACT,OOD,125,stop_intersection,False,False,False,0,1,23.624048259373566,1.3112126290798187,True,False
43,C2_PHASE_CONTRACT,OOD,126,stop_intersection,False,False,False,0,1,30.651823849388805,2.308216657903459,True,False
43,C2_PHASE_CONTRACT,OOD,127,stop_intersection,False,False,False,0,1,28.4534277270497,2.151859998703003,True,False
43,C2_PHASE_CONTRACT,OOD,128,stop_intersection,False,False,False,0,1,30.09256562875545,1.4594152883479468,True,False
43,C2_PHASE_CONTRACT,OOD,129,stop_intersection,False,False,False,0,1,26.785626292986144,3.189333473381243,True,False
43,C2_PHASE_CONTRACT,OOD,130,stop_intersection,False,False,False,0,1,21.484235506398853,1.285006318773542,True,False
43,C2_PHASE_CONTRACT,OOD,131,stop_intersection,False,False,False,0,1,24.922293685029864,2.794845998287201,True,False
43,C2_PHASE_CONTRACT,OOD,132,stop_intersection,False,False,False,0,1,20.950139255687994,1.5206515043973923,True,False
43,C2_PHASE_CONTRACT,OOD,133,stop_intersection,False,False,False,0,1,24.697441740446145,3.7019679695367813,True,False
43,C2_PHASE_CONTRACT,OOD,134,stop_intersection,False,False,False,0,1,26.55066413622932,1.572351882586608,True,False
43,C2_PHASE_CONTRACT,OOD,135,stop_intersection,False,False,False,0,1,22.141483131696063,1.4477235766557546,True,False
43,C2_PHASE_CONTRACT,OOD,136,stop_intersection,False,False,False,0,1,25.95406226091489,1.7261574799950057,True,False
43,C2_PHASE_CONTRACT,OOD,137,stop_intersection,False,False,False,0,1,30.911582992207165,1.5570149770597133,True,False
43,C2_PHASE_CONTRACT,OOD,138,stop_intersection,False,False,False,0,1,31.231285285966443,1.7433736669389823,True,False
43,C2_PHASE_CONTRACT,OOD,139,stop_intersection,False,False,False,0,1,28.04322067027121,1.5817501682501571,True,False
43,C2_PHASE_CONTRACT,OOD,140,stop_intersection,False,False,False,0,1,24.663419672491877,1.3606529701046826,True,False
43,C2_PHASE_CONTRACT,OOD,141,stop_intersection,False,False,False,0,1,29.802059508591515,1.3489732735378797,True,False
43,C2_PHASE_CONTRACT,OOD,142,stop_intersection,False,False,False,0,1,23.549509221145733,2.553286552429199,True,False
43,C2_PHASE_CONTRACT,OOD,143,stop_intersection,False,False,False,0,1,27.68866221264334,1.5960240066051483,True,False
43,C2_PHASE_CONTRACT,OOD,144,stop_intersection,False,False,False,0,1,30.002301647268517,1.5552973747253418,True,False
43,C2_PHASE_CONTRACT,OOD,145,stop_intersection,False,False,False,0,0,27.54684193170008,2.6134712837244334,True,False
43,C2_PHASE_CONTRACT,OOD,146,stop_intersection,False,False,False,0,1,27.88267529471618,1.9141440939258885,True,False
43,C2_PHASE_CONTRACT,OOD,147,stop_intersection,False,False,False,0,1,21.455782597634254,1.5659901097014144,True,False
43,C2_PHASE_CONTRACT,OOD,148,stop_intersection,False,False,False,0,1,21.306345887604614,1.0677569607893627,True,False
43,C2_PHASE_CONTRACT,OOD,149,stop_intersection,False,False,False,0,1,29.688946959850917,3.1440118849277496,True,False
43,C2_PHASE_CONTRACT,OOD,150,stop_intersection,False,False,False,0,1,22.816683199408146,1.3801255093680487,True,False
43,C2_PHASE_CONTRACT,OOD,151,stop_intersection,False,False,False,0,1,23.713131693021495,1.648019418904656,True,False
43,C2_PHASE_CONTRACT,OOD,152,stop_intersection,False,False,False,0,1,31.02077119527086,1.6372571764765558,True,False
43,C2_PHASE_CONTRACT,OOD,153,stop_intersection,False,False,False,0,1,29.880175483517153,1.4743507653474808,True,False
43,C2_PHASE_CONTRACT,OOD,154,stop_intersection,False,False,False,0,1,21.462348531002597,4.13714176899678,True,False
43,C2_PHASE_CONTRACT,OOD,155,stop_intersection,False,False,False,0,1,23.92731105990945,1.6851137706211634,True,False
43,C2_PHASE_CONTRACT,OOD,156,stop_intersection,False,False,False,0,1,21.736547701422477,4.613693714141845,True,False
43,C2_PHASE_CONTRACT,OOD,157,stop_intersection,False,False,False,0,1,22.62346133898307,2.3831992133243665,True,False
43,C2_PHASE_CONTRACT,OOD,158,stop_intersection,False,False,False,0,1,30.261993143008226,1.5702579028549648,True,False
43,C2_PHASE_CONTRACT,OOD,159,stop_intersection,False,False,False,0,1,28.62833036707405,1.321964320682344,True,False
43,C2_PHASE_CONTRACT,OOD,160,stop_intersection,False,False,False,0,1,25.2042010465856,3.7988417250354116,True,False
43,C2_PHASE_CONTRACT,OOD,161,stop_intersection,False,False,False,0,1,23.565236499356114,1.2630947828292844,True,False
43,C2_PHASE_CONTRACT,OOD,162,stop_intersection,False,False,False,0,1,27.91499421176377,1.4963426631550454,True,False
43,C2_PHASE_CONTRACT,OOD,163,stop_intersection,False,False,False,0,1,26.475084867989608,1.4937907829880714,True,False
43,C2_PHASE_CONTRACT,OOD,164,stop_intersection,False,False,False,0,1,23.920182174263523,1.335063236100333,True,False
43,C2_PHASE_CONTRACT,OOD,165,stop_intersection,False,False,False,0,1,28.22107335510946,1.422170553096505,True,False
43,C2_PHASE_CONTRACT,OOD,166,stop_intersection,False,False,False,0,1,26.486005969530574,1.5143411959472455,True,False
43,C2_PHASE_CONTRACT,OOD,167,stop_intersection,False,False,False,0,1,31.011607906608152,1.41188515269238,True,False
43,C2_PHASE_CONTRACT,OOD,168,stop_intersection,False,False,False,0,1,31.678151045743594,1.4887804876674304,True,False
43,C2_PHASE_CONTRACT,OOD,169,stop_intersection,False,False,False,0,1,28.64563870975016,1.631632882815141,True,False
43,C2_PHASE_CONTRACT,OOD,170,stop_intersection,False,False,False,0,1,21.277593763097506,1.4832678513649182,True,False
43,C2_PHASE_CONTRACT,OOD,171,stop_intersection,False,False,False,0,1,21.87803004717947,1.610079097586709,True,False
43,C2_PHASE_CONTRACT,OOD,172,stop_intersection,False,False,False,0,1,22.720190882394697,4.520027682185173,True,False
43,C2_PHASE_CONTRACT,OOD,173,stop_intersection,False,False,False,0,1,29.205401410765802,1.396269318850144,True,False
43,C2_PHASE_CONTRACT,OOD,174,stop_intersection,False,False,False,0,1,22.378410086913235,3.3655284345149994,True,False
43,C2_PHASE_CONTRACT,OOD,175,stop_intersection,False,False,False,0,1,27.48519861462933,1.7257956777300154,True,False
43,C2_PHASE_CONTRACT,OOD,176,stop_intersection,False,False,False,0,1,21.70055647383912,3.107045696754205,True,False
43,C2_PHASE_CONTRACT,OOD,177,stop_intersection,False,False,False,0,1,30.867851749629878,1.7601529810879681,True,False
43,C2_PHASE_CONTRACT,OOD,178,stop_intersection,False,False,False,0,1,28.84031313438184,1.59113073819562,True,False
43,C2_PHASE_CONTRACT,OOD,179,stop_intersection,False,False,False,0,1,28.06553187907715,1.5772375795576306,True,False
43,C2_PHASE_CONTRACT,OOD,180,stop_intersection,False,False,False,0,1,22.09119516882395,1.3960930705070496,True,False
43,C2_PHASE_CONTRACT,OOD,181,stop_intersection,False,False,False,0,1,31.534021031566795,1.4385850504040716,True,False
43,C2_PHASE_CONTRACT,OOD,182,stop_intersection,False,False,False,0,1,22.56533004849406,1.5049170225094526,True,False
43,C2_PHASE_CONTRACT,OOD,183,stop_intersection,False,False,False,0,1,22.58606362117887,1.435079951035349,True,False
43,C2_PHASE_CONTRACT,OOD,184,stop_intersection,False,False,False,0,1,30.56495939875905,2.5043586790561676,True,False
43,C2_PHASE_CONTRACT,OOD,185,stop_intersection,False,False,False,0,1,25.865757778762934,1.2709176937739055,True,False
43,C2_PHASE_CONTRACT,OOD,186,stop_intersection,False,False,False,0,1,29.896333868820868,2.1842855995609645,True,False
43,C2_PHASE_CONTRACT,OOD,187,stop_intersection,False,False,False,0,1,28.035727111181316,1.7385792496957277,True,False
43,C2_PHASE_CONTRACT,OOD,188,stop_intersection,False,False,False,0,1,31.452595433299308,3.0877116831337528,True,False
43,C2_PHASE_CONTRACT,OOD,189,stop_intersection,False,False,False,0,1,30.000517687571783,1.58946828262226,True,False
43,C2_PHASE_CONTRACT,OOD,190,stop_intersection,False,False,False,0,1,25.241732173287495,1.715057013850463,True,False
43,C2_PHASE_CONTRACT,OOD,191,stop_intersection,False,False,False,0,1,26.46120194065778,1.488307795741341,True,False
43,C2_PHASE_CONTRACT,OOD,192,stop_intersection,False,False,False,0,1,30.560562946307464,1.4824260459389798,True,False
43,C2_PHASE_CONTRACT,OOD,193,stop_intersection,False,False,False,0,1,23.75385172962451,1.2626043368469586,True,False
43,C2_PHASE_CONTRACT,OOD,194,stop_intersection,False,False,False,0,1,27.250248586723647,1.395525863004285,True,False
43,C2_PHASE_CONTRACT,OOD,195,stop_intersection,False,False,False,0,1,26.03580888006637,1.7034481242299078,True,False
43,C2_PHASE_CONTRACT,OOD,196,stop_intersection,False,False,False,0,1,22.528228445476877,1.3639819040531065,True,False
43,C2_PHASE_CONTRACT,OOD,197,stop_intersection,False,False,False,0,1,29.071216483936766,2.9315277025467013,True,False
43,C2_PHASE_CONTRACT,OOD,198,stop_intersection,False,False,False,0,1,28.943144855037588,1.458952890502082,True,False
43,C2_PHASE_CONTRACT,OOD,199,stop_intersection,False,False,False,0,1,27.944935943742145,1.4441348781639878,True,False
43,C2_PHASE_CONTRACT,OOD,200,lead_brake,False,False,False,0,0,33.670183582454925,8.457090175400177,True,False
43,C2_PHASE_CONTRACT,OOD,201,lead_brake,False,False,False,0,0,30.537552588427726,5.387597256650527,True,False
43,C2_PHASE_CONTRACT,OOD,202,lead_brake,False,False,False,0,0,25.679712204274676,6.8316327792902785,True,False
43,C2_PHASE_CONTRACT,OOD,203,lead_brake,False,False,False,0,0,30.51955190758844,6.900694375236829,True,False
43,C2_PHASE_CONTRACT,OOD,204,lead_brake,False,False,False,0,0,29.42212880581385,5.561214007437229,True,False
43,C2_PHASE_CONTRACT,OOD,205,lead_brake,False,False,False,0,0,28.198453507163098,5.510896666596333,True,False
43,C2_PHASE_CONTRACT,OOD,206,lead_brake,False,False,False,0,0,29.945051845745976,7.944922211269537,True,False
43,C2_PHASE_CONTRACT,OOD,207,lead_brake,False,False,False,0,0,32.61341025857186,8.721422309676806,True,False
43,C2_PHASE_CONTRACT,OOD,208,lead_brake,False,False,False,0,0,37.935122222690296,6.117000204821427,True,False
43,C2_PHASE_CONTRACT,OOD,209,lead_brake,False,False,False,0,0,30.428482300837,5.9236344397068015,True,False
43,C2_PHASE_CONTRACT,OOD,210,lead_brake,False,False,False,0,0,29.492219929666923,7.406731156011422,True,False
43,C2_PHASE_CONTRACT,OOD,211,lead_brake,False,False,False,0,0,36.291903254091736,8.418424023936192,True,False
43,C2_PHASE_CONTRACT,OOD,212,lead_brake,False,False,False,0,0,27.301177899366756,6.9597658788164445,True,False
43,C2_PHASE_CONTRACT,OOD,213,lead_brake,False,False,False,0,0,30.61744262564546,3.6762897732357183,True,False
43,C2_PHASE_CONTRACT,OOD,214,lead_brake,False,False,False,0,0,34.79456589419112,4.708224275459846,True,False
43,C2_PHASE_CONTRACT,OOD,215,lead_brake,False,False,False,0,0,26.51842507686871,6.981654678781826,True,False
43,C2_PHASE_CONTRACT,OOD,216,lead_brake,False,False,False,0,0,40.05976991173244,5.355702531834443,True,False
43,C2_PHASE_CONTRACT,OOD,217,lead_brake,False,False,False,0,0,34.536313640177234,8.363938562572,True,False
43,C2_PHASE_CONTRACT,OOD,218,lead_brake,False,False,False,0,0,26.393900275253905,3.3159354267021017,True,False
43,C2_PHASE_CONTRACT,OOD,219,lead_brake,False,False,False,0,0,34.223889008659725,2.7296145781874657,True,False
43,C2_PHASE_CONTRACT,OOD,220,lead_brake,False,False,False,0,0,35.047574430182884,4.939851862688859,True,False
43,C2_PHASE_CONTRACT,OOD,221,lead_brake,False,False,False,0,0,23.898821121305225,8.243208428223928,True,False
43,C2_PHASE_CONTRACT,OOD,222,lead_brake,False,False,False,0,0,39.61147382856806,4.978154304126898,True,False
43,C2_PHASE_CONTRACT,OOD,223,lead_brake,False,False,False,0,0,26.10677217744013,7.484168779104948,True,False
43,C2_PHASE_CONTRACT,OOD,224,lead_brake,False,False,False,0,0,31.08668023058991,8.976841378957033,True,False
43,C2_PHASE_CONTRACT,OOD,225,lead_brake,False,False,False,0,0,31.74239901368825,4.682032731672128,True,False
43,C2_PHASE_CONTRACT,OOD,226,lead_brake,False,False,False,0,0,26.971638417094923,7.980730639149745,True,False
43,C2_PHASE_CONTRACT,OOD,227,lead_brake,False,False,False,0,0,38.52986794326378,4.323915409545103,True,False
43,C2_PHASE_CONTRACT,OOD,228,lead_brake,False,False,False,0,0,39.59134478140527,6.190051556875307,True,False
43,C2_PHASE_CONTRACT,OOD,229,lead_brake,False,False,False,0,0,43.07836547806859,7.662228606641293,True,False
43,C2_PHASE_CONTRACT,OOD,230,lead_brake,False,False,False,0,0,33.929556273115814,2.9518839356799917,True,False
43,C2_PHASE_CONTRACT,OOD,231,lead_brake,False,False,False,0,0,35.120171046871015,3.1783871017396446,True,False
43,C2_PHASE_CONTRACT,OOD,232,lead_brake,False,False,False,0,0,32.64336121276974,7.110560531417529,True,False
43,C2_PHASE_CONTRACT,OOD,233,lead_brake,False,False,False,0,0,29.833600098725398,7.470907300710678,True,False
43,C2_PHASE_CONTRACT,OOD,234,lead_brake,False,False,False,0,0,28.958109819173817,7.927418565998475,True,False
43,C2_PHASE_CONTRACT,OOD,235,lead_brake,False,False,False,0,0,32.165712102852964,5.383427565296491,True,False
43,C2_PHASE_CONTRACT,OOD,236,lead_brake,False,False,False,0,0,42.524907096624396,3.297105038538575,True,False
43,C2_PHASE_CONTRACT,OOD,237,lead_brake,False,False,False,0,0,40.380107453044296,4.711844736089309,True,False
43,C2_PHASE_CONTRACT,OOD,238,lead_brake,False,False,False,0,0,26.046920342445343,7.284595939020316,True,False
43,C2_PHASE_CONTRACT,OOD,239,lead_brake,False,False,False,0,0,34.28290674252856,3.591466594487428,True,False
43,C2_PHASE_CONTRACT,OOD,240,lead_brake,False,False,False,0,0,36.71280911102891,2.0452534047265845,True,False
43,C2_PHASE_CONTRACT,OOD,241,lead_brake,False,False,False,0,0,25.577231383128158,3.3614270711938534,True,False
43,C2_PHASE_CONTRACT,OOD,242,lead_brake,False,False,False,0,0,26.797540364338815,6.415361820409695,True,False
43,C2_PHASE_CONTRACT,OOD,243,lead_brake,False,False,False,0,0,30.910058283871784,5.778965358932813,True,False
43,C2_PHASE_CONTRACT,OOD,244,lead_brake,False,False,False,0,0,41.67932770803575,6.043271039923031,True,False
43,C2_PHASE_CONTRACT,OOD,245,lead_brake,False,False,False,0,0,43.49722972780468,5.703265613565842,True,False
43,C2_PHASE_CONTRACT,OOD,246,lead_brake,False,False,False,0,0,26.653857514104256,5.7588624867300195,True,False
43,C2_PHASE_CONTRACT,OOD,247,lead_brake,False,False,False,0,0,31.298172089408055,7.362686275194089,True,False
43,C2_PHASE_CONTRACT,OOD,248,lead_brake,False,False,False,0,0,27.452343151972375,6.8857437645395585,True,False
43,C2_PHASE_CONTRACT,OOD,249,lead_brake,False,False,False,0,0,23.849035445141162,6.898532669991255,True,False
43,C2_PHASE_CONTRACT,OOD,250,lead_brake,False,False,False,0,0,33.549889509831715,2.8049548467000323,True,False
43,C2_PHASE_CONTRACT,OOD,251,lead_brake,False,False,False,0,0,30.83029429839166,7.850349254906177,True,False
43,C2_PHASE_CONTRACT,OOD,252,lead_brake,False,False,False,0,0,40.16537793337801,1.9282419433196385,True,False
43,C2_PHASE_CONTRACT,OOD,253,lead_brake,False,False,False,0,0,28.706778932213766,1.559037278095881,True,False
43,C2_PHASE_CONTRACT,OOD,254,lead_brake,False,False,False,0,0,28.052637904057114,6.166805078585942,True,False
43,C2_PHASE_CONTRACT,OOD,255,lead_brake,False,False,False,0,0,34.39080983897047,8.274883796771366,True,False
43,C2_PHASE_CONTRACT,OOD,256,lead_brake,False,False,False,0,0,24.876625004857793,5.730587288737296,True,False
43,C2_PHASE_CONTRACT,OOD,257,lead_brake,False,False,False,0,0,30.81583857773999,3.2663353607058525,True,False
43,C2_PHASE_CONTRACT,OOD,258,lead_brake,False,False,False,0,0,23.468116699616356,6.0207218900322905,True,False
43,C2_PHASE_CONTRACT,OOD,259,lead_brake,False,False,False,0,0,43.16269709423185,8.75061468904217,True,False
43,C2_PHASE_CONTRACT,OOD,260,lead_brake,False,False,False,0,0,34.649567599167405,3.833041751136382,True,False
43,C2_PHASE_CONTRACT,OOD,261,lead_brake,False,False,False,0,0,28.630662027569667,5.466183180610338,True,False
43,C2_PHASE_CONTRACT,OOD,262,lead_brake,False,False,False,0,0,38.361906833000106,7.872183348983525,True,False
43,C2_PHASE_CONTRACT,OOD,263,lead_brake,False,False,False,0,0,30.54260162674314,5.788805230210224,True,False
43,C2_PHASE_CONTRACT,OOD,264,lead_brake,False,False,False,0,0,44.64316873013975,8.484404833366472,True,False
43,C2_PHASE_CONTRACT,OOD,265,lead_brake,False,False,False,0,0,40.17004301342276,7.655488708366949,True,False
43,C2_PHASE_CONTRACT,OOD,266,lead_brake,False,False,False,0,0,32.28820471804565,8.21237623443206,True,False
43,C2_PHASE_CONTRACT,OOD,267,lead_brake,False,False,False,0,0,29.45757614810883,7.414107985794544,True,False
43,C2_PHASE_CONTRACT,OOD,268,lead_brake,False,False,False,0,0,29.11905488332083,6.842295414457718,True,False
43,C2_PHASE_CONTRACT,OOD,269,lead_brake,False,False,False,0,0,31.467496349642776,8.05340049540003,True,False
43,C2_PHASE_CONTRACT,OOD,270,lead_brake,False,False,False,0,0,25.430701424058963,7.098920367658137,True,False
43,C2_PHASE_CONTRACT,OOD,271,lead_brake,False,False,False,0,0,36.23181429163767,6.5063867550343275,True,False
43,C2_PHASE_CONTRACT,OOD,272,lead_brake,False,False,False,0,0,34.20575667728841,3.7896190596123533,True,False
43,C2_PHASE_CONTRACT,OOD,273,lead_brake,False,False,False,0,0,34.75716546201692,5.632697440683841,True,False
43,C2_PHASE_CONTRACT,OOD,274,lead_brake,False,False,False,0,0,37.19527779347756,5.382625469937921,True,False
43,C2_PHASE_CONTRACT,OOD,275,lead_brake,False,False,False,0,0,32.98304723989261,4.932442997892697,True,False
43,C2_PHASE_CONTRACT,OOD,276,lead_brake,False,False,False,0,0,28.479677969782504,4.625283889472485,True,False
43,C2_PHASE_CONTRACT,OOD,277,lead_brake,False,False,False,0,0,29.51579539000987,6.67904383316636,True,False
43,C2_PHASE_CONTRACT,OOD,278,lead_brake,False,False,False,0,0,30.05160204839279,4.968464757005373,True,False
43,C2_PHASE_CONTRACT,OOD,279,lead_brake,False,False,False,0,0,38.71062583193184,8.89531902099649,True,False
43,C2_PHASE_CONTRACT,OOD,280,lead_brake,False,False,False,0,0,30.455358099524354,8.723012642314036,True,False
43,C2_PHASE_CONTRACT,OOD,281,lead_brake,False,False,False,0,0,31.338802416920633,6.599303424358368,True,False
43,C2_PHASE_CONTRACT,OOD,282,lead_brake,False,False,False,0,0,32.15113029372496,4.154738033811251,True,False
43,C2_PHASE_CONTRACT,OOD,283,lead_brake,False,False,False,0,0,36.50607670739291,7.788849268108606,True,False
43,C2_PHASE_CONTRACT,OOD,284,lead_brake,False,False,False,0,0,25.786567562411058,9.031685904910166,True,False
43,C2_PHASE_CONTRACT,OOD,285,lead_brake,False,False,False,0,0,35.25590859340189,6.472860523809989,True,False
43,C2_PHASE_CONTRACT,OOD,286,lead_brake,False,False,False,0,0,28.970026624429348,7.710364489505689,True,False
43,C2_PHASE_CONTRACT,OOD,287,lead_brake,False,False,False,0,0,32.493806138001084,2.97403609380126,True,False
43,C2_PHASE_CONTRACT,OOD,288,lead_brake,False,False,False,0,0,26.565123332761136,4.70605901752909,True,False
43,C2_PHASE_CONTRACT,OOD,289,lead_brake,False,False,False,0,0,39.74748646522689,6.104338701814413,True,False
43,C2_PHASE_CONTRACT,OOD,290,lead_brake,False,False,False,0,0,33.63204228469642,4.663476588825384,True,False
43,C2_PHASE_CONTRACT,OOD,291,lead_brake,False,False,False,0,0,21.549862423092115,5.397882706175247,True,False
43,C2_PHASE_CONTRACT,OOD,292,lead_brake,False,False,False,0,0,36.07006173386265,3.9099626056849957,True,False
43,C2_PHASE_CONTRACT,OOD,293,lead_brake,False,False,False,0,0,25.34911817545376,9.054495479911566,True,False
43,C2_PHASE_CONTRACT,OOD,294,lead_brake,False,False,False,0,0,26.610937920269482,6.753551863133907,True,False
43,C2_PHASE_CONTRACT,OOD,295,lead_brake,False,False,False,0,0,28.157368586510405,5.92674725378553,True,False
43,C2_PHASE_CONTRACT,OOD,296,lead_brake,False,False,False,0,0,35.5320222152697,7.758152676125367,True,False
43,C2_PHASE_CONTRACT,OOD,297,lead_brake,False,False,False,0,0,38.92820289637949,2.4698208458721638,True,False
43,C2_PHASE_CONTRACT,OOD,298,lead_brake,False,False,False,0,0,21.133997457197335,7.283694001535574,True,False
43,C2_PHASE_CONTRACT,OOD,299,lead_brake,False,False,False,0,0,25.588805463437403,5.584793436030547,True,False
43,D_PHASE_SHIELD,ID,0,crosswalk,False,False,False,0,0,29.678079970437967,2.0931248502297835,True,False
43,D_PHASE_SHIELD,ID,1,crosswalk,False,False,False,0,0,38.39139349598762,1.0702173101405303,True,False
43,D_PHASE_SHIELD,ID,2,crosswalk,False,False,False,0,0,28.337587203171843,2.528560145905143,True,False
43,D_PHASE_SHIELD,ID,3,crosswalk,False,False,False,0,0,32.64042268383247,2.3018949727217355,True,False
43,D_PHASE_SHIELD,ID,4,crosswalk,False,False,False,0,0,33.88652656462495,2.2855263067917386,True,False
43,D_PHASE_SHIELD,ID,5,crosswalk,False,False,False,0,0,28.826325493122205,1.933320164680481,True,False
43,D_PHASE_SHIELD,ID,6,crosswalk,False,False,False,0,0,35.4983153027504,0.4499306123365055,True,False
43,D_PHASE_SHIELD,ID,7,crosswalk,False,False,False,0,0,37.59243001034277,2.1179329976439476,True,False
43,D_PHASE_SHIELD,ID,8,crosswalk,False,False,False,0,0,27.743518820254685,1.8682495407436206,True,False
43,D_PHASE_SHIELD,ID,9,crosswalk,False,False,False,0,0,34.23881830680618,2.020776718854904,True,False
43,D_PHASE_SHIELD,ID,10,crosswalk,False,False,False,0,0,36.44582370248621,2.0824644034323483,True,False
43,D_PHASE_SHIELD,ID,11,crosswalk,False,False,False,0,0,33.993752265575225,2.0408197306096554,True,False
43,D_PHASE_SHIELD,ID,12,crosswalk,False,False,False,0,0,28.296910373173066,1.2749418145731874,True,False
43,D_PHASE_SHIELD,ID,13,crosswalk,False,False,False,0,0,31.869214326000446,1.6096383786719777,True,False
43,D_PHASE_SHIELD,ID,14,crosswalk,False,False,False,0,0,29.919917079433116,2.1294370022687046,True,False
43,D_PHASE_SHIELD,ID,15,crosswalk,False,False,False,0,0,34.957592663319545,0.4067101102808247,True,False
43,D_PHASE_SHIELD,ID,16,crosswalk,False,False,False,0,0,26.957186826268625,2.463886679874526,True,False
43,D_PHASE_SHIELD,ID,17,crosswalk,False,False,False,0,0,27.049569366174573,2.0906449783416017,True,False
43,D_PHASE_SHIELD,ID,18,crosswalk,False,False,False,0,0,35.84000002355014,1.9215486605059018,True,False
43,D_PHASE_SHIELD,ID,19,crosswalk,False,False,False,0,0,38.508046946629925,0.40678375711043674,True,False
43,D_PHASE_SHIELD,ID,20,crosswalk,False,False,False,0,0,31.50340895117116,2.0313539675303867,True,False
43,D_PHASE_SHIELD,ID,21,crosswalk,False,False,False,0,0,31.943870405804248,1.6213406080549413,True,False
43,D_PHASE_SHIELD,ID,22,crosswalk,False,False,False,0,0,28.20165309314412,1.8826962841881645,True,False
43,D_PHASE_SHIELD,ID,23,crosswalk,False,False,False,0,0,35.250437363401446,0.45102717524225056,True,False
43,D_PHASE_SHIELD,ID,24,crosswalk,False,False,False,0,0,27.9931374261541,1.7614876282842535,True,False
43,D_PHASE_SHIELD,ID,25,crosswalk,False,False,False,0,0,29.309969773075505,1.8457601042020888,True,False
43,D_PHASE_SHIELD,ID,26,crosswalk,False,False,False,0,0,27.408507929151163,2.4410137612568703,True,False
43,D_PHASE_SHIELD,ID,27,crosswalk,False,False,False,0,0,31.96671131256928,1.9335355423390865,True,False
43,D_PHASE_SHIELD,ID,28,crosswalk,False,False,False,0,0,34.00723123542931,1.430012597924187,True,False
43,D_PHASE_SHIELD,ID,29,crosswalk,False,False,False,0,0,29.154254437480684,2.350671738386154,True,False
43,D_PHASE_SHIELD,ID,30,crosswalk,False,False,False,0,0,32.430466496481685,0.5567500266161831,True,False
43,D_PHASE_SHIELD,ID,31,crosswalk,False,False,False,0,0,28.700766360054843,1.9256488395773845,True,False
43,D_PHASE_SHIELD,ID,32,crosswalk,False,False,False,0,0,38.89634006452987,1.930475402623415,True,False
43,D_PHASE_SHIELD,ID,33,crosswalk,False,False,False,0,0,31.988414093695212,0.43879688495681396,True,False
43,D_PHASE_SHIELD,ID,34,crosswalk,False,False,False,0,0,35.96908607734592,0.7193149626255035,True,False
43,D_PHASE_SHIELD,ID,35,crosswalk,False,False,False,0,0,29.400336695449376,1.9497759705004485,True,False
43,D_PHASE_SHIELD,ID,36,crosswalk,False,False,False,0,0,38.38675716314165,0.38585452437400813,True,False
43,D_PHASE_SHIELD,ID,37,crosswalk,False,False,False,0,0,31.697163421746808,2.2135555947368792,True,False
43,D_PHASE_SHIELD,ID,38,crosswalk,False,False,False,0,0,34.73177951513618,2.097487151622772,True,False
43,D_PHASE_SHIELD,ID,39,crosswalk,False,False,False,0,0,28.836606726442938,1.7324901446700096,True,False
43,D_PHASE_SHIELD,ID,40,crosswalk,False,False,False,0,0,31.98849470738265,0.3990137780254537,True,False
43,D_PHASE_SHIELD,ID,41,crosswalk,False,False,False,0,0,35.45067742606532,1.7975486814975739,True,False
43,D_PHASE_SHIELD,ID,42,crosswalk,False,False,False,0,0,38.20259735612524,0.406646275271972,True,False
43,D_PHASE_SHIELD,ID,43,crosswalk,False,False,False,0,0,31.189405053138508,1.8862960239251454,True,False
43,D_PHASE_SHIELD,ID,44,crosswalk,False,False,False,0,0,31.531523272833397,1.7474289735158284,True,False
43,D_PHASE_SHIELD,ID,45,crosswalk,False,False,False,0,0,35.93985339544942,0.7579339233537514,True,False
43,D_PHASE_SHIELD,ID,46,crosswalk,False,False,False,0,0,30.932152926530385,2.1980132027105848,True,False
43,D_PHASE_SHIELD,ID,47,crosswalk,False,False,False,0,0,28.22397383087806,0.3768004551529884,True,False
43,D_PHASE_SHIELD,ID,48,crosswalk,False,False,False,0,0,34.4100890075194,0.3584599929551283,True,False
43,D_PHASE_SHIELD,ID,49,crosswalk,False,False,False,0,0,38.17066869856028,0.45491085752196936,True,False
43,D_PHASE_SHIELD,ID,50,crosswalk,False,False,False,0,0,30.265856389824535,2.2139647528529163,True,False
43,D_PHASE_SHIELD,ID,51,crosswalk,False,False,False,0,0,29.917092112710485,0.3752324765636807,True,False
43,D_PHASE_SHIELD,ID,52,crosswalk,False,False,False,0,0,36.856740400653635,0.4094067650536696,True,False
43,D_PHASE_SHIELD,ID,53,crosswalk,False,False,False,0,0,38.132360436929886,0.8878198683261871,True,False
43,D_PHASE_SHIELD,ID,54,crosswalk,False,False,False,0,0,37.45726165611629,0.37552969455718993,True,False
43,D_PHASE_SHIELD,ID,55,crosswalk,False,False,False,0,0,34.35212181351197,2.031858136708086,True,False
43,D_PHASE_SHIELD,ID,56,crosswalk,False,False,False,0,0,30.900934024467062,2.2099209754239943,True,False
43,D_PHASE_SHIELD,ID,57,crosswalk,False,False,False,0,0,33.36955759912531,2.308136150240898,True,False
43,D_PHASE_SHIELD,ID,58,crosswalk,False,False,False,0,0,35.88023036564444,0.9450533143852067,True,False
43,D_PHASE_SHIELD,ID,59,crosswalk,False,False,False,0,0,35.03403988293051,0.38692792256673175,True,False
43,D_PHASE_SHIELD,ID,60,crosswalk,False,False,False,0,0,36.61041902020243,2.0737616904079914,True,False
43,D_PHASE_SHIELD,ID,61,crosswalk,False,False,False,0,0,37.438437708274385,0.37453037500381464,True,False
43,D_PHASE_SHIELD,ID,62,crosswalk,False,False,False,0,0,32.49775073960732,2.249946059151129,True,False
43,D_PHASE_SHIELD,ID,63,crosswalk,False,False,False,0,0,32.14075708022778,0.8300386014438811,True,False
43,D_PHASE_SHIELD,ID,64,crosswalk,False,False,False,0,0,27.722651701824567,2.2138302734023645,True,False
43,D_PHASE_SHIELD,ID,65,crosswalk,False,False,False,0,0,37.363165832417494,1.9832316972315311,True,False
43,D_PHASE_SHIELD,ID,66,crosswalk,False,False,False,0,0,33.56265770249692,1.0977826373917716,True,False
43,D_PHASE_SHIELD,ID,67,crosswalk,False,False,False,0,0,28.29836753299366,0.44005655928661946,True,False
43,D_PHASE_SHIELD,ID,68,crosswalk,False,False,False,0,0,31.994012321205176,0.38210200315172016,True,False
43,D_PHASE_SHIELD,ID,69,crosswalk,False,False,False,0,0,31.06551733899265,1.9000237683455148,True,False
43,D_PHASE_SHIELD,ID,70,crosswalk,False,False,False,0,0,39.40060608856977,0.5669425055384636,True,False
43,D_PHASE_SHIELD,ID,71,crosswalk,False,False,False,0,0,35.34951236112911,0.37336480493346846,True,False
43,D_PHASE_SHIELD,ID,72,crosswalk,False,False,False,0,0,34.8584610737129,0.405928259310515,True,False
43,D_PHASE_SHIELD,ID,73,crosswalk,False,False,False,0,0,33.13547486451479,1.9214680994098836,True,False
43,D_PHASE_SHIELD,ID,74,crosswalk,False,False,False,0,0,36.67444891373947,0.3887114922205607,True,False
43,D_PHASE_SHIELD,ID,75,crosswalk,False,False,False,0,0,34.89159939079231,1.9329855794256383,True,False
43,D_PHASE_SHIELD,ID,76,crosswalk,False,False,False,0,0,34.605722068512065,0.4080186006815537,True,False
43,D_PHASE_SHIELD,ID,77,crosswalk,False,False,False,0,0,35.733483416635565,2.0960863408717243,True,False
43,D_PHASE_SHIELD,ID,78,crosswalk,False,False,False,0,0,33.97474121924053,1.9474679231643677,True,False
43,D_PHASE_SHIELD,ID,79,crosswalk,False,False,False,0,0,33.33675302076378,2.122548446059227,True,False
43,D_PHASE_SHIELD,ID,80,crosswalk,False,False,False,0,0,30.937488167701517,0.40119181076685584,True,False
43,D_PHASE_SHIELD,ID,81,crosswalk,False,False,False,0,0,32.95464802888955,2.3092182725667953,True,False
43,D_PHASE_SHIELD,ID,82,crosswalk,False,False,False,0,0,36.26885148415351,2.079340529938539,True,False
43,D_PHASE_SHIELD,ID,83,crosswalk,False,False,False,0,0,37.72027848551986,0.35835242615296287,True,False
43,D_PHASE_SHIELD,ID,84,crosswalk,False,False,False,0,0,32.616493043240084,1.6228216951308043,True,False
43,D_PHASE_SHIELD,ID,85,crosswalk,False,False,False,0,0,32.49702634550743,0.4983272722789219,True,False
43,D_PHASE_SHIELD,ID,86,crosswalk,False,False,False,0,0,28.72190733388647,1.7777186393737792,True,False
43,D_PHASE_SHIELD,ID,87,crosswalk,False,False,False,0,0,35.557502242821634,1.1796230574448903,True,False
43,D_PHASE_SHIELD,ID,88,crosswalk,False,False,False,0,0,31.152229190508347,2.0282462887142017,True,False
43,D_PHASE_SHIELD,ID,89,crosswalk,False,False,False,0,0,33.64798641740087,0.3709213694800501,True,False
43,D_PHASE_SHIELD,ID,90,crosswalk,False,False,False,0,0,28.436000023496383,0.3867323100566864,True,False
43,D_PHASE_SHIELD,ID,91,crosswalk,False,False,False,0,0,28.5321056881806,2.0480207421562886,True,False
43,D_PHASE_SHIELD,ID,92,crosswalk,False,False,False,0,0,37.82937005805779,0.7489950887181541,True,False
43,D_PHASE_SHIELD,ID,93,crosswalk,False,False,False,0,0,31.327837194130062,1.9102931270996728,True,False
43,D_PHASE_SHIELD,ID,94,crosswalk,False,False,False,0,0,31.84638933760927,2.096078112011864,True,False
43,D_PHASE_SHIELD,ID,95,crosswalk,False,False,False,0,0,30.976435895408503,0.36691109565171326,True,False
43,D_PHASE_SHIELD,ID,96,crosswalk,False,False,False,0,0,28.022082250756938,2.3255177065730095,True,False
43,D_PHASE_SHIELD,ID,97,crosswalk,False,False,False,0,0,37.15947812108273,0.5304427683353424,True,False
43,D_PHASE_SHIELD,ID,98,crosswalk,False,False,False,0,0,29.995264489286914,2.5355558724779828,True,False
43,D_PHASE_SHIELD,ID,99,crosswalk,False,False,False,0,0,31.55942902490444,0.7646544203162193,True,False
43,D_PHASE_SHIELD,ID,100,stop_intersection,False,False,False,4,1,26.469846616375115,1.8571428571428572,True,False
43,D_PHASE_SHIELD,ID,101,stop_intersection,False,False,False,4,1,31.571406744743417,1.6503200083971021,True,False
43,D_PHASE_SHIELD,ID,102,stop_intersection,False,False,False,4,1,26.495073308198577,1.8972348485674175,True,False
43,D_PHASE_SHIELD,ID,103,stop_intersection,False,False,False,4,1,29.16327146192049,1.776402576549633,True,False
43,D_PHASE_SHIELD,ID,104,stop_intersection,False,False,False,5,1,27.363064223756453,1.7105263157894737,True,False
43,D_PHASE_SHIELD,ID,105,stop_intersection,False,False,False,4,1,31.48553336983612,1.630953565239906,True,False
43,D_PHASE_SHIELD,ID,106,stop_intersection,False,False,False,5,1,32.514829642244855,1.6047391368121635,True,False
43,D_PHASE_SHIELD,ID,107,stop_intersection,False,False,False,4,1,30.280522576401747,1.8086996110709936,True,False
43,D_PHASE_SHIELD,ID,108,stop_intersection,False,False,False,4,1,32.192010328619276,1.7995466370331614,True,False
43,D_PHASE_SHIELD,ID,109,stop_intersection,False,False,False,4,1,33.588196088436,1.642005996006291,True,False
43,D_PHASE_SHIELD,ID,110,stop_intersection,False,False,False,4,1,29.269566746832574,1.7893295674710659,True,False
43,D_PHASE_SHIELD,ID,111,stop_intersection,False,False,False,5,1,35.8481740769883,1.6263512770334878,True,False
43,D_PHASE_SHIELD,ID,112,stop_intersection,False,False,False,5,1,35.91542248846416,1.6269167690050035,True,False
43,D_PHASE_SHIELD,ID,113,stop_intersection,False,False,False,5,1,35.66917812953953,1.6165052567209517,True,False
43,D_PHASE_SHIELD,ID,114,stop_intersection,False,False,False,4,1,35.57469078574571,1.6237828277406237,True,False
43,D_PHASE_SHIELD,ID,115,stop_intersection,False,False,False,4,1,37.074025700233435,1.6906698884033573,True,False
43,D_PHASE_SHIELD,ID,116,stop_intersection,False,False,False,5,1,31.192560520272345,1.7890941312438562,True,False
43,D_PHASE_SHIELD,ID,117,stop_intersection,False,False,False,5,1,27.836698415829716,1.7772905891006057,True,False
43,D_PHASE_SHIELD,ID,118,stop_intersection,False,False,False,5,1,31.747192236655593,1.7403085608231394,True,False
43,D_PHASE_SHIELD,ID,119,stop_intersection,False,False,False,5,1,34.87444640895021,1.6719896909667225,True,False
43,D_PHASE_SHIELD,ID,120,stop_intersection,False,False,False,5,1,37.1615506441526,1.7258425456721607,True,False
43,D_PHASE_SHIELD,ID,121,stop_intersection,False,False,False,4,1,36.18006308248913,1.6777814161486742,True,False
43,D_PHASE_SHIELD,ID,122,stop_intersection,False,False,False,4,1,32.81846687605598,1.5978664595906327,True,False
43,D_PHASE_SHIELD,ID,123,stop_intersection,False,False,False,5,1,26.758288263380553,1.8253680732515123,True,False
43,D_PHASE_SHIELD,ID,124,stop_intersection,False,False,False,4,1,34.013461141880235,1.6282584647822185,True,False
43,D_PHASE_SHIELD,ID,125,stop_intersection,False,False,False,4,1,35.39735980459892,1.726350411772728,True,False
43,D_PHASE_SHIELD,ID,126,stop_intersection,False,False,False,4,1,38.46694374553878,1.598653155703877,True,False
43,D_PHASE_SHIELD,ID,127,stop_intersection,False,False,False,5,1,27.346193645813194,1.8055555555555554,True,False
43,D_PHASE_SHIELD,ID,128,stop_intersection,False,False,False,4,1,33.420938988671324,1.7021805200821312,True,False
43,D_PHASE_SHIELD,ID,129,stop_intersection,False,False,False,4,1,34.946896092573866,1.7102007418870926,True,False
43,D_PHASE_SHIELD,ID,130,stop_intersection,False,False,False,4,1,26.860961537309485,1.7520746449092486,True,False
43,D_PHASE_SHIELD,ID,131,stop_intersection,False,False,False,5,1,28.030272376287545,1.8774882124529946,True,False
43,D_PHASE_SHIELD,ID,132,stop_intersection,False,False,False,4,1,32.67003899065203,1.7367416008924825,True,False
43,D_PHASE_SHIELD,ID,133,stop_intersection,False,False,False,4,1,30.653198257942087,1.6815514049978337,True,False
43,D_PHASE_SHIELD,ID,134,stop_intersection,False,False,False,5,1,38.215919812649176,1.6123238275217455,True,False
43,D_PHASE_SHIELD,ID,135,stop_intersection,False,False,False,4,1,31.7168965462492,1.793039387255384,True,False
43,D_PHASE_SHIELD,ID,136,stop_intersection,False,False,False,4,1,35.958003428476566,1.619352102279663,True,False
43,D_PHASE_SHIELD,ID,137,stop_intersection,False,False,False,4,1,31.35913384493364,1.7001811663309732,True,False
43,D_PHASE_SHIELD,ID,138,stop_intersection,False,False,False,5,1,32.89192470306516,1.6116983425326463,True,False
43,D_PHASE_SHIELD,ID,139,stop_intersection,False,False,False,5,1,30.770102773278293,1.6724030176798501,True,False
43,D_PHASE_SHIELD,ID,140,stop_intersection,False,False,False,5,1,38.004890632679846,1.5030834012561374,True,False
43,D_PHASE_SHIELD,ID,141,stop_intersection,False,False,False,4,1,37.22893538879063,1.7274980428742197,True,False
43,D_PHASE_SHIELD,ID,142,stop_intersection,False,False,False,4,1,35.27385484700281,1.5960497941289626,True,False
43,D_PHASE_SHIELD,ID,143,stop_intersection,False,False,False,4,1,26.62626733845766,1.9004535675048828,True,False
43,D_PHASE_SHIELD,ID,144,stop_intersection,False,False,False,4,1,29.25587480508498,1.7138753439250745,True,False
43,D_PHASE_SHIELD,ID,145,stop_intersection,False,False,False,5,1,36.04531404431847,1.698136271500006,True,False
43,D_PHASE_SHIELD,ID,146,stop_intersection,False,False,False,4,1,36.26226345922898,1.5693634471227957,True,False
43,D_PHASE_SHIELD,ID,147,stop_intersection,False,False,False,4,1,31.603312617080068,1.718615935398982,True,False
43,D_PHASE_SHIELD,ID,148,stop_intersection,False,False,False,4,1,33.30945492877398,1.6847436875104904,True,False
43,D_PHASE_SHIELD,ID,149,stop_intersection,False,False,False,4,1,35.90778318680819,1.7671635150909422,True,False
43,D_PHASE_SHIELD,ID,150,stop_intersection,False,False,False,4,1,34.18079785584733,1.701422393321991,True,False
43,D_PHASE_SHIELD,ID,151,stop_intersection,False,False,False,4,1,27.379895809009064,1.9212998492377145,True,False
43,D_PHASE_SHIELD,ID,152,stop_intersection,False,False,False,4,1,27.949162554791393,1.8258089489407008,True,False
43,D_PHASE_SHIELD,ID,153,stop_intersection,False,False,False,4,1,34.0714025091826,1.7762228535790727,True,False
43,D_PHASE_SHIELD,ID,154,stop_intersection,False,False,False,5,1,34.602973712974595,1.5863948067029316,True,False
43,D_PHASE_SHIELD,ID,155,stop_intersection,False,False,False,4,1,29.6425719443167,1.7816182084985681,True,False
43,D_PHASE_SHIELD,ID,156,stop_intersection,False,False,False,5,1,33.43891082141539,1.5708257328896296,True,False
43,D_PHASE_SHIELD,ID,157,stop_intersection,False,False,False,4,1,35.828678304554316,1.603094017221814,True,False
43,D_PHASE_SHIELD,ID,158,stop_intersection,False,False,False,4,1,35.283946650693984,1.7216503322124481,True,False
43,D_PHASE_SHIELD,ID,159,stop_intersection,False,False,False,4,1,31.187711464551974,1.7800935004886826,True,False
43,D_PHASE_SHIELD,ID,160,stop_intersection,False,False,False,4,1,38.19799020912791,1.741752217455608,True,False
43,D_PHASE_SHIELD,ID,161,stop_intersection,False,False,False,4,1,30.436998682121846,1.7830658957764907,True,False
43,D_PHASE_SHIELD,ID,162,stop_intersection,False,False,False,4,1,36.94299423768329,1.7088411639376384,True,False
43,D_PHASE_SHIELD,ID,163,stop_intersection,False,False,False,5,1,32.34011799886227,1.7440166687354064,True,False
43,D_PHASE_SHIELD,ID,164,stop_intersection,False,False,False,4,1,27.70825199824112,1.8055555555555554,True,False
43,D_PHASE_SHIELD,ID,165,stop_intersection,False,False,False,4,1,32.935818501540496,1.7132713091679108,True,False
43,D_PHASE_SHIELD,ID,166,stop_intersection,False,False,False,4,1,38.37148150507079,1.665651170034257,True,False
43,D_PHASE_SHIELD,ID,167,stop_intersection,False,False,False,4,1,28.393509674645642,1.77776283723814,True,False
43,D_PHASE_SHIELD,ID,168,stop_intersection,False,False,False,4,1,35.18241294919997,1.6192643557276045,True,False
43,D_PHASE_SHIELD,ID,169,stop_intersection,False,False,False,5,1,35.09838060850923,1.7516994327306747,True,False
43,D_PHASE_SHIELD,ID,170,stop_intersection,False,False,False,4,1,29.980421351040732,1.7465832358912416,True,False
43,D_PHASE_SHIELD,ID,171,stop_intersection,False,False,False,4,1,29.455402465516492,1.821452346112993,True,False
43,D_PHASE_SHIELD,ID,172,stop_intersection,False,False,False,4,1,28.36208787634164,1.8602042065726387,True,False
43,D_PHASE_SHIELD,ID,173,stop_intersection,False,False,False,4,1,28.259423825625397,1.7631944450172217,True,False
43,D_PHASE_SHIELD,ID,174,stop_intersection,False,False,False,4,1,34.378544318569524,1.5814065791311718,True,False
43,D_PHASE_SHIELD,ID,175,stop_intersection,False,False,False,4,1,27.419522017319483,1.7567567567567568,True,False
43,D_PHASE_SHIELD,ID,176,stop_intersection,False,False,False,5,1,36.39299593930919,1.6288476898556663,True,False
43,D_PHASE_SHIELD,ID,177,stop_intersection,False,False,False,4,1,30.47309824725839,1.8432818119590346,True,False
43,D_PHASE_SHIELD,ID,178,stop_intersection,False,False,False,4,1,28.785646068716623,1.7105263157894737,True,False
43,D_PHASE_SHIELD,ID,179,stop_intersection,False,False,False,4,1,30.051737852655542,1.6750452457330163,True,False
43,D_PHASE_SHIELD,ID,180,stop_intersection,False,False,False,4,1,31.642719932832414,1.795463044392435,True,False
43,D_PHASE_SHIELD,ID,181,stop_intersection,False,False,False,4,1,35.24865588234648,1.7243775129318235,True,False
43,D_PHASE_SHIELD,ID,182,stop_intersection,False,False,False,4,1,30.69424026311399,1.7105263157894737,True,False
43,D_PHASE_SHIELD,ID,183,stop_intersection,False,False,False,5,1,35.350792696685794,1.616426748888833,True,False
43,D_PHASE_SHIELD,ID,184,stop_intersection,False,False,False,4,1,33.72833105189201,1.6338925536085918,True,False
43,D_PHASE_SHIELD,ID,185,stop_intersection,False,False,False,4,1,36.71143105787816,1.685048617967745,True,False
43,D_PHASE_SHIELD,ID,186,stop_intersection,False,False,False,5,1,35.143735119036194,1.543692863264749,True,False
43,D_PHASE_SHIELD,ID,187,stop_intersection,False,False,False,5,1,37.22803913449236,1.7253811039575717,True,False
43,D_PHASE_SHIELD,ID,188,stop_intersection,False,False,False,5,1,29.691707144084212,1.7105263157894737,True,False
43,D_PHASE_SHIELD,ID,189,stop_intersection,False,False,False,5,1,35.32753608272654,1.6197977889151798,True,False
43,D_PHASE_SHIELD,ID,190,stop_intersection,False,False,False,4,1,35.90091710949419,1.6111440034139723,True,False
43,D_PHASE_SHIELD,ID,191,stop_intersection,False,False,False,5,1,31.72905533094184,1.7356257560925605,True,False
43,D_PHASE_SHIELD,ID,192,stop_intersection,False,False,False,5,1,31.38420738338901,1.817248667541303,True,False
43,D_PHASE_SHIELD,ID,193,stop_intersection,False,False,False,4,1,29.212312197404877,1.8017153793627076,True,False
43,D_PHASE_SHIELD,ID,194,stop_intersection,False,False,False,4,1,30.17452040782396,1.8403987465678033,True,False
43,D_PHASE_SHIELD,ID,195,stop_intersection,False,False,False,4,1,35.44945884613185,1.5637586421744767,True,False
43,D_PHASE_SHIELD,ID,196,stop_intersection,False,False,False,4,1,28.427156728341686,1.7913107614259463,True,False
43,D_PHASE_SHIELD,ID,197,stop_intersection,False,False,False,5,1,27.975824994110877,1.7716431617736816,True,False
43,D_PHASE_SHIELD,ID,198,stop_intersection,False,False,False,5,1,28.25423900280529,1.7105263157894737,True,False
43,D_PHASE_SHIELD,ID,199,stop_intersection,False,False,False,5,1,37.58538535448118,1.6649308091118222,True,False
43,D_PHASE_SHIELD,ID,200,lead_brake,False,False,False,0,0,76.24730971449705,2.6844258283575377,True,False
43,D_PHASE_SHIELD,ID,201,lead_brake,False,False,False,0,0,84.59227647494416,7.652037764588991,True,False
43,D_PHASE_SHIELD,ID,202,lead_brake,False,False,False,0,0,63.99816807558603,7.2143798625717555,True,False
43,D_PHASE_SHIELD,ID,203,lead_brake,False,False,False,0,0,61.98183935926304,4.19228076438109,True,False
43,D_PHASE_SHIELD,ID,204,lead_brake,False,False,False,0,0,86.49966295123099,6.950570118923982,True,False
43,D_PHASE_SHIELD,ID,205,lead_brake,False,False,False,0,0,62.66915908954388,2.6948343316713967,True,False
43,D_PHASE_SHIELD,ID,206,lead_brake,False,False,False,0,0,76.38172356425578,7.30203363051017,True,False
43,D_PHASE_SHIELD,ID,207,lead_brake,False,False,False,0,0,73.43038392260497,0.6633513967196145,True,False
43,D_PHASE_SHIELD,ID,208,lead_brake,False,False,False,0,0,78.46756391830658,1.0172652105490365,True,False
43,D_PHASE_SHIELD,ID,209,lead_brake,False,False,False,0,0,59.69466298068613,1.9721514048675695,True,False
43,D_PHASE_SHIELD,ID,210,lead_brake,False,False,False,0,0,62.195890118621975,4.470323671897252,True,False
43,D_PHASE_SHIELD,ID,211,lead_brake,False,False,False,0,0,77.39908985112652,1.612758759409189,True,False
43,D_PHASE_SHIELD,ID,212,lead_brake,False,False,False,0,0,78.2784792947386,2.867261581122875,True,False
43,D_PHASE_SHIELD,ID,213,lead_brake,False,False,False,0,0,54.27261570511627,10.072287507355213,True,False
43,D_PHASE_SHIELD,ID,214,lead_brake,False,False,False,0,0,92.23604713336108,1.278225248058637,True,False
43,D_PHASE_SHIELD,ID,215,lead_brake,False,False,False,0,0,66.29842893731431,6.6207975273331,True,False
43,D_PHASE_SHIELD,ID,216,lead_brake,False,False,False,0,0,60.035883978050066,2.2772608449061713,True,False
43,D_PHASE_SHIELD,ID,217,lead_brake,False,False,False,0,0,60.339172639429414,9.55856871108214,True,False
43,D_PHASE_SHIELD,ID,218,lead_brake,False,False,False,0,0,62.10887143431397,5.023309362431367,True,False
43,D_PHASE_SHIELD,ID,219,lead_brake,False,False,False,0,0,76.44629235260066,4.495875517527262,True,False
43,D_PHASE_SHIELD,ID,220,lead_brake,False,False,False,0,0,54.73909478807039,10.138275055835644,True,False
43,D_PHASE_SHIELD,ID,221,lead_brake,False,False,False,0,0,52.756951145573794,10.30162562802434,True,False
43,D_PHASE_SHIELD,ID,222,lead_brake,False,False,False,0,0,83.31378458661635,0.620680975417296,True,False
43,D_PHASE_SHIELD,ID,223,lead_brake,False,False,False,0,0,66.92150983234936,7.408809593568245,True,False
43,D_PHASE_SHIELD,ID,224,lead_brake,False,False,False,0,0,71.05207829279621,10.872441495458284,True,False
43,D_PHASE_SHIELD,ID,225,lead_brake,False,False,False,0,0,96.56392768204212,0.8760857060551643,True,False
43,D_PHASE_SHIELD,ID,226,lead_brake,False,False,False,0,0,65.22295155986153,11.138117750485739,True,False
43,D_PHASE_SHIELD,ID,227,lead_brake,False,False,False,0,0,98.09704251343055,0.08637896925210951,True,False
43,D_PHASE_SHIELD,ID,228,lead_brake,False,False,False,0,0,74.48408016259766,10.107197682062784,True,False
43,D_PHASE_SHIELD,ID,229,lead_brake,False,False,False,0,0,68.89941544141385,9.708362172047297,True,False
43,D_PHASE_SHIELD,ID,230,lead_brake,False,False,False,0,0,84.3070063531399,0.8521262556314468,True,False
43,D_PHASE_SHIELD,ID,231,lead_brake,False,False,False,0,0,94.44441153824216,0.5561323240399361,True,False
43,D_PHASE_SHIELD,ID,232,lead_brake,False,False,False,0,0,78.49162113465525,9.806794544061024,True,False
43,D_PHASE_SHIELD,ID,233,lead_brake,False,False,False,0,0,60.705635148041864,3.236394092440605,True,False
43,D_PHASE_SHIELD,ID,234,lead_brake,False,False,False,0,0,64.82743769165943,9.793727164467175,True,False
43,D_PHASE_SHIELD,ID,235,lead_brake,False,False,False,0,0,95.35474834154978,1.4150123260915277,True,False
43,D_PHASE_SHIELD,ID,236,lead_brake,False,False,False,0,0,76.02259052640314,2.4420154988765717,True,False
43,D_PHASE_SHIELD,ID,237,lead_brake,False,False,False,0,0,55.907400867925986,10.52797955647111,True,False
43,D_PHASE_SHIELD,ID,238,lead_brake,False,False,False,0,0,73.15708468976739,10.62641718238592,True,False
43,D_PHASE_SHIELD,ID,239,lead_brake,False,False,False,0,0,75.3621816725378,9.694586848219235,True,False
43,D_PHASE_SHIELD,ID,240,lead_brake,False,False,False,0,0,74.00551549487957,10.353534291187922,True,False
43,D_PHASE_SHIELD,ID,241,lead_brake,False,False,False,0,0,55.11057750070367,9.86203143497308,True,False
43,D_PHASE_SHIELD,ID,242,lead_brake,False,False,False,0,0,92.40021705551794,2.3568892901142435,True,False
43,D_PHASE_SHIELD,ID,243,lead_brake,False,False,False,0,0,94.56920744276354,0.6138578255971272,True,False
43,D_PHASE_SHIELD,ID,244,lead_brake,False,False,False,0,0,60.792207958692096,7.857145006457965,True,False
43,D_PHASE_SHIELD,ID,245,lead_brake,False,False,False,0,0,68.21356536545943,2.978651229292154,True,False
43,D_PHASE_SHIELD,ID,246,lead_brake,False,False,False,0,0,69.69680231019946,5.558868678907554,True,False
43,D_PHASE_SHIELD,ID,247,lead_brake,False,False,False,0,0,67.71832182378921,8.3703839580218,True,False
43,D_PHASE_SHIELD,ID,248,lead_brake,False,False,False,0,0,56.96851306529241,1.0905909650027752,True,False
43,D_PHASE_SHIELD,ID,249,lead_brake,False,False,False,0,0,60.621477664753776,10.254455829660097,True,False
43,D_PHASE_SHIELD,ID,250,lead_brake,False,False,False,0,0,62.7100369342941,6.990181062370538,True,False
43,D_PHASE_SHIELD,ID,251,lead_brake,False,False,False,0,0,63.60477853422933,9.861066210394103,True,False
43,D_PHASE_SHIELD,ID,252,lead_brake,False,False,False,0,0,82.41180572343693,4.23107536137104,True,False
43,D_PHASE_SHIELD,ID,253,lead_brake,False,False,False,0,0,90.68352983765072,0.6600464383761088,True,False
43,D_PHASE_SHIELD,ID,254,lead_brake,False,False,False,0,0,57.58760536932112,10.45410820841789,True,False
43,D_PHASE_SHIELD,ID,255,lead_brake,False,False,False,0,0,69.46395875997374,10.544132540623346,True,False
43,D_PHASE_SHIELD,ID,256,lead_brake,False,False,False,0,0,61.13207662412003,7.426212814946969,True,False
43,D_PHASE_SHIELD,ID,257,lead_brake,False,False,False,0,0,95.83358382288404,0.7273056109746296,True,False
43,D_PHASE_SHIELD,ID,258,lead_brake,False,False,False,0,0,71.81986203780853,6.081508527199427,True,False
43,D_PHASE_SHIELD,ID,259,lead_brake,False,False,False,0,0,98.91598960459241,0.032952105005582176,True,False
43,D_PHASE_SHIELD,ID,260,lead_brake,False,False,False,0,0,57.216638379695965,8.889141845206419,True,False
43,D_PHASE_SHIELD,ID,261,lead_brake,False,False,False,0,0,68.8176302443685,9.820285506546497,True,False
43,D_PHASE_SHIELD,ID,262,lead_brake,False,False,False,0,0,54.36074181440208,2.990696098655462,True,False
43,D_PHASE_SHIELD,ID,263,lead_brake,False,False,False,0,0,60.54930514845436,9.062662338217098,True,False
43,D_PHASE_SHIELD,ID,264,lead_brake,False,False,False,0,0,93.69906321286388,1.0389137665430703,True,False
43,D_PHASE_SHIELD,ID,265,lead_brake,False,False,False,0,0,87.01513068132606,3.50567781055967,True,False
43,D_PHASE_SHIELD,ID,266,lead_brake,False,False,False,0,0,66.55752732752846,7.822404567152261,True,False
43,D_PHASE_SHIELD,ID,267,lead_brake,False,False,False,0,0,79.891420626816,1.2200285196304321,True,False
43,D_PHASE_SHIELD,ID,268,lead_brake,False,False,False,0,0,60.8329045386095,9.800825150062641,True,False
43,D_PHASE_SHIELD,ID,269,lead_brake,False,False,False,0,0,70.29448244545787,10.18003325164318,True,False
43,D_PHASE_SHIELD,ID,270,lead_brake,False,False,False,0,0,78.83382941810288,8.340460062026978,True,False
43,D_PHASE_SHIELD,ID,271,lead_brake,False,False,False,0,0,69.30629533841163,10.836160590251286,True,False
43,D_PHASE_SHIELD,ID,272,lead_brake,False,False,False,0,0,87.45718371152701,1.016314369936784,True,False
43,D_PHASE_SHIELD,ID,273,lead_brake,False,False,False,0,0,61.3016578266963,11.33039195338885,True,False
43,D_PHASE_SHIELD,ID,274,lead_brake,False,False,False,0,0,95.72854178385147,0.9243894095222155,True,False
43,D_PHASE_SHIELD,ID,275,lead_brake,False,False,False,0,0,85.70526729494335,2.8012958119312916,True,False
43,D_PHASE_SHIELD,ID,276,lead_brake,False,False,False,0,0,59.615353722069244,4.2284082397818565,True,False
43,D_PHASE_SHIELD,ID,277,lead_brake,False,False,False,0,0,76.60222772790752,8.487972264488537,True,False
43,D_PHASE_SHIELD,ID,278,lead_brake,False,False,False,0,0,81.36311180976281,1.2113412022590637,True,False
43,D_PHASE_SHIELD,ID,279,lead_brake,False,False,False,0,0,91.37387209399411,0.35628883043924964,True,False
43,D_PHASE_SHIELD,ID,280,lead_brake,False,False,False,0,0,81.90026298513365,2.9005943487087884,True,False
43,D_PHASE_SHIELD,ID,281,lead_brake,False,False,False,0,0,82.56247724439676,3.0941312635938325,True,False
43,D_PHASE_SHIELD,ID,282,lead_brake,False,False,False,0,0,87.87636635229974,4.055014268805583,True,False
43,D_PHASE_SHIELD,ID,283,lead_brake,False,False,False,0,0,56.43241890411463,4.385141033679247,True,False
43,D_PHASE_SHIELD,ID,284,lead_brake,False,False,False,0,0,85.70986991345872,5.349302199979623,True,False
43,D_PHASE_SHIELD,ID,285,lead_brake,False,False,False,0,0,71.13399471271956,10.104370497167109,True,False
43,D_PHASE_SHIELD,ID,286,lead_brake,False,False,False,0,0,92.59933510138973,2.5998846907168627,True,False
43,D_PHASE_SHIELD,ID,287,lead_brake,False,False,False,0,0,76.15439057537263,7.5545341074466705,True,False
43,D_PHASE_SHIELD,ID,288,lead_brake,False,False,False,0,0,67.93768587607403,10.316196635365486,True,False
43,D_PHASE_SHIELD,ID,289,lead_brake,False,False,False,0,0,61.15626153250161,9.415887176369626,True,False
43,D_PHASE_SHIELD,ID,290,lead_brake,False,False,False,0,0,96.13697400764131,0.1338642785946528,True,False
43,D_PHASE_SHIELD,ID,291,lead_brake,False,False,False,0,0,76.8551456274088,1.2921444649497666,True,False
43,D_PHASE_SHIELD,ID,292,lead_brake,False,False,False,0,0,73.78142344362983,4.574334189295769,True,False
43,D_PHASE_SHIELD,ID,293,lead_brake,False,False,False,0,0,80.67809454382021,2.566916858156522,True,False
43,D_PHASE_SHIELD,ID,294,lead_brake,False,False,False,0,0,60.36551277552334,4.399564693371454,True,False
43,D_PHASE_SHIELD,ID,295,lead_brake,False,False,False,0,0,82.42625024985553,3.504583513985077,True,False
43,D_PHASE_SHIELD,ID,296,lead_brake,False,False,False,0,0,61.11560633363387,6.033331636339426,True,False
43,D_PHASE_SHIELD,ID,297,lead_brake,False,False,False,0,0,74.64967364224607,0.862412421653668,True,False
43,D_PHASE_SHIELD,ID,298,lead_brake,False,False,False,0,0,94.32833995472447,0.5224524786074956,True,False
43,D_PHASE_SHIELD,ID,299,lead_brake,False,False,False,0,0,67.38900516745852,0.6250684062639872,True,False
43,D_PHASE_SHIELD,OOD,0,crosswalk,False,False,False,4,1,30.04108620165799,1.8014948593603597,True,False
43,D_PHASE_SHIELD,OOD,1,crosswalk,False,False,False,5,1,31.22645960966524,1.8162220555382804,True,False
43,D_PHASE_SHIELD,OOD,2,crosswalk,False,False,False,3,1,22.96422964718064,1.462381464384851,True,False
43,D_PHASE_SHIELD,OOD,3,crosswalk,False,False,False,5,1,29.99368518496025,1.9985498381512505,True,False
43,D_PHASE_SHIELD,OOD,4,crosswalk,False,False,False,5,1,25.104084545349174,1.9200999327003956,True,False
43,D_PHASE_SHIELD,OOD,5,crosswalk,False,False,False,4,1,24.993146616398022,1.7946191344942366,True,False
43,D_PHASE_SHIELD,OOD,6,crosswalk,False,False,False,5,1,20.595545907724365,1.8347024782137435,True,False
43,D_PHASE_SHIELD,OOD,7,crosswalk,False,False,False,5,1,22.15213715543198,1.840369528845737,True,False
43,D_PHASE_SHIELD,OOD,8,crosswalk,False,False,False,5,1,30.266214272979298,1.53787905993285,True,False
43,D_PHASE_SHIELD,OOD,9,crosswalk,False,False,False,5,1,29.8711862178432,1.8306121700688411,True,False
43,D_PHASE_SHIELD,OOD,10,crosswalk,False,False,False,5,1,26.309531818653912,1.811504380097465,True,False
43,D_PHASE_SHIELD,OOD,11,crosswalk,False,False,False,5,1,24.250197289388602,1.5809245661991396,True,False
43,D_PHASE_SHIELD,OOD,12,crosswalk,False,False,False,4,1,27.339052359235094,1.6662272627537067,True,False
43,D_PHASE_SHIELD,OOD,13,crosswalk,False,False,False,5,1,23.41115452486758,1.7838152837062229,True,False
43,D_PHASE_SHIELD,OOD,14,crosswalk,False,False,False,5,1,31.283941083048205,1.5596727530161538,True,False
43,D_PHASE_SHIELD,OOD,15,crosswalk,False,False,False,5,1,22.45637905360551,1.7372936200588307,True,False
43,D_PHASE_SHIELD,OOD,16,crosswalk,False,False,False,5,1,22.681773404335402,1.5609061188167996,True,False
43,D_PHASE_SHIELD,OOD,17,crosswalk,False,False,False,3,1,21.095153035956837,1.4318040690638802,True,False
43,D_PHASE_SHIELD,OOD,18,crosswalk,False,False,False,3,1,22.17211879509643,1.7567567567567568,True,False
43,D_PHASE_SHIELD,OOD,19,crosswalk,False,False,False,5,1,21.95528366732475,1.7511859110423496,True,False
43,D_PHASE_SHIELD,OOD,20,crosswalk,False,False,False,4,1,29.728543111571348,1.5163862664591181,True,False
43,D_PHASE_SHIELD,OOD,21,crosswalk,False,False,False,4,1,22.300416306480496,1.6209720755400863,True,False
43,D_PHASE_SHIELD,OOD,22,crosswalk,False,False,False,5,1,21.08353326100945,1.8020555227994919,True,False
43,D_PHASE_SHIELD,OOD,23,crosswalk,False,False,False,5,1,29.075561421914134,1.5559140194294063,True,False
43,D_PHASE_SHIELD,OOD,24,crosswalk,False,False,False,5,1,22.624535885795854,1.954495671183564,True,False
43,D_PHASE_SHIELD,OOD,25,crosswalk,False,False,False,3,1,22.393917827964515,1.319753508876871,True,False
43,D_PHASE_SHIELD,OOD,26,crosswalk,False,False,False,4,1,22.89328077570596,1.3910601320474043,True,False
43,D_PHASE_SHIELD,OOD,27,crosswalk,False,False,False,5,1,29.39938689713245,1.6382831853369009,True,False
43,D_PHASE_SHIELD,OOD,28,crosswalk,False,False,False,5,1,30.889648321890604,1.707299000177628,True,False
43,D_PHASE_SHIELD,OOD,29,crosswalk,False,False,False,5,1,28.865624956540888,1.7521583930004474,True,False
43,D_PHASE_SHIELD,OOD,30,crosswalk,False,False,False,5,1,28.97812983192107,1.8556112051010132,True,False
43,D_PHASE_SHIELD,OOD,31,crosswalk,False,False,False,5,1,23.152610808714975,1.6448327639828557,True,False
43,D_PHASE_SHIELD,OOD,32,crosswalk,False,False,False,4,1,27.731510976276653,1.4344995954762334,True,False
43,D_PHASE_SHIELD,OOD,33,crosswalk,False,False,False,4,1,26.6767819491865,1.6013530696310647,True,False
43,D_PHASE_SHIELD,OOD,34,crosswalk,False,False,False,3,1,24.63725775930491,1.4130434782608694,True,False
43,D_PHASE_SHIELD,OOD,35,crosswalk,False,False,False,5,1,22.216255284847815,1.89147517431614,True,False
43,D_PHASE_SHIELD,OOD,36,crosswalk,False,False,False,5,1,21.26295905775583,1.7522510621282787,True,False
43,D_PHASE_SHIELD,OOD,37,crosswalk,False,False,False,5,1,22.656989222917378,1.8173967683926606,True,False
43,D_PHASE_SHIELD,OOD,38,crosswalk,False,False,False,3,1,20.815679687344428,1.625,True,False
43,D_PHASE_SHIELD,OOD,39,crosswalk,False,False,False,5,1,30.49031991559984,1.6325407368796212,True,False
43,D_PHASE_SHIELD,OOD,40,crosswalk,False,False,False,5,1,21.620992723284367,1.9119292844173519,True,False
43,D_PHASE_SHIELD,OOD,41,crosswalk,False,False,False,3,1,24.24987475415027,1.4284035894605847,True,False
43,D_PHASE_SHIELD,OOD,42,crosswalk,False,False,False,5,1,24.959928060102506,2.1590513373032594,True,False
43,D_PHASE_SHIELD,OOD,43,crosswalk,False,False,False,3,1,20.65369575056093,1.4122790852163591,True,False
43,D_PHASE_SHIELD,OOD,44,crosswalk,False,False,False,4,1,31.34526400283864,1.4297680778706328,True,False
43,D_PHASE_SHIELD,OOD,45,crosswalk,False,False,False,5,1,21.62464925199519,1.6689802737946204,True,False
43,D_PHASE_SHIELD,OOD,46,crosswalk,False,False,False,4,1,30.857039887579248,1.4797916737469756,True,False
43,D_PHASE_SHIELD,OOD,47,crosswalk,False,False,False,4,1,24.42559957186417,1.7313802919604562,True,False
43,D_PHASE_SHIELD,OOD,48,crosswalk,False,False,False,3,1,27.58758327813976,1.6699602665045323,True,False
43,D_PHASE_SHIELD,OOD,49,crosswalk,False,False,False,5,1,26.647399851798404,1.97344571352005,True,False
43,D_PHASE_SHIELD,OOD,50,crosswalk,False,False,False,5,1,27.46588728004548,1.7490616521319826,True,False
43,D_PHASE_SHIELD,OOD,51,crosswalk,False,False,False,5,1,27.117574378662066,2.063119763508439,True,False
43,D_PHASE_SHIELD,OOD,52,crosswalk,False,False,False,4,1,22.19435496641725,2.048686972031226,True,False
43,D_PHASE_SHIELD,OOD,53,crosswalk,False,False,False,3,1,21.907131696852332,1.6270207674116701,True,False
43,D_PHASE_SHIELD,OOD,54,crosswalk,False,False,False,5,1,26.172685570166806,1.6326631903648374,True,False
43,D_PHASE_SHIELD,OOD,55,crosswalk,False,False,False,5,1,29.75828971949482,2.1482363659888506,True,False
43,D_PHASE_SHIELD,OOD,56,crosswalk,False,False,False,5,1,22.71873344978504,1.6721427995105123,True,False
43,D_PHASE_SHIELD,OOD,57,crosswalk,False,False,False,5,1,21.403563696087133,1.8366099667289983,True,False
43,D_PHASE_SHIELD,OOD,58,crosswalk,False,False,False,5,1,28.664463202792433,1.4323554203865376,True,False
43,D_PHASE_SHIELD,OOD,59,crosswalk,False,False,False,5,1,23.325537267204766,1.5596983090360113,True,False
43,D_PHASE_SHIELD,OOD,60,crosswalk,False,False,False,3,1,27.554918161517485,1.754431442210549,True,False
43,D_PHASE_SHIELD,OOD,61,crosswalk,False,False,False,3,1,23.465409988372326,1.6666666666666665,True,False
43,D_PHASE_SHIELD,OOD,62,crosswalk,False,False,False,3,1,28.418319583417528,1.429195093071979,True,False
43,D_PHASE_SHIELD,OOD,63,crosswalk,False,False,False,3,1,21.66496360125269,1.5853658536585364,True,False
43,D_PHASE_SHIELD,OOD,64,crosswalk,False,False,False,5,1,24.3737958615769,1.8833985196989635,True,False
43,D_PHASE_SHIELD,OOD,65,crosswalk,False,False,False,4,1,30.304967593433805,1.4583516650729706,True,False
43,D_PHASE_SHIELD,OOD,66,crosswalk,False,False,False,4,1,21.180605880830754,1.933073652908206,True,False
43,D_PHASE_SHIELD,OOD,67,crosswalk,False,False,False,5,1,27.886933636783198,1.8987988233566282,True,False
43,D_PHASE_SHIELD,OOD,68,crosswalk,False,False,False,3,1,20.68347209765635,1.467637392607602,True,False
43,D_PHASE_SHIELD,OOD,69,crosswalk,False,False,False,3,1,25.498113106724865,1.752792580707653,True,False
43,D_PHASE_SHIELD,OOD,70,crosswalk,False,False,False,5,1,22.718712241618626,1.9498070638913374,True,False
43,D_PHASE_SHIELD,OOD,71,crosswalk,False,False,False,5,1,28.333481326522985,1.8143770708279174,True,False
43,D_PHASE_SHIELD,OOD,72,crosswalk,False,False,False,3,1,23.08455126085014,1.5796536207199097,True,False
43,D_PHASE_SHIELD,OOD,73,crosswalk,False,False,False,3,1,28.182681515668055,1.464425037966834,True,False
43,D_PHASE_SHIELD,OOD,74,crosswalk,False,False,False,3,1,24.615777275124792,1.7308637419262447,True,False
43,D_PHASE_SHIELD,OOD,75,crosswalk,False,False,False,5,1,27.09621193537634,1.9008839130401611,True,False
43,D_PHASE_SHIELD,OOD,76,crosswalk,False,False,False,5,1,29.082431483232174,1.6170776365919315,True,False
43,D_PHASE_SHIELD,OOD,77,crosswalk,False,False,False,3,1,25.978499028210663,1.5466999014218648,True,False
43,D_PHASE_SHIELD,OOD,78,crosswalk,False,False,False,5,1,29.328033230509597,1.7175193909894337,True,False
43,D_PHASE_SHIELD,OOD,79,crosswalk,False,False,False,5,1,20.644338817279852,1.9530309736728668,True,False
43,D_PHASE_SHIELD,OOD,80,crosswalk,False,False,False,4,1,24.117941387456412,2.0582214519381523,True,False
43,D_PHASE_SHIELD,OOD,81,crosswalk,False,False,False,5,1,22.49616497657297,2.078511248796414,True,False
43,D_PHASE_SHIELD,OOD,82,crosswalk,False,False,False,4,1,25.052969297756846,1.4557205114675602,True,False
43,D_PHASE_SHIELD,OOD,83,crosswalk,False,False,False,5,1,28.8699321965508,1.6233263035183367,True,False
43,D_PHASE_SHIELD,OOD,84,crosswalk,False,False,False,3,1,27.727717186064922,1.5566427208656488,True,False
43,D_PHASE_SHIELD,OOD,85,crosswalk,False,False,False,4,1,21.832093629318663,1.4163160572449365,True,False
43,D_PHASE_SHIELD,OOD,86,crosswalk,False,False,False,5,1,31.189760462231412,1.8018626570701597,True,False
43,D_PHASE_SHIELD,OOD,87,crosswalk,False,False,False,3,1,22.759089492929135,1.440320482077422,True,False
43,D_PHASE_SHIELD,OOD,88,crosswalk,False,False,False,3,1,30.201248913013195,1.557425626299598,True,False
43,D_PHASE_SHIELD,OOD,89,crosswalk,False,False,False,5,1,28.550946256990386,1.5853642031203867,True,False
43,D_PHASE_SHIELD,OOD,90,crosswalk,False,False,False,3,1,30.601688474754372,1.6788858771324158,True,False
43,D_PHASE_SHIELD,OOD,91,crosswalk,False,False,False,4,1,23.416507361162964,1.6934956731023014,True,False
43,D_PHASE_SHIELD,OOD,92,crosswalk,False,False,False,5,1,24.478894029627867,1.6186932462548453,True,False
43,D_PHASE_SHIELD,OOD,93,crosswalk,False,False,False,5,1,20.847864557155578,1.7024453980001535,True,False
43,D_PHASE_SHIELD,OOD,94,crosswalk,False,False,False,5,1,26.166086637382364,1.580741366614466,True,False
43,D_PHASE_SHIELD,OOD,95,crosswalk,False,False,False,3,1,21.464385505201157,1.6666666666666665,True,False
43,D_PHASE_SHIELD,OOD,96,crosswalk,False,False,False,5,1,28.296162228401847,1.5470029864200325,True,False
43,D_PHASE_SHIELD,OOD,97,crosswalk,False,False,False,5,1,30.490380141307693,1.5065863322127948,True,False
43,D_PHASE_SHIELD,OOD,98,crosswalk,False,False,False,5,1,27.669352554384503,1.8777677193284033,True,False
43,D_PHASE_SHIELD,OOD,99,crosswalk,False,False,False,5,1,28.046970540862276,1.6038960736730825,True,False
43,D_PHASE_SHIELD,OOD,100,stop_intersection,False,False,False,17,1,23.17347874628301,1.611509161028597,True,False
43,D_PHASE_SHIELD,OOD,101,stop_intersection,False,False,False,12,1,25.117842972467614,1.6388626398473254,True,False
43,D_PHASE_SHIELD,OOD,102,stop_intersection,False,False,False,5,1,30.854192273737194,1.7990042228956478,True,False
43,D_PHASE_SHIELD,OOD,103,stop_intersection,False,False,False,11,1,27.10184546090366,1.613081298465651,True,False
43,D_PHASE_SHIELD,OOD,104,stop_intersection,False,False,False,15,1,26.947142755012376,1.6567251442395374,True,False
43,D_PHASE_SHIELD,OOD,105,stop_intersection,False,False,False,11,1,21.125541927155993,1.813756575325021,True,False
43,D_PHASE_SHIELD,OOD,106,stop_intersection,False,False,False,5,1,30.983383943503462,1.802323943859822,True,False
43,D_PHASE_SHIELD,OOD,107,stop_intersection,False,False,False,11,1,28.114235939059633,1.573000792827871,True,False
43,D_PHASE_SHIELD,OOD,108,stop_intersection,False,False,False,10,1,24.86846950098369,1.894549289816304,True,False
43,D_PHASE_SHIELD,OOD,109,stop_intersection,False,False,False,10,1,21.491849208459747,1.8881686652028884,True,False
43,D_PHASE_SHIELD,OOD,110,stop_intersection,False,False,False,8,1,24.14187599532713,1.9450769123655778,True,False
43,D_PHASE_SHIELD,OOD,111,stop_intersection,False,False,False,16,1,23.409424362752972,1.66335325603458,True,False
43,D_PHASE_SHIELD,OOD,112,stop_intersection,False,False,False,19,1,24.26930612500555,1.57188452915221,True,False
43,D_PHASE_SHIELD,OOD,113,stop_intersection,False,False,False,10,1,30.69997973556484,1.507771574468775,True,False
43,D_PHASE_SHIELD,OOD,114,stop_intersection,False,False,False,11,1,24.193921598847076,1.8030504543557127,True,False
43,D_PHASE_SHIELD,OOD,115,stop_intersection,False,False,False,8,1,24.848049535735253,1.7668706072611853,True,False
43,D_PHASE_SHIELD,OOD,116,stop_intersection,False,False,False,17,1,21.806526270511817,1.7562467559825545,True,False
43,D_PHASE_SHIELD,OOD,117,stop_intersection,False,False,False,10,1,28.824726540342834,1.693005887791514,True,False
43,D_PHASE_SHIELD,OOD,118,stop_intersection,False,False,False,5,1,28.455355170865296,1.7567567567567568,True,False
43,D_PHASE_SHIELD,OOD,119,stop_intersection,False,False,False,9,1,23.980833017693453,1.9102043501428652,True,False
43,D_PHASE_SHIELD,OOD,120,stop_intersection,False,False,False,6,1,31.020784929007753,1.7452342870988342,True,False
43,D_PHASE_SHIELD,OOD,121,stop_intersection,False,False,False,14,1,21.326500607655877,1.6897224715600407,True,False
43,D_PHASE_SHIELD,OOD,122,stop_intersection,False,False,False,12,1,24.6428870841057,1.615468038594335,True,False
43,D_PHASE_SHIELD,OOD,123,stop_intersection,False,False,False,6,1,31.44612606770574,1.6548222117125988,True,False
43,D_PHASE_SHIELD,OOD,124,stop_intersection,False,False,False,13,1,28.815651616441954,1.5752394031300103,True,False
43,D_PHASE_SHIELD,OOD,125,stop_intersection,False,False,False,17,1,23.8821008850025,1.4747795771669459,True,False
43,D_PHASE_SHIELD,OOD,126,stop_intersection,False,False,False,15,1,30.96425774724623,1.517699960997139,True,False
43,D_PHASE_SHIELD,OOD,127,stop_intersection,False,False,False,16,1,28.73179750943079,1.4963463564281871,True,False
43,D_PHASE_SHIELD,OOD,128,stop_intersection,False,False,False,6,1,29.60773000572479,1.7279584577731917,True,False
43,D_PHASE_SHIELD,OOD,129,stop_intersection,False,False,False,10,1,26.77093888424883,1.7682984081598432,True,False
43,D_PHASE_SHIELD,OOD,130,stop_intersection,False,False,False,16,1,21.929771572169003,1.5524662554610604,True,False
43,D_PHASE_SHIELD,OOD,131,stop_intersection,False,False,False,7,1,24.450674105911553,2.0196484412465776,True,False
43,D_PHASE_SHIELD,OOD,132,stop_intersection,False,False,False,14,1,21.340369338789955,1.7732442195216815,True,False
43,D_PHASE_SHIELD,OOD,133,stop_intersection,False,False,False,15,1,25.05426430578435,1.580265255745991,True,False
43,D_PHASE_SHIELD,OOD,134,stop_intersection,False,False,False,6,1,26.23747612193064,1.7716155138101664,True,False
43,D_PHASE_SHIELD,OOD,135,stop_intersection,False,False,False,12,1,21.747907371753065,1.582367391986215,True,False
43,D_PHASE_SHIELD,OOD,136,stop_intersection,False,False,False,6,1,25.678201250671993,1.7726042937856539,True,False
43,D_PHASE_SHIELD,OOD,137,stop_intersection,False,False,False,9,1,31.072371653959735,1.5747245282880842,True,False
43,D_PHASE_SHIELD,OOD,138,stop_intersection,False,False,False,6,1,30.8818438569367,1.8445186840521322,True,False
43,D_PHASE_SHIELD,OOD,139,stop_intersection,False,False,False,7,1,27.705057847694306,1.681294206370655,True,False
43,D_PHASE_SHIELD,OOD,140,stop_intersection,False,False,False,12,1,25.10431015514799,1.6017569767695572,True,False
43,D_PHASE_SHIELD,OOD,141,stop_intersection,False,False,False,10,1,29.339717525675518,1.561201382341773,True,False
43,D_PHASE_SHIELD,OOD,142,stop_intersection,False,False,False,7,1,23.06669614808996,2.0292312869003837,True,False
43,D_PHASE_SHIELD,OOD,143,stop_intersection,False,False,False,11,1,27.994576147004878,1.7196034723059916,True,False
43,D_PHASE_SHIELD,OOD,144,stop_intersection,False,False,False,6,1,30.38972197410097,1.6666666666666665,True,False
43,D_PHASE_SHIELD,OOD,145,stop_intersection,False,False,False,11,1,27.476282825281217,1.8384775042533876,True,False
43,D_PHASE_SHIELD,OOD,146,stop_intersection,False,False,False,8,1,27.336103377732094,1.9405501533870222,True,False
43,D_PHASE_SHIELD,OOD,147,stop_intersection,False,False,False,10,1,21.079921490448772,1.7835956380979434,True,False
43,D_PHASE_SHIELD,OOD,148,stop_intersection,False,False,False,16,1,20.71247709772343,1.3921861314466073,True,False
43,D_PHASE_SHIELD,OOD,149,stop_intersection,False,False,False,9,1,29.171323083252776,1.7332243216343415,True,False
43,D_PHASE_SHIELD,OOD,150,stop_intersection,False,False,False,20,1,23.0123880908115,1.5384294845271802,True,False
43,D_PHASE_SHIELD,OOD,151,stop_intersection,False,False,False,10,1,23.35394373654323,1.6874979907614098,True,False
43,D_PHASE_SHIELD,OOD,152,stop_intersection,False,False,False,4,1,30.74945793444737,1.8703585863113403,True,False
43,D_PHASE_SHIELD,OOD,153,stop_intersection,False,False,False,9,1,30.256687846379766,1.6416026247831865,True,False
43,D_PHASE_SHIELD,OOD,154,stop_intersection,False,False,False,12,1,21.45769833427744,1.8873737857007145,True,False
43,D_PHASE_SHIELD,OOD,155,stop_intersection,False,False,False,7,1,24.368487343883572,1.8199830906534635,True,False
43,D_PHASE_SHIELD,OOD,156,stop_intersection,False,False,False,14,1,22.200331006784744,1.690277481103331,True,False
43,D_PHASE_SHIELD,OOD,157,stop_intersection,False,False,False,11,1,23.086486948607615,1.7837106468515436,True,False
43,D_PHASE_SHIELD,OOD,158,stop_intersection,False,False,False,12,1,30.619647799017365,1.6420334041003108,True,False
43,D_PHASE_SHIELD,OOD,159,stop_intersection,False,False,False,11,1,29.06017924998475,1.5612969959891116,True,False
43,D_PHASE_SHIELD,OOD,160,stop_intersection,False,False,False,14,1,25.602497229560818,1.6004688350099419,True,False
43,D_PHASE_SHIELD,OOD,161,stop_intersection,False,False,False,18,1,23.81845249170633,1.4427288589270217,True,False
43,D_PHASE_SHIELD,OOD,162,stop_intersection,False,False,False,12,1,27.448466514584688,1.5652474480890488,True,False
43,D_PHASE_SHIELD,OOD,163,stop_intersection,False,False,False,9,1,26.081001801178445,1.6748034769048292,True,False
43,D_PHASE_SHIELD,OOD,164,stop_intersection,False,False,False,15,1,24.250203019827303,1.5185334089883542,True,False
43,D_PHASE_SHIELD,OOD,165,stop_intersection,False,False,False,13,1,28.54079613110671,1.5156029539577887,True,False
43,D_PHASE_SHIELD,OOD,166,stop_intersection,False,False,False,10,1,26.933992555416083,1.6683177875402646,True,False
43,D_PHASE_SHIELD,OOD,167,stop_intersection,False,False,False,13,1,30.476269892636886,1.4714517329374084,True,False
43,D_PHASE_SHIELD,OOD,168,stop_intersection,False,False,False,11,1,31.209588798983667,1.5428189630196854,True,False
43,D_PHASE_SHIELD,OOD,169,stop_intersection,False,False,False,7,1,28.33802006532879,1.6920123102191167,True,False
43,D_PHASE_SHIELD,OOD,170,stop_intersection,False,False,False,12,1,20.87293392897584,1.7066532865676105,True,False
43,D_PHASE_SHIELD,OOD,171,stop_intersection,False,False,False,10,1,21.53118447200356,1.650911677393827,True,False
43,D_PHASE_SHIELD,OOD,172,stop_intersection,False,False,False,13,1,22.160512411789334,1.7502898194341578,True,False
43,D_PHASE_SHIELD,OOD,173,stop_intersection,False,False,False,13,1,28.670606174828595,1.459991270541281,True,False
43,D_PHASE_SHIELD,OOD,174,stop_intersection,False,False,False,9,1,21.91717880952151,1.859878219112202,True,False
43,D_PHASE_SHIELD,OOD,175,stop_intersection,False,False,False,6,1,27.881745047216832,1.8481763979351078,True,False
43,D_PHASE_SHIELD,OOD,176,stop_intersection,False,False,False,13,1,22.126520903391267,1.7492989129108243,True,False
43,D_PHASE_SHIELD,OOD,177,stop_intersection,False,False,False,6,1,30.41475967787232,1.8335783316029441,True,False
43,D_PHASE_SHIELD,OOD,178,stop_intersection,False,False,False,7,1,28.535999214622226,1.739877961053137,True,False
43,D_PHASE_SHIELD,OOD,179,stop_intersection,False,False,False,16,1,28.32490053974017,1.593453151214382,True,False
43,D_PHASE_SHIELD,OOD,180,stop_intersection,False,False,False,15,1,21.594312919256403,1.5459815661112466,True,False
43,D_PHASE_SHIELD,OOD,181,stop_intersection,False,False,False,7,1,31.159430292379362,1.6671384260679283,True,False
43,D_PHASE_SHIELD,OOD,182,stop_intersection,False,False,False,12,1,22.970734162946243,1.6770185989017288,True,False
43,D_PHASE_SHIELD,OOD,183,stop_intersection,False,False,False,10,1,22.106427250758042,1.7544704492677716,True,False
43,D_PHASE_SHIELD,OOD,184,stop_intersection,False,False,False,7,1,30.059403644591583,1.8405086272641231,True,False
43,D_PHASE_SHIELD,OOD,185,stop_intersection,False,False,False,17,1,26.12731113914598,1.473241165442311,True,False
43,D_PHASE_SHIELD,OOD,186,stop_intersection,False,False,False,11,1,30.268692205168445,1.567985982280369,True,False
43,D_PHASE_SHIELD,OOD,187,stop_intersection,False,False,False,9,1,27.48713153742699,1.7632613700994275,True,False
43,D_PHASE_SHIELD,OOD,188,stop_intersection,False,False,False,8,1,30.90609513750635,1.7573367479519966,True,False
43,D_PHASE_SHIELD,OOD,189,stop_intersection,False,False,False,4,1,29.72954242365831,1.8251679175429874,True,False
43,D_PHASE_SHIELD,OOD,190,stop_intersection,False,False,False,10,1,24.77347798907774,1.724645525674548,True,False
43,D_PHASE_SHIELD,OOD,191,stop_intersection,False,False,False,15,1,26.57805502615583,1.5763005389107598,True,False
43,D_PHASE_SHIELD,OOD,192,stop_intersection,False,False,False,9,1,30.143186890253524,1.5403207676239712,True,False
43,D_PHASE_SHIELD,OOD,193,stop_intersection,False,False,False,17,1,24.04656339740026,1.4761240945370109,True,False
43,D_PHASE_SHIELD,OOD,194,stop_intersection,False,False,False,13,1,26.745826513975302,1.5708836457988087,True,False
43,D_PHASE_SHIELD,OOD,195,stop_intersection,False,False,False,13,1,26.43229237427302,1.777861581100681,True,False
43,D_PHASE_SHIELD,OOD,196,stop_intersection,False,False,False,14,1,22.816645322176015,1.5120901321726188,True,False
43,D_PHASE_SHIELD,OOD,197,stop_intersection,False,False,False,12,1,29.467604558054063,1.6166185133513946,True,False
43,D_PHASE_SHIELD,OOD,198,stop_intersection,False,False,False,17,1,29.05986005917817,1.5171259302052036,True,False
43,D_PHASE_SHIELD,OOD,199,stop_intersection,False,False,False,14,1,28.24446327118742,1.4833655268505768,True,False
43,D_PHASE_SHIELD,OOD,200,lead_brake,False,False,False,0,0,33.670183582454925,8.457090175400177,True,False
43,D_PHASE_SHIELD,OOD,201,lead_brake,False,False,False,0,0,30.537552588427726,5.387597256650527,True,False
43,D_PHASE_SHIELD,OOD,202,lead_brake,False,False,False,0,0,25.679712204274676,6.8316327792902785,True,False
43,D_PHASE_SHIELD,OOD,203,lead_brake,False,False,False,0,0,30.51955190758844,6.900694375236829,True,False
43,D_PHASE_SHIELD,OOD,204,lead_brake,False,False,False,0,0,29.42212880581385,5.561214007437229,True,False
43,D_PHASE_SHIELD,OOD,205,lead_brake,False,False,False,0,0,28.198453507163098,5.510896666596333,True,False
43,D_PHASE_SHIELD,OOD,206,lead_brake,False,False,False,0,0,29.945051845745976,7.944922211269537,True,False
43,D_PHASE_SHIELD,OOD,207,lead_brake,False,False,False,0,0,32.61341025857186,8.721422309676806,True,False
43,D_PHASE_SHIELD,OOD,208,lead_brake,False,False,False,0,0,37.935122222690296,6.117000204821427,True,False
43,D_PHASE_SHIELD,OOD,209,lead_brake,False,False,False,0,0,30.428482300837,5.9236344397068015,True,False
43,D_PHASE_SHIELD,OOD,210,lead_brake,False,False,False,0,0,29.492219929666923,7.406731156011422,True,False
43,D_PHASE_SHIELD,OOD,211,lead_brake,False,False,False,0,0,36.291903254091736,8.418424023936192,True,False
43,D_PHASE_SHIELD,OOD,212,lead_brake,False,False,False,0,0,27.301177899366756,6.9597658788164445,True,False
43,D_PHASE_SHIELD,OOD,213,lead_brake,False,False,False,0,0,30.61744262564546,3.6762897732357183,True,False
43,D_PHASE_SHIELD,OOD,214,lead_brake,False,False,False,0,0,34.79456589419112,4.708224275459846,True,False
43,D_PHASE_SHIELD,OOD,215,lead_brake,False,False,False,0,0,26.51842507686871,6.981654678781826,True,False
43,D_PHASE_SHIELD,OOD,216,lead_brake,False,False,False,0,0,40.05976991173244,5.355702531834443,True,False
43,D_PHASE_SHIELD,OOD,217,lead_brake,False,False,False,0,0,34.536313640177234,8.363938562572,True,False
43,D_PHASE_SHIELD,OOD,218,lead_brake,False,False,False,0,0,26.393900275253905,3.3159354267021017,True,False
43,D_PHASE_SHIELD,OOD,219,lead_brake,False,False,False,0,0,34.223889008659725,2.7296145781874657,True,False
43,D_PHASE_SHIELD,OOD,220,lead_brake,False,False,False,0,0,35.047574430182884,4.939851862688859,True,False
43,D_PHASE_SHIELD,OOD,221,lead_brake,False,False,False,0,0,23.898821121305225,8.243208428223928,True,False
43,D_PHASE_SHIELD,OOD,222,lead_brake,False,False,False,0,0,39.61147382856806,4.978154304126898,True,False
43,D_PHASE_SHIELD,OOD,223,lead_brake,False,False,False,0,0,26.10677217744013,7.484168779104948,True,False
43,D_PHASE_SHIELD,OOD,224,lead_brake,False,False,False,0,0,31.08668023058991,8.976841378957033,True,False
43,D_PHASE_SHIELD,OOD,225,lead_brake,False,False,False,0,0,31.74239901368825,4.682032731672128,True,False
43,D_PHASE_SHIELD,OOD,226,lead_brake,False,False,False,0,0,26.971638417094923,7.980730639149745,True,False
43,D_PHASE_SHIELD,OOD,227,lead_brake,False,False,False,0,0,38.52986794326378,4.323915409545103,True,False
43,D_PHASE_SHIELD,OOD,228,lead_brake,False,False,False,0,0,39.59134478140527,6.190051556875307,True,False
43,D_PHASE_SHIELD,OOD,229,lead_brake,False,False,False,0,0,43.07836547806859,7.662228606641293,True,False
43,D_PHASE_SHIELD,OOD,230,lead_brake,False,False,False,0,0,33.929556273115814,2.9518839356799917,True,False
43,D_PHASE_SHIELD,OOD,231,lead_brake,False,False,False,0,0,35.120171046871015,3.1783871017396446,True,False
43,D_PHASE_SHIELD,OOD,232,lead_brake,False,False,False,0,0,32.64336121276974,7.110560531417529,True,False
43,D_PHASE_SHIELD,OOD,233,lead_brake,False,False,False,0,0,29.833600098725398,7.470907300710678,True,False
43,D_PHASE_SHIELD,OOD,234,lead_brake,False,False,False,0,0,28.958109819173817,7.927418565998475,True,False
43,D_PHASE_SHIELD,OOD,235,lead_brake,False,False,False,0,0,32.165712102852964,5.383427565296491,True,False
43,D_PHASE_SHIELD,OOD,236,lead_brake,False,False,False,0,0,42.524907096624396,3.297105038538575,True,False
43,D_PHASE_SHIELD,OOD,237,lead_brake,False,False,False,0,0,40.380107453044296,4.711844736089309,True,False
43,D_PHASE_SHIELD,OOD,238,lead_brake,False,False,False,0,0,26.046920342445343,7.284595939020316,True,False
43,D_PHASE_SHIELD,OOD,239,lead_brake,False,False,False,0,0,34.28290674252856,3.591466594487428,True,False
43,D_PHASE_SHIELD,OOD,240,lead_brake,False,False,False,0,0,36.71280911102891,2.0452534047265845,True,False
43,D_PHASE_SHIELD,OOD,241,lead_brake,False,False,False,0,0,25.577231383128158,3.3614270711938534,True,False
43,D_PHASE_SHIELD,OOD,242,lead_brake,False,False,False,0,0,26.797540364338815,6.415361820409695,True,False
43,D_PHASE_SHIELD,OOD,243,lead_brake,False,False,False,0,0,30.910058283871784,5.778965358932813,True,False
43,D_PHASE_SHIELD,OOD,244,lead_brake,False,False,False,0,0,41.67932770803575,6.043271039923031,True,False
43,D_PHASE_SHIELD,OOD,245,lead_brake,False,False,False,0,0,43.49722972780468,5.703265613565842,True,False
43,D_PHASE_SHIELD,OOD,246,lead_brake,False,False,False,0,0,26.653857514104256,5.7588624867300195,True,False
43,D_PHASE_SHIELD,OOD,247,lead_brake,False,False,False,0,0,31.298172089408055,7.362686275194089,True,False
43,D_PHASE_SHIELD,OOD,248,lead_brake,False,False,False,0,0,27.452343151972375,6.8857437645395585,True,False
43,D_PHASE_SHIELD,OOD,249,lead_brake,False,False,False,0,0,23.849035445141162,6.898532669991255,True,False
43,D_PHASE_SHIELD,OOD,250,lead_brake,False,False,False,0,0,33.549889509831715,2.8049548467000323,True,False
43,D_PHASE_SHIELD,OOD,251,lead_brake,False,False,False,0,0,30.83029429839166,7.850349254906177,True,False
43,D_PHASE_SHIELD,OOD,252,lead_brake,False,False,False,0,0,40.16537793337801,1.9282419433196385,True,False
43,D_PHASE_SHIELD,OOD,253,lead_brake,False,False,False,0,0,28.706778932213766,1.559037278095881,True,False
43,D_PHASE_SHIELD,OOD,254,lead_brake,False,False,False,0,0,28.052637904057114,6.166805078585942,True,False
43,D_PHASE_SHIELD,OOD,255,lead_brake,False,False,False,0,0,34.39080983897047,8.274883796771366,True,False
43,D_PHASE_SHIELD,OOD,256,lead_brake,False,False,False,0,0,24.876625004857793,5.730587288737296,True,False
43,D_PHASE_SHIELD,OOD,257,lead_brake,False,False,False,0,0,30.81583857773999,3.2663353607058525,True,False
43,D_PHASE_SHIELD,OOD,258,lead_brake,False,False,False,0,0,23.468116699616356,6.0207218900322905,True,False
43,D_PHASE_SHIELD,OOD,259,lead_brake,False,False,False,0,0,43.16269709423185,8.75061468904217,True,False
43,D_PHASE_SHIELD,OOD,260,lead_brake,False,False,False,0,0,34.649567599167405,3.833041751136382,True,False
43,D_PHASE_SHIELD,OOD,261,lead_brake,False,False,False,0,0,28.630662027569667,5.466183180610338,True,False
43,D_PHASE_SHIELD,OOD,262,lead_brake,False,False,False,0,0,38.361906833000106,7.872183348983525,True,False
43,D_PHASE_SHIELD,OOD,263,lead_brake,False,False,False,0,0,30.54260162674314,5.788805230210224,True,False
43,D_PHASE_SHIELD,OOD,264,lead_brake,False,False,False,0,0,44.64316873013975,8.484404833366472,True,False
43,D_PHASE_SHIELD,OOD,265,lead_brake,False,False,False,0,0,40.17004301342276,7.655488708366949,True,False
43,D_PHASE_SHIELD,OOD,266,lead_brake,False,False,False,0,0,32.28820471804565,8.21237623443206,True,False
43,D_PHASE_SHIELD,OOD,267,lead_brake,False,False,False,0,0,29.45757614810883,7.414107985794544,True,False
43,D_PHASE_SHIELD,OOD,268,lead_brake,False,False,False,0,0,29.11905488332083,6.842295414457718,True,False
43,D_PHASE_SHIELD,OOD,269,lead_brake,False,False,False,0,0,31.467496349642776,8.05340049540003,True,False
43,D_PHASE_SHIELD,OOD,270,lead_brake,False,False,False,0,0,25.430701424058963,7.098920367658137,True,False
43,D_PHASE_SHIELD,OOD,271,lead_brake,False,False,False,0,0,36.23181429163767,6.5063867550343275,True,False
43,D_PHASE_SHIELD,OOD,272,lead_brake,False,False,False,0,0,34.20575667728841,3.7896190596123533,True,False
43,D_PHASE_SHIELD,OOD,273,lead_brake,False,False,False,0,0,34.75716546201692,5.632697440683841,True,False
43,D_PHASE_SHIELD,OOD,274,lead_brake,False,False,False,0,0,37.19527779347756,5.382625469937921,True,False
43,D_PHASE_SHIELD,OOD,275,lead_brake,False,False,False,0,0,32.98304723989261,4.932442997892697,True,False
43,D_PHASE_SHIELD,OOD,276,lead_brake,False,False,False,0,0,28.479677969782504,4.625283889472485,True,False
43,D_PHASE_SHIELD,OOD,277,lead_brake,False,False,False,0,0,29.51579539000987,6.67904383316636,True,False
43,D_PHASE_SHIELD,OOD,278,lead_brake,False,False,False,0,0,30.05160204839279,4.968464757005373,True,False
43,D_PHASE_SHIELD,OOD,279,lead_brake,False,False,False,0,0,38.71062583193184,8.89531902099649,True,False
43,D_PHASE_SHIELD,OOD,280,lead_brake,False,False,False,0,0,30.455358099524354,8.723012642314036,True,False
43,D_PHASE_SHIELD,OOD,281,lead_brake,False,False,False,0,0,31.338802416920633,6.599303424358368,True,False
43,D_PHASE_SHIELD,OOD,282,lead_brake,False,False,False,0,0,32.15113029372496,4.154738033811251,True,False
43,D_PHASE_SHIELD,OOD,283,lead_brake,False,False,False,0,0,36.50607670739291,7.788849268108606,True,False
43,D_PHASE_SHIELD,OOD,284,lead_brake,False,False,False,0,0,25.786567562411058,9.031685904910166,True,False
43,D_PHASE_SHIELD,OOD,285,lead_brake,False,False,False,0,0,35.25590859340189,6.472860523809989,True,False
43,D_PHASE_SHIELD,OOD,286,lead_brake,False,False,False,0,0,28.970026624429348,7.710364489505689,True,False
43,D_PHASE_SHIELD,OOD,287,lead_brake,False,False,False,0,0,32.493806138001084,2.97403609380126,True,False
43,D_PHASE_SHIELD,OOD,288,lead_brake,False,False,False,0,0,26.565123332761136,4.70605901752909,True,False
43,D_PHASE_SHIELD,OOD,289,lead_brake,False,False,False,0,0,39.74748646522689,6.104338701814413,True,False
43,D_PHASE_SHIELD,OOD,290,lead_brake,False,False,False,0,0,33.63204228469642,4.663476588825384,True,False
43,D_PHASE_SHIELD,OOD,291,lead_brake,False,False,False,0,0,21.549862423092115,5.397882706175247,True,False
43,D_PHASE_SHIELD,OOD,292,lead_brake,False,False,False,0,0,36.07006173386265,3.9099626056849957,True,False
43,D_PHASE_SHIELD,OOD,293,lead_brake,False,False,False,0,0,25.34911817545376,9.054495479911566,True,False
43,D_PHASE_SHIELD,OOD,294,lead_brake,False,False,False,0,0,26.610937920269482,6.753551863133907,True,False
43,D_PHASE_SHIELD,OOD,295,lead_brake,False,False,False,0,0,28.157368586510405,5.92674725378553,True,False
43,D_PHASE_SHIELD,OOD,296,lead_brake,False,False,False,0,0,35.5320222152697,7.758152676125367,True,False
43,D_PHASE_SHIELD,OOD,297,lead_brake,False,False,False,0,0,38.92820289637949,2.4698208458721638,True,False
43,D_PHASE_SHIELD,OOD,298,lead_brake,False,False,False,0,0,21.133997457197335,7.283694001535574,True,False
43,D_PHASE_SHIELD,OOD,299,lead_brake,False,False,False,0,0,25.588805463437403,5.584793436030547,True,False
44,A_STATE,ID,0,crosswalk,False,False,False,0,0,29.287896146248958,2.205874215472828,True,False
44,A_STATE,ID,1,crosswalk,False,False,False,0,0,37.582829944829896,0.9192089049611241,True,False
44,A_STATE,ID,2,crosswalk,False,False,False,0,0,28.186944131639596,2.6142948160046022,True,False
44,A_STATE,ID,3,crosswalk,False,False,False,0,0,32.45220592426997,2.2524126015958332,True,False
44,A_STATE,ID,4,crosswalk,False,False,False,0,0,33.71134465363328,2.2922943261536686,True,False
44,A_STATE,ID,5,crosswalk,False,False,False,0,0,28.114921044970618,1.9724142810572747,True,False
44,A_STATE,ID,6,crosswalk,False,False,False,0,0,36.408906071193194,0.3723357119799956,True,False
44,A_STATE,ID,7,crosswalk,False,False,False,0,0,37.31621658136861,2.067323916902145,True,False
44,A_STATE,ID,8,crosswalk,False,False,False,0,0,27.282934101669667,1.9278145873028298,True,False
44,A_STATE,ID,9,crosswalk,False,False,False,0,0,33.87472789931545,1.8273857303641057,True,False
44,A_STATE,ID,10,crosswalk,False,False,False,0,0,36.105034200223145,1.9036802843860958,True,False
44,A_STATE,ID,11,crosswalk,False,False,False,0,0,33.58589522779255,2.0770221886535487,True,False
44,A_STATE,ID,12,crosswalk,False,False,False,0,0,29.402365175249184,1.24051546305418,True,False
44,A_STATE,ID,13,crosswalk,False,False,False,0,0,31.388855384445428,1.5881213934525198,True,False
44,A_STATE,ID,14,crosswalk,False,False,False,0,0,29.601020498498592,2.2077308188785203,True,False
44,A_STATE,ID,15,crosswalk,False,False,False,0,0,34.39335443798616,0.35425515157049114,True,False
44,A_STATE,ID,16,crosswalk,False,False,False,0,0,28.280752737940187,2.2740753465577175,True,False
44,A_STATE,ID,17,crosswalk,False,False,False,0,0,26.692806270318858,2.2378154028029664,True,False
44,A_STATE,ID,18,crosswalk,False,False,False,0,0,35.34927122031038,1.6085162957791577,True,False
44,A_STATE,ID,19,crosswalk,False,False,False,0,0,37.87731438036266,0.5023178279710313,True,False
44,A_STATE,ID,20,crosswalk,False,False,False,0,0,31.196078529365778,1.93656359400068,True,False
44,A_STATE,ID,21,crosswalk,False,False,False,0,0,31.51155917252215,1.5657879276709121,True,False
44,A_STATE,ID,22,crosswalk,False,False,False,0,0,27.852725997611707,1.7298932787444856,True,False
44,A_STATE,ID,23,crosswalk,False,False,False,0,0,34.67785979991446,0.3918117898601023,True,False
44,A_STATE,ID,24,crosswalk,False,False,False,0,0,27.550673185960736,1.678892711275502,True,False
44,A_STATE,ID,25,crosswalk,False,False,False,0,0,28.825739903829017,1.817098203159514,True,False
44,A_STATE,ID,26,crosswalk,False,False,False,0,0,27.124598663752174,2.517903376566736,True,False
44,A_STATE,ID,27,crosswalk,False,False,False,0,0,31.414303459561964,1.9821266333262124,True,False
44,A_STATE,ID,28,crosswalk,False,False,False,0,0,35.03862749596853,1.2031664288687434,True,False
44,A_STATE,ID,29,crosswalk,False,False,False,0,0,28.919103351627108,2.4415779262781143,True,False
44,A_STATE,ID,30,crosswalk,False,False,False,0,0,31.930692573136774,0.6721957832236182,True,False
44,A_STATE,ID,31,crosswalk,False,False,False,0,0,27.92946667481505,1.9465930306393167,True,False
44,A_STATE,ID,32,crosswalk,False,False,False,0,0,38.34403275680969,1.6125746692220368,True,False
44,A_STATE,ID,33,crosswalk,False,False,False,0,0,31.583990966073806,0.3586507122963667,True,False
44,A_STATE,ID,34,crosswalk,False,False,False,0,0,35.31135706154855,0.7760037539992481,True,False
44,A_STATE,ID,35,crosswalk,False,False,False,0,0,28.704963855879335,1.978310476178708,True,False
44,A_STATE,ID,36,crosswalk,False,False,False,0,0,37.429477962625015,0.3412949796766042,True,False
44,A_STATE,ID,37,crosswalk,False,False,False,0,0,31.39384109699398,2.284296784888614,True,False
44,A_STATE,ID,38,crosswalk,False,False,False,0,0,34.38213475285857,2.062865744034449,True,False
44,A_STATE,ID,39,crosswalk,False,False,False,0,0,28.37813241163409,1.6715829223394392,True,False
44,A_STATE,ID,40,crosswalk,False,False,False,0,0,33.11799370940553,0.46108191427977185,True,False
44,A_STATE,ID,41,crosswalk,False,False,False,0,0,34.934941494110035,1.5232573716308584,True,False
44,A_STATE,ID,42,crosswalk,False,False,False,0,0,37.73054570516897,0.45643971612056095,True,False
44,A_STATE,ID,43,crosswalk,False,False,False,0,0,30.79903163242318,1.9091147184371948,True,False
44,A_STATE,ID,44,crosswalk,False,False,False,0,0,31.147465600213575,1.6501926879088082,True,False
44,A_STATE,ID,45,crosswalk,False,False,False,0,0,35.29380382336905,0.8194089987470458,True,False
44,A_STATE,ID,46,crosswalk,False,False,False,0,0,30.622856059986795,2.2554362633011555,True,False
44,A_STATE,ID,47,crosswalk,False,False,False,0,0,27.74228092545204,0.6638950929045676,True,False
44,A_STATE,ID,48,crosswalk,False,False,False,0,0,34.1809142977523,0.31987110734917223,True,False
44,A_STATE,ID,49,crosswalk,False,False,False,0,0,37.27692952540873,0.3944587124430615,True,False
44,A_STATE,ID,50,crosswalk,False,False,False,0,0,30.005350079361584,2.1216776818037033,True,False
44,A_STATE,ID,51,crosswalk,False,False,False,0,0,29.695691476275933,0.3390935418151673,True,False
44,A_STATE,ID,52,crosswalk,False,False,False,0,0,37.620152403964134,0.3478647585958242,True,False
44,A_STATE,ID,53,crosswalk,False,False,False,0,0,37.27249610082669,0.8171440478414297,True,False
44,A_STATE,ID,54,crosswalk,False,False,False,0,0,36.660748954753906,0.34337402544915674,True,False
44,A_STATE,ID,55,crosswalk,False,False,False,0,0,33.990573510742315,1.8329206244512037,True,False
44,A_STATE,ID,56,crosswalk,False,False,False,0,0,30.663910580291336,2.2387123675573437,True,False
44,A_STATE,ID,57,crosswalk,False,False,False,0,0,33.17743245869677,2.312270084565336,True,False
44,A_STATE,ID,58,crosswalk,False,False,False,0,0,35.20780176381324,0.9011081893644902,True,False
44,A_STATE,ID,59,crosswalk,False,False,False,0,0,36.10166040912756,0.32564837895333765,True,False
44,A_STATE,ID,60,crosswalk,False,False,False,0,0,36.31709835126664,2.0655789226293564,True,False
44,A_STATE,ID,61,crosswalk,False,False,False,0,0,36.62595586638237,0.33931779228150843,True,False
44,A_STATE,ID,62,crosswalk,False,False,False,0,0,32.25464791670751,2.29877656833692,True,False
44,A_STATE,ID,63,crosswalk,False,False,False,0,0,31.657653332859923,0.8997079730033875,True,False
44,A_STATE,ID,64,crosswalk,False,False,False,0,0,28.955542879640596,2.0434025824069977,True,False
44,A_STATE,ID,65,crosswalk,False,False,False,0,0,36.96555392529297,1.8324289098381996,True,False
44,A_STATE,ID,66,crosswalk,False,False,False,0,0,33.02928968497243,1.039926324128395,True,False
44,A_STATE,ID,67,crosswalk,False,False,False,0,0,29.44894437178033,0.44029340147972107,True,False
44,A_STATE,ID,68,crosswalk,False,False,False,0,0,31.58377121684078,0.3304177183996547,True,False
44,A_STATE,ID,69,crosswalk,False,False,False,0,0,30.4259809540525,1.9558102140823999,True,False
44,A_STATE,ID,70,crosswalk,False,False,False,0,0,38.4673337034941,0.4337635574241479,True,False
44,A_STATE,ID,71,crosswalk,False,False,False,0,0,34.88544089554746,0.33705249389943975,True,False
44,A_STATE,ID,72,crosswalk,False,False,False,0,0,36.18375049476036,0.36988787935115397,True,False
44,A_STATE,ID,73,crosswalk,False,False,False,0,0,32.7971844520888,1.8256263231689278,True,False
44,A_STATE,ID,74,crosswalk,False,False,False,0,0,36.32435868009313,0.3851970405473063,True,False
44,A_STATE,ID,75,crosswalk,False,False,False,0,0,34.45884464590496,1.6839686848900532,True,False
44,A_STATE,ID,76,crosswalk,False,False,False,0,0,35.6528967931366,0.3548729345978548,True,False
44,A_STATE,ID,77,crosswalk,False,False,False,0,0,35.3379313268252,1.7993496697057376,True,False
44,A_STATE,ID,78,crosswalk,False,False,False,0,0,33.63005278881202,2.0431640247503915,True,False
44,A_STATE,ID,79,crosswalk,False,False,False,0,0,34.607722667294425,1.9553115380846935,True,False
44,A_STATE,ID,80,crosswalk,False,False,False,0,0,30.54469798010424,0.345755751643862,True,False
44,A_STATE,ID,81,crosswalk,False,False,False,0,0,32.73346227971639,2.304919978434389,True,False
44,A_STATE,ID,82,crosswalk,False,False,False,0,0,35.988609052393684,2.1023864361147084,True,False
44,A_STATE,ID,83,crosswalk,False,False,False,0,0,37.318391108764374,0.34079680613313723,True,False
44,A_STATE,ID,84,crosswalk,False,False,False,0,0,32.17095318847514,1.5850039798280464,True,False
44,A_STATE,ID,85,crosswalk,False,False,False,0,0,33.60763208356209,0.46187255827879364,True,False
44,A_STATE,ID,86,crosswalk,False,False,False,0,0,28.352872136390058,1.788687992095947,True,False
44,A_STATE,ID,87,crosswalk,False,False,False,0,0,34.887606705735806,1.0075015840785844,True,False
44,A_STATE,ID,88,crosswalk,False,False,False,0,0,30.730414122382623,2.1192900771680083,True,False
44,A_STATE,ID,89,crosswalk,False,False,False,0,0,33.510206025975975,0.3299159973697817,True,False
44,A_STATE,ID,90,crosswalk,False,False,False,0,0,27.978501703751316,0.583945207297802,True,False
44,A_STATE,ID,91,crosswalk,False,False,False,0,0,27.924286831345235,2.1081110564145176,True,False
44,A_STATE,ID,92,crosswalk,False,False,False,0,0,38.530166509854375,0.5812040165714596,True,False
44,A_STATE,ID,93,crosswalk,False,False,False,0,0,30.707118788287282,1.9658046836654344,True,False
44,A_STATE,ID,94,crosswalk,False,False,False,0,0,31.57175835294531,1.998723837591353,True,False
44,A_STATE,ID,95,crosswalk,False,False,False,0,0,30.86056301578413,0.32624635506759986,True,False
44,A_STATE,ID,96,crosswalk,False,False,False,0,0,27.63124563042613,2.397874929010868,True,False
44,A_STATE,ID,97,crosswalk,False,False,False,0,0,37.91292511799893,0.5169047855843718,True,False
44,A_STATE,ID,98,crosswalk,False,False,False,0,0,29.86651380085327,2.423612232270994,True,False
44,A_STATE,ID,99,crosswalk,False,False,False,0,0,31.093503320216612,0.7683964292518793,True,False
44,A_STATE,ID,100,stop_intersection,False,False,False,0,1,26.052687646207342,1.3291829018979457,True,False
44,A_STATE,ID,101,stop_intersection,False,False,False,0,1,31.26022702754951,1.1912804274331956,True,False
44,A_STATE,ID,102,stop_intersection,False,False,False,0,1,26.075280224640558,1.3365232944488525,True,False
44,A_STATE,ID,103,stop_intersection,False,False,False,0,1,28.79403445217034,1.2750120957692463,True,False
44,A_STATE,ID,104,stop_intersection,False,False,False,0,1,26.994027037297748,1.2330718988027327,True,False
44,A_STATE,ID,105,stop_intersection,False,False,False,0,1,31.171428856033526,1.1693398441587175,True,False
44,A_STATE,ID,106,stop_intersection,False,False,False,0,1,32.20525209946118,1.1879236357552665,True,False
44,A_STATE,ID,107,stop_intersection,False,False,False,0,1,29.910797054072866,1.3253174225489297,True,False
44,A_STATE,ID,108,stop_intersection,False,False,False,0,1,31.845820855681268,1.3053258657455442,True,False
44,A_STATE,ID,109,stop_intersection,False,False,False,0,1,33.29044226590571,1.198446695194688,True,False
44,A_STATE,ID,110,stop_intersection,False,False,False,0,1,28.688537969958084,1.3526877604032816,True,False
44,A_STATE,ID,111,stop_intersection,False,False,False,0,1,35.55606387118391,1.2308386176131492,True,False
44,A_STATE,ID,112,stop_intersection,False,False,False,0,1,35.62310333999346,1.250762052314226,True,False
44,A_STATE,ID,113,stop_intersection,False,False,False,0,1,35.37773406059654,1.247363575669222,True,False
44,A_STATE,ID,114,stop_intersection,False,False,False,0,1,35.23762761322691,1.2504772391430166,True,False
44,A_STATE,ID,115,stop_intersection,False,False,False,0,1,36.78072529608316,1.2270190410835797,True,False
44,A_STATE,ID,116,stop_intersection,False,False,False,0,1,30.82946996789125,1.3243316228573137,True,False
44,A_STATE,ID,117,stop_intersection,False,False,False,0,1,27.446641786995343,1.299441237198679,True,False
44,A_STATE,ID,118,stop_intersection,False,False,False,0,1,31.38371173823178,1.3460164498060179,True,False
44,A_STATE,ID,119,stop_intersection,False,False,False,0,1,34.56698403874593,1.2646916082927158,True,False
44,A_STATE,ID,120,stop_intersection,False,False,False,0,1,36.84845451883186,1.283599024727231,True,False
44,A_STATE,ID,121,stop_intersection,False,False,False,0,1,35.88352502309839,1.2412200140398602,True,False
44,A_STATE,ID,122,stop_intersection,False,False,False,0,1,32.521905151905315,1.1499212508977845,True,False
44,A_STATE,ID,123,stop_intersection,False,False,False,0,1,26.34226882804326,1.3257918808911298,True,False
44,A_STATE,ID,124,stop_intersection,False,False,False,0,1,33.716119066111716,1.1989683605903803,True,False
44,A_STATE,ID,125,stop_intersection,False,False,False,0,1,35.088509096616036,1.249735000587645,True,False
44,A_STATE,ID,126,stop_intersection,False,False,False,0,1,38.195923264040616,1.1717182795206704,True,False
44,A_STATE,ID,127,stop_intersection,False,False,False,0,1,26.933213956613372,1.355415002719776,True,False
44,A_STATE,ID,128,stop_intersection,False,False,False,0,1,33.095076729260384,1.3050603285068418,True,False
44,A_STATE,ID,129,stop_intersection,False,False,False,0,1,34.63333616762819,1.2642673935209,True,False
44,A_STATE,ID,130,stop_intersection,False,False,False,0,1,26.486913410039477,1.2287669151257246,True,False
44,A_STATE,ID,131,stop_intersection,False,False,False,0,1,27.616216978925877,1.3661516679299845,True,False
44,A_STATE,ID,132,stop_intersection,False,False,False,0,1,32.342448538677765,1.2994564161068056,True,False
44,A_STATE,ID,133,stop_intersection,False,False,False,0,1,30.315225772004233,1.1962987446203464,True,False
44,A_STATE,ID,134,stop_intersection,False,False,False,0,1,37.93652981317844,1.239851184866645,True,False
44,A_STATE,ID,135,stop_intersection,False,False,False,0,1,31.369215577176284,1.2975376695394516,True,False
44,A_STATE,ID,136,stop_intersection,False,False,False,0,1,35.67580919439288,1.17077345197851,True,False
44,A_STATE,ID,137,stop_intersection,False,False,False,0,1,31.029638206688254,1.2266314901956696,True,False
44,A_STATE,ID,138,stop_intersection,False,False,False,0,1,32.56830002392072,1.1963310411998203,True,False
44,A_STATE,ID,139,stop_intersection,False,False,False,0,1,30.42154278600475,1.2664579451084137,True,False
44,A_STATE,ID,140,stop_intersection,False,False,False,0,1,37.741910751897336,1.179598893808282,True,False
44,A_STATE,ID,141,stop_intersection,False,False,False,0,1,36.922863479147644,1.2387635818747587,True,False
44,A_STATE,ID,142,stop_intersection,False,False,False,0,1,34.991423574413545,1.2006210061636837,True,False
44,A_STATE,ID,143,stop_intersection,False,False,False,0,1,26.206327132249058,1.3430803369831394,True,False
44,A_STATE,ID,144,stop_intersection,False,False,False,0,1,28.904409430364094,1.2156710475683212,True,False
44,A_STATE,ID,145,stop_intersection,False,False,False,0,1,35.73853913528965,1.2485714185805548,True,False
44,A_STATE,ID,146,stop_intersection,False,False,False,0,1,35.99103780764029,1.135301907857259,True,False
44,A_STATE,ID,147,stop_intersection,False,False,False,0,1,31.272776427184912,1.2301147856363435,True,False
44,A_STATE,ID,148,stop_intersection,False,False,False,0,1,32.99484292188377,1.2466574850536527,True,False
44,A_STATE,ID,149,stop_intersection,False,False,False,0,1,35.59215807241198,1.269697518575759,True,False
44,A_STATE,ID,150,stop_intersection,False,False,False,0,1,33.87124256192155,1.2230122373217627,True,False
44,A_STATE,ID,151,stop_intersection,False,False,False,0,1,26.96176456520336,1.3792534776636072,True,False
44,A_STATE,ID,152,stop_intersection,False,False,False,0,1,27.557520138581452,1.2961013379849886,True,False
44,A_STATE,ID,153,stop_intersection,False,False,False,0,1,33.743893695252176,1.2679506801977392,True,False
44,A_STATE,ID,154,stop_intersection,False,False,False,0,1,34.31038635419388,1.2077808102896046,True,False
44,A_STATE,ID,155,stop_intersection,False,False,False,0,1,29.27492401415857,1.2920089868398812,True,False
44,A_STATE,ID,156,stop_intersection,False,False,False,0,1,33.1443922084277,1.1595767597819484,True,False
44,A_STATE,ID,157,stop_intersection,False,False,False,0,1,35.543956380355425,1.2303196571090003,True,False
44,A_STATE,ID,158,stop_intersection,False,False,False,0,1,34.97641806731854,1.2742590336572557,True,False
44,A_STATE,ID,159,stop_intersection,False,False,False,0,1,30.838612269944633,1.2689143866300583,True,False
44,A_STATE,ID,160,stop_intersection,False,False,False,0,1,37.90451359208174,1.2722948470781015,True,False
44,A_STATE,ID,161,stop_intersection,False,False,False,0,1,30.068205299516713,1.342020462720822,True,False
44,A_STATE,ID,162,stop_intersection,False,False,False,0,1,36.64685843962915,1.2303827252498893,True,False
44,A_STATE,ID,163,stop_intersection,False,False,False,0,1,31.99774296646042,1.3017474561929703,True,False
44,A_STATE,ID,164,stop_intersection,False,False,False,0,1,27.315630057162018,1.3041250329268606,True,False
44,A_STATE,ID,165,stop_intersection,False,False,False,0,1,32.55765504033083,1.335235923528671,True,False
44,A_STATE,ID,166,stop_intersection,False,False,False,0,1,38.07441055067716,1.2095348130572925,True,False
44,A_STATE,ID,167,stop_intersection,False,False,False,0,1,28.021988172625278,1.264659869365203,True,False
44,A_STATE,ID,168,stop_intersection,False,False,False,0,1,34.8889067293564,1.1877114273781,True,False
44,A_STATE,ID,169,stop_intersection,False,False,False,0,1,34.77578270455952,1.2696064972295995,True,False
44,A_STATE,ID,170,stop_intersection,False,False,False,0,1,29.63093963186529,1.2529407292604446,True,False
44,A_STATE,ID,171,stop_intersection,False,False,False,0,1,29.06427595163293,1.3686737575029073,True,False
44,A_STATE,ID,172,stop_intersection,False,False,False,0,1,27.969100959899137,1.339675376289769,True,False
44,A_STATE,ID,173,stop_intersection,False,False,False,0,1,27.88696590371928,1.2530142221695335,True,False
44,A_STATE,ID,174,stop_intersection,False,False,False,0,1,34.093479338644826,1.1532195725224235,True,False
44,A_STATE,ID,175,stop_intersection,False,False,False,0,1,27.047118361723484,1.2353281180063884,True,False
44,A_STATE,ID,176,stop_intersection,False,False,False,0,1,36.09547862476213,1.251929762751557,True,False
44,A_STATE,ID,177,stop_intersection,False,False,False,0,1,30.10349939489437,1.3022541999816895,True,False
44,A_STATE,ID,178,stop_intersection,False,False,False,0,1,28.432984766788323,1.2062565386295316,True,False
44,A_STATE,ID,179,stop_intersection,False,False,False,0,1,29.722548018751027,1.1923792449439443,True,False
44,A_STATE,ID,180,stop_intersection,False,False,False,0,1,31.296391780314416,1.3076815605163574,True,False
44,A_STATE,ID,181,stop_intersection,False,False,False,0,1,34.939443061071955,1.2469784560657682,True,False
44,A_STATE,ID,182,stop_intersection,False,False,False,0,1,30.34589419120409,1.2870927155017853,True,False
44,A_STATE,ID,183,stop_intersection,False,False,False,0,1,35.05782494392706,1.2254357615182565,True,False
44,A_STATE,ID,184,stop_intersection,False,False,False,0,1,33.42998922324047,1.1832960816316824,True,False
44,A_STATE,ID,185,stop_intersection,False,False,False,0,1,36.417938849596645,1.2271024182785388,True,False
44,A_STATE,ID,186,stop_intersection,False,False,False,0,1,34.865071515910884,1.1862134391611272,True,False
44,A_STATE,ID,187,stop_intersection,False,False,False,0,1,36.93108678663109,1.2297683538392532,True,False
44,A_STATE,ID,188,stop_intersection,False,False,False,0,1,29.32796688794782,1.2803149528992481,True,False
44,A_STATE,ID,189,stop_intersection,False,False,False,0,1,35.03404533282945,1.1862253033837606,True,False
44,A_STATE,ID,190,stop_intersection,False,False,False,0,1,35.61650028335237,1.1692202904007651,True,False
44,A_STATE,ID,191,stop_intersection,False,False,False,0,1,31.385070540650716,1.2648647725582123,True,False
44,A_STATE,ID,192,stop_intersection,False,False,False,0,1,31.017587440787455,1.3019270163315992,True,False
44,A_STATE,ID,193,stop_intersection,False,False,False,0,1,28.840505994287668,1.2730441032311852,True,False
44,A_STATE,ID,194,stop_intersection,False,False,False,0,1,29.805516022854803,1.2959941992392905,True,False
44,A_STATE,ID,195,stop_intersection,False,False,False,0,1,35.03245873035955,1.1650879274715076,True,False
44,A_STATE,ID,196,stop_intersection,False,False,False,0,1,28.055180233133704,1.2775918000783675,True,False
44,A_STATE,ID,197,stop_intersection,False,False,False,0,1,27.5849793944087,1.282599505625273,True,False
44,A_STATE,ID,198,stop_intersection,False,False,False,0,1,27.886082632594775,1.234449423276461,True,False
44,A_STATE,ID,199,stop_intersection,False,False,False,0,1,37.27659011753289,1.2709852013477059,True,False
44,A_STATE,ID,200,lead_brake,False,False,False,0,0,76.24204742798305,0.27282361686229706,True,False
44,A_STATE,ID,201,lead_brake,False,False,False,0,0,84.36158458884691,0.5892384151617686,True,False
44,A_STATE,ID,202,lead_brake,False,False,False,0,0,64.04514032455003,0.34355776477605104,True,False
44,A_STATE,ID,203,lead_brake,False,False,False,0,0,62.13286270146267,6.422844146688778,True,False
44,A_STATE,ID,204,lead_brake,False,False,False,0,0,86.22518873330209,0.3401971484224001,True,False
44,A_STATE,ID,205,lead_brake,False,False,False,0,0,62.774079824307,7.806072120865186,True,False
44,A_STATE,ID,206,lead_brake,False,False,False,0,0,76.18930623571183,0.611541986465454,True,False
44,A_STATE,ID,207,lead_brake,False,False,False,0,0,73.58782569721164,0.2354139139254888,True,False
44,A_STATE,ID,208,lead_brake,False,False,False,0,0,78.35759491436106,0.30602193872133887,True,False
44,A_STATE,ID,209,lead_brake,False,False,False,0,0,59.7406333068639,0.6986469548816482,True,False
44,A_STATE,ID,210,lead_brake,False,False,False,0,0,62.37715409948743,6.648082807660103,True,False
44,A_STATE,ID,211,lead_brake,False,False,False,0,0,77.50747409273733,0.2340447927514712,True,False
44,A_STATE,ID,212,lead_brake,False,False,False,0,0,78.07796261582413,0.9731765339771906,True,False
44,A_STATE,ID,213,lead_brake,False,False,False,0,0,54.35877504406739,0.7293706436951954,True,False
44,A_STATE,ID,214,lead_brake,False,False,False,0,0,92.11601759296383,0.24006040145953494,True,False
44,A_STATE,ID,215,lead_brake,False,False,False,0,0,66.31858283524049,0.45869234452644986,True,False
44,A_STATE,ID,216,lead_brake,False,False,False,0,0,60.12928782467159,7.940594787398974,True,False
44,A_STATE,ID,217,lead_brake,False,False,False,0,0,60.37585079509,1.1964602169270315,True,False
44,A_STATE,ID,218,lead_brake,False,False,False,0,0,62.14406291512941,0.5174915542205174,True,False
44,A_STATE,ID,219,lead_brake,False,False,False,0,0,76.30101392891139,0.28366790215174353,True,False
44,A_STATE,ID,220,lead_brake,False,False,False,0,0,54.8213543423746,0.9880013543491563,True,False
44,A_STATE,ID,221,lead_brake,False,False,False,0,0,52.85175284773791,5.211018195065359,True,False
44,A_STATE,ID,222,lead_brake,False,False,False,0,0,83.26858951175268,0.26797333856423694,True,False
44,A_STATE,ID,223,lead_brake,False,False,False,0,0,66.98139868227834,0.4594079401964943,True,False
44,A_STATE,ID,224,lead_brake,False,False,False,0,0,71.04675594055824,0.41104366878668464,True,False
44,A_STATE,ID,225,lead_brake,False,False,False,0,0,95.82143511682753,0.2615673964222272,True,False
44,A_STATE,ID,226,lead_brake,False,False,False,0,0,65.2504727117245,0.5559680533284942,True,False
44,A_STATE,ID,227,lead_brake,False,False,False,0,0,97.33804421955381,0.23830324411392212,True,False
44,A_STATE,ID,228,lead_brake,False,False,False,0,0,74.41196624453173,0.729757641752561,True,False
44,A_STATE,ID,229,lead_brake,False,False,False,0,0,68.92206778567055,0.41354509443044657,True,False
44,A_STATE,ID,230,lead_brake,False,False,False,0,0,84.44933692712338,0.17471485833326975,True,False
44,A_STATE,ID,231,lead_brake,False,False,False,0,0,94.0587322090927,0.15480749557415643,True,False
44,A_STATE,ID,232,lead_brake,False,False,False,0,0,78.3259832825527,0.5479130744934082,True,False
44,A_STATE,ID,233,lead_brake,False,False,False,0,0,60.83342477025187,7.365595460248489,True,False
44,A_STATE,ID,234,lead_brake,False,False,False,0,0,64.8475021262175,0.655444766084353,True,False
44,A_STATE,ID,235,lead_brake,False,False,False,0,0,94.97463565077321,0.21478638301293054,True,False
44,A_STATE,ID,236,lead_brake,False,False,False,0,0,76.00646080157266,0.2795523703098297,True,False
44,A_STATE,ID,237,lead_brake,False,False,False,0,0,55.97086366458431,0.7033885593215624,True,False
44,A_STATE,ID,238,lead_brake,False,False,False,0,0,73.07441058754301,0.6886567200223604,True,False
44,A_STATE,ID,239,lead_brake,False,False,False,0,0,75.26201575958184,0.9278945898016294,True,False
44,A_STATE,ID,240,lead_brake,False,False,False,0,0,73.91878785697023,0.6925585294763246,True,False
44,A_STATE,ID,241,lead_brake,False,False,False,0,0,55.18283689642224,0.8071970666448275,True,False
44,A_STATE,ID,242,lead_brake,False,False,False,0,0,92.28120929627471,0.2583834181229273,True,False
44,A_STATE,ID,243,lead_brake,False,False,False,0,0,94.07606980270458,0.2991880774497986,True,False
44,A_STATE,ID,244,lead_brake,False,False,False,0,0,60.80845930009467,1.3960855823631086,True,False
44,A_STATE,ID,245,lead_brake,False,False,False,0,0,68.2262722547089,0.6888476433232427,True,False
44,A_STATE,ID,246,lead_brake,False,False,False,0,0,69.78507250622008,0.24113156894842783,True,False
44,A_STATE,ID,247,lead_brake,False,False,False,0,0,67.7265208101779,0.4100256562232971,True,False
44,A_STATE,ID,248,lead_brake,False,False,False,0,0,57.02555186958509,8.504950024187565,True,False
44,A_STATE,ID,249,lead_brake,False,False,False,0,0,60.66654972971229,0.5943766484657923,True,False
44,A_STATE,ID,250,lead_brake,False,False,False,0,0,62.79931197872045,4.308042861831685,True,False
44,A_STATE,ID,251,lead_brake,False,False,False,0,0,63.62955919114825,0.9277108712121843,True,False
44,A_STATE,ID,252,lead_brake,False,False,False,0,0,82.16425885686354,0.2916603162884712,True,False
44,A_STATE,ID,253,lead_brake,False,False,False,0,0,90.61720738623062,0.13611549884080887,True,False
44,A_STATE,ID,254,lead_brake,False,False,False,0,0,57.65113274366322,1.7873330963775516,True,False
44,A_STATE,ID,255,lead_brake,False,False,False,0,0,69.44120976872267,0.9247883409261703,True,False
44,A_STATE,ID,256,lead_brake,False,False,False,0,0,61.18817320388782,1.048525849978129,True,False
44,A_STATE,ID,257,lead_brake,False,False,False,0,0,95.33180630363564,0.24286230901877084,True,False
44,A_STATE,ID,258,lead_brake,False,False,False,0,0,71.78162357526355,0.48485635189960397,True,False
44,A_STATE,ID,259,lead_brake,False,False,False,0,0,97.61560116183007,0.1327526917060216,True,False
44,A_STATE,ID,260,lead_brake,False,False,False,0,0,57.288485425192015,0.5291837751865387,True,False
44,A_STATE,ID,261,lead_brake,False,False,False,0,0,68.80741451656988,0.7823389371236165,True,False
44,A_STATE,ID,262,lead_brake,False,False,False,0,0,54.43908736991619,1.1435467650492985,True,False
44,A_STATE,ID,263,lead_brake,False,False,False,0,0,60.58493048637545,0.9690690664574504,True,False
44,A_STATE,ID,264,lead_brake,False,False,False,0,0,93.23470376330589,0.3276349306106567,True,False
44,A_STATE,ID,265,lead_brake,False,False,False,0,0,86.9666829020581,0.21802946149061123,True,False
44,A_STATE,ID,266,lead_brake,False,False,False,0,0,66.59346289354396,0.32725187111645937,True,False
44,A_STATE,ID,267,lead_brake,False,False,False,0,0,79.7998548937483,0.28987032175064087,True,False
44,A_STATE,ID,268,lead_brake,False,False,False,0,0,60.88396388253615,0.4232007165749867,True,False
44,A_STATE,ID,269,lead_brake,False,False,False,0,0,70.27155910603878,0.8262194320559502,True,False
44,A_STATE,ID,270,lead_brake,False,False,False,0,0,78.78510787019378,0.9059830059607823,True,False
44,A_STATE,ID,271,lead_brake,False,False,False,0,0,69.33633560444116,0.5610863044857979,True,False
44,A_STATE,ID,272,lead_brake,False,False,False,0,0,87.33151707898645,0.25149456908305484,True,False
44,A_STATE,ID,273,lead_brake,False,False,False,0,0,61.33976697648012,0.9967744570846357,True,False
44,A_STATE,ID,274,lead_brake,False,False,False,0,0,95.18220378254811,0.2889564136664073,True,False
44,A_STATE,ID,275,lead_brake,False,False,False,0,0,85.36560071453457,0.22191732873519263,True,False
44,A_STATE,ID,276,lead_brake,False,False,False,0,0,59.70289239997022,0.43570665021737415,True,False
44,A_STATE,ID,277,lead_brake,False,False,False,0,0,76.60523606951052,0.1597523959353566,True,False
44,A_STATE,ID,278,lead_brake,False,False,False,0,0,81.4061999833311,0.24546690750867128,True,False
44,A_STATE,ID,279,lead_brake,False,False,False,0,0,90.9913435661308,0.27552111943562824,True,False
44,A_STATE,ID,280,lead_brake,False,False,False,0,0,82.01427931656796,0.22258018205563226,True,False
44,A_STATE,ID,281,lead_brake,False,False,False,0,0,82.67996539637171,0.20475810021162033,True,False
44,A_STATE,ID,282,lead_brake,False,False,False,0,0,87.75287955378235,0.2097011903921763,True,False
44,A_STATE,ID,283,lead_brake,False,False,False,0,0,56.50964295912172,5.974246010805169,True,False
44,A_STATE,ID,284,lead_brake,False,False,False,0,0,85.39170298635959,0.2906545177102089,True,False
44,A_STATE,ID,285,lead_brake,False,False,False,0,0,71.07520179249518,0.5814828549822171,True,False
44,A_STATE,ID,286,lead_brake,False,False,False,0,0,92.42521946627035,0.24277264624834058,True,False
44,A_STATE,ID,287,lead_brake,False,False,False,0,0,76.05284382828422,1.384406007826328,True,False
44,A_STATE,ID,288,lead_brake,False,False,False,0,0,67.9439105612363,0.7584890549381574,True,False
44,A_STATE,ID,289,lead_brake,False,False,False,0,0,61.16056424495699,1.2614373362933595,True,False
44,A_STATE,ID,290,lead_brake,False,False,False,0,0,95.54344110157835,0.27623336513837177,True,False
44,A_STATE,ID,291,lead_brake,False,False,False,0,0,76.98081913366869,0.26797549426555634,True,False
44,A_STATE,ID,292,lead_brake,False,False,False,0,0,73.74921020846757,0.3100424256796638,True,False
44,A_STATE,ID,293,lead_brake,False,False,False,0,0,80.61339651816151,0.2784489169716835,True,False
44,A_STATE,ID,294,lead_brake,False,False,False,0,0,60.45506343041154,0.3932955165704091,True,False
44,A_STATE,ID,295,lead_brake,False,False,False,0,0,82.37038695793632,0.2726783901453018,True,False
44,A_STATE,ID,296,lead_brake,False,False,False,0,0,61.13991927085626,0.7971302615478634,True,False
44,A_STATE,ID,297,lead_brake,False,False,False,0,0,74.87196765023286,0.2298140799005826,True,False
44,A_STATE,ID,298,lead_brake,False,False,False,0,0,94.06647496416967,0.18829990923404694,True,False
44,A_STATE,ID,299,lead_brake,False,False,False,0,0,67.59804899749565,7.542965526382128,True,False
44,A_STATE,OOD,0,crosswalk,False,False,False,0,0,30.30758668588569,1.42738938331604,True,False
44,A_STATE,OOD,1,crosswalk,False,False,False,0,0,31.214183921396007,1.322377622127533,True,False
44,A_STATE,OOD,2,crosswalk,False,False,False,0,1,22.896366805265636,1.003635213142488,True,False
44,A_STATE,OOD,3,crosswalk,True,False,False,0,0,30.170159196731788,1.6358983218669891,True,True
44,A_STATE,OOD,4,crosswalk,True,True,False,0,0,24.682435490889706,1.3812301609967206,True,True
44,A_STATE,OOD,5,crosswalk,False,False,False,0,1,24.97188491913501,1.4556565517332494,True,False
44,A_STATE,OOD,6,crosswalk,True,True,False,0,1,21.111656065255236,1.1505624062793198,True,True
44,A_STATE,OOD,7,crosswalk,False,False,False,0,1,22.22533288085233,1.2613938950203558,True,False
44,A_STATE,OOD,8,crosswalk,False,False,False,0,1,30.267169706218056,0.9743811325593428,True,False
44,A_STATE,OOD,9,crosswalk,False,False,False,0,0,30.093342398275645,1.638554054148057,True,False
44,A_STATE,OOD,10,crosswalk,False,False,False,0,1,26.49733127864812,1.2135541148302031,True,False
44,A_STATE,OOD,11,crosswalk,False,False,False,0,1,24.071315007206266,1.1244723200798035,True,False
44,A_STATE,OOD,12,crosswalk,False,False,False,0,1,27.793096151258123,1.1674841454154565,True,False
44,A_STATE,OOD,13,crosswalk,False,False,False,0,1,23.429885854902643,1.311624182595147,True,False
44,A_STATE,OOD,14,crosswalk,False,False,False,0,0,31.83718725284492,1.056420311331749,True,False
44,A_STATE,OOD,15,crosswalk,True,True,False,0,1,22.914011529803552,1.3149854346461916,True,True
44,A_STATE,OOD,16,crosswalk,False,False,False,0,1,22.664499388926362,1.0847925868901338,True,False
44,A_STATE,OOD,17,crosswalk,False,False,False,0,1,20.920430468683172,0.9269359846447789,True,False
44,A_STATE,OOD,18,crosswalk,False,False,False,0,1,22.08100563524321,1.1618420150544908,True,False
44,A_STATE,OOD,19,crosswalk,False,False,False,0,1,21.95228699178748,1.3027175461373677,True,False
44,A_STATE,OOD,20,crosswalk,False,False,False,0,1,29.671933396151033,1.052767426468605,True,False
44,A_STATE,OOD,21,crosswalk,False,False,False,0,1,22.289523978211662,1.2891749375396304,True,False
44,A_STATE,OOD,22,crosswalk,False,False,False,0,1,21.159746978555575,1.2961942645219655,True,False
44,A_STATE,OOD,23,crosswalk,False,False,False,0,1,29.131869679536685,1.0233445394606817,True,False
44,A_STATE,OOD,24,crosswalk,True,True,False,0,1,22.257617786303,1.3220320896404543,True,True
44,A_STATE,OOD,25,crosswalk,False,False,False,0,1,22.311600694802053,0.8753109283067962,True,False
44,A_STATE,OOD,26,crosswalk,False,False,False,0,1,22.73508122049436,0.9567405382792155,True,False
44,A_STATE,OOD,27,crosswalk,False,False,False,0,1,29.283309099185313,1.4009225898318818,True,False
44,A_STATE,OOD,28,crosswalk,False,False,False,0,0,31.411946617096845,1.4406215822374497,True,False
44,A_STATE,OOD,29,crosswalk,False,False,False,0,1,29.3385162733287,1.076355775197347,True,False
44,A_STATE,OOD,30,crosswalk,False,False,False,0,0,29.031573327396444,1.3309372735745977,True,False
44,A_STATE,OOD,31,crosswalk,True,True,False,0,1,23.64218776269749,1.3326700230439503,True,True
44,A_STATE,OOD,32,crosswalk,False,False,False,0,1,27.45950554261875,1.003826684421963,True,False
44,A_STATE,OOD,33,crosswalk,False,False,False,0,1,26.823293821720668,1.1089760065078735,True,False
44,A_STATE,OOD,34,crosswalk,False,False,False,0,1,24.45646667043004,0.94299046198527,True,False
44,A_STATE,OOD,35,crosswalk,True,True,False,0,1,22.674594765017147,1.3288878259204684,True,True
44,A_STATE,OOD,36,crosswalk,True,True,False,0,1,21.74012707685403,1.2229096550833094,True,True
44,A_STATE,OOD,37,crosswalk,False,False,False,0,1,22.79354660555496,1.4279469024193914,True,False
44,A_STATE,OOD,38,crosswalk,False,False,False,0,1,20.62814867372086,1.0353788045736458,True,False
44,A_STATE,OOD,39,crosswalk,False,False,False,0,0,30.11290656661965,0.9833035469055176,True,False
44,A_STATE,OOD,40,crosswalk,True,True,False,0,1,22.01215845216602,1.2345230863207861,True,True
44,A_STATE,OOD,41,crosswalk,False,False,False,0,1,24.123757249973124,1.0063677755269136,True,False
44,A_STATE,OOD,42,crosswalk,False,False,False,0,1,25.406470048223543,1.5566094925529077,True,False
44,A_STATE,OOD,43,crosswalk,False,False,False,0,1,20.57886546224801,0.9204823327691931,True,False
44,A_STATE,OOD,44,crosswalk,False,False,False,0,1,31.278537653267957,0.9811696151028507,True,False
44,A_STATE,OOD,45,crosswalk,True,True,False,0,1,22.228819314099646,1.244403188643248,True,True
44,A_STATE,OOD,46,crosswalk,False,False,False,0,1,30.77527901805125,1.0240157260451206,True,False
44,A_STATE,OOD,47,crosswalk,False,False,False,0,1,24.41810731755148,1.4139450497405472,True,False
44,A_STATE,OOD,48,crosswalk,False,False,False,0,1,28.151810514205742,1.1668776838402999,True,False
44,A_STATE,OOD,49,crosswalk,False,False,False,0,0,27.028573217457627,1.3633837136957379,True,False
44,A_STATE,OOD,50,crosswalk,False,False,False,0,0,27.61018329290257,1.4337304144194631,True,False
44,A_STATE,OOD,51,crosswalk,False,False,False,0,0,27.065670883013183,1.5998296988637823,True,False
44,A_STATE,OOD,52,crosswalk,True,True,False,0,1,22.539797243046557,1.5604010890973241,True,True
44,A_STATE,OOD,53,crosswalk,False,False,False,0,1,21.847558705958114,1.101510263979435,True,False
44,A_STATE,OOD,54,crosswalk,True,False,False,0,0,26.186222348531892,1.11721932888031,True,True
44,A_STATE,OOD,55,crosswalk,False,False,False,0,0,29.353098770336157,1.807881932000856,True,False
44,A_STATE,OOD,56,crosswalk,False,False,False,0,1,22.73838395358343,1.229930661973499,True,False
44,A_STATE,OOD,57,crosswalk,True,True,False,0,1,21.992616114702788,1.1743833820025125,True,True
44,A_STATE,OOD,58,crosswalk,False,False,False,0,1,28.402578461336773,0.9903832622196364,True,False
44,A_STATE,OOD,59,crosswalk,False,False,False,0,1,23.38987584593392,1.2052494611429132,True,False
44,A_STATE,OOD,60,crosswalk,False,False,False,0,1,28.074470647624402,1.2183063739054911,True,False
44,A_STATE,OOD,61,crosswalk,False,False,False,0,1,23.344537104900997,1.1311971513848555,True,False
44,A_STATE,OOD,62,crosswalk,False,False,False,0,1,28.324865843165647,0.9986521932813855,True,False
44,A_STATE,OOD,63,crosswalk,False,False,False,0,1,21.47441888043037,1.0381397604942322,True,False
44,A_STATE,OOD,64,crosswalk,False,False,False,0,1,24.493252039395962,1.3829488413674489,True,False
44,A_STATE,OOD,65,crosswalk,False,False,False,0,1,30.22676864039207,1.0183554210446097,True,False
44,A_STATE,OOD,66,crosswalk,True,True,False,0,1,21.663921223808657,1.1645864026668744,True,True
44,A_STATE,OOD,67,crosswalk,True,True,False,0,1,28.214759712293215,1.5219214016740972,True,True
44,A_STATE,OOD,68,crosswalk,False,False,False,0,1,20.478838962306053,0.922912691914758,True,False
44,A_STATE,OOD,69,crosswalk,False,False,False,0,0,25.221273641110752,1.269503661564418,True,False
44,A_STATE,OOD,70,crosswalk,True,True,False,0,1,23.081742086811047,1.4981779534565776,True,True
44,A_STATE,OOD,71,crosswalk,True,True,False,0,1,28.66962091633272,1.427719759386639,True,True
44,A_STATE,OOD,72,crosswalk,False,False,False,0,1,22.959366686369812,1.0876631438732147,True,False
44,A_STATE,OOD,73,crosswalk,False,False,False,0,1,28.10536279557045,1.0294889590956946,True,False
44,A_STATE,OOD,74,crosswalk,False,False,False,0,1,24.89870450644848,1.233341097831726,True,False
44,A_STATE,OOD,75,crosswalk,True,False,False,0,1,26.791974171656683,1.5946129748695774,True,True
44,A_STATE,OOD,76,crosswalk,True,True,False,0,1,29.319862930568995,1.2451299117959063,True,True
44,A_STATE,OOD,77,crosswalk,False,False,False,0,1,25.911682169247264,1.0974035757343943,True,False
44,A_STATE,OOD,78,crosswalk,False,False,False,0,1,29.497570266817142,1.0502213101054347,True,False
44,A_STATE,OOD,79,crosswalk,True,True,False,0,1,20.276005072133685,1.3390864208340643,True,True
44,A_STATE,OOD,80,crosswalk,True,True,False,0,1,23.884558562292305,1.4754637762119895,True,True
44,A_STATE,OOD,81,crosswalk,True,True,False,0,1,22.928846387171717,1.5688642310468772,True,True
44,A_STATE,OOD,82,crosswalk,False,False,False,0,1,24.84701695321203,0.9629911316765679,True,False
44,A_STATE,OOD,83,crosswalk,False,False,False,0,1,29.044920506078803,1.0440179771847196,True,False
44,A_STATE,OOD,84,crosswalk,False,False,False,0,1,27.69172320678083,1.073342760403951,True,False
44,A_STATE,OOD,85,crosswalk,False,False,False,0,1,21.740196680170122,0.9528709148488393,True,False
44,A_STATE,OOD,86,crosswalk,False,False,False,0,0,31.772465069875242,1.262334993011073,True,False
44,A_STATE,OOD,87,crosswalk,False,False,False,0,1,22.585717732163783,0.9777513959191062,True,False
44,A_STATE,OOD,88,crosswalk,False,False,False,0,1,30.17247537374905,1.0534878387007602,True,False
44,A_STATE,OOD,89,crosswalk,False,False,False,0,1,28.487316382818413,1.0620747293744768,True,False
44,A_STATE,OOD,90,crosswalk,False,False,False,0,0,30.32755738498951,1.1910299250954075,True,False
44,A_STATE,OOD,91,crosswalk,False,False,False,0,1,23.37313439591628,1.1868893520699606,True,False
44,A_STATE,OOD,92,crosswalk,False,False,False,0,1,24.511863936394704,1.1860333855559186,True,False
44,A_STATE,OOD,93,crosswalk,True,True,False,0,1,21.347530397724807,1.0745222069496332,True,True
44,A_STATE,OOD,94,crosswalk,False,False,False,0,1,25.970269040638392,1.306704044342041,True,False
44,A_STATE,OOD,95,crosswalk,False,False,False,0,1,21.279424679395326,1.0866109320991917,True,False
44,A_STATE,OOD,96,crosswalk,False,False,False,0,1,28.03842078458517,1.0020376387096586,True,False
44,A_STATE,OOD,97,crosswalk,False,False,False,0,1,30.428423987892746,1.289048194885254,True,False
44,A_STATE,OOD,98,crosswalk,False,False,False,0,0,28.221620140073433,1.284490290441011,True,False
44,A_STATE,OOD,99,crosswalk,False,False,False,0,1,27.980713485109096,1.3893222543928356,True,False
44,A_STATE,OOD,100,stop_intersection,False,False,False,0,1,23.102053337905055,1.3534718747768137,True,False
44,A_STATE,OOD,101,stop_intersection,False,False,False,0,1,24.748755798243067,0.9377509210167861,True,False
44,A_STATE,OOD,102,stop_intersection,False,False,False,0,1,30.4861302834888,1.3254621090033116,True,False
44,A_STATE,OOD,103,stop_intersection,False,False,False,0,1,26.651987744241318,1.4542872295147036,True,False
44,A_STATE,OOD,104,stop_intersection,False,False,False,0,1,26.827626565629547,1.460035822608254,True,False
44,A_STATE,OOD,105,stop_intersection,False,False,False,0,1,20.7034102491749,1.5936484518978329,True,False
44,A_STATE,OOD,106,stop_intersection,False,False,False,0,1,30.61645533834124,1.3284455354397111,True,False
44,A_STATE,OOD,107,stop_intersection,False,False,False,0,1,27.761109777693218,0.9136643438112169,True,False
44,A_STATE,OOD,108,stop_intersection,False,False,False,0,0,24.466268263720636,1.7935519282882277,True,False
44,A_STATE,OOD,109,stop_intersection,False,False,False,0,0,21.775943334561973,1.6622597806983523,True,False
44,A_STATE,OOD,110,stop_intersection,False,False,False,0,1,24.742976972391325,1.6055908956025777,True,False
44,A_STATE,OOD,111,stop_intersection,False,False,False,0,1,23.337907985513922,1.380173455585133,True,False
44,A_STATE,OOD,112,stop_intersection,False,False,False,0,1,24.25565802634781,1.3554952516341985,True,False
44,A_STATE,OOD,113,stop_intersection,False,False,False,0,1,30.40686940089198,1.1610075560483064,True,False
44,A_STATE,OOD,114,stop_intersection,False,False,False,0,0,24.536179197639356,1.6874657963451585,True,False
44,A_STATE,OOD,115,stop_intersection,False,False,False,0,1,24.445889457203965,1.3528289343859696,True,False
44,A_STATE,OOD,116,stop_intersection,False,False,False,0,1,22.175679959163226,1.6711122005484824,True,False
44,A_STATE,OOD,117,stop_intersection,False,False,False,0,1,28.380841732152117,1.6076231438939164,True,False
44,A_STATE,OOD,118,stop_intersection,False,False,False,0,1,28.058125369138793,1.3031666843514693,True,False
44,A_STATE,OOD,119,stop_intersection,False,False,False,0,1,23.540864528684374,1.7142923941483368,True,False
44,A_STATE,OOD,120,stop_intersection,False,False,False,0,1,30.61385137536662,0.9408328478986566,True,False
44,A_STATE,OOD,121,stop_intersection,False,False,False,0,1,21.186372705517336,1.4968957602977753,True,False
44,A_STATE,OOD,122,stop_intersection,False,False,False,0,1,24.31839776138554,1.2267963479204875,True,False
44,A_STATE,OOD,123,stop_intersection,False,False,False,0,1,31.09853877577914,1.2669689655303955,True,False
44,A_STATE,OOD,124,stop_intersection,False,False,False,0,1,28.526032714171876,1.1721934135570082,True,False
44,A_STATE,OOD,125,stop_intersection,False,False,False,0,1,23.603014520787212,1.1143250730302598,True,False
44,A_STATE,OOD,126,stop_intersection,False,False,False,0,1,30.940552649496265,1.4099714548691458,True,False
44,A_STATE,OOD,127,stop_intersection,False,False,False,0,1,28.580424384404317,0.9062794628350631,True,False
44,A_STATE,OOD,128,stop_intersection,False,False,False,0,1,29.224607476200703,1.3455805653019954,True,False
44,A_STATE,OOD,129,stop_intersection,False,False,False,0,0,26.391651915486243,1.7158194748978866,True,False
44,A_STATE,OOD,130,stop_intersection,False,False,False,0,1,21.636942748196525,1.1197300289952477,True,False
44,A_STATE,OOD,131,stop_intersection,False,False,False,0,1,25.045830933132574,1.6651143525776109,True,False
44,A_STATE,OOD,132,stop_intersection,False,False,False,0,1,21.05549859964347,1.423314489969393,True,False
44,A_STATE,OOD,133,stop_intersection,False,False,False,0,1,24.928963104418578,1.541609722514485,True,False
44,A_STATE,OOD,134,stop_intersection,False,False,False,0,1,25.82925740731907,1.3014788563187056,True,False
44,A_STATE,OOD,135,stop_intersection,False,False,False,0,1,21.36825936552941,1.1762174772910583,True,False
44,A_STATE,OOD,136,stop_intersection,False,False,False,0,1,25.256401289262808,1.2947672122233622,True,False
44,A_STATE,OOD,137,stop_intersection,False,False,False,0,1,30.64180183910267,0.8485962549845377,True,False
44,A_STATE,OOD,138,stop_intersection,False,False,False,0,1,30.5027529788235,1.174871006677317,True,False
44,A_STATE,OOD,139,stop_intersection,False,False,False,0,1,27.339896667056653,1.2500069385919814,True,False
44,A_STATE,OOD,140,stop_intersection,False,False,False,0,1,24.793364794721725,1.1424111326535542,True,False
44,A_STATE,OOD,141,stop_intersection,False,False,False,0,1,29.038172027262632,1.1472666540811227,True,False
44,A_STATE,OOD,142,stop_intersection,False,False,False,0,1,23.654237272798717,1.6360928883423675,True,False
44,A_STATE,OOD,143,stop_intersection,False,False,False,0,1,27.601437247291962,1.5986837991854037,True,False
44,A_STATE,OOD,144,stop_intersection,False,False,False,0,1,30.019316736634508,1.2671869099140167,True,False
44,A_STATE,OOD,145,stop_intersection,False,False,False,0,0,27.191033209981377,1.6621627854673484,True,False
44,A_STATE,OOD,146,stop_intersection,False,False,False,0,1,26.899469271621662,1.7200975669057745,True,False
44,A_STATE,OOD,147,stop_intersection,False,False,False,0,1,20.675781834946434,1.2901296164538407,True,False
44,A_STATE,OOD,148,stop_intersection,False,False,False,0,1,20.409651787067315,0.9687103118215288,True,False
44,A_STATE,OOD,149,stop_intersection,False,False,False,0,1,28.704554469797273,1.199967861175537,True,False
44,A_STATE,OOD,150,stop_intersection,False,False,False,0,1,22.977973639915874,1.3331306494934403,True,False
44,A_STATE,OOD,151,stop_intersection,False,False,False,0,1,22.975692820686277,1.2756448043020148,True,False
44,A_STATE,OOD,152,stop_intersection,False,False,False,0,1,30.365413116286888,1.3586436212062836,True,False
44,A_STATE,OOD,153,stop_intersection,False,False,False,0,1,29.925874534298096,1.2528974253956864,True,False
44,A_STATE,OOD,154,stop_intersection,False,False,False,0,0,21.808782996693722,1.7577050957414837,True,False
44,A_STATE,OOD,155,stop_intersection,False,False,False,0,1,23.922296652534303,1.3347466124428642,True,False
44,A_STATE,OOD,156,stop_intersection,False,False,False,0,0,21.955268244888394,1.5805613622069359,True,False
44,A_STATE,OOD,157,stop_intersection,False,False,False,0,1,22.761846735879192,1.7476042163999457,True,False
44,A_STATE,OOD,158,stop_intersection,False,False,False,0,1,30.269582818069583,1.069586720577506,True,False
44,A_STATE,OOD,159,stop_intersection,False,False,False,0,1,28.76119024030497,1.1770995273146518,True,False
44,A_STATE,OOD,160,stop_intersection,False,False,False,0,1,25.430318557976626,1.4546053182511103,True,False
44,A_STATE,OOD,161,stop_intersection,False,False,False,0,1,23.54368268769498,1.0885937835859216,True,False
44,A_STATE,OOD,162,stop_intersection,False,False,False,0,1,27.148522236465418,1.1925291183382964,True,False
44,A_STATE,OOD,163,stop_intersection,False,False,False,0,1,25.735997710436955,1.2001488655805588,True,False
44,A_STATE,OOD,164,stop_intersection,False,False,False,0,1,23.95818078911369,1.1424350184063579,True,False
44,A_STATE,OOD,165,stop_intersection,False,False,False,0,1,28.32877771042907,1.372495970942757,True,False
44,A_STATE,OOD,166,stop_intersection,False,False,False,0,1,26.49128034783913,1.640421946843465,True,False
44,A_STATE,OOD,167,stop_intersection,False,False,False,0,1,30.186149205773788,1.1251294353733892,True,False
44,A_STATE,OOD,168,stop_intersection,False,False,False,0,1,30.91943896267997,1.1819744110107422,True,False
44,A_STATE,OOD,169,stop_intersection,False,False,False,0,1,27.950952849702574,1.2843261468104827,True,False
44,A_STATE,OOD,170,stop_intersection,False,False,False,0,1,20.48982167742012,1.2185513361906393,True,False
44,A_STATE,OOD,171,stop_intersection,False,False,False,0,1,21.13143896366997,1.2279944967579197,True,False
44,A_STATE,OOD,172,stop_intersection,False,False,False,0,0,22.438614054835696,1.7094069719314575,True,False
44,A_STATE,OOD,173,stop_intersection,False,False,False,0,1,28.3788558706051,1.0680451859598574,True,False
44,A_STATE,OOD,174,stop_intersection,False,False,False,0,0,21.515975204987654,1.8957083140100752,True,False
44,A_STATE,OOD,175,stop_intersection,False,False,False,0,1,27.4744832235247,1.3627330032554832,True,False
44,A_STATE,OOD,176,stop_intersection,False,False,False,0,1,22.278264918441156,1.756775352435234,True,False
44,A_STATE,OOD,177,stop_intersection,False,False,False,0,1,30.031048295622668,1.4283358178487637,True,False
44,A_STATE,OOD,178,stop_intersection,False,False,False,0,1,28.149610465304548,1.348007509582921,True,False
44,A_STATE,OOD,179,stop_intersection,False,False,False,0,1,28.25648964287039,1.409783959388733,True,False
44,A_STATE,OOD,180,stop_intersection,False,False,False,0,1,21.28676067687892,1.1022152929078965,True,False
44,A_STATE,OOD,181,stop_intersection,False,False,False,0,1,30.791206570004093,1.2953545302152631,True,False
44,A_STATE,OOD,182,stop_intersection,False,False,False,0,1,22.60108201494498,1.2001241743564606,True,False
44,A_STATE,OOD,183,stop_intersection,False,False,False,0,1,21.723906993970537,1.2493807391116492,True,False
44,A_STATE,OOD,184,stop_intersection,False,False,False,0,1,29.794161259187312,1.6100119090661769,True,False
44,A_STATE,OOD,185,stop_intersection,False,False,False,0,1,25.856103785761995,1.0865038827709528,True,False
44,A_STATE,OOD,186,stop_intersection,False,False,False,0,1,29.912410681882285,1.533347257347994,True,False
44,A_STATE,OOD,187,stop_intersection,False,False,False,0,1,27.057541016984704,1.4583467214535444,True,False
44,A_STATE,OOD,188,stop_intersection,False,False,False,0,1,30.563039521655227,1.1113467670622326,True,False
44,A_STATE,OOD,189,stop_intersection,False,False,False,0,1,29.34471714032468,1.359114443000994,True,False
44,A_STATE,OOD,190,stop_intersection,False,False,False,0,1,24.319971538847554,1.4982904532016852,True,False
44,A_STATE,OOD,191,stop_intersection,False,False,False,0,1,26.539354738725038,1.4509186214870875,True,False
44,A_STATE,OOD,192,stop_intersection,False,False,False,0,1,29.839739486264897,1.1415250218191813,True,False
44,A_STATE,OOD,193,stop_intersection,False,False,False,0,1,23.76967160363234,1.0965320799085827,True,False
44,A_STATE,OOD,194,stop_intersection,False,False,False,0,1,26.44885904361655,1.1799888832624568,True,False
44,A_STATE,OOD,195,stop_intersection,False,False,False,0,1,26.295201747256947,1.523854201886712,True,False
44,A_STATE,OOD,196,stop_intersection,False,False,False,0,1,22.508984740688696,1.125210498770078,True,False
44,A_STATE,OOD,197,stop_intersection,False,False,False,0,1,29.27730700018109,1.4952630017484938,True,False
44,A_STATE,OOD,198,stop_intersection,False,False,False,0,1,28.91216005332037,1.250742213881534,True,False
44,A_STATE,OOD,199,stop_intersection,False,False,False,0,1,28.01972127789933,0.9115474224090576,True,False
44,A_STATE,OOD,200,lead_brake,False,False,False,0,0,33.87599487304689,1.5092065806190171,True,False
44,A_STATE,OOD,201,lead_brake,False,False,False,0,0,30.79238715096781,3.1130731031298633,True,False
44,A_STATE,OOD,202,lead_brake,False,False,False,0,0,25.952972806331655,3.213744970659415,True,False
44,A_STATE,OOD,203,lead_brake,False,False,False,0,0,30.70521752874992,0.8532043223579724,True,False
44,A_STATE,OOD,204,lead_brake,False,False,False,0,0,29.676755331603328,2.0303443893790245,True,False
44,A_STATE,OOD,205,lead_brake,False,False,False,0,0,28.465854941793243,3.4342810306698084,True,False
44,A_STATE,OOD,206,lead_brake,False,False,False,0,0,30.17002616001839,1.909540683031082,True,False
44,A_STATE,OOD,207,lead_brake,False,False,False,0,0,32.79694789213991,1.6706309368213017,True,False
44,A_STATE,OOD,208,lead_brake,False,False,False,0,0,38.12662762293075,2.9627955084045725,True,False
44,A_STATE,OOD,209,lead_brake,False,False,False,0,0,30.664288966853583,1.9545776148637135,True,False
44,A_STATE,OOD,210,lead_brake,False,False,False,0,0,29.758270542146356,4.078040085732937,True,False
44,A_STATE,OOD,211,lead_brake,False,False,False,0,0,36.43798656985161,1.53524599596858,True,False
44,A_STATE,OOD,212,lead_brake,False,False,False,0,0,27.58075806194408,4.361699180367092,True,False
44,A_STATE,OOD,213,lead_brake,False,False,False,0,0,30.85164049479727,1.5878917078177135,True,False
44,A_STATE,OOD,214,lead_brake,False,False,False,0,0,34.97346512589319,1.6835463692744572,True,False
44,A_STATE,OOD,215,lead_brake,False,False,False,0,0,26.804365163598526,3.688644164862732,True,False
44,A_STATE,OOD,216,lead_brake,False,False,False,0,0,40.22862101566412,2.522892621656259,True,False
44,A_STATE,OOD,217,lead_brake,False,False,False,0,0,34.71399180229751,1.0588673797125618,True,False
44,A_STATE,OOD,218,lead_brake,False,False,False,0,0,26.626395030790217,1.6341399947802226,True,False
44,A_STATE,OOD,219,lead_brake,False,False,False,0,0,34.417971871506225,1.853820586266617,True,False
44,A_STATE,OOD,220,lead_brake,False,False,False,0,0,35.283469053693395,2.748277227083842,True,False
44,A_STATE,OOD,221,lead_brake,False,False,False,0,0,24.203133584856964,1.2671308939655619,True,False
44,A_STATE,OOD,222,lead_brake,False,False,False,0,0,39.74076381684745,1.9508044480656583,True,False
44,A_STATE,OOD,223,lead_brake,False,False,False,0,0,26.395409271826093,3.5712011807287727,True,False
44,A_STATE,OOD,224,lead_brake,False,False,False,0,0,31.269791209640292,1.209314592182636,True,False
44,A_STATE,OOD,225,lead_brake,False,False,False,0,0,31.952161370565623,2.057450157900651,True,False
44,A_STATE,OOD,226,lead_brake,False,False,False,0,0,27.196614212989783,1.1161599854628244,True,False
44,A_STATE,OOD,227,lead_brake,False,False,False,0,0,38.71652563005607,2.4155333588520684,True,False
44,A_STATE,OOD,228,lead_brake,False,False,False,0,0,39.73560410831028,0.7983177453279495,True,False
44,A_STATE,OOD,229,lead_brake,False,False,False,0,0,43.17972355015578,1.3033692290385563,True,False
44,A_STATE,OOD,230,lead_brake,False,False,False,0,0,34.136816089047095,2.2874344810843463,True,False
44,A_STATE,OOD,231,lead_brake,False,False,False,0,0,35.34794553494013,3.175917200744152,True,False
44,A_STATE,OOD,232,lead_brake,False,False,False,0,0,32.83395808042049,1.425769131630659,True,False
44,A_STATE,OOD,233,lead_brake,False,False,False,0,0,30.111477995116257,3.684256439718107,True,False
44,A_STATE,OOD,234,lead_brake,False,False,False,0,0,29.184011442095006,1.4674530997872353,True,False
44,A_STATE,OOD,235,lead_brake,False,False,False,0,0,32.35724295025341,1.1057888269424438,True,False
44,A_STATE,OOD,236,lead_brake,False,False,False,0,0,42.63474330779162,2.1219337604319053,True,False
44,A_STATE,OOD,237,lead_brake,False,False,False,0,0,40.52251877325383,1.9592415156463783,True,False
44,A_STATE,OOD,238,lead_brake,False,False,False,0,0,26.32783696699888,1.5753165806333225,True,False
44,A_STATE,OOD,239,lead_brake,False,False,False,0,0,34.462097458676,0.6451458508769671,True,False
44,A_STATE,OOD,240,lead_brake,False,False,False,0,0,36.85794743910431,1.3418402830138803,True,False
44,A_STATE,OOD,241,lead_brake,False,False,False,0,0,25.84283180034725,1.6222960082814097,True,False
44,A_STATE,OOD,242,lead_brake,False,False,False,0,0,27.097141951097942,1.7351584384838739,True,False
44,A_STATE,OOD,243,lead_brake,False,False,False,0,0,31.173279713011148,3.2371183969080444,True,False
44,A_STATE,OOD,244,lead_brake,False,False,False,0,0,41.79133508995175,1.1411767698203523,True,False
44,A_STATE,OOD,245,lead_brake,False,False,False,0,0,43.60068638093764,1.3572999412814775,True,False
44,A_STATE,OOD,246,lead_brake,False,False,False,0,0,26.934291606126727,2.2976189035301404,True,False
44,A_STATE,OOD,247,lead_brake,False,False,False,0,0,31.501534584413143,1.3860534851749735,True,False
44,A_STATE,OOD,248,lead_brake,False,False,False,0,0,27.752386758879485,2.0041025752822557,True,False
44,A_STATE,OOD,249,lead_brake,False,False,True,0,0,24.151666392820427,3.963638255993525,True,False
44,A_STATE,OOD,250,lead_brake,False,False,False,0,0,33.740156116788434,1.7663627540071805,True,False
44,A_STATE,OOD,251,lead_brake,False,False,False,0,0,31.03571623102938,1.4001403202613194,True,False
44,A_STATE,OOD,252,lead_brake,False,False,False,0,0,40.29289612829182,1.2127596860130627,True,False
44,A_STATE,OOD,253,lead_brake,False,False,False,0,0,28.91855272293089,2.3441051319241524,True,False
44,A_STATE,OOD,254,lead_brake,False,False,False,0,0,28.311110789248573,1.962051103512446,True,False
44,A_STATE,OOD,255,lead_brake,False,False,False,0,0,34.56986442973211,1.2851135805249214,True,False
44,A_STATE,OOD,256,lead_brake,False,False,True,0,0,25.196102986931784,2.714530721306801,True,False
44,A_STATE,OOD,257,lead_brake,False,False,False,0,0,31.01448259725434,1.541983405749003,True,False
44,A_STATE,OOD,258,lead_brake,False,False,False,0,0,23.761045998643073,1.3950632934768994,True,False
44,A_STATE,OOD,259,lead_brake,False,False,False,0,0,43.2666830032319,0.9744301612178483,True,False
44,A_STATE,OOD,260,lead_brake,False,False,False,0,0,34.85388939397529,1.213704874118169,True,False
44,A_STATE,OOD,261,lead_brake,False,False,False,0,0,28.86795118314232,1.2589017972350118,True,False
44,A_STATE,OOD,262,lead_brake,False,False,False,0,0,38.51079322064631,1.332834963997205,True,False
44,A_STATE,OOD,263,lead_brake,False,False,False,0,0,30.820564888049415,4.03443548331658,True,False
44,A_STATE,OOD,264,lead_brake,False,False,False,0,0,44.73422125995157,1.3655456999937692,True,False
44,A_STATE,OOD,265,lead_brake,False,False,False,0,0,40.307372885524344,0.8555538530151049,True,False
44,A_STATE,OOD,266,lead_brake,False,False,False,0,0,32.50365439679449,3.0782544960578284,True,False
44,A_STATE,OOD,267,lead_brake,False,False,False,0,0,29.69450256262843,2.7026401286323862,True,False
44,A_STATE,OOD,268,lead_brake,False,False,False,0,0,29.395077103686504,3.5368459625169635,True,False
44,A_STATE,OOD,269,lead_brake,False,False,False,0,0,31.667401917855024,0.9489746863643328,True,False
44,A_STATE,OOD,270,lead_brake,False,False,False,0,0,25.708944290306846,1.2238567074139912,True,False
44,A_STATE,OOD,271,lead_brake,False,False,False,0,0,36.38118484080981,2.4167083452145257,True,False
44,A_STATE,OOD,272,lead_brake,False,False,False,0,0,34.390828436959346,1.4864061052600543,True,False
44,A_STATE,OOD,273,lead_brake,False,False,False,0,0,34.93739187439513,1.586613821486632,True,False
44,A_STATE,OOD,274,lead_brake,False,False,False,0,0,37.34561507235773,1.081632323563099,True,False
44,A_STATE,OOD,275,lead_brake,False,False,False,0,0,33.25422678306743,2.3854284981886544,True,False
44,A_STATE,OOD,276,lead_brake,False,False,False,0,0,28.729805686741045,1.9072116737564404,True,False
44,A_STATE,OOD,277,lead_brake,False,False,False,0,0,29.774144906997705,2.264326418439547,True,False
44,A_STATE,OOD,278,lead_brake,False,False,False,0,0,30.29138129856756,2.5920524845520654,True,False
44,A_STATE,OOD,279,lead_brake,False,False,False,0,0,38.890373003520075,0.5247596424693862,True,False
44,A_STATE,OOD,280,lead_brake,False,False,False,0,0,30.666993670795524,1.6542798653244972,True,False
44,A_STATE,OOD,281,lead_brake,False,False,False,0,0,31.586073786541835,2.03756682233264,True,False
44,A_STATE,OOD,282,lead_brake,False,False,False,0,0,32.348471850534786,1.133487713523209,True,False
44,A_STATE,OOD,283,lead_brake,False,False,False,0,0,36.67876311127095,0.91847867735972,True,False
44,A_STATE,OOD,284,lead_brake,False,False,True,0,0,26.094209349791033,3.675248948236306,True,False
44,A_STATE,OOD,285,lead_brake,False,False,False,0,0,35.44946876777024,2.050377527872721,True,False
44,A_STATE,OOD,286,lead_brake,False,False,False,0,0,29.17154670529378,1.5025707309444742,True,False
44,A_STATE,OOD,287,lead_brake,False,False,False,0,0,32.73310628171979,2.603015594184398,True,False
44,A_STATE,OOD,288,lead_brake,False,False,False,0,0,26.8532091647609,1.8576853858927884,True,False
44,A_STATE,OOD,289,lead_brake,False,False,False,0,0,39.878125351022895,1.5100980401039124,True,False
44,A_STATE,OOD,290,lead_brake,False,False,False,0,0,33.87097056013999,3.340412564886113,True,False
44,A_STATE,OOD,291,lead_brake,False,False,True,0,0,21.864173914194097,1.7647676194707553,True,False
44,A_STATE,OOD,292,lead_brake,False,False,False,0,0,36.255279248794814,0.9357672929763794,True,False
44,A_STATE,OOD,293,lead_brake,False,False,False,0,0,25.634975817001706,3.001063153147697,True,False
44,A_STATE,OOD,294,lead_brake,False,False,False,0,0,26.885228173342437,2.577157375713189,True,False
44,A_STATE,OOD,295,lead_brake,False,False,False,0,0,28.375697124004347,0.9384767115116118,True,False
44,A_STATE,OOD,296,lead_brake,False,False,False,0,0,35.71768635018931,1.5024219105641048,True,False
44,A_STATE,OOD,297,lead_brake,False,False,False,0,0,39.15718287717609,1.1247886543472607,True,False
44,A_STATE,OOD,298,lead_brake,False,False,False,0,0,21.434780575951976,1.2423239772518475,True,False
44,A_STATE,OOD,299,lead_brake,False,False,False,0,0,25.850437691484053,1.2446231643358867,True,False
44,B_COC,ID,0,crosswalk,False,False,False,0,0,29.057212575036974,2.1427809650247744,True,False
44,B_COC,ID,1,crosswalk,False,False,False,0,0,37.88444548297997,0.9457966095457474,True,False
44,B_COC,ID,2,crosswalk,False,False,False,0,0,28.053302458462102,2.5905988169343845,True,False
44,B_COC,ID,3,crosswalk,False,False,False,0,0,32.4832303206895,2.27337522875695,True,False
44,B_COC,ID,4,crosswalk,False,False,False,0,0,33.835749005940606,2.3145033012736924,True,False
44,B_COC,ID,5,crosswalk,False,False,False,0,0,28.76490137525014,1.8057111278176308,True,False
44,B_COC,ID,6,crosswalk,False,False,False,0,0,34.922602851635155,0.4909628731283275,True,False
44,B_COC,ID,7,crosswalk,False,False,False,0,0,37.53444398155227,2.1073020373781524,True,False
44,B_COC,ID,8,crosswalk,False,False,False,0,0,28.54181817781664,1.8561799079179764,True,False
44,B_COC,ID,9,crosswalk,False,False,False,0,0,33.86829846966515,1.8725532242520289,True,False
44,B_COC,ID,10,crosswalk,False,False,False,0,0,36.25499510613268,1.9476148955847905,True,False
44,B_COC,ID,11,crosswalk,False,False,False,0,0,33.400053865912255,2.0350265006224313,True,False
44,B_COC,ID,12,crosswalk,False,False,False,0,0,29.110071377815807,1.4937338586896658,True,False
44,B_COC,ID,13,crosswalk,False,False,False,0,0,30.925618440515038,1.7385685897391774,True,False
44,B_COC,ID,14,crosswalk,False,False,False,0,0,29.659933215006504,2.1765041080388157,True,False
44,B_COC,ID,15,crosswalk,False,False,False,0,0,34.435950331987584,0.41885051714337385,True,False
44,B_COC,ID,16,crosswalk,False,False,False,0,0,27.981610419572227,2.365126570588664,True,False
44,B_COC,ID,17,crosswalk,False,False,False,0,0,26.586716463166113,2.1714197453998385,True,False
44,B_COC,ID,18,crosswalk,False,False,False,0,0,35.59546694532668,1.6309448483992706,True,False
44,B_COC,ID,19,crosswalk,False,False,False,0,0,38.21594251360005,0.637223506346345,True,False
44,B_COC,ID,20,crosswalk,False,False,False,0,0,30.951218459017987,2.0171054771968295,True,False
44,B_COC,ID,21,crosswalk,False,False,False,0,0,31.20328512693557,1.6996551779183473,True,False
44,B_COC,ID,22,crosswalk,False,False,False,0,0,27.68010149900598,1.868386154787408,True,False
44,B_COC,ID,23,crosswalk,False,False,False,0,0,34.78814713092189,0.5331540344790978,True,False
44,B_COC,ID,24,crosswalk,False,False,False,0,0,27.16140202082821,1.9169239307704724,True,False
44,B_COC,ID,25,crosswalk,False,False,False,0,0,28.231010046384263,1.923408018691199,True,False
44,B_COC,ID,26,crosswalk,False,False,False,0,0,26.72840911239873,2.4628280260060964,True,False
44,B_COC,ID,27,crosswalk,False,False,False,0,0,32.30624215990562,1.8485842108726502,True,False
44,B_COC,ID,28,crosswalk,False,False,False,0,0,35.20198039563168,1.2055300988934257,True,False
44,B_COC,ID,29,crosswalk,False,False,False,0,0,28.616627779398673,2.4041832610964775,True,False
44,B_COC,ID,30,crosswalk,False,False,False,0,0,31.78027969105461,0.8274994841353459,True,False
44,B_COC,ID,31,crosswalk,False,False,False,0,0,28.42550429615961,1.7740775396426518,True,False
44,B_COC,ID,32,crosswalk,False,False,False,0,0,38.69332161118517,1.6733935405500233,True,False
44,B_COC,ID,33,crosswalk,False,False,False,0,0,33.11078999223894,0.4162462479011579,True,False
44,B_COC,ID,34,crosswalk,False,False,False,0,0,35.37630713789018,0.8562474620218078,True,False
44,B_COC,ID,35,crosswalk,False,False,False,0,0,29.300200950272405,1.8152271211147308,True,False
44,B_COC,ID,36,crosswalk,False,False,False,0,0,37.75002599600403,0.4205143064260483,True,False
44,B_COC,ID,37,crosswalk,False,False,False,0,0,31.178081784483506,2.2300612520087846,True,False
44,B_COC,ID,38,crosswalk,False,False,False,0,0,34.57686056732028,2.080565926929315,True,False
44,B_COC,ID,39,crosswalk,False,False,False,0,0,27.94351449350036,1.8938676863908768,True,False
44,B_COC,ID,40,crosswalk,False,False,False,0,0,32.98038014393079,0.606625316583592,True,False
44,B_COC,ID,41,crosswalk,False,False,False,0,0,35.12226573517452,1.545635646378452,True,False
44,B_COC,ID,42,crosswalk,False,False,False,0,0,38.06935834108245,0.6072259539117416,True,False
44,B_COC,ID,43,crosswalk,False,False,False,0,0,31.12141073885538,1.942147264877955,True,False
44,B_COC,ID,44,crosswalk,False,False,False,0,0,30.92589772149043,1.7604620541845046,True,False
44,B_COC,ID,45,crosswalk,False,False,False,0,0,35.342998595836065,0.9000612352974713,True,False
44,B_COC,ID,46,crosswalk,False,False,False,0,0,30.53548823868826,2.2089636461301283,True,False
44,B_COC,ID,47,crosswalk,False,False,False,0,0,27.447377730249688,1.0389039367437363,True,False
44,B_COC,ID,48,crosswalk,False,False,False,0,0,34.19136601930133,0.41636981380482513,True,False
44,B_COC,ID,49,crosswalk,False,False,False,0,0,37.556175047915275,0.49920516493527783,True,False
44,B_COC,ID,50,crosswalk,False,False,False,0,0,29.766047861401226,2.1974476277828217,True,False
44,B_COC,ID,51,crosswalk,False,False,False,0,0,29.633798507263677,0.3625068157201722,True,False
44,B_COC,ID,52,crosswalk,False,False,False,0,0,37.86264840378466,0.42517821192741395,True,False
44,B_COC,ID,53,crosswalk,False,False,False,0,0,37.531124854101364,0.907888539135456,True,False
44,B_COC,ID,54,crosswalk,False,False,False,0,0,36.8836902210522,0.3995878994464874,True,False
44,B_COC,ID,55,crosswalk,False,False,False,0,0,34.00112500629439,1.8762112493542107,True,False
44,B_COC,ID,56,crosswalk,False,False,False,0,0,31.96700985863903,2.1821893209760836,True,False
44,B_COC,ID,57,crosswalk,False,False,False,0,0,33.2711530299465,2.316738184202801,True,False
44,B_COC,ID,58,crosswalk,False,False,False,0,0,35.32836008849296,0.9605373174923917,True,False
44,B_COC,ID,59,crosswalk,False,False,False,0,0,36.14555382609853,0.37213090211153027,True,False
44,B_COC,ID,60,crosswalk,False,False,False,0,0,36.38326620593335,2.0916486779848733,True,False
44,B_COC,ID,61,crosswalk,False,False,False,0,0,36.861992486298945,0.3965859271585941,True,False
44,B_COC,ID,62,crosswalk,False,False,False,0,0,32.176777264627916,2.2716756774620572,True,False
44,B_COC,ID,63,crosswalk,False,False,False,0,0,31.54007999277179,1.0313518203440166,True,False
44,B_COC,ID,64,crosswalk,False,False,False,0,0,28.56099010282709,2.1681149601936336,True,False
44,B_COC,ID,65,crosswalk,False,False,False,0,0,37.075176033037195,1.883269832469523,True,False
44,B_COC,ID,66,crosswalk,False,False,False,0,0,33.068269860899704,1.0755360836074463,True,False
44,B_COC,ID,67,crosswalk,False,False,False,0,0,29.295585781773504,0.6654541026800871,True,False
44,B_COC,ID,68,crosswalk,False,False,False,0,0,31.45468417462829,0.44226814569397405,True,False
44,B_COC,ID,69,crosswalk,False,False,False,0,0,31.25734042558348,1.809405791759491,True,False
44,B_COC,ID,70,crosswalk,False,False,False,0,0,38.8144975402266,0.48884910841782886,True,False
44,B_COC,ID,71,crosswalk,False,False,False,0,0,34.91126318349439,0.3922771895304322,True,False
44,B_COC,ID,72,crosswalk,False,False,False,0,0,34.77064153209468,0.49706469897342764,True,False
44,B_COC,ID,73,crosswalk,False,False,False,0,0,32.626036011846985,1.8828224932605568,True,False
44,B_COC,ID,74,crosswalk,False,False,False,0,0,36.59349476735427,0.5134783405810595,True,False
44,B_COC,ID,75,crosswalk,False,False,False,0,0,34.55679314105458,1.720056589692831,True,False
44,B_COC,ID,76,crosswalk,False,False,False,0,0,35.71835025644511,0.4164765464762846,True,False
44,B_COC,ID,77,crosswalk,False,False,False,0,0,35.572735939968396,1.83308571069078,True,False
44,B_COC,ID,78,crosswalk,False,False,False,0,0,34.857487839178674,1.9372292459011078,True,False
44,B_COC,ID,79,crosswalk,False,False,False,0,0,34.52797839822886,1.9927436890809431,True,False
44,B_COC,ID,80,crosswalk,False,False,False,0,0,30.4169638162537,0.41697695673931207,True,False
44,B_COC,ID,81,crosswalk,False,False,False,0,0,32.78455626277056,2.2957927056334233,True,False
44,B_COC,ID,82,crosswalk,False,False,False,0,0,36.02390225300574,2.1220500332613788,True,False
44,B_COC,ID,83,crosswalk,False,False,False,0,0,37.764417492700794,0.43703098709766675,True,False
44,B_COC,ID,84,crosswalk,False,False,False,0,0,31.80416246333337,1.7103625250899273,True,False
44,B_COC,ID,85,crosswalk,False,False,False,0,0,33.5853311912016,0.519496663050218,True,False
44,B_COC,ID,86,crosswalk,False,False,False,0,0,28.438024632489523,1.741093111038208,True,False
44,B_COC,ID,87,crosswalk,False,False,False,0,0,35.21864834387917,0.9261863075551532,True,False
44,B_COC,ID,88,crosswalk,False,False,False,0,0,30.55927473131797,2.0623980656914087,True,False
44,B_COC,ID,89,crosswalk,False,False,False,0,0,33.53636813512747,0.3963378922122976,True,False
44,B_COC,ID,90,crosswalk,False,False,False,0,0,27.726534291965002,0.9134100936353207,True,False
44,B_COC,ID,91,crosswalk,False,False,False,0,0,28.655003430410396,1.9331624456073926,True,False
44,B_COC,ID,92,crosswalk,False,False,False,0,0,38.99015238489467,0.5390076177275699,True,False
44,B_COC,ID,93,crosswalk,False,False,False,0,0,31.547482787859686,1.8214470267295837,True,False
44,B_COC,ID,94,crosswalk,False,False,False,0,0,31.376601008604027,2.06027314776466,True,False
44,B_COC,ID,95,crosswalk,False,False,False,0,0,30.836079479004255,0.35389033400199627,True,False
44,B_COC,ID,96,crosswalk,False,False,False,0,0,27.1203709137866,2.3065167665481567,True,False
44,B_COC,ID,97,crosswalk,False,False,False,0,0,38.16469472849332,0.578814257795994,True,False
44,B_COC,ID,98,crosswalk,False,False,False,0,0,29.921507147186766,2.436280477988092,True,False
44,B_COC,ID,99,crosswalk,False,False,False,0,0,31.037468075230198,0.8621125482022762,True,False
44,B_COC,ID,100,stop_intersection,False,False,False,0,1,26.19374083267612,1.279180823145686,True,False
44,B_COC,ID,101,stop_intersection,False,False,False,0,1,31.32010561914659,1.1570235235350472,True,False
44,B_COC,ID,102,stop_intersection,False,False,False,0,1,26.226925753314685,1.3422498670784202,True,False
44,B_COC,ID,103,stop_intersection,False,False,False,0,1,28.908003910511944,1.2696128625136154,True,False
44,B_COC,ID,104,stop_intersection,False,False,False,0,1,27.068925612842108,1.1866909563541412,True,False
44,B_COC,ID,105,stop_intersection,False,False,False,0,1,31.217253160048735,1.1553373790922619,True,False
44,B_COC,ID,106,stop_intersection,False,False,False,0,1,32.26135628504239,1.164247861930302,True,False
44,B_COC,ID,107,stop_intersection,False,False,False,0,1,30.03609926750328,1.3111698780304344,True,False
44,B_COC,ID,108,stop_intersection,False,False,False,0,1,31.94710372332153,1.3155093938112257,True,False
44,B_COC,ID,109,stop_intersection,False,False,False,0,1,33.33687817756113,1.1963776793590812,True,False
44,B_COC,ID,110,stop_intersection,False,False,False,0,1,28.835238569747702,1.3279509073809572,True,False
44,B_COC,ID,111,stop_intersection,False,False,False,0,1,35.617359797196,1.2532865446667336,True,False
44,B_COC,ID,112,stop_intersection,False,False,False,0,1,35.67696152361583,1.2566409415976945,True,False
44,B_COC,ID,113,stop_intersection,False,False,False,0,1,35.414172328870606,1.2309859828515486,True,False
44,B_COC,ID,114,stop_intersection,False,False,False,0,1,35.28884954718782,1.2417200415633445,True,False
44,B_COC,ID,115,stop_intersection,False,False,False,0,1,36.83617582132972,1.1991627549016197,True,False
44,B_COC,ID,116,stop_intersection,False,False,False,0,1,30.941052344848195,1.341898962855339,True,False
44,B_COC,ID,117,stop_intersection,False,False,False,0,1,27.5636030241875,1.2484836884033985,True,False
44,B_COC,ID,118,stop_intersection,False,False,False,0,1,31.520755613836656,1.3072622433686867,True,False
44,B_COC,ID,119,stop_intersection,False,False,False,0,1,34.642319918667845,1.2899362615176608,True,False
44,B_COC,ID,120,stop_intersection,False,False,False,0,1,36.90689785647353,1.2637667461883189,True,False
44,B_COC,ID,121,stop_intersection,False,False,False,0,1,35.93869225644628,1.2801656057668287,True,False
44,B_COC,ID,122,stop_intersection,False,False,False,0,1,32.561181286873115,1.1198140299597452,True,False
44,B_COC,ID,123,stop_intersection,False,False,False,0,1,26.498774414399186,1.321959866059793,True,False
44,B_COC,ID,124,stop_intersection,False,False,False,0,1,33.75550934174237,1.1951694654863934,True,False
44,B_COC,ID,125,stop_intersection,False,False,False,0,1,35.15630496751618,1.2254897753397624,True,False
44,B_COC,ID,126,stop_intersection,False,False,False,0,1,38.22747938708868,1.1493343909581502,True,False
44,B_COC,ID,127,stop_intersection,False,False,False,0,1,27.072022019882034,1.284754919378381,True,False
44,B_COC,ID,128,stop_intersection,False,False,False,0,1,33.18681809162347,1.2544785767066768,True,False
44,B_COC,ID,129,stop_intersection,False,False,False,0,1,34.707854544217,1.265572536559332,True,False
44,B_COC,ID,130,stop_intersection,False,False,False,0,1,26.57436869848381,1.1839301616717608,True,False
44,B_COC,ID,131,stop_intersection,False,False,False,0,1,27.762965814966368,1.3416269578431783,True,False
44,B_COC,ID,132,stop_intersection,False,False,False,0,1,32.41911761878616,1.2944744999815776,True,False
44,B_COC,ID,133,stop_intersection,False,False,False,0,1,30.373177232674564,1.1724684151207527,True,False
44,B_COC,ID,134,stop_intersection,False,False,False,0,1,37.9819242862543,1.2255956909873267,True,False
44,B_COC,ID,135,stop_intersection,False,False,False,0,1,31.473226138284865,1.312502309679985,True,False
44,B_COC,ID,136,stop_intersection,False,False,False,0,1,35.7123231410453,1.1480432613329454,True,False
44,B_COC,ID,137,stop_intersection,False,False,False,0,1,31.101307226744986,1.2195205543099379,True,False
44,B_COC,ID,138,stop_intersection,False,False,False,0,1,32.626335508473105,1.1930727107184274,True,False
44,B_COC,ID,139,stop_intersection,False,False,False,0,1,30.52029891395828,1.2504466325044632,True,False
44,B_COC,ID,140,stop_intersection,False,False,False,0,1,37.760615860808144,1.1609524358873782,True,False
44,B_COC,ID,141,stop_intersection,False,False,False,0,1,36.970949909727075,1.2347829619119333,True,False
44,B_COC,ID,142,stop_intersection,False,False,False,0,1,35.02617724540401,1.1941238695924932,True,False
44,B_COC,ID,143,stop_intersection,False,False,False,0,1,26.358334897123072,1.339968297932599,True,False
44,B_COC,ID,144,stop_intersection,False,False,False,0,1,28.97754811671667,1.189573958516121,True,False
44,B_COC,ID,145,stop_intersection,False,False,False,0,1,35.80955672918009,1.2363550208863756,True,False
44,B_COC,ID,146,stop_intersection,False,False,False,0,1,36.01597615557598,1.109834525320265,True,False
44,B_COC,ID,147,stop_intersection,False,False,False,0,1,31.335855662449944,1.2146508548317885,True,False
44,B_COC,ID,148,stop_intersection,False,False,False,0,1,33.04792210212072,1.2442320301419212,True,False
44,B_COC,ID,149,stop_intersection,False,False,False,0,1,35.65625250395384,1.2609517716226122,True,False
44,B_COC,ID,150,stop_intersection,False,False,False,0,1,33.93422233937687,1.213787155491965,True,False
44,B_COC,ID,151,stop_intersection,False,False,False,0,1,27.126361581180266,1.3526379417728733,True,False
44,B_COC,ID,152,stop_intersection,False,False,False,0,1,27.692302202244463,1.2945029923790379,True,False
44,B_COC,ID,153,stop_intersection,False,False,False,0,1,33.824016212003464,1.2428145873837353,True,False
44,B_COC,ID,154,stop_intersection,False,False,False,0,1,34.34253112004776,1.183358606967059,True,False
44,B_COC,ID,155,stop_intersection,False,False,False,0,1,29.39429693395646,1.275546779999366,True,False
44,B_COC,ID,156,stop_intersection,False,False,False,0,1,33.170797144741336,1.1046590181914242,True,False
44,B_COC,ID,157,stop_intersection,False,False,False,0,1,35.57364766644246,1.2303715402429753,True,False
44,B_COC,ID,158,stop_intersection,False,False,False,0,1,35.0530789453808,1.2954926065036227,True,False
44,B_COC,ID,159,stop_intersection,False,False,False,0,1,30.921694275922256,1.2634739726781845,True,False
44,B_COC,ID,160,stop_intersection,False,False,False,0,1,37.962502918648184,1.254552866137305,True,False
44,B_COC,ID,161,stop_intersection,False,False,False,0,1,30.18995132221798,1.3143736582535963,True,False
44,B_COC,ID,162,stop_intersection,False,False,False,0,1,36.698960257654264,1.2484083896459535,True,False
44,B_COC,ID,163,stop_intersection,False,False,False,0,1,32.105827509211736,1.3431967347860334,True,False
44,B_COC,ID,164,stop_intersection,False,False,False,0,1,27.439014773449575,1.2623006262277303,True,False
44,B_COC,ID,165,stop_intersection,False,False,False,0,1,32.6733321827721,1.2847088277339935,True,False
44,B_COC,ID,166,stop_intersection,False,False,False,0,1,38.113674877182525,1.2206203422763129,True,False
44,B_COC,ID,167,stop_intersection,False,False,False,0,1,28.12359266063926,1.250328100644625,True,False
44,B_COC,ID,168,stop_intersection,False,False,False,0,1,34.93806517618244,1.170545830283054,True,False
44,B_COC,ID,169,stop_intersection,False,False,False,0,1,34.84662824114915,1.237282497542245,True,False
44,B_COC,ID,170,stop_intersection,False,False,False,0,1,29.72032556315873,1.2329261302947998,True,False
44,B_COC,ID,171,stop_intersection,False,False,False,0,1,29.20993759180017,1.3408786058425903,True,False
44,B_COC,ID,172,stop_intersection,False,False,False,0,1,28.106189212086015,1.3193150413663763,True,False
44,B_COC,ID,173,stop_intersection,False,False,False,0,1,27.98420695721915,1.2438517197584493,True,False
44,B_COC,ID,174,stop_intersection,False,False,False,0,1,34.11590664124378,1.1423565040935169,True,False
44,B_COC,ID,175,stop_intersection,False,False,False,0,1,27.14155938703651,1.229940836246197,True,False
44,B_COC,ID,176,stop_intersection,False,False,False,0,1,36.13308469838005,1.236454126509753,True,False
44,B_COC,ID,177,stop_intersection,False,False,False,0,1,30.213515748887602,1.284696719585321,True,False
44,B_COC,ID,178,stop_intersection,False,False,False,0,1,28.50155239098099,1.1777077019214628,True,False
44,B_COC,ID,179,stop_intersection,False,False,False,0,1,29.79152274673927,1.1852860741498994,True,False
44,B_COC,ID,180,stop_intersection,False,False,False,0,1,31.398455398654,1.3254429996013641,True,False
44,B_COC,ID,181,stop_intersection,False,False,False,0,1,35.006378318387604,1.2191791477657499,True,False
44,B_COC,ID,182,stop_intersection,False,False,False,0,1,30.436310094533933,1.2538475096225736,True,False
44,B_COC,ID,183,stop_intersection,False,False,False,0,1,35.10934994604898,1.2242704629898071,True,False
44,B_COC,ID,184,stop_intersection,False,False,False,0,1,33.466702497957804,1.1665059799371762,True,False
44,B_COC,ID,185,stop_intersection,False,False,False,0,1,36.47249560025181,1.1985877225565356,True,False
44,B_COC,ID,186,stop_intersection,False,False,False,0,1,34.88239975559022,1.1502369642257688,True,False
44,B_COC,ID,187,stop_intersection,False,False,False,0,1,36.98131999576424,1.2237790296244067,True,False
44,B_COC,ID,188,stop_intersection,False,False,False,0,1,29.42499232351472,1.2222739905118942,True,False
44,B_COC,ID,189,stop_intersection,False,False,False,0,1,35.06745012537668,1.1486722935329783,True,False
44,B_COC,ID,190,stop_intersection,False,False,False,0,1,35.64563325822887,1.1455813727595587,True,False
44,B_COC,ID,191,stop_intersection,False,False,False,0,1,31.46269486640297,1.2231113852524174,True,False
44,B_COC,ID,192,stop_intersection,False,False,False,0,1,31.12027539572736,1.2739753127098081,True,False
44,B_COC,ID,193,stop_intersection,False,False,False,0,1,28.93954067653161,1.256140929002028,True,False
44,B_COC,ID,194,stop_intersection,False,False,False,0,1,29.91603131514168,1.2812375869506445,True,False
44,B_COC,ID,195,stop_intersection,False,False,False,0,1,35.07085883976985,1.1495805057612332,True,False
44,B_COC,ID,196,stop_intersection,False,False,False,0,1,28.159366955769933,1.277988476630969,True,False
44,B_COC,ID,197,stop_intersection,False,False,False,0,1,27.694100370141506,1.2265863632544494,True,False
44,B_COC,ID,198,stop_intersection,False,False,False,0,1,27.971661719136897,1.1862177699804306,True,False
44,B_COC,ID,199,stop_intersection,False,False,False,0,1,37.335562696177625,1.2628566387087798,True,False
44,B_COC,ID,200,lead_brake,False,False,False,0,0,76.212247565181,0.27276847263177234,True,False
44,B_COC,ID,201,lead_brake,False,False,False,0,0,84.41299092572069,0.6439358890056609,True,False
44,B_COC,ID,202,lead_brake,False,False,False,0,0,64.02015536328624,0.3469568540652593,True,False
44,B_COC,ID,203,lead_brake,False,False,False,0,0,62.132251082370125,0.6063279112180073,True,False
44,B_COC,ID,204,lead_brake,False,False,False,0,0,86.3547879493236,0.3028933554887771,True,False
44,B_COC,ID,205,lead_brake,False,False,False,0,0,62.78296732328185,1.484377272427082,True,False
44,B_COC,ID,206,lead_brake,False,False,False,0,0,76.17419348402683,0.6184344527622063,True,False
44,B_COC,ID,207,lead_brake,False,False,False,0,0,73.5762183222156,0.23358930399020514,True,False
44,B_COC,ID,208,lead_brake,False,False,False,0,0,78.31784163199283,0.3011349625885486,True,False
44,B_COC,ID,209,lead_brake,False,False,False,0,0,59.73263484547584,1.419892247766256,True,False
44,B_COC,ID,210,lead_brake,False,False,False,0,0,62.37975419773973,0.57795895387729,True,False
44,B_COC,ID,211,lead_brake,False,False,False,0,0,77.49771255557279,0.23177871108055115,True,False
44,B_COC,ID,212,lead_brake,False,False,False,0,0,78.08100756939398,1.019841653605302,True,False
44,B_COC,ID,213,lead_brake,False,False,False,0,0,54.367430388762266,0.7312300528089205,True,False
44,B_COC,ID,214,lead_brake,False,False,False,0,0,92.0086609426188,0.22569709147016206,True,False
44,B_COC,ID,215,lead_brake,False,False,False,0,0,66.28966107559042,0.6558255429069201,True,False
44,B_COC,ID,216,lead_brake,False,False,False,0,0,60.13843389872822,2.038844127207994,True,False
44,B_COC,ID,217,lead_brake,False,False,False,0,0,60.36052783447483,2.9426413563390574,True,False
44,B_COC,ID,218,lead_brake,False,False,False,0,0,62.11780662698842,0.5248170929650465,True,False
44,B_COC,ID,219,lead_brake,False,False,False,0,0,76.25949224091953,0.3487857071061929,True,False
44,B_COC,ID,220,lead_brake,False,False,False,0,0,54.83235388823937,1.204542557398478,True,False
44,B_COC,ID,221,lead_brake,False,False,False,0,0,52.87894642893904,6.150897355129321,True,False
44,B_COC,ID,222,lead_brake,False,False,False,0,0,83.23607884524071,0.25712914640704787,True,False
44,B_COC,ID,223,lead_brake,False,False,False,0,0,66.98452855577762,0.3972554852565129,True,False
44,B_COC,ID,224,lead_brake,False,False,False,0,0,71.0240950166972,0.48456891750295955,True,False
44,B_COC,ID,225,lead_brake,False,False,False,0,0,95.85733723163601,0.2520451868573824,True,False
44,B_COC,ID,226,lead_brake,False,False,False,0,0,65.22417985706524,0.6959095982213815,True,False
44,B_COC,ID,227,lead_brake,False,False,False,0,0,97.2374793595974,0.23225515087445575,True,False
44,B_COC,ID,228,lead_brake,False,False,False,0,0,74.38546284983862,0.6771011327703793,True,False
44,B_COC,ID,229,lead_brake,False,False,False,0,0,68.94183968167512,1.7844812894860902,True,False
44,B_COC,ID,230,lead_brake,False,False,False,0,0,84.4828048337996,0.160954346259435,True,False
44,B_COC,ID,231,lead_brake,False,False,False,0,0,93.93155697464833,0.16588399931788445,True,False
44,B_COC,ID,232,lead_brake,False,False,False,0,0,78.31781473897546,0.6135504705210526,True,False
44,B_COC,ID,233,lead_brake,False,False,False,0,0,60.839958123766834,1.0882696285843847,True,False
44,B_COC,ID,234,lead_brake,False,False,False,0,0,64.80626792785588,0.817908514291048,True,False
44,B_COC,ID,235,lead_brake,False,False,False,0,0,94.9375683462216,0.20426038031776744,True,False
44,B_COC,ID,236,lead_brake,False,False,False,0,0,75.97844939968094,0.275605625162522,True,False
44,B_COC,ID,237,lead_brake,False,False,False,0,0,55.96615273817076,0.8047482321659724,True,False
44,B_COC,ID,238,lead_brake,False,False,False,0,0,73.10968717756987,2.0122316026439266,True,False
44,B_COC,ID,239,lead_brake,False,False,False,0,0,75.20448116281085,0.8234157549838225,True,False
44,B_COC,ID,240,lead_brake,False,False,False,0,0,73.92425328486807,0.7496458316842715,True,False
44,B_COC,ID,241,lead_brake,False,False,False,0,0,55.195533166470845,0.5573237799108028,True,False
44,B_COC,ID,242,lead_brake,False,False,False,0,0,92.25986518441489,0.24119405324260393,True,False
44,B_COC,ID,243,lead_brake,False,False,False,0,0,93.9117820470662,0.28796764339009917,True,False
44,B_COC,ID,244,lead_brake,False,False,False,0,0,60.809125642621304,1.0779022263983884,True,False
44,B_COC,ID,245,lead_brake,False,False,False,0,0,68.18559240126203,0.4693415438135465,True,False
44,B_COC,ID,246,lead_brake,False,False,False,0,0,69.76296232998465,0.2416093721985817,True,False
44,B_COC,ID,247,lead_brake,False,False,False,0,0,67.68033276276147,0.302096601575613,True,False
44,B_COC,ID,248,lead_brake,False,False,False,0,0,57.03999770225479,6.8181179985404015,True,False
44,B_COC,ID,249,lead_brake,False,False,False,0,0,60.647654017701704,0.6702265478670596,True,False
44,B_COC,ID,250,lead_brake,False,False,False,0,0,62.802375129588256,2.277893867343664,True,False
44,B_COC,ID,251,lead_brake,False,False,False,0,0,63.60400159409222,1.6423704338570435,True,False
44,B_COC,ID,252,lead_brake,False,False,False,0,0,82.21262138722172,0.2599245284994443,True,False
44,B_COC,ID,253,lead_brake,False,False,False,0,0,90.65767132200068,0.1350763477385044,True,False
44,B_COC,ID,254,lead_brake,False,False,False,0,0,57.64178363852861,2.1364109603067236,True,False
44,B_COC,ID,255,lead_brake,False,False,False,0,0,69.3943851628107,1.2149391857286294,True,False
44,B_COC,ID,256,lead_brake,False,False,False,0,0,61.17053157770116,0.5755026812354723,True,False
44,B_COC,ID,257,lead_brake,False,False,False,0,0,95.41117763537953,0.23194051782290137,True,False
44,B_COC,ID,258,lead_brake,False,False,False,0,0,71.72928096181239,0.331742608298858,True,False
44,B_COC,ID,259,lead_brake,False,False,False,0,0,97.13400454446678,0.12177397248645622,True,False
44,B_COC,ID,260,lead_brake,False,False,False,0,0,57.306609467419925,2.177316623429457,True,False
44,B_COC,ID,261,lead_brake,False,False,False,0,0,68.76007619279048,0.8155638625224432,True,False
44,B_COC,ID,262,lead_brake,False,False,False,0,0,54.45984188768001,0.8922888512412706,True,False
44,B_COC,ID,263,lead_brake,False,False,False,0,0,60.568243639947845,1.8198577811320622,True,False
44,B_COC,ID,264,lead_brake,False,False,False,0,0,93.23449452041811,0.3227519144614537,True,False
44,B_COC,ID,265,lead_brake,False,False,False,0,0,86.95754171617833,0.20519337678949037,True,False
44,B_COC,ID,266,lead_brake,False,False,False,0,0,66.55667411251943,0.3367581032216549,True,False
44,B_COC,ID,267,lead_brake,False,False,False,0,0,79.77119740235493,0.27534259979923564,True,False
44,B_COC,ID,268,lead_brake,False,False,False,0,0,60.862098049767745,0.534033437569936,True,False
44,B_COC,ID,269,lead_brake,False,False,False,0,0,70.22314379472463,0.9494546862939993,True,False
44,B_COC,ID,270,lead_brake,False,False,False,0,0,78.89307124001776,2.5019647379716234,True,False
44,B_COC,ID,271,lead_brake,False,False,False,0,0,69.31356074242746,0.7210355574886004,True,False
44,B_COC,ID,272,lead_brake,False,False,False,0,0,87.33094998091283,0.23114034409324324,True,False
44,B_COC,ID,273,lead_brake,False,False,False,0,0,61.32338572228397,1.1122620590031147,True,False
44,B_COC,ID,274,lead_brake,False,False,False,0,0,95.20542440311308,0.27764250338077545,True,False
44,B_COC,ID,275,lead_brake,False,False,False,0,0,85.39157320022588,0.21727771684527394,True,False
44,B_COC,ID,276,lead_brake,False,False,False,0,0,59.69799500102156,0.32676682869593304,True,False
44,B_COC,ID,277,lead_brake,False,False,False,0,0,76.60721840618814,0.1571567083398501,True,False
44,B_COC,ID,278,lead_brake,False,False,False,0,0,81.39495651734119,0.23685849085450172,True,False
44,B_COC,ID,279,lead_brake,False,False,False,0,0,91.02796667276682,0.26109496752421063,True,False
44,B_COC,ID,280,lead_brake,False,False,False,0,0,82.01787223955351,0.21158095449209213,True,False
44,B_COC,ID,281,lead_brake,False,False,False,0,0,82.68604003544618,0.19701835761467615,True,False
44,B_COC,ID,282,lead_brake,False,False,False,0,0,87.73482846290855,0.2022498014072577,True,False
44,B_COC,ID,283,lead_brake,False,False,False,0,0,56.52261878516159,4.631941383083661,True,False
44,B_COC,ID,284,lead_brake,False,False,False,0,0,85.48173940077427,0.36145670960346854,True,False
44,B_COC,ID,285,lead_brake,False,False,False,0,0,71.05932211701001,0.65223436926802,True,False
44,B_COC,ID,286,lead_brake,False,False,False,0,0,92.40705075010041,0.2255443073809147,True,False
44,B_COC,ID,287,lead_brake,False,False,False,0,0,75.99377264373844,2.1811128171781697,True,False
44,B_COC,ID,288,lead_brake,False,False,False,0,0,67.89560755971331,0.6920002760986486,True,False
44,B_COC,ID,289,lead_brake,False,False,False,0,0,61.17401745964714,0.9916774841646353,True,False
44,B_COC,ID,290,lead_brake,False,False,False,0,0,95.28562889010207,0.2718423356612523,True,False
44,B_COC,ID,291,lead_brake,False,False,False,0,0,76.96797511056025,0.2400069385766983,True,False
44,B_COC,ID,292,lead_brake,False,False,False,0,0,73.71523331008804,0.28915122772256535,True,False
44,B_COC,ID,293,lead_brake,False,False,False,0,0,80.58719018385374,0.2654729175070921,True,False
44,B_COC,ID,294,lead_brake,False,False,False,0,0,60.4457477775642,0.25757853190104163,True,False
44,B_COC,ID,295,lead_brake,False,False,False,0,0,82.34697169240596,0.26063599810004234,True,False
44,B_COC,ID,296,lead_brake,False,False,False,0,0,61.14368905069495,0.48569086814920104,True,False
44,B_COC,ID,297,lead_brake,False,False,False,0,0,74.88144891875798,0.2291166887929042,True,False
44,B_COC,ID,298,lead_brake,False,False,False,0,0,94.05095524441258,0.18124253426988918,True,False
44,B_COC,ID,299,lead_brake,False,False,False,0,0,67.60422329199722,0.9928739791115124,True,False
44,B_COC,OOD,0,crosswalk,False,False,False,0,0,29.758499797245136,1.470140082495553,True,False
44,B_COC,OOD,1,crosswalk,False,False,False,0,0,30.965658489605808,1.3020041159221103,True,False
44,B_COC,OOD,2,crosswalk,True,True,False,0,1,23.385704181285504,0.9713962637796634,True,True
44,B_COC,OOD,3,crosswalk,False,False,False,0,1,29.618091204818345,1.353246725740887,True,False
44,B_COC,OOD,4,crosswalk,False,False,False,0,1,25.003476854697922,1.152850883763011,True,False
44,B_COC,OOD,5,crosswalk,False,False,False,0,1,24.87503620655668,1.2733214242117745,True,False
44,B_COC,OOD,6,crosswalk,False,False,False,0,1,20.59557017728246,0.9237762422046878,True,False
44,B_COC,OOD,7,crosswalk,False,False,False,0,1,22.100276523982444,1.176673357303326,True,False
44,B_COC,OOD,8,crosswalk,False,False,False,0,1,30.03595670699634,0.9388047715891963,True,False
44,B_COC,OOD,9,crosswalk,False,False,False,0,0,29.436463989032124,1.504818152736973,True,False
44,B_COC,OOD,10,crosswalk,False,False,False,0,1,26.268040914660737,1.0964612628138342,True,False
44,B_COC,OOD,11,crosswalk,False,False,False,0,1,24.418212438330762,1.0941675589198157,True,False
44,B_COC,OOD,12,crosswalk,False,False,False,0,0,27.65703582687668,1.1639795432219633,True,False
44,B_COC,OOD,13,crosswalk,False,False,False,0,1,23.144612695435477,1.125094139057657,True,False
44,B_COC,OOD,14,crosswalk,False,False,False,0,0,31.087379095434144,1.0581344649905249,True,False
44,B_COC,OOD,15,crosswalk,False,False,False,0,1,22.37118779119602,1.0670399380491133,True,False
44,B_COC,OOD,16,crosswalk,False,False,False,0,1,22.648234218941447,1.0146668294201726,True,False
44,B_COC,OOD,17,crosswalk,False,False,False,0,1,21.75338007009499,0.8037731153043833,True,False
44,B_COC,OOD,18,crosswalk,False,False,False,0,1,22.701004850781153,1.0451557990666982,True,False
44,B_COC,OOD,19,crosswalk,False,False,False,0,1,22.305026874777575,1.1252256326897199,True,False
44,B_COC,OOD,20,crosswalk,True,True,False,0,1,30.317970670475546,1.032889443774556,True,True
44,B_COC,OOD,21,crosswalk,False,False,False,0,1,22.008366211304338,1.0971353915722473,True,False
44,B_COC,OOD,22,crosswalk,False,False,False,0,1,21.333713608808328,1.095148444902606,True,False
44,B_COC,OOD,23,crosswalk,False,False,False,0,1,29.173718813593137,1.0201114416122437,True,False
44,B_COC,OOD,24,crosswalk,False,False,False,0,1,22.91364878236937,1.0814218629490244,True,False
44,B_COC,OOD,25,crosswalk,True,True,False,0,1,22.93654193618996,0.8647727551446719,True,True
44,B_COC,OOD,26,crosswalk,False,False,False,0,1,22.708428382841724,0.8879924747678969,True,False
44,B_COC,OOD,27,crosswalk,False,False,False,0,1,29.193233012087674,1.2410690214322961,True,False
44,B_COC,OOD,28,crosswalk,False,False,False,0,0,30.624081821433197,1.3910238836940965,True,False
44,B_COC,OOD,29,crosswalk,False,False,False,0,1,28.582148827940387,1.0063180056485261,True,False
44,B_COC,OOD,30,crosswalk,False,False,False,0,0,28.81074799268043,1.2716234227021534,True,False
44,B_COC,OOD,31,crosswalk,False,False,False,0,1,23.728439430962396,1.092029207564415,True,False
44,B_COC,OOD,32,crosswalk,False,False,False,0,1,28.25180583264678,1.0355614854934367,True,False
44,B_COC,OOD,33,crosswalk,False,False,False,0,1,27.20285251067304,1.1296690645672025,True,False
44,B_COC,OOD,34,crosswalk,False,False,False,0,1,25.22682077506814,0.8732509613037109,True,False
44,B_COC,OOD,35,crosswalk,False,False,False,0,1,22.30856878216607,1.0937573693015357,True,False
44,B_COC,OOD,36,crosswalk,False,False,False,0,1,21.398926719370444,0.9875236484019653,True,False
44,B_COC,OOD,37,crosswalk,False,False,False,0,1,23.23768459341462,1.2374632289776435,True,False
44,B_COC,OOD,38,crosswalk,False,False,False,0,1,21.20800077981782,0.8784308955073357,True,False
44,B_COC,OOD,39,crosswalk,False,False,False,0,1,30.580985010335837,1.1016834775606792,True,False
44,B_COC,OOD,40,crosswalk,False,False,False,0,1,21.626918981204977,1.0688078809868204,True,False
44,B_COC,OOD,41,crosswalk,False,False,False,0,1,24.247685646190636,0.9507788311351429,True,False
44,B_COC,OOD,42,crosswalk,False,False,False,0,1,25.603439714397545,1.3089470863342283,True,False
44,B_COC,OOD,43,crosswalk,False,False,False,0,1,20.856375487136905,0.8537992129200384,True,False
44,B_COC,OOD,44,crosswalk,True,True,False,0,1,31.0513464965368,0.9977051417032876,True,True
44,B_COC,OOD,45,crosswalk,False,False,False,0,1,21.91383226696945,0.981448929135998,True,False
44,B_COC,OOD,46,crosswalk,False,False,False,0,1,31.287040539574846,0.9968648400417593,True,False
44,B_COC,OOD,47,crosswalk,False,False,False,0,1,24.129194149140336,1.2440444190393793,True,False
44,B_COC,OOD,48,crosswalk,False,False,False,0,0,28.033504929909697,1.1638684530515928,True,False
44,B_COC,OOD,49,crosswalk,False,False,False,0,1,26.86926929218242,1.242708594371111,True,False
44,B_COC,OOD,50,crosswalk,False,False,False,0,0,27.327811094163913,1.3548131569011792,True,False
44,B_COC,OOD,51,crosswalk,False,False,False,0,1,27.58415221557083,1.3099168568122677,True,False
44,B_COC,OOD,52,crosswalk,False,False,False,0,1,22.083813254443914,1.285346619402751,True,False
44,B_COC,OOD,53,crosswalk,False,False,False,0,1,22.107835448543632,1.034086069299115,True,False
44,B_COC,OOD,54,crosswalk,False,False,False,0,0,25.526250415657476,1.1392197608947754,True,False
44,B_COC,OOD,55,crosswalk,False,False,False,0,1,29.78974018903619,1.458638325333595,True,False
44,B_COC,OOD,56,crosswalk,False,False,False,0,1,22.830594545983317,1.0924427075819536,True,False
44,B_COC,OOD,57,crosswalk,False,False,False,0,1,22.044918519919342,0.9481416737779658,True,False
44,B_COC,OOD,58,crosswalk,False,False,False,0,1,29.162479883043936,1.02403258283933,True,False
44,B_COC,OOD,59,crosswalk,False,False,False,0,1,23.664198597805573,1.0277440585196018,True,False
44,B_COC,OOD,60,crosswalk,True,True,False,0,0,27.934903862587355,1.2730370759963987,True,True
44,B_COC,OOD,61,crosswalk,False,False,False,0,1,23.196517811801357,1.0709119627350254,True,False
44,B_COC,OOD,62,crosswalk,True,True,False,0,1,28.701180530402326,0.9710909128189086,True,True
44,B_COC,OOD,63,crosswalk,False,False,False,0,1,22.039084798780586,0.9176805542736518,True,False
44,B_COC,OOD,64,crosswalk,False,False,False,0,1,24.709070137705943,1.1808428303761915,True,False
44,B_COC,OOD,65,crosswalk,True,True,False,0,1,30.636096461910174,0.9957874904979359,True,True
44,B_COC,OOD,66,crosswalk,False,False,False,0,1,20.919167141698665,1.0084823920176578,True,False
44,B_COC,OOD,67,crosswalk,False,False,False,0,1,27.773989194386722,1.2795747518539429,True,False
44,B_COC,OOD,68,crosswalk,False,False,False,0,1,21.112607504715,0.7814900475469502,True,False
44,B_COC,OOD,69,crosswalk,False,False,False,0,0,26.06693679907302,1.2177094561713082,True,False
44,B_COC,OOD,70,crosswalk,False,False,False,0,1,23.149291443742328,1.2313256561756132,True,False
44,B_COC,OOD,71,crosswalk,False,False,False,0,1,28.730429011406663,1.1965283420350816,True,False
44,B_COC,OOD,72,crosswalk,False,False,False,0,1,22.888642851139934,1.0057535171508787,True,False
44,B_COC,OOD,73,crosswalk,True,True,False,0,1,28.630903087410406,1.0016552020202982,True,True
44,B_COC,OOD,74,crosswalk,False,False,False,0,0,24.834166399179992,1.2079808030809673,True,False
44,B_COC,OOD,75,crosswalk,False,False,False,0,1,27.620632064068026,1.3003729610908321,True,False
44,B_COC,OOD,76,crosswalk,False,False,False,0,1,29.556332762799443,1.101139634847641,True,False
44,B_COC,OOD,77,crosswalk,True,True,False,0,1,26.331147965237847,1.0540152032200882,True,True
44,B_COC,OOD,78,crosswalk,False,False,False,0,1,29.06187472034211,0.9834568235609266,True,False
44,B_COC,OOD,79,crosswalk,False,False,False,0,1,20.276977528686892,1.0287322396678584,True,False
44,B_COC,OOD,80,crosswalk,False,False,False,0,1,24.272217422142326,1.2171948828348298,True,False
44,B_COC,OOD,81,crosswalk,False,False,False,0,1,22.590744794719534,1.28575732310613,True,False
44,B_COC,OOD,82,crosswalk,False,False,False,0,1,25.032444512826224,0.9441379790610456,True,False
44,B_COC,OOD,83,crosswalk,False,False,False,0,1,28.683156923569648,0.9678702658795296,True,False
44,B_COC,OOD,84,crosswalk,True,True,False,0,1,27.591533065980844,1.0902690742073988,True,True
44,B_COC,OOD,85,crosswalk,False,False,False,0,1,22.036671172682993,0.8997500933161596,True,False
44,B_COC,OOD,86,crosswalk,False,False,False,0,0,31.11936944687951,1.2369662523269653,True,False
44,B_COC,OOD,87,crosswalk,False,False,False,0,1,23.42062620487314,0.8824731111526488,True,False
44,B_COC,OOD,88,crosswalk,True,True,False,0,1,30.251090719704465,1.084858150709243,True,True
44,B_COC,OOD,89,crosswalk,False,False,False,0,1,28.553164380633092,1.0451996868306939,True,False
44,B_COC,OOD,90,crosswalk,True,True,False,0,0,31.01368680180089,1.2116807215922587,True,True
44,B_COC,OOD,91,crosswalk,True,False,False,0,1,23.211632158885628,1.1670834422111511,True,True
44,B_COC,OOD,92,crosswalk,False,False,False,0,1,24.55871330168732,1.0964604033980259,True,False
44,B_COC,OOD,93,crosswalk,False,False,False,0,1,20.546913886173684,0.9149668383043865,True,False
44,B_COC,OOD,94,crosswalk,False,False,False,0,1,26.833061936896435,1.1564301810366042,True,False
44,B_COC,OOD,95,crosswalk,False,False,False,0,1,21.813724455949433,0.9527723147318913,True,False
44,B_COC,OOD,96,crosswalk,False,False,False,0,1,28.674826373955078,1.0549338297410444,True,False
44,B_COC,OOD,97,crosswalk,False,False,False,0,1,31.088607318692453,1.180588059955173,True,False
44,B_COC,OOD,98,crosswalk,False,False,False,0,1,27.6037155966562,1.1500147493874153,True,False
44,B_COC,OOD,99,crosswalk,False,False,False,0,1,28.777215942410443,1.1932446094269449,True,False
44,B_COC,OOD,100,stop_intersection,False,False,False,0,1,23.764747211967666,1.6847963434345317,True,False
44,B_COC,OOD,101,stop_intersection,False,False,False,0,1,25.527724427070762,1.4019066432736953,True,False
44,B_COC,OOD,102,stop_intersection,False,False,False,0,1,30.56903535322742,1.3642747308078564,True,False
44,B_COC,OOD,103,stop_intersection,False,False,False,0,1,27.487510638622688,1.6674678240503584,True,False
44,B_COC,OOD,104,stop_intersection,False,False,False,0,1,27.486107963915604,1.8125161722950314,True,False
44,B_COC,OOD,105,stop_intersection,False,False,False,0,1,21.443072209032962,1.7812780678893128,True,False
44,B_COC,OOD,106,stop_intersection,False,False,False,0,1,30.67861367788791,1.3727664398519615,True,False
44,B_COC,OOD,107,stop_intersection,False,False,False,0,1,28.523976102468062,1.3384564139626243,True,False
44,B_COC,OOD,108,stop_intersection,False,False,False,0,1,25.22004192732103,1.683395394572505,True,False
44,B_COC,OOD,109,stop_intersection,False,False,False,0,1,21.232150210396973,1.7570092881980695,True,False
44,B_COC,OOD,110,stop_intersection,False,False,False,0,1,24.467542830686853,1.8010324358940124,True,False
44,B_COC,OOD,111,stop_intersection,False,False,False,0,1,23.80494400732305,1.7438859562828857,True,False
44,B_COC,OOD,112,stop_intersection,False,False,False,0,1,24.38187341116674,1.7681651927055198,True,False
44,B_COC,OOD,113,stop_intersection,False,False,False,0,1,30.409102834317395,1.1622942763973365,True,False
44,B_COC,OOD,114,stop_intersection,False,False,False,0,1,24.75852288329768,1.7127023522670453,True,False
44,B_COC,OOD,115,stop_intersection,False,False,False,0,1,24.508937742696116,1.336578771069243,True,False
44,B_COC,OOD,116,stop_intersection,False,False,False,0,1,22.18588379275635,1.7296203127447165,True,False
44,B_COC,OOD,117,stop_intersection,False,False,False,0,1,29.30673336858139,1.7469627452346514,True,False
44,B_COC,OOD,118,stop_intersection,False,False,False,0,1,28.084857708392896,1.3199146797782495,True,False
44,B_COC,OOD,119,stop_intersection,False,False,False,0,1,24.38203075303111,1.7887814760208127,True,False
44,B_COC,OOD,120,stop_intersection,False,False,False,0,1,31.490118170401477,1.5208857082853129,True,False
44,B_COC,OOD,121,stop_intersection,False,False,False,0,1,21.77285896745847,1.9094921283575952,True,False
44,B_COC,OOD,122,stop_intersection,False,False,False,0,1,24.348313693035266,1.2102230620093462,True,False
44,B_COC,OOD,123,stop_intersection,False,False,False,0,1,31.09361853494252,1.2826751619577408,True,False
44,B_COC,OOD,124,stop_intersection,False,False,False,0,1,29.42368456993597,1.7061625086531347,True,False
44,B_COC,OOD,125,stop_intersection,False,False,False,0,1,23.627540674627333,1.0990754779842165,True,False
44,B_COC,OOD,126,stop_intersection,False,False,False,0,1,31.503649002977177,1.669037794524973,True,False
44,B_COC,OOD,127,stop_intersection,False,False,False,0,1,29.06842092241071,1.3957492208906581,True,False
44,B_COC,OOD,128,stop_intersection,False,False,False,0,1,29.26304919501746,1.3549737083284477,True,False
44,B_COC,OOD,129,stop_intersection,False,False,False,0,1,27.103290514509375,1.6494672081687234,True,False
44,B_COC,OOD,130,stop_intersection,False,False,False,0,1,21.650181691974495,1.0901487913242607,True,False
44,B_COC,OOD,131,stop_intersection,False,False,False,0,1,24.772722785964774,1.8370966522061094,True,False
44,B_COC,OOD,132,stop_intersection,False,False,False,0,0,21.95953967554703,1.7336152403092966,True,False
44,B_COC,OOD,133,stop_intersection,False,False,False,0,1,25.413967011863043,1.707830494100397,True,False
44,B_COC,OOD,134,stop_intersection,False,False,False,0,1,25.83558789430213,1.29206120967865,True,False
44,B_COC,OOD,135,stop_intersection,False,False,False,0,1,21.423864879320003,1.1510094771018393,True,False
44,B_COC,OOD,136,stop_intersection,False,False,False,0,1,25.254625914850273,1.2785174717774261,True,False
44,B_COC,OOD,137,stop_intersection,False,False,False,0,1,31.496161173119013,1.3898025066764266,True,False
44,B_COC,OOD,138,stop_intersection,False,False,False,0,1,31.405277609254213,1.710654900719722,True,False
44,B_COC,OOD,139,stop_intersection,False,False,False,0,1,27.331637986352874,1.2542658585768478,True,False
44,B_COC,OOD,140,stop_intersection,False,False,False,0,1,24.76680350924087,1.1218016612387838,True,False
44,B_COC,OOD,141,stop_intersection,False,False,False,0,1,29.00712929426243,1.1630925830713539,True,False
44,B_COC,OOD,142,stop_intersection,False,False,False,0,1,23.487567932233787,1.8109481096267699,True,False
44,B_COC,OOD,143,stop_intersection,False,False,False,0,1,28.29899677312365,1.798507314748489,True,False
44,B_COC,OOD,144,stop_intersection,False,False,False,0,1,30.02298724206878,1.3044550174321883,True,False
44,B_COC,OOD,145,stop_intersection,False,False,False,0,1,27.891628938810893,1.5924856716936282,True,False
44,B_COC,OOD,146,stop_intersection,False,False,False,0,1,27.86476378395981,1.7622115754562875,True,False
44,B_COC,OOD,147,stop_intersection,False,False,False,0,1,20.687466453985724,1.2418371036246016,True,False
44,B_COC,OOD,148,stop_intersection,False,False,False,0,1,20.453931982089284,0.9595389167467753,True,False
44,B_COC,OOD,149,stop_intersection,False,False,False,0,1,29.552204156396506,1.5539360750805247,True,False
44,B_COC,OOD,150,stop_intersection,False,False,False,0,0,22.827252313586076,1.778079303710357,True,False
44,B_COC,OOD,151,stop_intersection,False,False,False,0,1,23.049890975283688,1.2706976560385603,True,False
44,B_COC,OOD,152,stop_intersection,False,False,False,0,1,30.457624128783223,1.3792271676816439,True,False
44,B_COC,OOD,153,stop_intersection,False,False,False,0,1,29.958937707368648,1.2662587278499837,True,False
44,B_COC,OOD,154,stop_intersection,False,False,False,0,1,21.748422372873726,1.680689476570993,True,False
44,B_COC,OOD,155,stop_intersection,False,False,False,0,1,23.940358796456156,1.310448712772793,True,False
44,B_COC,OOD,156,stop_intersection,False,False,False,0,1,22.589800449867553,1.669787647468703,True,False
44,B_COC,OOD,157,stop_intersection,False,False,False,0,1,23.568448869926982,1.8727491974830626,True,False
44,B_COC,OOD,158,stop_intersection,False,False,False,0,1,30.963301274207417,1.5590009551781874,True,False
44,B_COC,OOD,159,stop_intersection,False,False,False,0,1,28.75641980271419,1.1918707417194234,True,False
44,B_COC,OOD,160,stop_intersection,False,False,False,0,1,25.99408408996424,1.6740061044692993,True,False
44,B_COC,OOD,161,stop_intersection,False,False,False,0,1,23.56388516467328,1.0740973816617676,True,False
44,B_COC,OOD,162,stop_intersection,False,False,False,0,1,27.156332449137174,1.186294860618059,True,False
44,B_COC,OOD,163,stop_intersection,False,False,False,0,1,25.708513875328382,1.1924267821013927,True,False
44,B_COC,OOD,164,stop_intersection,False,False,False,0,1,24.003906246632987,1.1482225462447764,True,False
44,B_COC,OOD,165,stop_intersection,False,False,False,0,1,28.878169296957537,1.7722720582530183,True,False
44,B_COC,OOD,166,stop_intersection,False,False,False,0,1,27.304266810880563,1.8458658084273338,True,False
44,B_COC,OOD,167,stop_intersection,False,False,False,0,1,30.185131198334485,1.1325352153052455,True,False
44,B_COC,OOD,168,stop_intersection,False,False,False,0,1,30.926240454394783,1.1925681578842076,True,False
44,B_COC,OOD,169,stop_intersection,False,False,False,0,1,27.959962528846123,1.2825191479462843,True,False
44,B_COC,OOD,170,stop_intersection,False,False,False,0,1,20.466500008541928,1.165411760791754,True,False
44,B_COC,OOD,171,stop_intersection,False,False,False,0,1,21.20753648411079,1.1924746612439283,True,False
44,B_COC,OOD,172,stop_intersection,False,False,False,0,1,22.47174148388951,1.6060842352884788,True,False
44,B_COC,OOD,173,stop_intersection,False,False,False,0,1,28.344244506649893,1.0664269490086513,True,False
44,B_COC,OOD,174,stop_intersection,False,False,False,0,1,22.063727163789373,1.71378596006213,True,False
44,B_COC,OOD,175,stop_intersection,False,False,False,0,1,27.56557780307234,1.4131817469994226,True,False
44,B_COC,OOD,176,stop_intersection,False,False,False,0,1,22.63222403415132,1.7140844210982322,True,False
44,B_COC,OOD,177,stop_intersection,False,False,False,0,1,30.92400823242989,1.7213520121115904,True,False
44,B_COC,OOD,178,stop_intersection,False,False,False,0,1,28.21186188338845,1.3483853402890658,True,False
44,B_COC,OOD,179,stop_intersection,False,False,False,0,1,28.519190907934025,1.8243740594133417,True,False
44,B_COC,OOD,180,stop_intersection,False,False,False,0,1,21.309958886707417,1.071122171623366,True,False
44,B_COC,OOD,181,stop_intersection,False,False,False,0,1,30.809909193418264,1.2962791323661804,True,False
44,B_COC,OOD,182,stop_intersection,False,False,False,0,1,22.573631285597216,1.1678502475842834,True,False
44,B_COC,OOD,183,stop_intersection,False,False,False,0,1,21.704099491343165,1.1904092211472361,True,False
44,B_COC,OOD,184,stop_intersection,False,False,False,0,1,30.41715663390098,1.6976439621713426,True,False
44,B_COC,OOD,185,stop_intersection,False,False,False,0,1,25.90237170045242,1.1038056437088095,True,False
44,B_COC,OOD,186,stop_intersection,False,False,False,0,1,30.71605310039397,1.7017472332174126,True,False
44,B_COC,OOD,187,stop_intersection,False,False,False,0,1,28.00150264713134,1.913143473987778,True,False
44,B_COC,OOD,188,stop_intersection,False,False,False,0,1,31.305111055151837,1.4587334596685,True,False
44,B_COC,OOD,189,stop_intersection,False,False,False,0,1,29.41380098221476,1.35859666686309,True,False
44,B_COC,OOD,190,stop_intersection,False,False,False,0,1,25.300057782754827,2.0256126687881792,True,False
44,B_COC,OOD,191,stop_intersection,False,False,False,0,1,27.079658264032414,1.7422126599077907,True,False
44,B_COC,OOD,192,stop_intersection,False,False,False,0,1,29.80087676181546,1.1550449701242667,True,False
44,B_COC,OOD,193,stop_intersection,False,False,False,0,1,23.803675709185377,1.098993784851498,True,False
44,B_COC,OOD,194,stop_intersection,False,False,False,0,1,26.479786459511978,1.1867435692354689,True,False
44,B_COC,OOD,195,stop_intersection,False,False,False,0,1,26.835252801734846,1.7487952931254518,True,False
44,B_COC,OOD,196,stop_intersection,False,False,False,0,1,22.573111908114747,1.1297351583128883,True,False
44,B_COC,OOD,197,stop_intersection,False,False,False,0,1,29.955413516425537,1.6380061290480874,True,False
44,B_COC,OOD,198,stop_intersection,False,False,False,0,1,29.533915089975537,1.922050175514627,True,False
44,B_COC,OOD,199,stop_intersection,False,False,False,0,1,28.741798106170847,1.4717330726293416,True,False
44,B_COC,OOD,200,lead_brake,False,False,False,0,0,34.00831564769148,3.952943259229263,True,False
44,B_COC,OOD,201,lead_brake,False,False,True,0,0,30.93791065975494,6.97889014147222,True,False
44,B_COC,OOD,202,lead_brake,False,False,True,0,0,26.107172021356366,3.822636278346181,True,False
44,B_COC,OOD,203,lead_brake,False,False,False,0,0,30.835774460692612,2.5896026951571303,True,False
44,B_COC,OOD,204,lead_brake,False,False,True,0,0,29.820691670028015,5.099823816368977,True,False
44,B_COC,OOD,205,lead_brake,False,False,True,0,0,28.610055431314244,6.306667573129137,True,False
44,B_COC,OOD,206,lead_brake,False,False,False,0,0,30.30868080793493,3.192202972869078,True,False
44,B_COC,OOD,207,lead_brake,False,False,False,0,0,32.92135772762752,4.1196214724332085,True,False
44,B_COC,OOD,208,lead_brake,False,False,False,0,0,38.24419703566878,6.5314561259001485,True,False
44,B_COC,OOD,209,lead_brake,False,False,True,0,0,30.80230839436173,1.8500022869557142,True,False
44,B_COC,OOD,210,lead_brake,False,False,True,0,0,29.90337325540344,4.94223306576411,True,False
44,B_COC,OOD,211,lead_brake,False,False,False,0,0,36.544364852011206,6.614005891606212,True,False
44,B_COC,OOD,212,lead_brake,False,False,True,0,0,27.734244317686702,7.368348818893234,True,False
44,B_COC,OOD,213,lead_brake,False,False,True,0,0,30.9908112404085,5.221224652603269,True,False
44,B_COC,OOD,214,lead_brake,False,False,False,0,0,35.092598242496116,4.988703404863675,True,False
44,B_COC,OOD,215,lead_brake,False,False,True,0,0,26.954887301292583,6.9994942129900055,True,False
44,B_COC,OOD,216,lead_brake,False,False,False,0,0,40.331419577863024,2.634485173970461,True,False
44,B_COC,OOD,217,lead_brake,False,False,False,0,0,34.841656345427005,2.1351665842036405,True,False
44,B_COC,OOD,218,lead_brake,False,False,True,0,0,26.774786364459633,2.726507513473431,True,False
44,B_COC,OOD,219,lead_brake,False,False,False,0,0,34.54625988905485,5.319596877942483,True,False
44,B_COC,OOD,220,lead_brake,False,False,False,0,0,35.41754301957815,4.271446988607446,True,False
44,B_COC,OOD,221,lead_brake,False,False,True,0,0,24.361638738662,4.07374544814229,True,False
44,B_COC,OOD,222,lead_brake,False,False,False,0,0,39.856186388148885,6.7540445638199635,True,False
44,B_COC,OOD,223,lead_brake,False,False,True,0,0,26.54790061466123,7.321395384147762,True,False
44,B_COC,OOD,224,lead_brake,False,False,False,0,0,31.399193534793692,4.939036433895429,True,False
44,B_COC,OOD,225,lead_brake,False,False,False,0,0,32.08556986158101,6.629435585190852,True,False
44,B_COC,OOD,226,lead_brake,False,False,False,0,0,27.340011243820175,2.382951176414887,True,False
44,B_COC,OOD,227,lead_brake,False,False,False,0,0,38.831372350341795,3.335169160117706,True,False
44,B_COC,OOD,228,lead_brake,False,False,False,0,0,39.83325344372445,0.6882383388777574,True,False
44,B_COC,OOD,229,lead_brake,False,False,False,0,0,43.283767520934326,2.1405139186729985,True,False
44,B_COC,OOD,230,lead_brake,False,False,False,0,0,34.26481906030885,6.739879000931978,True,False
44,B_COC,OOD,231,lead_brake,False,False,False,0,0,35.48151809425952,4.029554128646851,True,False
44,B_COC,OOD,232,lead_brake,False,False,False,0,0,32.959453935781696,5.858203362052639,True,False
44,B_COC,OOD,233,lead_brake,False,False,True,0,0,30.260844843324275,3.7510017566382885,True,False
44,B_COC,OOD,234,lead_brake,False,False,False,0,0,29.324943751573567,5.937305449818571,True,False
44,B_COC,OOD,235,lead_brake,False,False,False,0,0,32.489338352285536,4.09973768144846,True,False
44,B_COC,OOD,236,lead_brake,False,False,False,0,0,42.737687167376265,7.021338949600856,True,False
44,B_COC,OOD,237,lead_brake,False,False,False,0,0,40.62107377889366,2.7125635190556445,True,False
44,B_COC,OOD,238,lead_brake,False,False,True,0,0,26.486347561180565,3.6483193933963776,True,False
44,B_COC,OOD,239,lead_brake,False,False,False,0,0,34.59119970990764,3.550335941215356,True,False
44,B_COC,OOD,240,lead_brake,False,False,False,0,0,36.98121367439628,6.381673730288942,True,False
44,B_COC,OOD,241,lead_brake,False,False,True,0,0,25.99596178780315,4.202657965322335,True,False
44,B_COC,OOD,242,lead_brake,False,False,True,0,0,27.25570848561712,4.452041606108347,True,False
44,B_COC,OOD,243,lead_brake,False,False,True,0,0,31.316682386762274,6.398213775828481,True,False
44,B_COC,OOD,244,lead_brake,False,False,False,0,0,41.898804117292165,5.043870558341344,True,False
44,B_COC,OOD,245,lead_brake,False,False,False,0,0,43.69997926801446,1.5807632356882095,True,False
44,B_COC,OOD,246,lead_brake,False,False,True,0,0,27.092709993264098,3.1234049890190363,True,False
44,B_COC,OOD,247,lead_brake,False,False,False,0,0,31.632658069084282,5.818837937588493,True,False
44,B_COC,OOD,248,lead_brake,False,False,True,0,0,27.912567118958307,3.997424569601814,True,False
44,B_COC,OOD,249,lead_brake,False,False,True,0,0,24.314105506228774,7.344872606918216,True,False
44,B_COC,OOD,250,lead_brake,False,False,False,0,0,33.866526508932154,6.658117714027563,True,False
44,B_COC,OOD,251,lead_brake,False,False,False,0,0,31.168129515211927,3.419347246487935,True,False
44,B_COC,OOD,252,lead_brake,False,False,False,0,0,40.38301800354815,4.115426009520888,True,False
44,B_COC,OOD,253,lead_brake,False,False,False,0,0,29.056244272291657,3.5742086376994844,True,False
44,B_COC,OOD,254,lead_brake,False,False,True,0,0,28.463631932506186,5.261194518456856,True,False
44,B_COC,OOD,255,lead_brake,False,False,False,0,0,34.6881879923244,5.117630630110701,True,False
44,B_COC,OOD,256,lead_brake,False,False,True,0,0,25.363637703210124,5.361036433527866,True,False
44,B_COC,OOD,257,lead_brake,False,False,False,0,0,31.146328629545966,4.640189429124196,True,False
44,B_COC,OOD,258,lead_brake,False,False,True,0,0,23.92532082409683,3.3662444315850735,True,False
44,B_COC,OOD,259,lead_brake,False,False,False,0,0,43.37124037161468,2.862270524104436,True,False
44,B_COC,OOD,260,lead_brake,False,False,False,0,0,34.97690349163608,4.434845220297575,True,False
44,B_COC,OOD,261,lead_brake,False,False,True,0,0,29.011491671325814,3.6307862382382154,True,False
44,B_COC,OOD,262,lead_brake,False,False,False,0,0,38.61056200379842,6.38604231365025,True,False
44,B_COC,OOD,263,lead_brake,False,False,True,0,0,30.9671887815786,6.58121683076024,True,False
44,B_COC,OOD,264,lead_brake,False,False,False,0,0,44.8336485792697,2.8089012193183103,True,False
44,B_COC,OOD,265,lead_brake,False,False,False,0,0,40.40533822256236,0.9312186768899361,True,False
44,B_COC,OOD,266,lead_brake,False,False,False,0,0,32.6343412911517,7.335680980856219,True,False
44,B_COC,OOD,267,lead_brake,False,False,True,0,0,29.83738809366646,3.823052543525894,True,False
44,B_COC,OOD,268,lead_brake,False,False,True,0,0,29.542470751901153,7.034342750906944,True,False
44,B_COC,OOD,269,lead_brake,False,False,False,0,0,31.80094676284004,4.701155282557011,True,False
44,B_COC,OOD,270,lead_brake,False,False,True,0,0,25.866105106797487,1.627250817293922,True,False
44,B_COC,OOD,271,lead_brake,False,False,False,0,0,36.49047658757519,7.240575585514307,True,False
44,B_COC,OOD,272,lead_brake,False,False,False,0,0,34.51302991901696,5.469179335981607,True,False
44,B_COC,OOD,273,lead_brake,False,False,False,0,0,35.0528376028834,1.6119909876336653,True,False
44,B_COC,OOD,274,lead_brake,False,False,False,0,0,37.45021635256267,1.9294197373092175,True,False
44,B_COC,OOD,275,lead_brake,False,False,True,0,0,33.399749818407464,3.5295607975373664,True,False
44,B_COC,OOD,276,lead_brake,False,False,True,0,0,28.876399770646252,5.342601620902617,True,False
44,B_COC,OOD,277,lead_brake,False,False,True,0,0,29.923245264887804,5.873343907296658,True,False
44,B_COC,OOD,278,lead_brake,False,False,True,0,0,30.43176046382954,5.884648494422435,True,False
44,B_COC,OOD,279,lead_brake,False,False,False,0,0,39.00806918948887,1.0967439586917558,True,False
44,B_COC,OOD,280,lead_brake,False,False,False,0,0,30.801697875891296,4.306689314544201,True,False
44,B_COC,OOD,281,lead_brake,False,False,True,0,0,31.728680712729716,2.5701185601452985,True,False
44,B_COC,OOD,282,lead_brake,False,False,False,0,0,32.47669604074755,4.885590601091583,True,False
44,B_COC,OOD,283,lead_brake,False,False,False,0,0,36.80168911680579,1.643293283879757,True,False
44,B_COC,OOD,284,lead_brake,False,False,True,0,0,26.254718493411747,6.645788457244635,True,False
44,B_COC,OOD,285,lead_brake,False,False,False,0,0,35.56966473506453,6.015750510618091,True,False
44,B_COC,OOD,286,lead_brake,False,False,False,0,0,29.308357718962554,3.2536985830714302,True,False
44,B_COC,OOD,287,lead_brake,False,False,True,0,0,32.87062604602399,4.959057897950212,True,False
44,B_COC,OOD,288,lead_brake,False,False,True,0,0,27.00952610256513,5.0437464490532875,True,False
44,B_COC,OOD,289,lead_brake,False,False,False,0,0,39.9697999204211,5.883504762003819,True,False
44,B_COC,OOD,290,lead_brake,False,False,True,0,0,34.00451858156834,3.5812338596830764,True,False
44,B_COC,OOD,291,lead_brake,False,False,True,0,0,22.030029931962474,3.234281536191702,True,False
44,B_COC,OOD,292,lead_brake,False,False,False,0,0,36.369899700423936,3.5712033417075872,True,False
44,B_COC,OOD,293,lead_brake,False,False,True,0,0,25.790992024190082,4.976665595546364,True,False
44,B_COC,OOD,294,lead_brake,False,False,True,0,0,27.039171250966277,3.2474215949575105,True,False
44,B_COC,OOD,295,lead_brake,False,False,False,0,0,28.516218804269993,4.260210366298755,True,False
44,B_COC,OOD,296,lead_brake,False,False,False,0,0,35.83241384892929,4.655528519923488,True,False
44,B_COC,OOD,297,lead_brake,False,False,False,0,0,39.28122446145919,1.1004562514523664,True,False
44,B_COC,OOD,298,lead_brake,False,False,True,0,0,21.602000807395612,3.0082562590638795,True,False
44,B_COC,OOD,299,lead_brake,False,False,True,0,0,26.002440537486628,1.6474088113754985,True,False
44,C_LEGACY_CONTRACT,ID,0,crosswalk,False,False,False,0,0,29.61923423643777,2.1293793618679047,True,False
44,C_LEGACY_CONTRACT,ID,1,crosswalk,False,False,False,0,0,38.10060696289268,0.9225569882740576,True,False
44,C_LEGACY_CONTRACT,ID,2,crosswalk,False,False,False,0,0,28.283846823063477,2.5746088200493857,True,False
44,C_LEGACY_CONTRACT,ID,3,crosswalk,False,False,False,0,0,32.55808730262262,2.3225213338931403,True,False
44,C_LEGACY_CONTRACT,ID,4,crosswalk,False,False,False,0,0,33.80444431808297,2.3026441037654877,True,False
44,C_LEGACY_CONTRACT,ID,5,crosswalk,False,False,False,0,0,28.794559366966354,1.9250132208285125,True,False
44,C_LEGACY_CONTRACT,ID,6,crosswalk,False,False,False,0,0,35.12572785156064,0.4249852320010012,True,False
44,C_LEGACY_CONTRACT,ID,7,crosswalk,False,False,False,0,0,37.47899227758663,2.114681859190265,True,False
44,C_LEGACY_CONTRACT,ID,8,crosswalk,False,False,False,0,0,27.718249041883823,1.9033822805985159,True,False
44,C_LEGACY_CONTRACT,ID,9,crosswalk,False,False,False,0,0,34.119127700212104,2.0125200641764835,True,False
44,C_LEGACY_CONTRACT,ID,10,crosswalk,False,False,False,0,0,36.311953000845364,2.07479879098094,True,False
44,C_LEGACY_CONTRACT,ID,11,crosswalk,False,False,False,0,0,33.92059572369128,2.0498776187499366,True,False
44,C_LEGACY_CONTRACT,ID,12,crosswalk,False,False,False,0,0,28.248829414002007,1.293745337936439,True,False
44,C_LEGACY_CONTRACT,ID,13,crosswalk,False,False,False,0,0,31.828734442746875,1.6604168445843717,True,False
44,C_LEGACY_CONTRACT,ID,14,crosswalk,False,False,False,0,0,29.863493936880737,2.1503995088013736,True,False
44,C_LEGACY_CONTRACT,ID,15,crosswalk,False,False,False,0,0,34.80447835594579,0.4077832724737084,True,False
44,C_LEGACY_CONTRACT,ID,16,crosswalk,False,False,False,0,0,26.920975259343574,2.5299417061938176,True,False
44,C_LEGACY_CONTRACT,ID,17,crosswalk,False,False,False,0,0,27.014030446606505,2.1346426010131836,True,False
44,C_LEGACY_CONTRACT,ID,18,crosswalk,False,False,False,0,0,35.653441855168694,1.851073537360538,True,False
44,C_LEGACY_CONTRACT,ID,19,crosswalk,False,False,False,0,0,37.996859081044846,0.3851057992627223,True,False
44,C_LEGACY_CONTRACT,ID,20,crosswalk,False,False,False,0,0,31.449326210625884,2.0818459340149444,True,False
44,C_LEGACY_CONTRACT,ID,21,crosswalk,False,False,False,0,0,31.891799143429722,1.6769309214908967,True,False
44,C_LEGACY_CONTRACT,ID,22,crosswalk,False,False,False,0,0,28.136407502114597,1.905425919426812,True,False
44,C_LEGACY_CONTRACT,ID,23,crosswalk,False,False,False,0,0,34.90232856990437,0.4097496244040402,True,False
44,C_LEGACY_CONTRACT,ID,24,crosswalk,False,False,False,0,0,27.955042831824507,1.80869663722421,True,False
44,C_LEGACY_CONTRACT,ID,25,crosswalk,False,False,False,0,0,29.277781188867014,1.8962161242961884,True,False
44,C_LEGACY_CONTRACT,ID,26,crosswalk,False,False,False,0,0,27.36927104443798,2.4758845410848918,True,False
44,C_LEGACY_CONTRACT,ID,27,crosswalk,False,False,False,0,0,31.930847284830705,1.9275767790774503,True,False
44,C_LEGACY_CONTRACT,ID,28,crosswalk,False,False,False,0,0,33.807557654902,1.315838343330792,True,False
44,C_LEGACY_CONTRACT,ID,29,crosswalk,False,False,False,0,0,29.11205661455225,2.387443110346794,True,False
44,C_LEGACY_CONTRACT,ID,30,crosswalk,False,False,False,0,0,32.348675255461714,0.5384444005110047,True,False
44,C_LEGACY_CONTRACT,ID,31,crosswalk,False,False,False,0,0,28.671933755765792,1.9131641673005144,True,False
44,C_LEGACY_CONTRACT,ID,32,crosswalk,False,False,False,0,0,38.68831065004001,1.8660281940052905,True,False
44,C_LEGACY_CONTRACT,ID,33,crosswalk,False,False,False,0,0,31.861756650127106,0.43943292683079127,True,False
44,C_LEGACY_CONTRACT,ID,34,crosswalk,False,False,False,0,0,35.85225988095851,0.7001940005769332,True,False
44,C_LEGACY_CONTRACT,ID,35,crosswalk,False,False,False,0,0,29.365956148641132,1.937722395295682,True,False
44,C_LEGACY_CONTRACT,ID,36,crosswalk,False,False,False,0,0,38.01967130530326,0.372595950961113,True,False
44,C_LEGACY_CONTRACT,ID,37,crosswalk,False,False,False,0,0,31.638139264222694,2.2301641377535733,True,False
44,C_LEGACY_CONTRACT,ID,38,crosswalk,False,False,False,0,0,34.64888117967932,2.0974197114507356,True,False
44,C_LEGACY_CONTRACT,ID,39,crosswalk,False,False,False,0,0,28.79993461491681,1.7837247839197516,True,False
44,C_LEGACY_CONTRACT,ID,40,crosswalk,False,False,False,0,0,31.907595757059184,0.40510469200936233,True,False
44,C_LEGACY_CONTRACT,ID,41,crosswalk,False,False,False,0,0,35.26599480805825,1.7274610156362706,True,False
44,C_LEGACY_CONTRACT,ID,42,crosswalk,False,False,False,0,0,37.71033089837384,0.37681795967121917,True,False
44,C_LEGACY_CONTRACT,ID,43,crosswalk,False,False,False,0,0,31.156265590592994,1.9200069705645242,True,False
44,C_LEGACY_CONTRACT,ID,44,crosswalk,False,False,False,0,0,31.470872327453073,1.7963898341570579,True,False
44,C_LEGACY_CONTRACT,ID,45,crosswalk,False,False,False,0,0,35.82574873075118,0.7419302438696225,True,False
44,C_LEGACY_CONTRACT,ID,46,crosswalk,False,False,False,0,0,30.857811988796733,2.21328238194639,True,False
44,C_LEGACY_CONTRACT,ID,47,crosswalk,False,False,False,0,0,28.183953777789398,0.3885042639449239,True,False
44,C_LEGACY_CONTRACT,ID,48,crosswalk,False,False,False,0,0,34.290743874438334,0.36467840274175006,True,False
44,C_LEGACY_CONTRACT,ID,49,crosswalk,False,False,False,0,0,37.749652239989324,0.3930902416291444,True,False
44,C_LEGACY_CONTRACT,ID,50,crosswalk,False,False,False,0,0,30.213019803885608,2.2671170560643077,True,False
44,C_LEGACY_CONTRACT,ID,51,crosswalk,False,False,False,0,0,29.863469745700964,0.38471963433992296,True,False
44,C_LEGACY_CONTRACT,ID,52,crosswalk,False,False,False,0,0,36.52691007771747,0.3946056216955185,True,False
44,C_LEGACY_CONTRACT,ID,53,crosswalk,False,False,False,0,0,37.87801527263089,0.7805957049131392,True,False
44,C_LEGACY_CONTRACT,ID,54,crosswalk,False,False,False,0,0,37.24156615611496,0.3742075264453888,True,False
44,C_LEGACY_CONTRACT,ID,55,crosswalk,False,False,False,0,0,34.23062531939759,2.022359583696181,True,False
44,C_LEGACY_CONTRACT,ID,56,crosswalk,False,False,False,0,0,30.859378570853657,2.2583883575030734,True,False
44,C_LEGACY_CONTRACT,ID,57,crosswalk,False,False,False,0,0,33.29396402127843,2.3137285086241635,True,False
44,C_LEGACY_CONTRACT,ID,58,crosswalk,False,False,False,0,0,35.66939072842452,0.8497942789741184,True,False
44,C_LEGACY_CONTRACT,ID,59,crosswalk,False,False,False,0,0,34.90843382796883,0.39075500642259914,True,False
44,C_LEGACY_CONTRACT,ID,60,crosswalk,False,False,False,0,0,36.511794422116544,2.07826830757161,True,False
44,C_LEGACY_CONTRACT,ID,61,crosswalk,False,False,False,0,0,37.209687247754005,0.3773925691843033,True,False
44,C_LEGACY_CONTRACT,ID,62,crosswalk,False,False,False,0,0,32.43330478623818,2.267366458069194,True,False
44,C_LEGACY_CONTRACT,ID,63,crosswalk,False,False,False,0,0,32.04712942293351,0.8113382579315276,True,False
44,C_LEGACY_CONTRACT,ID,64,crosswalk,False,False,False,0,0,29.271022109701775,2.170806239359081,True,False
44,C_LEGACY_CONTRACT,ID,65,crosswalk,False,False,False,0,0,37.22473020504641,1.9768332845220962,True,False
44,C_LEGACY_CONTRACT,ID,66,crosswalk,False,False,False,0,0,33.38418101184693,1.0093110586915697,True,False
44,C_LEGACY_CONTRACT,ID,67,crosswalk,False,False,False,0,0,28.2322124962313,0.4466048157528827,True,False
44,C_LEGACY_CONTRACT,ID,68,crosswalk,False,False,False,0,0,31.907664000139867,0.3880962678654627,True,False
44,C_LEGACY_CONTRACT,ID,69,crosswalk,False,False,False,0,0,31.01814315247684,1.8896057332555452,True,False
44,C_LEGACY_CONTRACT,ID,70,crosswalk,False,False,False,0,0,38.9872235099286,0.4163549095392227,True,False
44,C_LEGACY_CONTRACT,ID,71,crosswalk,False,False,False,0,0,35.209326413785405,0.377259012311697,True,False
44,C_LEGACY_CONTRACT,ID,72,crosswalk,False,False,False,0,0,36.2241984879271,0.39257332993050414,True,False
44,C_LEGACY_CONTRACT,ID,73,crosswalk,False,False,False,0,0,33.06983831678542,1.9695648474788123,True,False
44,C_LEGACY_CONTRACT,ID,74,crosswalk,False,False,False,0,0,36.34353809993101,0.3803979605436325,True,False
44,C_LEGACY_CONTRACT,ID,75,crosswalk,False,False,False,0,0,34.74178272097056,1.8962212635034863,True,False
44,C_LEGACY_CONTRACT,ID,76,crosswalk,False,False,False,0,0,36.050690281154814,0.3984970009575287,True,False
44,C_LEGACY_CONTRACT,ID,77,crosswalk,False,False,False,0,0,35.573877130422765,2.052986460991881,True,False
44,C_LEGACY_CONTRACT,ID,78,crosswalk,False,False,False,0,0,33.940897686439854,1.979765109717846,True,False
44,C_LEGACY_CONTRACT,ID,79,crosswalk,False,False,False,0,0,34.831562846775036,2.047708986084098,True,False
44,C_LEGACY_CONTRACT,ID,80,crosswalk,False,False,False,0,0,30.85246313635841,0.4067178992998032,True,False
44,C_LEGACY_CONTRACT,ID,81,crosswalk,False,False,False,0,0,32.88323752349045,2.322042577645995,True,False
44,C_LEGACY_CONTRACT,ID,82,crosswalk,False,False,False,0,0,36.179695270154696,2.090468561897675,True,False
44,C_LEGACY_CONTRACT,ID,83,crosswalk,False,False,False,0,0,37.46474888014611,0.36604779270979076,True,False
44,C_LEGACY_CONTRACT,ID,84,crosswalk,False,False,False,0,0,32.568526649486195,1.6769270574593025,True,False
44,C_LEGACY_CONTRACT,ID,85,crosswalk,False,False,False,0,0,32.36667471960298,0.4454037830943153,True,False
44,C_LEGACY_CONTRACT,ID,86,crosswalk,False,False,False,0,0,28.70037135616525,1.805368971824646,True,False
44,C_LEGACY_CONTRACT,ID,87,crosswalk,False,False,False,0,0,35.27242284153718,1.0171493355716976,True,False
44,C_LEGACY_CONTRACT,ID,88,crosswalk,False,False,False,0,0,31.09145440731428,2.05715369919072,True,False
44,C_LEGACY_CONTRACT,ID,89,crosswalk,False,False,False,0,0,33.524511051091594,0.3763269438691761,True,False
44,C_LEGACY_CONTRACT,ID,90,crosswalk,False,False,False,0,0,28.390648132723797,0.39776904787868256,True,False
44,C_LEGACY_CONTRACT,ID,91,crosswalk,False,False,False,0,0,28.488876554097814,2.033352337100289,True,False
44,C_LEGACY_CONTRACT,ID,92,crosswalk,False,False,False,0,0,39.00932450469095,0.5688152640410091,True,False
44,C_LEGACY_CONTRACT,ID,93,crosswalk,False,False,False,0,0,31.28004811875546,1.8995909889539082,True,False
44,C_LEGACY_CONTRACT,ID,94,crosswalk,False,False,False,0,0,31.78604574097203,2.1429083381025564,True,False
44,C_LEGACY_CONTRACT,ID,95,crosswalk,False,False,False,0,0,30.913906457494008,0.37696249613707716,True,False
44,C_LEGACY_CONTRACT,ID,96,crosswalk,False,False,False,0,0,27.980172783179,2.3289529159665103,True,False
44,C_LEGACY_CONTRACT,ID,97,crosswalk,False,False,False,0,0,36.970098819192,0.475621834397316,True,False
44,C_LEGACY_CONTRACT,ID,98,crosswalk,False,False,False,0,0,29.922524623581545,2.563886559127192,True,False
44,C_LEGACY_CONTRACT,ID,99,crosswalk,False,False,False,0,0,31.43540227375873,0.7222354896366596,True,False
44,C_LEGACY_CONTRACT,ID,100,stop_intersection,False,False,False,0,1,26.50029807467376,1.6007814308007557,True,False
44,C_LEGACY_CONTRACT,ID,101,stop_intersection,False,False,False,0,1,31.6416312447683,1.4074778120692182,True,False
44,C_LEGACY_CONTRACT,ID,102,stop_intersection,False,False,False,0,1,26.49241732712526,1.8869591752688089,True,False
44,C_LEGACY_CONTRACT,ID,103,stop_intersection,False,False,False,0,1,29.20736415319977,1.5543616288586666,True,False
44,C_LEGACY_CONTRACT,ID,104,stop_intersection,False,False,False,0,1,27.408382170461177,1.427312838403802,True,False
44,C_LEGACY_CONTRACT,ID,105,stop_intersection,False,False,False,0,1,31.52125204481527,1.5977363033992489,True,False
44,C_LEGACY_CONTRACT,ID,106,stop_intersection,False,False,False,0,1,32.57812314095372,1.3914858422628262,True,False
44,C_LEGACY_CONTRACT,ID,107,stop_intersection,False,False,False,0,1,30.287124259179212,1.8469439648293158,True,False
44,C_LEGACY_CONTRACT,ID,108,stop_intersection,False,False,False,0,1,32.2453981708898,1.556265415289463,True,False
44,C_LEGACY_CONTRACT,ID,109,stop_intersection,False,False,False,0,1,33.63069215457913,1.6297278092021033,True,False
44,C_LEGACY_CONTRACT,ID,110,stop_intersection,False,False,False,0,1,29.11757866809416,1.5333657651334194,True,False
44,C_LEGACY_CONTRACT,ID,111,stop_intersection,False,False,False,0,1,35.917385215901035,1.4578977794874282,True,False
44,C_LEGACY_CONTRACT,ID,112,stop_intersection,False,False,False,0,1,35.97521995173476,1.5366208127566745,True,False
44,C_LEGACY_CONTRACT,ID,113,stop_intersection,False,False,False,0,1,35.73063813382149,1.5652486256190707,True,False
44,C_LEGACY_CONTRACT,ID,114,stop_intersection,False,False,False,0,1,35.60683767936392,1.3509346899532138,True,False
44,C_LEGACY_CONTRACT,ID,115,stop_intersection,False,False,False,0,1,37.15280608156702,1.4223445029485793,True,False
44,C_LEGACY_CONTRACT,ID,116,stop_intersection,False,False,False,0,1,31.222548837833294,1.6989092136684216,True,False
44,C_LEGACY_CONTRACT,ID,117,stop_intersection,False,False,False,0,1,27.86298139004747,1.6552241911759247,True,False
44,C_LEGACY_CONTRACT,ID,118,stop_intersection,False,False,False,0,1,31.788494574495488,1.4920070296839663,True,False
44,C_LEGACY_CONTRACT,ID,119,stop_intersection,False,False,False,0,1,34.94177619563216,1.412019322558147,True,False
44,C_LEGACY_CONTRACT,ID,120,stop_intersection,False,False,False,0,1,37.19968173374377,1.6531967826005889,True,False
44,C_LEGACY_CONTRACT,ID,121,stop_intersection,False,False,False,0,1,36.22349357479374,1.646426845164526,True,False
44,C_LEGACY_CONTRACT,ID,122,stop_intersection,False,False,False,0,1,32.896756813768484,1.348994601340521,True,False
44,C_LEGACY_CONTRACT,ID,123,stop_intersection,False,False,False,0,1,26.78780752114899,1.5458394090334573,True,False
44,C_LEGACY_CONTRACT,ID,124,stop_intersection,False,False,False,0,1,34.07306032054869,1.5160414576530457,True,False
44,C_LEGACY_CONTRACT,ID,125,stop_intersection,False,False,False,0,1,35.46740625363686,1.4798371239406307,True,False
44,C_LEGACY_CONTRACT,ID,126,stop_intersection,False,False,False,0,1,38.561438117466494,1.3520344279029153,True,False
44,C_LEGACY_CONTRACT,ID,127,stop_intersection,False,False,False,0,1,27.366701380437696,1.6388352877563899,True,False
44,C_LEGACY_CONTRACT,ID,128,stop_intersection,False,False,False,0,1,33.48383275664753,1.4445265978574753,True,False
44,C_LEGACY_CONTRACT,ID,129,stop_intersection,False,False,False,0,1,34.979471881682294,1.6838332065721835,True,False
44,C_LEGACY_CONTRACT,ID,130,stop_intersection,False,False,False,0,1,26.872722441764413,1.7362222389170996,True,False
44,C_LEGACY_CONTRACT,ID,131,stop_intersection,False,False,False,0,1,28.053277456902947,1.698697888188892,True,False
44,C_LEGACY_CONTRACT,ID,132,stop_intersection,False,False,False,0,1,32.732008644497554,1.4322556406259537,True,False
44,C_LEGACY_CONTRACT,ID,133,stop_intersection,False,False,False,0,1,30.67448593471537,1.6544162631034849,True,False
44,C_LEGACY_CONTRACT,ID,134,stop_intersection,False,False,False,0,1,38.29687005857515,1.3838381129641866,True,False
44,C_LEGACY_CONTRACT,ID,135,stop_intersection,False,False,False,0,1,31.736217615833958,1.7776177326838174,True,False
44,C_LEGACY_CONTRACT,ID,136,stop_intersection,False,False,False,0,1,36.04350081938727,1.4017692277597826,True,False
44,C_LEGACY_CONTRACT,ID,137,stop_intersection,False,False,False,0,1,31.410693573493795,1.5482549369335175,True,False
44,C_LEGACY_CONTRACT,ID,138,stop_intersection,False,False,False,0,1,32.94159165780295,1.3881352907273827,True,False
44,C_LEGACY_CONTRACT,ID,139,stop_intersection,False,False,False,0,1,30.817870699967912,1.4003805166635757,True,False
44,C_LEGACY_CONTRACT,ID,140,stop_intersection,False,False,False,0,1,38.10023252009522,1.3352044953240287,True,False
44,C_LEGACY_CONTRACT,ID,141,stop_intersection,False,False,False,0,1,37.262838688383795,1.6782605222293308,True,False
44,C_LEGACY_CONTRACT,ID,142,stop_intersection,False,False,False,0,1,35.36100835524474,1.3249007768409196,True,False
44,C_LEGACY_CONTRACT,ID,143,stop_intersection,False,False,False,0,1,26.62349968757647,1.8901080058680642,True,False
44,C_LEGACY_CONTRACT,ID,144,stop_intersection,False,False,False,0,1,29.2763078371081,1.679434531774276,True,False
44,C_LEGACY_CONTRACT,ID,145,stop_intersection,False,False,False,0,1,36.113300135738825,1.4294572574336353,True,False
44,C_LEGACY_CONTRACT,ID,146,stop_intersection,False,False,False,0,1,36.35502982867527,1.3620613650842146,True,False
44,C_LEGACY_CONTRACT,ID,147,stop_intersection,False,False,False,0,1,31.63029512493847,1.6958117783069608,True,False
44,C_LEGACY_CONTRACT,ID,148,stop_intersection,False,False,False,0,1,33.35340722890289,1.5964880367604697,True,False
44,C_LEGACY_CONTRACT,ID,149,stop_intersection,False,False,False,0,1,35.93864819985625,1.7158773032630361,True,False
44,C_LEGACY_CONTRACT,ID,150,stop_intersection,False,False,False,0,1,34.24984463537401,1.4007851699503455,True,False
44,C_LEGACY_CONTRACT,ID,151,stop_intersection,False,False,False,0,1,27.408758466451452,1.6975460284286075,True,False
44,C_LEGACY_CONTRACT,ID,152,stop_intersection,False,False,False,0,1,27.988640831003927,1.5298007791106765,True,False
44,C_LEGACY_CONTRACT,ID,153,stop_intersection,False,False,False,0,1,34.11876888529591,1.6414356082677841,True,False
44,C_LEGACY_CONTRACT,ID,154,stop_intersection,False,False,False,0,1,34.66348914963484,1.483458848226638,True,False
44,C_LEGACY_CONTRACT,ID,155,stop_intersection,False,False,False,0,1,29.689556795119245,1.4979182732732672,True,False
44,C_LEGACY_CONTRACT,ID,156,stop_intersection,False,False,False,0,1,33.51423592484391,1.3000775944618952,True,False
44,C_LEGACY_CONTRACT,ID,157,stop_intersection,False,False,False,0,1,35.8812067906738,1.5759923846222634,True,False
44,C_LEGACY_CONTRACT,ID,158,stop_intersection,False,False,False,0,1,35.354235544469226,1.4344394933886644,True,False
44,C_LEGACY_CONTRACT,ID,159,stop_intersection,False,False,False,0,1,31.20660356867977,1.7532841058877797,True,False
44,C_LEGACY_CONTRACT,ID,160,stop_intersection,False,False,False,0,1,38.27573296354889,1.4723739169892809,True,False
44,C_LEGACY_CONTRACT,ID,161,stop_intersection,False,False,False,0,1,30.44945868267635,1.763331215632589,True,False
44,C_LEGACY_CONTRACT,ID,162,stop_intersection,False,False,False,0,1,37.00233164644102,1.712304891609564,True,False
44,C_LEGACY_CONTRACT,ID,163,stop_intersection,False,False,False,0,1,32.38118783074182,1.621651068711892,True,False
44,C_LEGACY_CONTRACT,ID,164,stop_intersection,False,False,False,0,1,27.719240610307423,1.7347910758611318,True,False
44,C_LEGACY_CONTRACT,ID,165,stop_intersection,False,False,False,0,1,32.95394537970454,1.4473989682319837,True,False
44,C_LEGACY_CONTRACT,ID,166,stop_intersection,False,False,False,0,1,38.410310100064564,1.6304085005161373,True,False
44,C_LEGACY_CONTRACT,ID,167,stop_intersection,False,False,False,0,1,28.405985922907565,1.7719331069996482,True,False
44,C_LEGACY_CONTRACT,ID,168,stop_intersection,False,False,False,0,1,35.259027396439976,1.3611321931793576,True,False
44,C_LEGACY_CONTRACT,ID,169,stop_intersection,False,False,False,0,1,35.150652070243055,1.5753297209739685,True,False
44,C_LEGACY_CONTRACT,ID,170,stop_intersection,False,False,False,0,1,30.00003295759943,1.7354011077147262,True,False
44,C_LEGACY_CONTRACT,ID,171,stop_intersection,False,False,False,0,1,29.46867494011827,1.7283412733593502,True,False
44,C_LEGACY_CONTRACT,ID,172,stop_intersection,False,False,False,0,1,28.387346270086475,1.7301579584946503,True,False
44,C_LEGACY_CONTRACT,ID,173,stop_intersection,False,False,False,0,1,28.272010374148696,1.7363864653988887,True,False
44,C_LEGACY_CONTRACT,ID,174,stop_intersection,False,False,False,0,1,34.43184216683992,1.5427358344543811,True,False
44,C_LEGACY_CONTRACT,ID,175,stop_intersection,False,False,False,0,1,27.431844524872364,1.7402169578953792,True,False
44,C_LEGACY_CONTRACT,ID,176,stop_intersection,False,False,False,0,1,36.46735620600382,1.622600626377832,True,False
44,C_LEGACY_CONTRACT,ID,177,stop_intersection,False,False,False,0,1,30.48539675259663,1.822065554167095,True,False
44,C_LEGACY_CONTRACT,ID,178,stop_intersection,False,False,False,0,1,28.799495476211916,1.7226691465628774,True,False
44,C_LEGACY_CONTRACT,ID,179,stop_intersection,False,False,False,0,1,30.11226725991079,1.4585606306791303,True,False
44,C_LEGACY_CONTRACT,ID,180,stop_intersection,False,False,False,0,1,31.695742345558177,1.5682538044758332,True,False
44,C_LEGACY_CONTRACT,ID,181,stop_intersection,False,False,False,0,1,35.31880724376997,1.443129094635568,True,False
44,C_LEGACY_CONTRACT,ID,182,stop_intersection,False,False,False,0,1,30.71478425675489,1.6842030409054878,True,False
44,C_LEGACY_CONTRACT,ID,183,stop_intersection,False,False,False,0,1,35.41563893650885,1.4677766675040833,True,False
44,C_LEGACY_CONTRACT,ID,184,stop_intersection,False,False,False,0,1,33.7761858629848,1.6313030516229023,True,False
44,C_LEGACY_CONTRACT,ID,185,stop_intersection,False,False,False,0,1,36.79019103046073,1.4024661694254195,True,False
44,C_LEGACY_CONTRACT,ID,186,stop_intersection,False,False,False,0,1,35.219857221779804,1.5049434124037278,True,False
44,C_LEGACY_CONTRACT,ID,187,stop_intersection,False,False,False,0,1,37.280524161246035,1.6161318232373492,True,False
44,C_LEGACY_CONTRACT,ID,188,stop_intersection,False,False,False,0,1,29.71534216371156,1.6569454575839795,True,False
44,C_LEGACY_CONTRACT,ID,189,stop_intersection,False,False,False,0,1,35.39362665934468,1.4697205736523582,True,False
44,C_LEGACY_CONTRACT,ID,190,stop_intersection,False,False,False,0,1,35.9538980524459,1.5885757013808848,True,False
44,C_LEGACY_CONTRACT,ID,191,stop_intersection,False,False,False,0,1,31.773043316877768,1.5726256064879587,True,False
44,C_LEGACY_CONTRACT,ID,192,stop_intersection,False,False,False,0,1,31.419114148632154,1.6431095411902978,True,False
44,C_LEGACY_CONTRACT,ID,193,stop_intersection,False,False,False,0,1,29.224319848818126,1.7786708944722225,True,False
44,C_LEGACY_CONTRACT,ID,194,stop_intersection,False,False,False,0,1,30.213967778343545,1.6504654602000586,True,False
44,C_LEGACY_CONTRACT,ID,195,stop_intersection,False,False,False,0,1,35.39979505911696,1.326524629149326,True,False
44,C_LEGACY_CONTRACT,ID,196,stop_intersection,False,False,False,0,1,28.43365462996929,1.8283107151856293,True,False
44,C_LEGACY_CONTRACT,ID,197,stop_intersection,False,False,False,0,1,28.00309599010967,1.6196312775483002,True,False
44,C_LEGACY_CONTRACT,ID,198,stop_intersection,False,False,False,0,1,28.286393087394437,1.5798576411448024,True,False
44,C_LEGACY_CONTRACT,ID,199,stop_intersection,False,False,False,0,1,37.63960798557645,1.449845390660422,True,False
44,C_LEGACY_CONTRACT,ID,200,lead_brake,False,False,False,0,0,76.3643582924614,6.892989245553811,True,False
44,C_LEGACY_CONTRACT,ID,201,lead_brake,False,False,False,0,0,84.77974240820741,6.759228982031345,True,False
44,C_LEGACY_CONTRACT,ID,202,lead_brake,False,False,False,0,0,64.12939549436636,3.1584169932951527,True,False
44,C_LEGACY_CONTRACT,ID,203,lead_brake,False,False,False,0,0,62.05309865140361,8.434807921449343,True,False
44,C_LEGACY_CONTRACT,ID,204,lead_brake,False,False,False,0,0,86.71228708960118,2.006616828342279,True,False
44,C_LEGACY_CONTRACT,ID,205,lead_brake,False,False,False,0,0,62.73473913057984,5.9939723039666815,True,False
44,C_LEGACY_CONTRACT,ID,206,lead_brake,False,False,False,0,0,76.50822297005713,2.2147406091292696,True,False
44,C_LEGACY_CONTRACT,ID,207,lead_brake,False,False,False,0,0,73.52231521427454,2.3761438770840564,True,False
44,C_LEGACY_CONTRACT,ID,208,lead_brake,False,False,False,0,0,78.60909635074351,6.064117706691225,True,False
44,C_LEGACY_CONTRACT,ID,209,lead_brake,False,False,False,0,0,59.80551221417936,10.623060663541157,True,False
44,C_LEGACY_CONTRACT,ID,210,lead_brake,False,False,False,0,0,62.25662354744292,4.902188510323564,True,False
44,C_LEGACY_CONTRACT,ID,211,lead_brake,False,False,False,0,0,77.49251741704387,0.5056532224019369,True,False
44,C_LEGACY_CONTRACT,ID,212,lead_brake,False,False,False,0,0,78.445426143295,8.827463557322819,True,False
44,C_LEGACY_CONTRACT,ID,213,lead_brake,False,False,False,0,0,54.38224572872987,10.160669344166914,True,False
44,C_LEGACY_CONTRACT,ID,214,lead_brake,False,False,False,0,0,92.34945231140132,1.3902436432739098,True,False
44,C_LEGACY_CONTRACT,ID,215,lead_brake,False,False,False,0,0,66.44283353996113,10.749744564294813,True,False
44,C_LEGACY_CONTRACT,ID,216,lead_brake,False,False,False,0,0,60.13013097945958,4.505589351678887,True,False
44,C_LEGACY_CONTRACT,ID,217,lead_brake,False,False,False,0,0,60.46167946676887,9.25629776654144,True,False
44,C_LEGACY_CONTRACT,ID,218,lead_brake,False,False,False,0,0,62.21170892914924,8.415978261580069,True,False
44,C_LEGACY_CONTRACT,ID,219,lead_brake,False,False,False,0,0,76.56313460402079,1.6342293173074722,True,False
44,C_LEGACY_CONTRACT,ID,220,lead_brake,False,False,False,0,0,54.84658276260981,9.844469974438349,True,False
44,C_LEGACY_CONTRACT,ID,221,lead_brake,False,False,False,0,0,52.85758015644484,12.375192314386366,True,False
44,C_LEGACY_CONTRACT,ID,222,lead_brake,False,False,False,0,0,83.46223165718511,3.4007182015726958,True,False
44,C_LEGACY_CONTRACT,ID,223,lead_brake,False,False,False,0,0,67.01236635675728,10.973143426080544,True,False
44,C_LEGACY_CONTRACT,ID,224,lead_brake,False,False,False,0,0,71.23457016205207,9.841848467787106,True,False
44,C_LEGACY_CONTRACT,ID,225,lead_brake,False,False,False,0,0,96.7186218798906,1.1508971552054086,True,False
44,C_LEGACY_CONTRACT,ID,226,lead_brake,False,False,False,0,0,65.36239778472972,10.06910034455359,True,False
44,C_LEGACY_CONTRACT,ID,227,lead_brake,False,False,False,0,0,98.73979331994096,0.0934625801940759,True,False
44,C_LEGACY_CONTRACT,ID,228,lead_brake,False,False,False,0,0,74.68078796441657,4.134179870287577,True,False
44,C_LEGACY_CONTRACT,ID,229,lead_brake,False,False,False,0,0,69.04524742636596,9.870414273813367,True,False
44,C_LEGACY_CONTRACT,ID,230,lead_brake,False,False,False,0,0,84.37260249316694,0.7780612061421075,True,False
44,C_LEGACY_CONTRACT,ID,231,lead_brake,False,False,False,0,0,94.52968856759254,0.6649370416998863,True,False
44,C_LEGACY_CONTRACT,ID,232,lead_brake,False,False,False,0,0,78.69794692292963,2.901340330640475,True,False
44,C_LEGACY_CONTRACT,ID,233,lead_brake,False,False,False,0,0,60.77443299432938,7.276553716510534,True,False
44,C_LEGACY_CONTRACT,ID,234,lead_brake,False,False,False,0,0,64.97286631164025,10.972643787662188,True,False
44,C_LEGACY_CONTRACT,ID,235,lead_brake,False,False,False,0,0,95.59191165331437,0.5306972290078799,True,False
44,C_LEGACY_CONTRACT,ID,236,lead_brake,False,False,False,0,0,76.14374240754655,5.71133688961466,True,False
44,C_LEGACY_CONTRACT,ID,237,lead_brake,False,False,False,0,0,56.0114778462667,10.550982097784678,True,False
44,C_LEGACY_CONTRACT,ID,238,lead_brake,False,False,False,0,0,73.28099810223407,10.062024536232151,True,False
44,C_LEGACY_CONTRACT,ID,239,lead_brake,False,False,False,0,0,75.54973028750173,3.6396570398161807,True,False
44,C_LEGACY_CONTRACT,ID,240,lead_brake,False,False,False,0,0,74.1787792622413,8.197058538595835,True,False
44,C_LEGACY_CONTRACT,ID,241,lead_brake,False,False,False,0,0,55.220464158448294,7.713865980505942,True,False
44,C_LEGACY_CONTRACT,ID,242,lead_brake,False,False,False,0,0,92.62992961740851,2.890829648201664,True,False
44,C_LEGACY_CONTRACT,ID,243,lead_brake,False,False,False,0,0,94.88497470958838,1.8016925205787022,True,False
44,C_LEGACY_CONTRACT,ID,244,lead_brake,False,False,False,0,0,60.878326374062716,10.879824335376421,True,False
44,C_LEGACY_CONTRACT,ID,245,lead_brake,False,False,False,0,0,68.33395647951555,9.499861312409243,True,False
44,C_LEGACY_CONTRACT,ID,246,lead_brake,False,False,False,0,0,69.77236159309837,5.740402018030484,True,False
44,C_LEGACY_CONTRACT,ID,247,lead_brake,False,False,False,0,0,67.84475480364118,7.58628950578471,True,False
44,C_LEGACY_CONTRACT,ID,248,lead_brake,False,False,False,0,0,57.06378885181147,1.8239881113792458,True,False
44,C_LEGACY_CONTRACT,ID,249,lead_brake,False,False,False,0,0,60.73730650988221,11.432475882271925,True,False
44,C_LEGACY_CONTRACT,ID,250,lead_brake,False,False,False,0,0,62.80265494836154,10.398591456313927,True,False
44,C_LEGACY_CONTRACT,ID,251,lead_brake,False,False,False,0,0,63.746070465724415,8.34162558770428,True,False
44,C_LEGACY_CONTRACT,ID,252,lead_brake,False,False,False,0,0,82.54491911938116,6.27732994314283,True,False
44,C_LEGACY_CONTRACT,ID,253,lead_brake,False,False,False,0,0,90.77246534608068,0.5529108370343844,True,False
44,C_LEGACY_CONTRACT,ID,254,lead_brake,False,False,False,0,0,57.70211968705713,7.463730240861574,True,False
44,C_LEGACY_CONTRACT,ID,255,lead_brake,False,False,False,0,0,69.63728216379401,9.766595393419266,True,False
44,C_LEGACY_CONTRACT,ID,256,lead_brake,False,False,False,0,0,61.23884375200647,9.288326308131218,True,False
44,C_LEGACY_CONTRACT,ID,257,lead_brake,False,False,False,0,0,96.16891425374943,1.4979869723320007,True,False
44,C_LEGACY_CONTRACT,ID,258,lead_brake,False,False,False,0,0,71.96792921705622,7.308486036956309,True,False
44,C_LEGACY_CONTRACT,ID,259,lead_brake,False,False,False,0,0,99.44328875690705,0.2894159803787867,True,False
44,C_LEGACY_CONTRACT,ID,260,lead_brake,False,False,False,0,0,57.35607898585789,11.714696608483791,True,False
44,C_LEGACY_CONTRACT,ID,261,lead_brake,False,False,False,0,0,68.97270808058403,8.410797057052454,True,False
44,C_LEGACY_CONTRACT,ID,262,lead_brake,False,False,False,0,0,54.463889205706465,5.283491909503937,True,False
44,C_LEGACY_CONTRACT,ID,263,lead_brake,False,False,False,0,0,60.65449257011897,10.471609265233079,True,False
44,C_LEGACY_CONTRACT,ID,264,lead_brake,False,False,False,0,0,94.00301475971165,1.8282720272739728,True,False
44,C_LEGACY_CONTRACT,ID,265,lead_brake,False,False,False,0,0,87.10154867962507,4.948070406292875,True,False
44,C_LEGACY_CONTRACT,ID,266,lead_brake,False,False,False,0,0,66.69250485396965,2.423468871663014,True,False
44,C_LEGACY_CONTRACT,ID,267,lead_brake,False,False,False,0,0,79.99809434468727,7.672031936546166,True,False
44,C_LEGACY_CONTRACT,ID,268,lead_brake,False,False,False,0,0,60.95044922577633,9.967916764939824,True,False
44,C_LEGACY_CONTRACT,ID,269,lead_brake,False,False,False,0,0,70.46590059641927,7.023759586115677,True,False
44,C_LEGACY_CONTRACT,ID,270,lead_brake,False,False,False,0,0,79.03241096032664,6.2266782845060025,True,False
44,C_LEGACY_CONTRACT,ID,271,lead_brake,False,False,False,0,0,69.47788448913835,10.829993036886055,True,False
44,C_LEGACY_CONTRACT,ID,272,lead_brake,False,False,False,0,0,87.60635410331012,3.971226548155149,True,False
44,C_LEGACY_CONTRACT,ID,273,lead_brake,False,False,False,0,0,61.42979336449945,10.967377776900925,True,False
44,C_LEGACY_CONTRACT,ID,274,lead_brake,False,False,False,0,0,95.98688955613679,0.8581856985886891,True,False
44,C_LEGACY_CONTRACT,ID,275,lead_brake,False,False,False,0,0,85.83340670458975,2.2152949565400677,True,False
44,C_LEGACY_CONTRACT,ID,276,lead_brake,False,False,False,0,0,59.72268092216903,2.4804044576982656,True,False
44,C_LEGACY_CONTRACT,ID,277,lead_brake,False,False,False,0,0,76.67255815281236,11.029521812995275,True,False
44,C_LEGACY_CONTRACT,ID,278,lead_brake,False,False,False,0,0,81.46172890213373,5.669635826721787,True,False
44,C_LEGACY_CONTRACT,ID,279,lead_brake,False,False,False,0,0,91.52367493322862,4.25467695792516,True,False
44,C_LEGACY_CONTRACT,ID,280,lead_brake,False,False,False,0,0,81.99121631791549,3.7751137471447387,True,False
44,C_LEGACY_CONTRACT,ID,281,lead_brake,False,False,False,0,0,82.6367566525536,1.223624919851621,True,False
44,C_LEGACY_CONTRACT,ID,282,lead_brake,False,False,False,0,0,87.95519667082517,5.715924156829715,True,False
44,C_LEGACY_CONTRACT,ID,283,lead_brake,False,False,False,0,0,56.531724102977755,10.436475118001303,True,False
44,C_LEGACY_CONTRACT,ID,284,lead_brake,False,False,False,0,0,85.8581913889199,6.85627614458402,True,False
44,C_LEGACY_CONTRACT,ID,285,lead_brake,False,False,False,0,0,71.25924273986543,10.01210128267606,True,False
44,C_LEGACY_CONTRACT,ID,286,lead_brake,False,False,False,0,0,92.79144317365561,3.6262469766661525,True,False
44,C_LEGACY_CONTRACT,ID,287,lead_brake,False,False,False,0,0,76.28619257361537,9.046464306612808,True,False
44,C_LEGACY_CONTRACT,ID,288,lead_brake,False,False,False,0,0,68.08563105519369,10.651728515823681,True,False
44,C_LEGACY_CONTRACT,ID,289,lead_brake,False,False,False,0,0,61.25956835453338,10.877489688495793,True,False
44,C_LEGACY_CONTRACT,ID,290,lead_brake,False,False,False,0,0,96.72594156489278,0.2657376577456792,True,False
44,C_LEGACY_CONTRACT,ID,291,lead_brake,False,False,False,0,0,76.95572170346931,4.3332773204892865,True,False
44,C_LEGACY_CONTRACT,ID,292,lead_brake,False,False,False,0,0,73.92639374688217,4.347733519350489,True,False
44,C_LEGACY_CONTRACT,ID,293,lead_brake,False,False,False,0,0,80.80519415140715,4.0445056185126305,True,False
44,C_LEGACY_CONTRACT,ID,294,lead_brake,False,False,False,0,0,60.46989913609415,4.14006919413805,True,False
44,C_LEGACY_CONTRACT,ID,295,lead_brake,False,False,False,0,0,82.55586272131676,4.3678867270549135,True,False
44,C_LEGACY_CONTRACT,ID,296,lead_brake,False,False,False,0,0,61.22543538706563,2.417073586955666,True,False
44,C_LEGACY_CONTRACT,ID,297,lead_brake,False,False,False,0,0,74.73036391544157,0.9884679274012644,True,False
44,C_LEGACY_CONTRACT,ID,298,lead_brake,False,False,False,0,0,94.4765961517747,0.7206313560406367,True,False
44,C_LEGACY_CONTRACT,ID,299,lead_brake,False,False,False,0,0,67.48586011287976,2.8826168353358903,True,False
44,C_LEGACY_CONTRACT,OOD,0,crosswalk,False,False,False,0,1,30.315980694305168,1.9834481703268514,True,False
44,C_LEGACY_CONTRACT,OOD,1,crosswalk,False,False,False,0,0,31.25775819830921,1.9412794874774086,True,False
44,C_LEGACY_CONTRACT,OOD,2,crosswalk,False,False,False,0,1,23.249943990691733,1.34308024531319,True,False
44,C_LEGACY_CONTRACT,OOD,3,crosswalk,False,False,False,0,1,30.317583304375873,1.717256006030809,True,False
44,C_LEGACY_CONTRACT,OOD,4,crosswalk,False,False,False,0,1,25.425130703947616,1.4771092645823953,True,False
44,C_LEGACY_CONTRACT,OOD,5,crosswalk,False,False,False,0,1,25.288037666706884,1.608628077166421,True,False
44,C_LEGACY_CONTRACT,OOD,6,crosswalk,False,False,False,0,1,20.89038087638349,1.4043938131494955,True,False
44,C_LEGACY_CONTRACT,OOD,7,crosswalk,False,False,False,0,1,22.493652314666875,1.4892098778172542,True,False
44,C_LEGACY_CONTRACT,OOD,8,crosswalk,False,False,False,0,1,30.5779017534154,1.5583278867933485,True,False
44,C_LEGACY_CONTRACT,OOD,9,crosswalk,False,False,False,0,1,30.18931221852881,1.7198761670212996,True,False
44,C_LEGACY_CONTRACT,OOD,10,crosswalk,False,False,False,0,1,26.645161407491475,1.4457176412854873,True,False
44,C_LEGACY_CONTRACT,OOD,11,crosswalk,False,False,False,0,1,24.55077589208158,1.5707603024273382,True,False
44,C_LEGACY_CONTRACT,OOD,12,crosswalk,False,False,False,0,1,27.648339215211525,1.4316213436615772,True,False
44,C_LEGACY_CONTRACT,OOD,13,crosswalk,False,False,False,0,1,23.697236981258612,1.352503882802051,True,False
44,C_LEGACY_CONTRACT,OOD,14,crosswalk,False,False,False,0,1,31.62630731464214,1.4939245723542711,True,False
44,C_LEGACY_CONTRACT,OOD,15,crosswalk,False,False,False,0,1,22.743323198968916,1.3979789963428009,True,False
44,C_LEGACY_CONTRACT,OOD,16,crosswalk,False,False,False,0,1,22.990643828023533,1.2488775783114963,True,False
44,C_LEGACY_CONTRACT,OOD,17,crosswalk,False,False,False,0,1,21.3725257718012,1.2101948803121392,True,False
44,C_LEGACY_CONTRACT,OOD,18,crosswalk,False,False,False,0,1,22.481504196081744,1.4770453685038798,True,False
44,C_LEGACY_CONTRACT,OOD,19,crosswalk,False,False,False,0,1,22.237562859068333,1.5969264507293701,True,False
44,C_LEGACY_CONTRACT,OOD,20,crosswalk,False,False,False,0,1,30.029237650207975,1.3739516924728046,True,False
44,C_LEGACY_CONTRACT,OOD,21,crosswalk,False,False,False,0,1,22.573844109906396,1.3635594948478365,True,False
44,C_LEGACY_CONTRACT,OOD,22,crosswalk,False,False,False,0,1,21.40000843888108,1.5815889835357666,True,False
44,C_LEGACY_CONTRACT,OOD,23,crosswalk,False,False,False,0,1,29.369376521190155,1.6124361060386478,True,False
44,C_LEGACY_CONTRACT,OOD,24,crosswalk,False,False,False,0,1,22.915336303284654,1.5581334018430044,True,False
44,C_LEGACY_CONTRACT,OOD,25,crosswalk,False,False,False,0,1,22.653000557678816,1.2531880951590006,True,False
44,C_LEGACY_CONTRACT,OOD,26,crosswalk,False,False,False,0,1,23.166803644956474,1.1345885758814604,True,False
44,C_LEGACY_CONTRACT,OOD,27,crosswalk,False,False,False,0,1,29.711681610550755,1.4563437518866165,True,False
44,C_LEGACY_CONTRACT,OOD,28,crosswalk,False,False,False,0,1,31.211980423978396,1.580415734877953,True,False
44,C_LEGACY_CONTRACT,OOD,29,crosswalk,False,False,False,0,1,29.19990851486861,1.5451938884202823,True,False
44,C_LEGACY_CONTRACT,OOD,30,crosswalk,False,False,False,0,1,29.27506435382257,1.9816034871178703,True,False
44,C_LEGACY_CONTRACT,OOD,31,crosswalk,False,False,False,0,1,23.439873233599037,1.5914951524008873,True,False
44,C_LEGACY_CONTRACT,OOD,32,crosswalk,False,False,False,0,1,27.990783514884182,1.55927625687226,True,False
44,C_LEGACY_CONTRACT,OOD,33,crosswalk,False,False,False,0,1,26.963352344604516,1.6183369334151103,True,False
44,C_LEGACY_CONTRACT,OOD,34,crosswalk,False,False,False,0,1,24.920298567829313,1.2489826782889988,True,False
44,C_LEGACY_CONTRACT,OOD,35,crosswalk,False,False,False,0,1,22.510711956911997,1.6750558690969333,True,False
44,C_LEGACY_CONTRACT,OOD,36,crosswalk,False,False,False,0,1,21.580604259651516,1.3915471567047966,True,False
44,C_LEGACY_CONTRACT,OOD,37,crosswalk,False,False,False,0,1,22.953760960815544,1.5879759612755897,True,False
44,C_LEGACY_CONTRACT,OOD,38,crosswalk,False,False,False,0,1,21.11264463957228,1.3798176050186155,True,False
44,C_LEGACY_CONTRACT,OOD,39,crosswalk,False,False,False,0,1,30.811483137863323,1.4908981181326366,True,False
44,C_LEGACY_CONTRACT,OOD,40,crosswalk,False,False,False,0,1,21.91483568901755,1.5806770012822262,True,False
44,C_LEGACY_CONTRACT,OOD,41,crosswalk,False,False,False,0,1,24.536750007085033,1.221228837966919,True,False
44,C_LEGACY_CONTRACT,OOD,42,crosswalk,False,False,False,0,1,25.276482336406463,1.692945773784931,True,False
44,C_LEGACY_CONTRACT,OOD,43,crosswalk,False,False,False,0,1,20.933388274679736,1.3529579761700752,True,False
44,C_LEGACY_CONTRACT,OOD,44,crosswalk,False,False,False,0,1,31.642646289612706,1.2575190371655403,True,False
44,C_LEGACY_CONTRACT,OOD,45,crosswalk,False,False,False,0,1,21.942222773934276,1.294717807719048,True,False
44,C_LEGACY_CONTRACT,OOD,46,crosswalk,False,False,False,0,1,31.172701541504374,1.2295667149803855,True,False
44,C_LEGACY_CONTRACT,OOD,47,crosswalk,False,False,False,0,1,24.71807462571735,1.6162855313582853,True,False
44,C_LEGACY_CONTRACT,OOD,48,crosswalk,False,False,False,0,1,27.884628163759707,1.5780140192080765,True,False
44,C_LEGACY_CONTRACT,OOD,49,crosswalk,False,False,False,0,1,26.96789424145895,1.7950733554990668,True,False
44,C_LEGACY_CONTRACT,OOD,50,crosswalk,False,False,False,0,1,27.74484853547765,1.9274517652150747,True,False
44,C_LEGACY_CONTRACT,OOD,51,crosswalk,False,False,False,0,1,27.46183649707981,1.5909931473433971,True,False
44,C_LEGACY_CONTRACT,OOD,52,crosswalk,False,False,False,0,1,22.527834780598667,1.5529760221640267,True,False
44,C_LEGACY_CONTRACT,OOD,53,crosswalk,False,False,False,0,1,22.208350057125397,1.4298586507101314,True,False
44,C_LEGACY_CONTRACT,OOD,54,crosswalk,False,False,False,0,1,26.08044980739676,1.4677752256393433,True,False
44,C_LEGACY_CONTRACT,OOD,55,crosswalk,False,False,False,0,1,30.09420132938996,1.721098393201828,True,False
44,C_LEGACY_CONTRACT,OOD,56,crosswalk,False,False,False,0,1,23.042003866500096,1.3329437998838203,True,False
44,C_LEGACY_CONTRACT,OOD,57,crosswalk,False,False,False,0,1,21.707854377014414,1.3643374196861102,True,False
44,C_LEGACY_CONTRACT,OOD,58,crosswalk,False,False,False,0,1,28.956873710344674,1.32147194223201,True,False
44,C_LEGACY_CONTRACT,OOD,59,crosswalk,False,False,False,0,1,23.623039734983227,1.2865044969193478,True,False
44,C_LEGACY_CONTRACT,OOD,60,crosswalk,False,False,False,0,1,27.836386858876423,1.7614055464142246,True,False
44,C_LEGACY_CONTRACT,OOD,61,crosswalk,False,False,False,0,1,23.73955679902564,1.6666666666666665,True,False
44,C_LEGACY_CONTRACT,OOD,62,crosswalk,False,False,False,0,1,28.69949403374455,1.3700233594230984,True,False
44,C_LEGACY_CONTRACT,OOD,63,crosswalk,False,False,False,0,1,21.927422979305195,1.5853658536585364,True,False
44,C_LEGACY_CONTRACT,OOD,64,crosswalk,False,False,False,0,1,24.708759636968264,1.414185831713122,True,False
44,C_LEGACY_CONTRACT,OOD,65,crosswalk,False,False,False,0,1,30.610493917601772,1.2800423039330378,True,False
44,C_LEGACY_CONTRACT,OOD,66,crosswalk,False,False,False,0,1,21.47824565219085,1.5381698929704726,True,False
44,C_LEGACY_CONTRACT,OOD,67,crosswalk,False,False,False,0,1,28.209759046077302,1.5906770560476515,True,False
44,C_LEGACY_CONTRACT,OOD,68,crosswalk,False,False,False,0,1,20.945000628005097,1.353412758220326,True,False
44,C_LEGACY_CONTRACT,OOD,69,crosswalk,False,False,False,0,1,25.807672281306886,1.582968122250325,True,False
44,C_LEGACY_CONTRACT,OOD,70,crosswalk,False,False,False,0,1,23.023708988023706,1.8362677708650246,True,False
44,C_LEGACY_CONTRACT,OOD,71,crosswalk,False,False,False,0,1,28.639648459115023,1.7083961042490872,True,False
44,C_LEGACY_CONTRACT,OOD,72,crosswalk,False,False,False,0,1,23.37378271719356,1.4247974826068412,True,False
44,C_LEGACY_CONTRACT,OOD,73,crosswalk,False,False,False,0,1,28.469805021145298,1.3740526967578464,True,False
44,C_LEGACY_CONTRACT,OOD,74,crosswalk,False,False,False,0,1,24.924879737935537,1.4449506353687596,True,False
44,C_LEGACY_CONTRACT,OOD,75,crosswalk,False,False,False,0,1,27.435263925556654,1.5745121538639066,True,False
44,C_LEGACY_CONTRACT,OOD,76,crosswalk,False,False,False,0,1,29.413850632756297,1.3517171366417662,True,False
44,C_LEGACY_CONTRACT,OOD,77,crosswalk,False,False,False,0,1,26.283611621321818,1.3593587279319763,True,False
44,C_LEGACY_CONTRACT,OOD,78,crosswalk,False,False,False,0,1,29.662453494471006,1.511858081953092,True,False
44,C_LEGACY_CONTRACT,OOD,79,crosswalk,False,False,False,0,1,20.93474446071033,1.5298422000237872,True,False
44,C_LEGACY_CONTRACT,OOD,80,crosswalk,False,False,False,0,1,24.434573834700608,1.6380320191383362,True,False
44,C_LEGACY_CONTRACT,OOD,81,crosswalk,False,False,False,0,1,22.805264420039293,1.664314350256553,True,False
44,C_LEGACY_CONTRACT,OOD,82,crosswalk,False,False,False,0,1,25.313823385652267,1.5283007207124129,True,False
44,C_LEGACY_CONTRACT,OOD,83,crosswalk,False,False,False,0,1,29.2065769637578,1.3743185608283333,True,False
44,C_LEGACY_CONTRACT,OOD,84,crosswalk,False,False,False,0,1,27.99976215654125,1.5725763315378232,True,False
44,C_LEGACY_CONTRACT,OOD,85,crosswalk,False,False,False,0,1,22.11907149661672,1.1963966346922374,True,False
44,C_LEGACY_CONTRACT,OOD,86,crosswalk,False,False,False,0,1,31.515899385251743,1.7453256547451017,True,False
44,C_LEGACY_CONTRACT,OOD,87,crosswalk,False,False,False,0,1,23.036744643338153,1.2189466688368056,True,False
44,C_LEGACY_CONTRACT,OOD,88,crosswalk,False,False,False,0,1,30.51097582479659,1.326233080842278,True,False
44,C_LEGACY_CONTRACT,OOD,89,crosswalk,False,False,False,0,1,28.852101989979158,1.673909633658653,True,False
44,C_LEGACY_CONTRACT,OOD,90,crosswalk,False,False,False,0,1,30.88682170133201,1.6775583773851392,True,False
44,C_LEGACY_CONTRACT,OOD,91,crosswalk,False,False,False,0,1,23.722651367178774,1.452766310524296,True,False
44,C_LEGACY_CONTRACT,OOD,92,crosswalk,False,False,False,0,1,24.798844263830162,1.5493048940386092,True,False
44,C_LEGACY_CONTRACT,OOD,93,crosswalk,False,False,False,0,1,21.148267561906355,1.2569796903566879,True,False
44,C_LEGACY_CONTRACT,OOD,94,crosswalk,False,False,False,0,1,26.458146595468357,1.352761271207229,True,False
44,C_LEGACY_CONTRACT,OOD,95,crosswalk,False,False,False,0,1,21.7352913057184,1.6608999937008588,True,False
44,C_LEGACY_CONTRACT,OOD,96,crosswalk,False,False,False,0,1,28.57514412287908,1.6497084151866825,True,False
44,C_LEGACY_CONTRACT,OOD,97,crosswalk,False,False,False,0,1,30.822081934630084,1.4191395450722089,True,False
44,C_LEGACY_CONTRACT,OOD,98,crosswalk,False,False,False,0,1,28.00458347173722,1.564701572060585,True,False
44,C_LEGACY_CONTRACT,OOD,99,crosswalk,False,False,False,0,1,28.359769799093346,1.462079247702723,True,False
44,C_LEGACY_CONTRACT,OOD,100,stop_intersection,False,False,False,0,1,23.281769467280462,1.405407773123847,True,False
44,C_LEGACY_CONTRACT,OOD,101,stop_intersection,False,False,False,0,1,25.261642800843646,1.767224734876214,True,False
44,C_LEGACY_CONTRACT,OOD,102,stop_intersection,False,False,False,0,1,30.879596951134584,1.6782172467257523,True,False
44,C_LEGACY_CONTRACT,OOD,103,stop_intersection,False,False,False,0,1,27.56727045488801,1.6503545351144744,True,False
44,C_LEGACY_CONTRACT,OOD,104,stop_intersection,False,False,False,0,1,27.064470623696966,1.4059441062537106,True,False
44,C_LEGACY_CONTRACT,OOD,105,stop_intersection,False,False,False,0,1,21.07723868553532,1.4369301891161335,True,False
44,C_LEGACY_CONTRACT,OOD,106,stop_intersection,False,False,False,0,1,31.013615830211638,1.62005780516444,True,False
44,C_LEGACY_CONTRACT,OOD,107,stop_intersection,False,False,False,0,1,28.289418182969335,1.8874548020816984,True,False
44,C_LEGACY_CONTRACT,OOD,108,stop_intersection,False,False,False,0,1,24.595950487110276,1.8767244902414244,True,False
44,C_LEGACY_CONTRACT,OOD,109,stop_intersection,False,False,False,0,0,21.656597886964143,1.785438838932249,True,False
44,C_LEGACY_CONTRACT,OOD,110,stop_intersection,False,False,False,0,1,24.076001251146792,1.7899345358212788,True,False
44,C_LEGACY_CONTRACT,OOD,111,stop_intersection,False,False,False,0,1,23.568628387595904,1.4631550488146867,True,False
44,C_LEGACY_CONTRACT,OOD,112,stop_intersection,False,False,False,0,1,24.388810432746176,1.440082250729851,True,False
44,C_LEGACY_CONTRACT,OOD,113,stop_intersection,False,False,False,0,1,30.81374443517127,1.4873257821256463,True,False
44,C_LEGACY_CONTRACT,OOD,114,stop_intersection,False,False,False,0,0,24.468948566225915,1.6495060126640295,True,False
44,C_LEGACY_CONTRACT,OOD,115,stop_intersection,False,False,False,0,1,24.885883176834298,1.4653361971313887,True,False
44,C_LEGACY_CONTRACT,OOD,116,stop_intersection,False,False,False,0,1,22.123936243166952,1.7980415599290713,True,False
44,C_LEGACY_CONTRACT,OOD,117,stop_intersection,False,False,False,0,1,28.85256731587799,1.4457845762372017,True,False
44,C_LEGACY_CONTRACT,OOD,118,stop_intersection,False,False,False,0,1,28.484263829170022,1.4835831442394771,True,False
44,C_LEGACY_CONTRACT,OOD,119,stop_intersection,False,False,False,0,1,24.54931278175936,1.8996223404600814,True,False
44,C_LEGACY_CONTRACT,OOD,120,stop_intersection,False,False,False,0,1,31.055651766771092,1.4737992256115644,True,False
44,C_LEGACY_CONTRACT,OOD,121,stop_intersection,False,False,False,0,1,21.34314129011592,1.607585683465004,True,False
44,C_LEGACY_CONTRACT,OOD,122,stop_intersection,False,False,False,0,1,24.719438468519474,1.4254083429894795,True,False
44,C_LEGACY_CONTRACT,OOD,123,stop_intersection,False,False,False,0,1,31.517389299189112,1.3679731488227844,True,False
44,C_LEGACY_CONTRACT,OOD,124,stop_intersection,False,False,False,0,1,28.931479986445492,1.4259520380995994,True,False
44,C_LEGACY_CONTRACT,OOD,125,stop_intersection,False,False,False,0,1,24.022969312846264,1.3507023255030315,True,False
44,C_LEGACY_CONTRACT,OOD,126,stop_intersection,False,False,False,0,1,31.096043875822264,1.4357859608919723,True,False
44,C_LEGACY_CONTRACT,OOD,127,stop_intersection,False,False,False,0,1,28.93236119290303,1.5616555511951447,True,False
44,C_LEGACY_CONTRACT,OOD,128,stop_intersection,False,False,False,0,1,29.652280655304395,1.4748496130893103,True,False
44,C_LEGACY_CONTRACT,OOD,129,stop_intersection,False,False,False,0,0,26.715337145936296,1.9588624058585418,True,False
44,C_LEGACY_CONTRACT,OOD,130,stop_intersection,False,False,False,0,1,22.045186436688617,1.2523739559705866,True,False
44,C_LEGACY_CONTRACT,OOD,131,stop_intersection,False,False,False,0,1,24.39789207414983,1.6527672835758755,True,False
44,C_LEGACY_CONTRACT,OOD,132,stop_intersection,False,False,False,0,1,21.36659703844826,1.678694908211871,True,False
44,C_LEGACY_CONTRACT,OOD,133,stop_intersection,False,False,False,0,1,25.440184127388648,1.8659095847329428,True,False
44,C_LEGACY_CONTRACT,OOD,134,stop_intersection,False,False,False,0,1,26.27659676079943,1.4990482620290806,True,False
44,C_LEGACY_CONTRACT,OOD,135,stop_intersection,False,False,False,0,1,21.776531211818195,1.3422263662020364,True,False
44,C_LEGACY_CONTRACT,OOD,136,stop_intersection,False,False,False,0,1,25.670153157048862,1.7694688004416388,True,False
44,C_LEGACY_CONTRACT,OOD,137,stop_intersection,False,False,False,0,1,31.11258406759812,1.6969482458773113,True,False
44,C_LEGACY_CONTRACT,OOD,138,stop_intersection,False,False,False,0,1,30.919281569736903,1.8399915726561293,True,False
44,C_LEGACY_CONTRACT,OOD,139,stop_intersection,False,False,False,0,1,27.760413334420157,1.476035653016506,True,False
44,C_LEGACY_CONTRACT,OOD,140,stop_intersection,False,False,False,0,1,25.202571529604597,1.3396044714110238,True,False
44,C_LEGACY_CONTRACT,OOD,141,stop_intersection,False,False,False,0,1,29.461209970177315,1.2734398869581,True,False
44,C_LEGACY_CONTRACT,OOD,142,stop_intersection,False,False,False,0,1,23.556698991486655,1.5918238844190324,True,False
44,C_LEGACY_CONTRACT,OOD,143,stop_intersection,False,False,False,0,1,28.01434235342363,1.5575635723951387,True,False
44,C_LEGACY_CONTRACT,OOD,144,stop_intersection,False,False,False,0,1,30.41089721956464,1.595664681532444,True,False
44,C_LEGACY_CONTRACT,OOD,145,stop_intersection,False,False,False,0,1,27.18760847387835,1.7514104864154105,True,False
44,C_LEGACY_CONTRACT,OOD,146,stop_intersection,False,False,False,0,1,27.33657605796507,1.9383897008122624,True,False
44,C_LEGACY_CONTRACT,OOD,147,stop_intersection,False,False,False,0,1,21.112538155490867,1.5106867616241042,True,False
44,C_LEGACY_CONTRACT,OOD,148,stop_intersection,False,False,False,0,1,20.808278347794417,1.0794223419257571,True,False
44,C_LEGACY_CONTRACT,OOD,149,stop_intersection,False,False,False,0,1,28.69450202735149,2.096789691009019,True,False
44,C_LEGACY_CONTRACT,OOD,150,stop_intersection,False,False,False,0,1,23.164967088150647,1.183512217324713,True,False
44,C_LEGACY_CONTRACT,OOD,151,stop_intersection,False,False,False,0,1,23.392858998107023,1.456992618347469,True,False
44,C_LEGACY_CONTRACT,OOD,152,stop_intersection,False,False,False,0,1,30.791924672672618,1.5266009440293182,True,False
44,C_LEGACY_CONTRACT,OOD,153,stop_intersection,False,False,False,0,1,30.33146771343371,1.5088868722683046,True,False
44,C_LEGACY_CONTRACT,OOD,154,stop_intersection,False,False,False,0,0,21.599315891112013,1.8510560248349164,True,False
44,C_LEGACY_CONTRACT,OOD,155,stop_intersection,False,False,False,0,1,24.36717695799458,1.7133928835391998,True,False
44,C_LEGACY_CONTRACT,OOD,156,stop_intersection,False,False,False,0,1,21.939815832015675,1.9160659760236738,True,False
44,C_LEGACY_CONTRACT,OOD,157,stop_intersection,False,False,False,0,1,23.19920478834226,1.8259526318625399,True,False
44,C_LEGACY_CONTRACT,OOD,158,stop_intersection,False,False,False,0,1,30.699789841646766,1.6148402871087537,True,False
44,C_LEGACY_CONTRACT,OOD,159,stop_intersection,False,False,False,0,1,29.177522337894402,1.3158493402392364,True,False
44,C_LEGACY_CONTRACT,OOD,160,stop_intersection,False,False,False,0,1,26.027981878161018,2.0437335684185935,True,False
44,C_LEGACY_CONTRACT,OOD,161,stop_intersection,False,False,False,0,1,23.98102897038602,1.2915878840114758,True,False
44,C_LEGACY_CONTRACT,OOD,162,stop_intersection,False,False,False,0,1,27.54434351783892,1.5182915399240893,True,False
44,C_LEGACY_CONTRACT,OOD,163,stop_intersection,False,False,False,0,1,26.150766010775406,1.4181559532880783,True,False
44,C_LEGACY_CONTRACT,OOD,164,stop_intersection,False,False,False,0,1,24.35785895300674,1.382736660713373,True,False
44,C_LEGACY_CONTRACT,OOD,165,stop_intersection,False,False,False,0,1,28.647456419139544,1.4341827211054887,True,False
44,C_LEGACY_CONTRACT,OOD,166,stop_intersection,False,False,False,0,1,26.959796563442563,1.5340653902445083,True,False
44,C_LEGACY_CONTRACT,OOD,167,stop_intersection,False,False,False,0,1,30.62726161079386,1.4227323881957843,True,False
44,C_LEGACY_CONTRACT,OOD,168,stop_intersection,False,False,False,0,1,31.346178446937763,1.3184108517386697,True,False
44,C_LEGACY_CONTRACT,OOD,169,stop_intersection,False,False,False,0,1,28.369595459303714,1.4897760213949742,True,False
44,C_LEGACY_CONTRACT,OOD,170,stop_intersection,False,False,False,0,1,20.903619066321834,1.4434438943862915,True,False
44,C_LEGACY_CONTRACT,OOD,171,stop_intersection,False,False,False,0,1,21.54779869291528,1.513577812426799,True,False
44,C_LEGACY_CONTRACT,OOD,172,stop_intersection,False,False,False,0,0,22.56568128588608,1.8031802449963592,True,False
44,C_LEGACY_CONTRACT,OOD,173,stop_intersection,False,False,False,0,1,28.822571323059712,1.4218239162279211,True,False
44,C_LEGACY_CONTRACT,OOD,174,stop_intersection,False,False,False,0,1,21.588913030701995,1.8416905658585683,True,False
44,C_LEGACY_CONTRACT,OOD,175,stop_intersection,False,False,False,0,1,27.885467106715947,1.795998844835493,True,False
44,C_LEGACY_CONTRACT,OOD,176,stop_intersection,False,False,False,0,1,22.455631127532424,1.7145330272614956,True,False
44,C_LEGACY_CONTRACT,OOD,177,stop_intersection,False,False,False,0,1,30.391361612694425,1.6811373588201162,True,False
44,C_LEGACY_CONTRACT,OOD,178,stop_intersection,False,False,False,0,1,28.5618729697562,1.6760880068728796,True,False
44,C_LEGACY_CONTRACT,OOD,179,stop_intersection,False,False,False,0,1,28.4806835171683,1.2861083253570222,True,False
44,C_LEGACY_CONTRACT,OOD,180,stop_intersection,False,False,False,0,1,21.689963815117473,1.2917666350092207,True,False
44,C_LEGACY_CONTRACT,OOD,181,stop_intersection,False,False,False,0,1,31.20889211324537,1.3534608632326124,True,False
44,C_LEGACY_CONTRACT,OOD,182,stop_intersection,False,False,False,0,1,23.00276024113299,1.5238090306520462,True,False
44,C_LEGACY_CONTRACT,OOD,183,stop_intersection,False,False,False,0,1,22.1496421232971,1.39873394840642,True,False
44,C_LEGACY_CONTRACT,OOD,184,stop_intersection,False,False,False,0,1,30.04586423187979,1.4833423965855648,True,False
44,C_LEGACY_CONTRACT,OOD,185,stop_intersection,False,False,False,0,1,26.29375270445809,1.3098932284375893,True,False
44,C_LEGACY_CONTRACT,OOD,186,stop_intersection,False,False,False,0,1,30.467651656511936,1.7825101350629051,True,False
44,C_LEGACY_CONTRACT,OOD,187,stop_intersection,False,False,False,0,1,27.509407509602035,1.7344770619743748,True,False
44,C_LEGACY_CONTRACT,OOD,188,stop_intersection,False,False,False,0,0,30.7037083175112,1.8903806805610657,True,False
44,C_LEGACY_CONTRACT,OOD,189,stop_intersection,False,False,False,0,1,29.772056147108728,1.4926650717451766,True,False
44,C_LEGACY_CONTRACT,OOD,190,stop_intersection,False,False,False,0,1,24.792214789288316,1.5094932756925883,True,False
44,C_LEGACY_CONTRACT,OOD,191,stop_intersection,False,False,False,0,1,26.697774569728523,1.3400935928026836,True,False
44,C_LEGACY_CONTRACT,OOD,192,stop_intersection,False,False,False,0,1,30.259344576737792,1.3526593945747196,True,False
44,C_LEGACY_CONTRACT,OOD,193,stop_intersection,False,False,False,0,1,24.192078922746106,1.2929301659266152,True,False
44,C_LEGACY_CONTRACT,OOD,194,stop_intersection,False,False,False,0,1,26.864892267144185,1.2917222671730573,True,False
44,C_LEGACY_CONTRACT,OOD,195,stop_intersection,False,False,False,0,1,26.481939886843662,1.371403125728049,True,False
44,C_LEGACY_CONTRACT,OOD,196,stop_intersection,False,False,False,0,1,22.898039572943745,1.4403175669057027,True,False
44,C_LEGACY_CONTRACT,OOD,197,stop_intersection,False,False,False,0,1,29.916529489030196,2.031388197626386,True,False
44,C_LEGACY_CONTRACT,OOD,198,stop_intersection,False,False,False,0,1,29.231521250175184,1.4604030873464502,True,False
44,C_LEGACY_CONTRACT,OOD,199,stop_intersection,False,False,False,0,1,28.35627987827601,1.4809947543674045,True,False
44,C_LEGACY_CONTRACT,OOD,200,lead_brake,False,False,False,0,0,33.78138031058014,11.227933183312414,True,False
44,C_LEGACY_CONTRACT,OOD,201,lead_brake,False,False,False,0,0,30.65511494583854,5.772933840751648,True,False
44,C_LEGACY_CONTRACT,OOD,202,lead_brake,False,False,False,0,0,25.803372855720056,9.27265158543984,True,False
44,C_LEGACY_CONTRACT,OOD,203,lead_brake,False,False,False,0,0,30.625532718335005,5.42141591447095,True,False
44,C_LEGACY_CONTRACT,OOD,204,lead_brake,False,False,False,0,0,29.537563684803917,8.02970077532033,True,False
44,C_LEGACY_CONTRACT,OOD,205,lead_brake,False,False,False,0,0,28.319280194677834,7.66761080486079,True,False
44,C_LEGACY_CONTRACT,OOD,206,lead_brake,False,False,False,0,0,30.05728971278839,9.05465478512148,True,False
44,C_LEGACY_CONTRACT,OOD,207,lead_brake,False,False,False,0,0,32.71771846761855,10.669514700149495,True,False
44,C_LEGACY_CONTRACT,OOD,208,lead_brake,False,False,False,0,0,38.03836942644274,7.8838701235751305,True,False
44,C_LEGACY_CONTRACT,OOD,209,lead_brake,False,False,False,0,0,30.545550791074007,7.499164450913668,True,False
44,C_LEGACY_CONTRACT,OOD,210,lead_brake,False,False,False,0,0,29.614141307966506,11.402257170528173,True,False
44,C_LEGACY_CONTRACT,OOD,211,lead_brake,False,False,False,0,0,36.39293924078343,6.550560331592957,True,False
44,C_LEGACY_CONTRACT,OOD,212,lead_brake,False,False,False,0,0,27.424968371814614,9.444826660056908,True,False
44,C_LEGACY_CONTRACT,OOD,213,lead_brake,False,False,False,0,0,30.733129407424368,5.898022110263506,True,False
44,C_LEGACY_CONTRACT,OOD,214,lead_brake,False,False,False,0,0,34.89710846807526,6.153012607867519,True,False
44,C_LEGACY_CONTRACT,OOD,215,lead_brake,False,False,False,0,0,26.640259464647944,7.684402773777644,True,False
44,C_LEGACY_CONTRACT,OOD,216,lead_brake,False,False,False,0,0,40.16047455292555,7.213807588443159,True,False
44,C_LEGACY_CONTRACT,OOD,217,lead_brake,False,False,False,0,0,34.65086675718426,3.623134662086765,True,False
44,C_LEGACY_CONTRACT,OOD,218,lead_brake,False,False,False,0,0,26.510303511792088,4.482551584641138,True,False
44,C_LEGACY_CONTRACT,OOD,219,lead_brake,False,False,False,0,0,34.330854805383645,5.16492044677337,True,False
44,C_LEGACY_CONTRACT,OOD,220,lead_brake,False,False,False,0,0,35.16031007394227,5.889649435256918,True,False
44,C_LEGACY_CONTRACT,OOD,221,lead_brake,False,False,False,0,0,24.008632406443343,11.245054355512062,True,False
44,C_LEGACY_CONTRACT,OOD,222,lead_brake,False,False,False,0,0,39.700786687671155,6.164046863093972,True,False
44,C_LEGACY_CONTRACT,OOD,223,lead_brake,False,False,False,0,0,26.228768479672325,8.625736612205705,True,False
44,C_LEGACY_CONTRACT,OOD,224,lead_brake,False,False,False,0,0,31.189872489439665,11.072923898076017,True,False
44,C_LEGACY_CONTRACT,OOD,225,lead_brake,False,False,False,0,0,31.853267310311494,5.005662565430005,True,False
44,C_LEGACY_CONTRACT,OOD,226,lead_brake,False,False,False,0,0,27.08475734688341,9.128386767581103,True,False
44,C_LEGACY_CONTRACT,OOD,227,lead_brake,False,False,False,0,0,38.62978013884197,5.163798263296485,True,False
44,C_LEGACY_CONTRACT,OOD,228,lead_brake,False,False,False,0,0,39.683849398381035,9.86449669736127,True,False
44,C_LEGACY_CONTRACT,OOD,229,lead_brake,False,False,False,0,0,43.187443169727906,10.107122956154246,True,False
44,C_LEGACY_CONTRACT,OOD,230,lead_brake,False,False,False,0,0,34.03631893378307,8.035871332511306,True,False
44,C_LEGACY_CONTRACT,OOD,231,lead_brake,False,False,False,0,0,35.23559181304585,6.065163125594457,True,False
44,C_LEGACY_CONTRACT,OOD,232,lead_brake,False,False,False,0,0,32.75178786748111,8.98669806557397,True,False
44,C_LEGACY_CONTRACT,OOD,233,lead_brake,False,False,False,0,0,29.957770709704583,10.322731969257195,True,False
44,C_LEGACY_CONTRACT,OOD,234,lead_brake,False,False,False,0,0,29.07358822855352,9.843958968917528,True,False
44,C_LEGACY_CONTRACT,OOD,235,lead_brake,False,False,False,0,0,32.27480074343853,5.656127557779352,True,False
44,C_LEGACY_CONTRACT,OOD,236,lead_brake,False,False,False,0,0,42.629354834258564,2.4545364206035933,True,False
44,C_LEGACY_CONTRACT,OOD,237,lead_brake,False,False,False,0,0,40.475052857350384,8.5136794205755,True,False
44,C_LEGACY_CONTRACT,OOD,238,lead_brake,False,False,False,0,0,26.155614915490133,7.462228968739509,True,False
44,C_LEGACY_CONTRACT,OOD,239,lead_brake,False,False,False,0,0,34.38523879310537,11.170645132660866,True,False
44,C_LEGACY_CONTRACT,OOD,240,lead_brake,False,False,False,0,0,36.80601232849065,8.90860590400795,True,False
44,C_LEGACY_CONTRACT,OOD,241,lead_brake,False,False,False,0,0,25.701025473726972,4.925526857376099,True,False
44,C_LEGACY_CONTRACT,OOD,242,lead_brake,False,False,False,0,0,26.898357200993964,7.305258567134539,True,False
44,C_LEGACY_CONTRACT,OOD,243,lead_brake,False,False,False,0,0,31.02464195354913,8.107851401592294,True,False
44,C_LEGACY_CONTRACT,OOD,244,lead_brake,False,False,False,0,0,41.78413561977444,3.169455946733554,True,False
44,C_LEGACY_CONTRACT,OOD,245,lead_brake,False,False,False,0,0,43.601881313100485,8.16225814881424,True,False
44,C_LEGACY_CONTRACT,OOD,246,lead_brake,False,False,False,0,0,26.761705743885045,5.94507090995709,True,False
44,C_LEGACY_CONTRACT,OOD,247,lead_brake,False,False,False,0,0,31.41032507831871,6.909421779215335,True,False
44,C_LEGACY_CONTRACT,OOD,248,lead_brake,False,False,False,0,0,27.560794129551134,8.021301085750261,True,False
44,C_LEGACY_CONTRACT,OOD,249,lead_brake,False,False,False,0,0,23.95193861237403,7.557191352670391,True,False
44,C_LEGACY_CONTRACT,OOD,250,lead_brake,False,False,False,0,0,33.659142025490524,7.350262473647793,True,False
44,C_LEGACY_CONTRACT,OOD,251,lead_brake,False,False,False,0,0,30.94372764186177,2.822450300057729,True,False
44,C_LEGACY_CONTRACT,OOD,252,lead_brake,False,False,False,0,0,40.256570677752265,10.23150229702393,True,False
44,C_LEGACY_CONTRACT,OOD,253,lead_brake,False,False,False,0,0,28.81560353986918,6.729711127157013,True,False
44,C_LEGACY_CONTRACT,OOD,254,lead_brake,False,False,False,0,0,28.174419168749672,7.2347045460095005,True,False
44,C_LEGACY_CONTRACT,OOD,255,lead_brake,False,False,False,0,0,34.49512340617674,9.145889013384778,True,False
44,C_LEGACY_CONTRACT,OOD,256,lead_brake,False,False,False,0,0,24.970635166019218,8.41969899367541,True,False
44,C_LEGACY_CONTRACT,OOD,257,lead_brake,False,False,False,0,0,30.920797841616082,10.735832775011657,True,False
44,C_LEGACY_CONTRACT,OOD,258,lead_brake,False,False,False,0,0,23.557326015691192,8.576327736179033,True,False
44,C_LEGACY_CONTRACT,OOD,259,lead_brake,False,False,False,0,0,43.276796187087854,9.262335280887783,True,False
44,C_LEGACY_CONTRACT,OOD,260,lead_brake,False,False,False,0,0,34.75656250814095,8.340009780600667,True,False
44,C_LEGACY_CONTRACT,OOD,261,lead_brake,False,False,False,0,0,28.744213662268766,9.47786601136128,True,False
44,C_LEGACY_CONTRACT,OOD,262,lead_brake,False,False,False,0,0,38.46533850754017,2.625686426957448,True,False
44,C_LEGACY_CONTRACT,OOD,263,lead_brake,False,False,False,0,0,30.66016067080625,7.453267380595207,True,False
44,C_LEGACY_CONTRACT,OOD,264,lead_brake,False,False,False,0,0,44.7619709259272,6.012477021043499,True,False
44,C_LEGACY_CONTRACT,OOD,265,lead_brake,False,False,False,0,0,40.26387889715942,9.97152530029416,True,False
44,C_LEGACY_CONTRACT,OOD,266,lead_brake,False,False,False,0,0,32.39416131924814,11.20626086120804,True,False
44,C_LEGACY_CONTRACT,OOD,267,lead_brake,False,False,False,0,0,29.573232699380515,9.472336838642756,True,False
44,C_LEGACY_CONTRACT,OOD,268,lead_brake,False,False,False,0,0,29.234879779268976,8.648773049314816,True,False
44,C_LEGACY_CONTRACT,OOD,269,lead_brake,False,False,False,0,0,31.57850777519754,9.953296850745875,True,False
44,C_LEGACY_CONTRACT,OOD,270,lead_brake,False,False,False,0,0,25.552266562756557,9.853119630366564,True,False
44,C_LEGACY_CONTRACT,OOD,271,lead_brake,False,False,False,0,0,36.32259390236094,7.220819771289825,True,False
44,C_LEGACY_CONTRACT,OOD,272,lead_brake,False,False,False,0,0,34.307916742238945,6.069843765969077,True,False
44,C_LEGACY_CONTRACT,OOD,273,lead_brake,False,False,False,0,0,34.86316786886733,7.731337699418266,True,False
44,C_LEGACY_CONTRACT,OOD,274,lead_brake,False,False,False,0,0,37.28923231944001,8.65295270892481,True,False
44,C_LEGACY_CONTRACT,OOD,275,lead_brake,False,False,False,0,0,33.10070852194023,8.552952827885747,True,False
44,C_LEGACY_CONTRACT,OOD,276,lead_brake,False,False,False,0,0,28.59781120431323,6.30436775026222,True,False
44,C_LEGACY_CONTRACT,OOD,277,lead_brake,False,False,False,0,0,29.636606704629926,10.595174866107604,True,False
44,C_LEGACY_CONTRACT,OOD,278,lead_brake,False,False,False,0,0,30.16620288130211,7.373204215740164,True,False
44,C_LEGACY_CONTRACT,OOD,279,lead_brake,False,False,False,0,0,38.815431006550746,11.130431401853759,True,False
44,C_LEGACY_CONTRACT,OOD,280,lead_brake,False,False,False,0,0,30.566433977220616,10.26449434707562,True,False
44,C_LEGACY_CONTRACT,OOD,281,lead_brake,False,False,False,0,0,31.45578992545606,11.195414319634438,True,False
44,C_LEGACY_CONTRACT,OOD,282,lead_brake,False,False,False,0,0,32.26329844292803,5.008175435165564,True,False
44,C_LEGACY_CONTRACT,OOD,283,lead_brake,False,False,False,0,0,36.60915123321114,10.894093742594121,True,False
44,C_LEGACY_CONTRACT,OOD,284,lead_brake,False,False,False,0,0,25.886453619042875,11.378311442832151,True,False
44,C_LEGACY_CONTRACT,OOD,285,lead_brake,False,False,False,0,0,35.35909911075292,8.698720236619314,True,False
44,C_LEGACY_CONTRACT,OOD,286,lead_brake,False,False,False,0,0,29.074689882251764,11.518539608145751,True,False
44,C_LEGACY_CONTRACT,OOD,287,lead_brake,False,False,False,0,0,32.6084477228296,4.334884022672971,True,False
44,C_LEGACY_CONTRACT,OOD,288,lead_brake,False,False,False,0,0,26.669524555750108,9.498453992729385,True,False
44,C_LEGACY_CONTRACT,OOD,289,lead_brake,False,False,False,0,0,39.8521962899231,6.942187184467912,True,False
44,C_LEGACY_CONTRACT,OOD,290,lead_brake,False,False,False,0,0,33.74667353966742,5.234981529414654,True,False
44,C_LEGACY_CONTRACT,OOD,291,lead_brake,False,False,False,0,0,21.641772894114247,8.467394529531399,True,False
44,C_LEGACY_CONTRACT,OOD,292,lead_brake,False,False,False,0,0,36.174344718968754,8.01075570223232,True,False
44,C_LEGACY_CONTRACT,OOD,293,lead_brake,False,False,False,0,0,25.47457161443616,11.918518445764978,True,False
44,C_LEGACY_CONTRACT,OOD,294,lead_brake,False,False,False,0,0,26.734185235482556,9.2034539959083,True,False
44,C_LEGACY_CONTRACT,OOD,295,lead_brake,False,False,False,0,0,28.270834209024915,8.6504413112998,True,False
44,C_LEGACY_CONTRACT,OOD,296,lead_brake,False,False,False,0,0,35.63579215175673,7.952875637138883,True,False
44,C_LEGACY_CONTRACT,OOD,297,lead_brake,False,False,False,0,0,39.02708975877671,7.475553220758836,True,False
44,C_LEGACY_CONTRACT,OOD,298,lead_brake,False,False,False,0,0,21.23593646021788,9.427353846530119,True,False
44,C_LEGACY_CONTRACT,OOD,299,lead_brake,False,False,False,0,0,25.710176851127713,5.334231739242871,True,False
44,C2_PHASE_CONTRACT,ID,0,crosswalk,False,False,False,0,0,29.472025384861915,2.113100777972828,True,False
44,C2_PHASE_CONTRACT,ID,1,crosswalk,False,False,False,0,0,38.161517796258885,0.9012590907514095,True,False
44,C2_PHASE_CONTRACT,ID,2,crosswalk,False,False,False,0,0,28.098600405243022,2.4502009467074743,True,False
44,C2_PHASE_CONTRACT,ID,3,crosswalk,False,False,False,0,0,32.44593671339494,2.231991851613635,True,False
44,C2_PHASE_CONTRACT,ID,4,crosswalk,False,False,False,0,0,33.69327122416799,2.2245995023033833,True,False
44,C2_PHASE_CONTRACT,ID,5,crosswalk,False,False,False,0,0,28.5912641480218,1.9495389254196829,True,False
44,C2_PHASE_CONTRACT,ID,6,crosswalk,False,False,False,0,0,35.151349697431854,0.45241212302988226,True,False
44,C2_PHASE_CONTRACT,ID,7,crosswalk,False,False,False,0,0,37.414185587370554,2.0454714571436248,True,False
44,C2_PHASE_CONTRACT,ID,8,crosswalk,False,False,False,0,0,27.490712086408013,1.8948208767434822,True,False
44,C2_PHASE_CONTRACT,ID,9,crosswalk,False,False,False,0,0,34.0308899349297,1.9100386640903624,True,False
44,C2_PHASE_CONTRACT,ID,10,crosswalk,False,False,False,0,0,36.25436200034802,1.9899966826905373,True,False
44,C2_PHASE_CONTRACT,ID,11,crosswalk,False,False,False,0,0,33.78937523484498,2.024014157553514,True,False
44,C2_PHASE_CONTRACT,ID,12,crosswalk,False,False,False,0,0,28.060463035530752,1.2245814904178443,True,False
44,C2_PHASE_CONTRACT,ID,13,crosswalk,False,False,False,0,0,31.63484138653302,1.5620465366088825,True,False
44,C2_PHASE_CONTRACT,ID,14,crosswalk,False,False,False,0,0,29.7263471158587,2.136335549029437,True,False
44,C2_PHASE_CONTRACT,ID,15,crosswalk,False,False,False,0,0,34.69340440765186,0.4127900950286699,True,False
44,C2_PHASE_CONTRACT,ID,16,crosswalk,False,False,False,0,0,28.28380669441902,2.278119245249974,True,False
44,C2_PHASE_CONTRACT,ID,17,crosswalk,False,False,False,0,0,26.8269012566384,2.112994903609866,True,False
44,C2_PHASE_CONTRACT,ID,18,crosswalk,False,False,False,0,0,35.65241844595109,1.7604231665080243,True,False
44,C2_PHASE_CONTRACT,ID,19,crosswalk,False,False,False,0,0,38.06731201547389,0.413412923614184,True,False
44,C2_PHASE_CONTRACT,ID,20,crosswalk,False,False,False,0,0,31.270161783554077,1.950500520567099,True,False
44,C2_PHASE_CONTRACT,ID,21,crosswalk,False,False,False,0,0,31.715951559122523,1.5472843735055488,True,False
44,C2_PHASE_CONTRACT,ID,22,crosswalk,False,False,False,0,0,27.958795552447263,1.7565978008011975,True,False
44,C2_PHASE_CONTRACT,ID,23,crosswalk,False,False,False,0,0,34.90019635611813,0.43538588353178714,True,False
44,C2_PHASE_CONTRACT,ID,24,crosswalk,False,False,False,0,0,27.743654168845495,1.7083222977817059,True,False
44,C2_PHASE_CONTRACT,ID,25,crosswalk,False,False,False,0,0,29.04923498936646,1.8091841396831332,True,False
44,C2_PHASE_CONTRACT,ID,26,crosswalk,False,False,False,0,0,27.14629972190152,2.3915933621557137,True,False
44,C2_PHASE_CONTRACT,ID,27,crosswalk,False,False,False,0,0,31.732645941711567,1.929647202293078,True,False
44,C2_PHASE_CONTRACT,ID,28,crosswalk,False,False,False,0,0,35.397541102187525,1.2043510072610595,True,False
44,C2_PHASE_CONTRACT,ID,29,crosswalk,False,False,False,0,0,28.90942858675551,2.304113909602165,True,False
44,C2_PHASE_CONTRACT,ID,30,crosswalk,False,False,False,0,0,32.19604445589998,0.5236277661540292,True,False
44,C2_PHASE_CONTRACT,ID,31,crosswalk,False,False,False,0,0,28.449817383478514,1.9252396148184072,True,False
44,C2_PHASE_CONTRACT,ID,32,crosswalk,False,False,False,0,0,38.71290544090101,1.7960265558212996,True,False
44,C2_PHASE_CONTRACT,ID,33,crosswalk,False,False,False,0,0,31.71130644693189,0.4301785535755612,True,False
44,C2_PHASE_CONTRACT,ID,34,crosswalk,False,False,False,0,0,35.7496297181234,0.6559265684336424,True,False
44,C2_PHASE_CONTRACT,ID,35,crosswalk,False,False,False,0,0,29.151034508483434,1.9442677368288455,True,False
44,C2_PHASE_CONTRACT,ID,36,crosswalk,False,False,False,0,0,38.11711090694815,0.3944157987833023,True,False
44,C2_PHASE_CONTRACT,ID,37,crosswalk,False,False,False,0,0,31.46457031809958,2.1842479434880344,True,False
44,C2_PHASE_CONTRACT,ID,38,crosswalk,False,False,False,0,0,34.562725702513156,2.0766478156050048,True,False
44,C2_PHASE_CONTRACT,ID,39,crosswalk,False,False,False,0,0,28.589599275236495,1.68918745405972,True,False
44,C2_PHASE_CONTRACT,ID,40,crosswalk,False,False,False,0,0,31.75565190363619,0.39357930083166465,True,False
44,C2_PHASE_CONTRACT,ID,41,crosswalk,False,False,False,0,0,35.25377854613492,1.6369166496125134,True,False
44,C2_PHASE_CONTRACT,ID,42,crosswalk,False,False,False,0,0,37.73916806137514,0.40334895563622314,True,False
44,C2_PHASE_CONTRACT,ID,43,crosswalk,False,False,False,0,0,30.97147866505363,1.8963519732157388,True,False
44,C2_PHASE_CONTRACT,ID,44,crosswalk,False,False,False,0,0,31.303338853112024,1.6520803270950204,True,False
44,C2_PHASE_CONTRACT,ID,45,crosswalk,False,False,False,0,0,35.720736712443134,0.6913508878399928,True,False
44,C2_PHASE_CONTRACT,ID,46,crosswalk,False,False,False,0,0,30.73109456678823,2.172952971675179,True,False
44,C2_PHASE_CONTRACT,ID,47,crosswalk,False,False,False,0,0,27.99755824343793,0.37385410629212856,True,False
44,C2_PHASE_CONTRACT,ID,48,crosswalk,False,False,False,0,0,34.12927908857933,0.3618995472788811,True,False
44,C2_PHASE_CONTRACT,ID,49,crosswalk,False,False,False,0,0,37.851596710990954,0.4234473472056181,True,False
44,C2_PHASE_CONTRACT,ID,50,crosswalk,False,False,False,0,0,30.023106133911995,2.1369321141391993,True,False
44,C2_PHASE_CONTRACT,ID,51,crosswalk,False,False,False,0,0,29.680332709064494,0.37233658755819,True,False
44,C2_PHASE_CONTRACT,ID,52,crosswalk,False,False,False,0,0,36.57791069598154,0.4143992314736048,True,False
44,C2_PHASE_CONTRACT,ID,53,crosswalk,False,False,False,0,0,37.91874301911754,0.7835537344217299,True,False
44,C2_PHASE_CONTRACT,ID,54,crosswalk,False,False,False,0,0,37.21063091356639,0.38111849129199976,True,False
44,C2_PHASE_CONTRACT,ID,55,crosswalk,False,False,False,0,0,34.14598466462506,1.9200361299921165,True,False
44,C2_PHASE_CONTRACT,ID,56,crosswalk,False,False,False,0,0,30.678122365637606,2.153078094124794,True,False
44,C2_PHASE_CONTRACT,ID,57,crosswalk,False,False,False,0,0,33.16559518605272,2.226953249086033,True,False
44,C2_PHASE_CONTRACT,ID,58,crosswalk,False,False,False,0,0,35.656280649106236,0.8348159783560296,True,False
44,C2_PHASE_CONTRACT,ID,59,crosswalk,False,False,False,0,0,34.77617197117447,0.38340768155952293,True,False
44,C2_PHASE_CONTRACT,ID,60,crosswalk,False,False,False,0,0,36.421565057184964,2.0008406105140844,True,False
44,C2_PHASE_CONTRACT,ID,61,crosswalk,False,False,False,0,0,37.189313430891296,0.38502630889415734,True,False
44,C2_PHASE_CONTRACT,ID,62,crosswalk,False,False,False,0,0,32.27569151476334,2.198881005698984,True,False
44,C2_PHASE_CONTRACT,ID,63,crosswalk,False,False,False,0,0,31.897735203639314,0.7660557719923201,True,False
44,C2_PHASE_CONTRACT,ID,64,crosswalk,False,False,False,0,0,29.054889034270783,2.053491275757551,True,False
44,C2_PHASE_CONTRACT,ID,65,crosswalk,False,False,False,0,0,37.16733514423895,1.898034654247264,True,False
44,C2_PHASE_CONTRACT,ID,66,crosswalk,False,False,False,0,0,33.33082564116147,0.9659935569479352,True,False
44,C2_PHASE_CONTRACT,ID,67,crosswalk,False,False,False,0,0,28.0648616843475,0.42470492030444895,True,False
44,C2_PHASE_CONTRACT,ID,68,crosswalk,False,False,False,0,0,31.75448072430614,0.3835748237642375,True,False
44,C2_PHASE_CONTRACT,ID,69,crosswalk,False,False,False,0,0,30.843637686254077,1.9118178511659303,True,False
44,C2_PHASE_CONTRACT,ID,70,crosswalk,False,False,False,0,0,39.100011910802145,0.44250243032972014,True,False
44,C2_PHASE_CONTRACT,ID,71,crosswalk,False,False,False,0,0,35.07085191673535,0.37952277809381485,True,False
44,C2_PHASE_CONTRACT,ID,72,crosswalk,False,False,False,0,0,36.10549147531845,0.3772068272034327,True,False
44,C2_PHASE_CONTRACT,ID,73,crosswalk,False,False,False,0,0,32.919427073793734,1.834794206714088,True,False
44,C2_PHASE_CONTRACT,ID,74,crosswalk,False,False,False,0,0,36.28787351089849,0.39072187927862007,True,False
44,C2_PHASE_CONTRACT,ID,75,crosswalk,False,False,False,0,0,34.69138556933649,1.7960487949577244,True,False
44,C2_PHASE_CONTRACT,ID,76,crosswalk,False,False,False,0,0,35.93718053779216,0.3871388888607422,True,False
44,C2_PHASE_CONTRACT,ID,77,crosswalk,False,False,False,0,0,35.551110313210664,1.9622085463594308,True,False
44,C2_PHASE_CONTRACT,ID,78,crosswalk,False,False,False,0,0,33.76679834182869,1.9046472571790218,True,False
44,C2_PHASE_CONTRACT,ID,79,crosswalk,False,False,False,0,0,34.71970548386393,1.9641445285600163,True,False
44,C2_PHASE_CONTRACT,ID,80,crosswalk,False,False,False,0,0,30.696389368666562,0.4005724475497291,True,False
44,C2_PHASE_CONTRACT,ID,81,crosswalk,False,False,False,0,0,32.741401836106434,2.240496508099816,True,False
44,C2_PHASE_CONTRACT,ID,82,crosswalk,False,False,False,0,0,36.0747373712995,2.019964133699735,True,False
44,C2_PHASE_CONTRACT,ID,83,crosswalk,False,False,False,0,0,37.34122767235157,0.3567730234219478,True,False
44,C2_PHASE_CONTRACT,ID,84,crosswalk,False,False,False,0,0,32.390696527894505,1.5616583710779313,True,False
44,C2_PHASE_CONTRACT,ID,85,crosswalk,False,False,False,0,0,33.846247271452924,0.4238814962181178,True,False
44,C2_PHASE_CONTRACT,ID,86,crosswalk,False,False,False,0,0,28.43069835797533,1.769168210029602,True,False
44,C2_PHASE_CONTRACT,ID,87,crosswalk,False,False,False,0,0,35.34550372463781,0.9720348034586225,True,False
44,C2_PHASE_CONTRACT,ID,88,crosswalk,False,False,False,0,0,30.95601822201393,2.0359329166619675,True,False
44,C2_PHASE_CONTRACT,ID,89,crosswalk,False,False,False,0,0,33.33738691447977,0.37319710559171176,True,False
44,C2_PHASE_CONTRACT,ID,90,crosswalk,False,False,False,0,0,28.213188838225832,0.38104369957000017,True,False
44,C2_PHASE_CONTRACT,ID,91,crosswalk,False,False,False,0,0,28.293157797183667,2.055122689767317,True,False
44,C2_PHASE_CONTRACT,ID,92,crosswalk,False,False,False,0,0,37.56026789943684,0.5749499255960637,True,False
44,C2_PHASE_CONTRACT,ID,93,crosswalk,False,False,False,0,0,31.102422124073147,1.917056528230508,True,False
44,C2_PHASE_CONTRACT,ID,94,crosswalk,False,False,False,0,0,31.61936948647604,2.0148999758419537,True,False
44,C2_PHASE_CONTRACT,ID,95,crosswalk,False,False,False,0,0,30.69581632703077,0.36269143054431136,True,False
44,C2_PHASE_CONTRACT,ID,96,crosswalk,False,False,False,0,0,27.755521560353962,2.291007027029991,True,False
44,C2_PHASE_CONTRACT,ID,97,crosswalk,False,False,False,0,0,36.94248713469083,0.47700648009777064,True,False
44,C2_PHASE_CONTRACT,ID,98,crosswalk,False,False,False,0,0,31.38096852493829,2.3364412765949965,True,False
44,C2_PHASE_CONTRACT,ID,99,crosswalk,False,False,False,0,0,31.3090917535121,0.6933480836451053,True,False
44,C2_PHASE_CONTRACT,ID,100,stop_intersection,False,False,False,0,1,26.686537473413015,1.6294893456829918,True,False
44,C2_PHASE_CONTRACT,ID,101,stop_intersection,False,False,False,0,1,31.928170702580903,1.4146594012655862,True,False
44,C2_PHASE_CONTRACT,ID,102,stop_intersection,False,False,False,0,1,26.673448933463945,1.8249705930550892,True,False
44,C2_PHASE_CONTRACT,ID,103,stop_intersection,False,False,False,0,1,29.39788209187394,1.5576934814453125,True,False
44,C2_PHASE_CONTRACT,ID,104,stop_intersection,False,False,False,0,1,27.885454861410068,1.4592192047520687,True,False
44,C2_PHASE_CONTRACT,ID,105,stop_intersection,False,False,False,0,1,31.731136461335097,1.5930586181035855,True,False
44,C2_PHASE_CONTRACT,ID,106,stop_intersection,False,False,False,0,1,32.04869420400956,1.4037499576807022,True,False
44,C2_PHASE_CONTRACT,ID,107,stop_intersection,False,False,False,0,1,30.49929688465384,1.6542360186576843,True,False
44,C2_PHASE_CONTRACT,ID,108,stop_intersection,False,False,False,0,1,32.4415536659942,1.5650534476989355,True,False
44,C2_PHASE_CONTRACT,ID,109,stop_intersection,False,False,False,0,1,33.864463137954736,1.5069558932667686,True,False
44,C2_PHASE_CONTRACT,ID,110,stop_intersection,False,False,False,0,1,29.445917071941786,1.5413873260085647,True,False
44,C2_PHASE_CONTRACT,ID,111,stop_intersection,False,False,False,0,1,35.39603783670637,1.3985582095820728,True,False
44,C2_PHASE_CONTRACT,ID,112,stop_intersection,False,False,False,0,1,35.56072674984303,1.4509793607200063,True,False
44,C2_PHASE_CONTRACT,ID,113,stop_intersection,False,False,False,0,1,35.96382319501875,1.4066841297371442,True,False
44,C2_PHASE_CONTRACT,ID,114,stop_intersection,False,False,False,0,1,36.00797036178044,1.3874147477604093,True,False
44,C2_PHASE_CONTRACT,ID,115,stop_intersection,False,False,False,0,1,37.366133412402924,1.5078445985203697,True,False
44,C2_PHASE_CONTRACT,ID,116,stop_intersection,False,False,False,0,1,30.794793006775965,1.6488238605293066,True,False
44,C2_PHASE_CONTRACT,ID,117,stop_intersection,False,False,False,0,1,27.421742768221627,1.6419902112748888,True,False
44,C2_PHASE_CONTRACT,ID,118,stop_intersection,False,False,False,0,1,32.176867503437,1.4661600872089988,True,False
44,C2_PHASE_CONTRACT,ID,119,stop_intersection,False,False,False,0,1,35.37657149286126,1.4060080487553666,True,False
44,C2_PHASE_CONTRACT,ID,120,stop_intersection,False,False,False,0,1,36.77320306441242,1.543705493211746,True,False
44,C2_PHASE_CONTRACT,ID,121,stop_intersection,False,False,False,0,1,36.45785341057598,1.5307867101260593,True,False
44,C2_PHASE_CONTRACT,ID,122,stop_intersection,False,False,False,0,1,33.10723153788465,1.418132952281407,True,False
44,C2_PHASE_CONTRACT,ID,123,stop_intersection,False,False,False,0,1,27.236884773854918,1.5824890633424122,True,False
44,C2_PHASE_CONTRACT,ID,124,stop_intersection,False,False,False,0,1,34.275751901198596,1.58622179712568,True,False
44,C2_PHASE_CONTRACT,ID,125,stop_intersection,False,False,False,0,1,35.67224108529929,1.5576398663404512,True,False
44,C2_PHASE_CONTRACT,ID,126,stop_intersection,False,False,False,0,1,38.77463800337931,1.4872655137018722,True,False
44,C2_PHASE_CONTRACT,ID,127,stop_intersection,False,False,False,0,1,27.88460959535757,1.5718580616845024,True,False
44,C2_PHASE_CONTRACT,ID,128,stop_intersection,False,False,False,0,1,33.68870930151206,1.5010698735713959,True,False
44,C2_PHASE_CONTRACT,ID,129,stop_intersection,False,False,False,0,1,35.208779416811794,1.5736105093141879,True,False
44,C2_PHASE_CONTRACT,ID,130,stop_intersection,False,False,False,0,1,27.06006767162419,1.6773578838298193,True,False
44,C2_PHASE_CONTRACT,ID,131,stop_intersection,False,False,False,0,1,28.57905394249365,1.6641324758529663,True,False
44,C2_PHASE_CONTRACT,ID,132,stop_intersection,False,False,False,0,1,33.04952666710696,1.4556372463703153,True,False
44,C2_PHASE_CONTRACT,ID,133,stop_intersection,False,False,False,0,1,30.88847224235534,1.5732987076044083,True,False
44,C2_PHASE_CONTRACT,ID,134,stop_intersection,False,False,False,0,1,38.753046736711504,1.3856053075125052,True,False
44,C2_PHASE_CONTRACT,ID,135,stop_intersection,False,False,False,0,1,31.94706189008836,1.6720868685306647,True,False
44,C2_PHASE_CONTRACT,ID,136,stop_intersection,False,False,False,0,1,36.23767892908805,1.5765724902929261,True,False
44,C2_PHASE_CONTRACT,ID,137,stop_intersection,False,False,False,0,1,31.59897627542454,1.6191229671239853,True,False
44,C2_PHASE_CONTRACT,ID,138,stop_intersection,False,False,False,0,1,33.44812684144537,1.3690159669736537,True,False
44,C2_PHASE_CONTRACT,ID,139,stop_intersection,False,False,False,0,1,31.222498255337673,1.4339451453624625,True,False
44,C2_PHASE_CONTRACT,ID,140,stop_intersection,False,False,False,0,1,38.574634055337995,1.2994113365809123,True,False
44,C2_PHASE_CONTRACT,ID,141,stop_intersection,False,False,False,0,1,37.50022080240516,1.5434896094458443,True,False
44,C2_PHASE_CONTRACT,ID,142,stop_intersection,False,False,False,0,1,35.582551452161724,1.408670142639515,True,False
44,C2_PHASE_CONTRACT,ID,143,stop_intersection,False,False,False,0,1,26.797334036085573,1.866854214006,True,False
44,C2_PHASE_CONTRACT,ID,144,stop_intersection,False,False,False,0,1,29.474735683903813,1.6403615627533348,True,False
44,C2_PHASE_CONTRACT,ID,145,stop_intersection,False,False,False,0,1,36.485447907311254,1.4816621163996253,True,False
44,C2_PHASE_CONTRACT,ID,146,stop_intersection,False,False,False,0,1,36.553785574216164,1.5365045043555172,True,False
44,C2_PHASE_CONTRACT,ID,147,stop_intersection,False,False,False,0,1,31.848523734714604,1.6024386435747144,True,False
44,C2_PHASE_CONTRACT,ID,148,stop_intersection,False,False,False,0,1,33.556228569720815,1.6337759756460424,True,False
44,C2_PHASE_CONTRACT,ID,149,stop_intersection,False,False,False,0,1,36.161730248905684,1.6484602631592167,True,False
44,C2_PHASE_CONTRACT,ID,150,stop_intersection,False,False,False,0,1,34.59198084700893,1.4287216779662342,True,False
44,C2_PHASE_CONTRACT,ID,151,stop_intersection,False,False,False,0,1,27.59276586047003,1.639425539308124,True,False
44,C2_PHASE_CONTRACT,ID,152,stop_intersection,False,False,False,0,1,28.314809323789323,1.5147719189927382,True,False
44,C2_PHASE_CONTRACT,ID,153,stop_intersection,False,False,False,0,1,34.306868706887585,1.7343522906303404,True,False
44,C2_PHASE_CONTRACT,ID,154,stop_intersection,False,False,False,0,1,34.23837384514178,1.4298104076850704,True,False
44,C2_PHASE_CONTRACT,ID,155,stop_intersection,False,False,False,0,1,29.974254819604184,1.511957614045394,True,False
44,C2_PHASE_CONTRACT,ID,156,stop_intersection,False,False,False,0,1,33.933857780130694,1.3600930855387732,True,False
44,C2_PHASE_CONTRACT,ID,157,stop_intersection,False,False,False,0,1,36.12100270498264,1.4734436051790103,True,False
44,C2_PHASE_CONTRACT,ID,158,stop_intersection,False,False,False,0,1,35.69348419876492,1.4463504494690311,True,False
44,C2_PHASE_CONTRACT,ID,159,stop_intersection,False,False,False,0,1,31.417621486025336,1.658677061398824,True,False
44,C2_PHASE_CONTRACT,ID,160,stop_intersection,False,False,False,0,1,38.46523910977058,1.6638157765070596,True,False
44,C2_PHASE_CONTRACT,ID,161,stop_intersection,False,False,False,0,1,30.64776391349515,1.726824829452916,True,False
44,C2_PHASE_CONTRACT,ID,162,stop_intersection,False,False,False,0,1,37.22509412083375,1.5125723112197147,True,False
44,C2_PHASE_CONTRACT,ID,163,stop_intersection,False,False,False,0,1,31.92121323624564,1.5757164672801367,True,False
44,C2_PHASE_CONTRACT,ID,164,stop_intersection,False,False,False,0,1,27.901065340085005,1.7623884452355876,True,False
44,C2_PHASE_CONTRACT,ID,165,stop_intersection,False,False,False,0,1,33.30096464795201,1.4836691893064058,True,False
44,C2_PHASE_CONTRACT,ID,166,stop_intersection,False,False,False,0,1,38.652124939501576,1.5067963683327963,True,False
44,C2_PHASE_CONTRACT,ID,167,stop_intersection,False,False,False,0,1,28.597960094785662,1.7172819375991821,True,False
44,C2_PHASE_CONTRACT,ID,168,stop_intersection,False,False,False,0,1,35.623283559139665,1.40274479275658,True,False
44,C2_PHASE_CONTRACT,ID,169,stop_intersection,False,False,False,0,1,35.65973833655771,1.48860427737236,True,False
44,C2_PHASE_CONTRACT,ID,170,stop_intersection,False,False,False,0,1,30.19669097126087,1.7154818009107542,True,False
44,C2_PHASE_CONTRACT,ID,171,stop_intersection,False,False,False,0,1,29.656705676358563,1.7295404543747772,True,False
44,C2_PHASE_CONTRACT,ID,172,stop_intersection,False,False,False,0,1,28.571800510594745,1.681182610022055,True,False
44,C2_PHASE_CONTRACT,ID,173,stop_intersection,False,False,False,0,1,28.459810337585125,1.7090006251084178,True,False
44,C2_PHASE_CONTRACT,ID,174,stop_intersection,False,False,False,0,1,34.66401315224752,1.483528738798097,True,False
44,C2_PHASE_CONTRACT,ID,175,stop_intersection,False,False,False,0,1,27.629910932295793,1.6511451884319908,True,False
44,C2_PHASE_CONTRACT,ID,176,stop_intersection,False,False,False,0,1,36.680168192513705,1.457914820937223,True,False
44,C2_PHASE_CONTRACT,ID,177,stop_intersection,False,False,False,0,1,30.67749199920359,1.795154637412021,True,False
44,C2_PHASE_CONTRACT,ID,178,stop_intersection,False,False,False,0,1,29.011433007370243,1.5798536477944787,True,False
44,C2_PHASE_CONTRACT,ID,179,stop_intersection,False,False,False,0,1,30.315770415517385,1.4593100547790527,True,False
44,C2_PHASE_CONTRACT,ID,180,stop_intersection,False,False,False,0,1,31.89236212053706,1.5411781042050092,True,False
44,C2_PHASE_CONTRACT,ID,181,stop_intersection,False,False,False,0,1,35.562887862662265,1.4974334181808842,True,False
44,C2_PHASE_CONTRACT,ID,182,stop_intersection,False,False,False,0,1,30.929058538142936,1.6171087057162552,True,False
44,C2_PHASE_CONTRACT,ID,183,stop_intersection,False,False,False,0,1,34.92512583330728,1.4074463669846697,True,False
44,C2_PHASE_CONTRACT,ID,184,stop_intersection,False,False,False,0,1,34.00726057455173,1.474035722868783,True,False
44,C2_PHASE_CONTRACT,ID,185,stop_intersection,False,False,False,0,1,37.042249140286444,1.4751661391485305,True,False
44,C2_PHASE_CONTRACT,ID,186,stop_intersection,False,False,False,0,1,35.45031760297438,1.3602641495791348,True,False
44,C2_PHASE_CONTRACT,ID,187,stop_intersection,False,False,False,0,1,36.8071582821519,1.5290751308202744,True,False
44,C2_PHASE_CONTRACT,ID,188,stop_intersection,False,False,False,0,1,29.931933537095556,1.5093375322146292,True,False
44,C2_PHASE_CONTRACT,ID,189,stop_intersection,False,False,False,0,1,34.871075707404,1.4048946776041171,True,False
44,C2_PHASE_CONTRACT,ID,190,stop_intersection,False,False,False,0,1,36.190770827569864,1.5150637127632318,True,False
44,C2_PHASE_CONTRACT,ID,191,stop_intersection,False,False,False,0,1,32.32001818685259,1.5158230524796705,True,False
44,C2_PHASE_CONTRACT,ID,192,stop_intersection,False,False,False,0,1,31.938218082218103,1.5669872258838853,True,False
44,C2_PHASE_CONTRACT,ID,193,stop_intersection,False,False,False,0,1,29.419844777805267,1.713753342628479,True,False
44,C2_PHASE_CONTRACT,ID,194,stop_intersection,False,False,False,0,1,30.400703308461523,1.6505469146527743,True,False
44,C2_PHASE_CONTRACT,ID,195,stop_intersection,False,False,False,0,1,35.70515645878055,1.3887832192487495,True,False
44,C2_PHASE_CONTRACT,ID,196,stop_intersection,False,False,False,0,1,28.637259446838193,1.6499970618047213,True,False
44,C2_PHASE_CONTRACT,ID,197,stop_intersection,False,False,False,0,1,27.518615530573534,1.6272952159245808,True,False
44,C2_PHASE_CONTRACT,ID,198,stop_intersection,False,False,False,0,1,28.482601321227754,1.5069862970939047,True,False
44,C2_PHASE_CONTRACT,ID,199,stop_intersection,False,False,False,0,1,38.09935916047493,1.4233287459328061,True,False
44,C2_PHASE_CONTRACT,ID,200,lead_brake,False,False,False,0,0,76.33551831068192,7.392703869069615,True,False
44,C2_PHASE_CONTRACT,ID,201,lead_brake,False,False,False,0,0,84.73523051645492,6.742469919224579,True,False
44,C2_PHASE_CONTRACT,ID,202,lead_brake,False,False,False,0,0,64.10128646844848,7.462338242990275,True,False
44,C2_PHASE_CONTRACT,ID,203,lead_brake,False,False,False,0,0,62.06569783658724,8.086923657606045,True,False
44,C2_PHASE_CONTRACT,ID,204,lead_brake,False,False,False,0,0,86.6757936633378,0.8381831819812455,True,False
44,C2_PHASE_CONTRACT,ID,205,lead_brake,False,False,False,0,0,62.74888278148421,5.803379158178965,True,False
44,C2_PHASE_CONTRACT,ID,206,lead_brake,False,False,False,0,0,76.48454754805921,2.6667533311992884,True,False
44,C2_PHASE_CONTRACT,ID,207,lead_brake,False,False,False,0,0,73.50541165999897,1.8505799106011789,True,False
44,C2_PHASE_CONTRACT,ID,208,lead_brake,False,False,False,0,0,78.5678436408929,4.83119257291158,True,False
44,C2_PHASE_CONTRACT,ID,209,lead_brake,False,False,False,0,0,59.774948542664944,10.735576843842864,True,False
44,C2_PHASE_CONTRACT,ID,210,lead_brake,False,False,False,0,0,62.25290199487723,5.021355832616488,True,False
44,C2_PHASE_CONTRACT,ID,211,lead_brake,False,False,False,0,0,77.46939560231615,0.525253423800071,True,False
44,C2_PHASE_CONTRACT,ID,212,lead_brake,False,False,False,0,0,78.41550793390623,9.4540023903052,True,False
44,C2_PHASE_CONTRACT,ID,213,lead_brake,False,False,False,0,0,54.36187640993169,10.712591946125029,True,False
44,C2_PHASE_CONTRACT,ID,214,lead_brake,False,False,False,0,0,92.27881024092905,0.32974911232789356,True,False
44,C2_PHASE_CONTRACT,ID,215,lead_brake,False,False,False,0,0,66.39485372599795,10.966482547422249,True,False
44,C2_PHASE_CONTRACT,ID,216,lead_brake,False,False,False,0,0,60.12946647670477,4.414345769832531,True,False
44,C2_PHASE_CONTRACT,ID,217,lead_brake,False,False,False,0,0,60.43155763837682,10.347573461631933,True,False
44,C2_PHASE_CONTRACT,ID,218,lead_brake,False,False,False,0,0,62.19666326699952,9.369357258081436,True,False
44,C2_PHASE_CONTRACT,ID,219,lead_brake,False,False,False,0,0,76.54138437896846,2.6153573965032892,True,False
44,C2_PHASE_CONTRACT,ID,220,lead_brake,False,False,False,0,0,54.83138478283919,10.948647150459388,True,False
44,C2_PHASE_CONTRACT,ID,221,lead_brake,False,False,False,0,0,52.846831878989306,12.51380167963604,True,False
44,C2_PHASE_CONTRACT,ID,222,lead_brake,False,False,False,0,0,83.41419828576646,2.0415808558464046,True,False
44,C2_PHASE_CONTRACT,ID,223,lead_brake,False,False,False,0,0,67.0191205611273,8.031066472952565,True,False
44,C2_PHASE_CONTRACT,ID,224,lead_brake,False,False,False,0,0,71.18697048617321,0.9690862298011779,True,False
44,C2_PHASE_CONTRACT,ID,225,lead_brake,False,False,False,0,0,96.69595255743714,0.9062829827889799,True,False
44,C2_PHASE_CONTRACT,ID,226,lead_brake,False,False,False,0,0,65.32251575953262,11.196165387829144,True,False
44,C2_PHASE_CONTRACT,ID,227,lead_brake,False,False,False,0,0,98.45050276184126,0.08126553023854892,True,False
44,C2_PHASE_CONTRACT,ID,228,lead_brake,False,False,False,0,0,74.62568588460789,3.794809501618147,True,False
44,C2_PHASE_CONTRACT,ID,229,lead_brake,False,False,False,0,0,68.98869750033836,10.712928714851536,True,False
44,C2_PHASE_CONTRACT,ID,230,lead_brake,False,False,False,0,0,84.34356283999986,0.7145851254463195,True,False
44,C2_PHASE_CONTRACT,ID,231,lead_brake,False,False,False,0,0,94.46532569371045,0.46109547341863316,True,False
44,C2_PHASE_CONTRACT,ID,232,lead_brake,False,False,False,0,0,78.65089555002896,5.625153273964921,True,False
44,C2_PHASE_CONTRACT,ID,233,lead_brake,False,False,False,0,0,60.788996762984425,7.050333553925157,True,False
44,C2_PHASE_CONTRACT,ID,234,lead_brake,False,False,False,0,0,64.92071072031621,11.201868385076523,True,False
44,C2_PHASE_CONTRACT,ID,235,lead_brake,False,False,False,0,0,95.51792225967785,0.7914831240971882,True,False
44,C2_PHASE_CONTRACT,ID,236,lead_brake,False,False,False,0,0,76.11479539281238,6.711135441437364,True,False
44,C2_PHASE_CONTRACT,ID,237,lead_brake,False,False,False,0,0,55.99543150051132,11.49672647565603,True,False
44,C2_PHASE_CONTRACT,ID,238,lead_brake,False,False,False,0,0,73.25145864012961,10.399176327511666,True,False
44,C2_PHASE_CONTRACT,ID,239,lead_brake,False,False,False,0,0,75.48124588848108,4.7222137320786715,True,False
44,C2_PHASE_CONTRACT,ID,240,lead_brake,False,False,False,0,0,74.1462352461482,9.897364847362041,True,False
44,C2_PHASE_CONTRACT,ID,241,lead_brake,False,False,False,0,0,55.20244513256372,10.33601522212848,True,False
44,C2_PHASE_CONTRACT,ID,242,lead_brake,False,False,False,0,0,92.52890843986322,1.1977362806598344,True,False
44,C2_PHASE_CONTRACT,ID,243,lead_brake,False,False,False,0,0,94.73381566381765,0.29734681422511733,True,False
44,C2_PHASE_CONTRACT,ID,244,lead_brake,False,False,False,0,0,60.871762943857796,11.379983297238747,True,False
44,C2_PHASE_CONTRACT,ID,245,lead_brake,False,False,False,0,0,68.31103555740006,8.538923598825932,True,False
44,C2_PHASE_CONTRACT,ID,246,lead_brake,False,False,False,0,0,69.77820905603559,6.481981440757711,True,False
44,C2_PHASE_CONTRACT,ID,247,lead_brake,False,False,False,0,0,67.82416509085748,8.196636632084845,True,False
44,C2_PHASE_CONTRACT,ID,248,lead_brake,False,False,False,0,0,57.060347602381306,1.653447534268101,True,False
44,C2_PHASE_CONTRACT,ID,249,lead_brake,False,False,False,0,0,60.71225050446386,11.75910170873006,True,False
44,C2_PHASE_CONTRACT,ID,250,lead_brake,False,False,False,0,0,62.80889782150865,7.575909404084086,True,False
44,C2_PHASE_CONTRACT,ID,251,lead_brake,False,False,False,0,0,63.69697247980117,10.056327914198238,True,False
44,C2_PHASE_CONTRACT,ID,252,lead_brake,False,False,False,0,0,82.53171210119204,5.580104359736045,True,False
44,C2_PHASE_CONTRACT,ID,253,lead_brake,False,False,False,0,0,90.75109259284798,0.4968431989351908,True,False
44,C2_PHASE_CONTRACT,ID,254,lead_brake,False,False,False,0,0,57.687604712403406,9.650998574992022,True,False
44,C2_PHASE_CONTRACT,ID,255,lead_brake,False,False,False,0,0,69.5766700354916,10.746418784682948,True,False
44,C2_PHASE_CONTRACT,ID,256,lead_brake,False,False,False,0,0,61.226482744897204,9.699911311268806,True,False
44,C2_PHASE_CONTRACT,ID,257,lead_brake,False,False,False,0,0,96.09291939023916,1.35345554848512,True,False
44,C2_PHASE_CONTRACT,ID,258,lead_brake,False,False,False,0,0,71.93452777972901,5.403688430786133,True,False
44,C2_PHASE_CONTRACT,ID,259,lead_brake,False,False,False,0,0,99.13122487694025,0.03229540648559729,True,False
44,C2_PHASE_CONTRACT,ID,260,lead_brake,False,False,False,0,0,57.306327514278806,11.554149076342583,True,False
44,C2_PHASE_CONTRACT,ID,261,lead_brake,False,False,False,0,0,68.92865054892921,9.795523017644882,True,False
44,C2_PHASE_CONTRACT,ID,262,lead_brake,False,False,False,0,0,54.44662120255567,1.7714863133927186,True,False
44,C2_PHASE_CONTRACT,ID,263,lead_brake,False,False,False,0,0,60.6392593785319,11.316027097404001,True,False
44,C2_PHASE_CONTRACT,ID,264,lead_brake,False,False,False,0,0,93.83949931941157,0.7235884517431259,True,False
44,C2_PHASE_CONTRACT,ID,265,lead_brake,False,False,False,0,0,87.08245162867519,2.2244299724698067,True,False
44,C2_PHASE_CONTRACT,ID,266,lead_brake,False,False,False,0,0,66.66735719329692,4.236801591391364,True,False
44,C2_PHASE_CONTRACT,ID,267,lead_brake,False,False,False,0,0,79.98567837077064,4.581843423346678,True,False
44,C2_PHASE_CONTRACT,ID,268,lead_brake,False,False,False,0,0,60.925128166474835,10.96427824596564,True,False
44,C2_PHASE_CONTRACT,ID,269,lead_brake,False,False,False,0,0,70.41532327648429,3.2489551678299904,True,False
44,C2_PHASE_CONTRACT,ID,270,lead_brake,False,False,False,0,0,78.98455127438407,0.8768827120463053,True,False
44,C2_PHASE_CONTRACT,ID,271,lead_brake,False,False,False,0,0,69.40744825302505,11.358088279763857,True,False
44,C2_PHASE_CONTRACT,ID,272,lead_brake,False,False,False,0,0,87.56988256208425,3.058763604611158,True,False
44,C2_PHASE_CONTRACT,ID,273,lead_brake,False,False,False,0,0,61.402278675828825,12.10728680466612,True,False
44,C2_PHASE_CONTRACT,ID,274,lead_brake,False,False,False,0,0,95.8880307266236,0.2771025498708089,True,False
44,C2_PHASE_CONTRACT,ID,275,lead_brake,False,False,False,0,0,85.81672644540666,2.0010604051252203,True,False
44,C2_PHASE_CONTRACT,ID,276,lead_brake,False,False,False,0,0,59.711151565257275,4.272452412794034,True,False
44,C2_PHASE_CONTRACT,ID,277,lead_brake,False,False,False,0,0,76.68775711557532,9.522668326894442,True,False
44,C2_PHASE_CONTRACT,ID,278,lead_brake,False,False,False,0,0,81.43713887584454,3.202631562948227,True,False
44,C2_PHASE_CONTRACT,ID,279,lead_brake,False,False,False,0,0,91.48969606957199,2.74668991441528,True,False
44,C2_PHASE_CONTRACT,ID,280,lead_brake,False,False,False,0,0,81.9625440721746,2.118416121850411,True,False
44,C2_PHASE_CONTRACT,ID,281,lead_brake,False,False,False,0,0,82.61114316664361,0.7250474840402602,True,False
44,C2_PHASE_CONTRACT,ID,282,lead_brake,False,False,False,0,0,87.94239743390166,2.911862334236502,True,False
44,C2_PHASE_CONTRACT,ID,283,lead_brake,False,False,False,0,0,56.52177892658498,9.786650843918322,True,False
44,C2_PHASE_CONTRACT,ID,284,lead_brake,False,False,False,0,0,85.83764192134146,6.955223066111405,True,False
44,C2_PHASE_CONTRACT,ID,285,lead_brake,False,False,False,0,0,71.22615414183754,10.565193097417552,True,False
44,C2_PHASE_CONTRACT,ID,286,lead_brake,False,False,False,0,0,92.73257425277806,1.6676159389317036,True,False
44,C2_PHASE_CONTRACT,ID,287,lead_brake,False,False,False,0,0,76.2275235544229,9.119998342047134,True,False
44,C2_PHASE_CONTRACT,ID,288,lead_brake,False,False,False,0,0,68.04459335240973,11.44884245097637,True,False
44,C2_PHASE_CONTRACT,ID,289,lead_brake,False,False,False,0,0,61.25220878650374,11.067136493821938,True,False
44,C2_PHASE_CONTRACT,ID,290,lead_brake,False,False,False,0,0,96.38665195234618,0.12686438610156375,True,False
44,C2_PHASE_CONTRACT,ID,291,lead_brake,False,False,False,0,0,76.93359860476068,1.0557387002433338,True,False
44,C2_PHASE_CONTRACT,ID,292,lead_brake,False,False,False,0,0,73.89590330287758,0.994828646381696,True,False
44,C2_PHASE_CONTRACT,ID,293,lead_brake,False,False,False,0,0,80.77238676872662,5.3671528383468585,True,False
44,C2_PHASE_CONTRACT,ID,294,lead_brake,False,False,False,0,0,60.46052772794455,5.412594484786193,True,False
44,C2_PHASE_CONTRACT,ID,295,lead_brake,False,False,False,0,0,82.52024733915955,3.3623002987975874,True,False
44,C2_PHASE_CONTRACT,ID,296,lead_brake,False,False,False,0,0,61.20884260932166,5.017803899322947,True,False
44,C2_PHASE_CONTRACT,ID,297,lead_brake,False,False,False,0,0,74.69758732835764,0.9215669333934784,True,False
44,C2_PHASE_CONTRACT,ID,298,lead_brake,False,False,False,0,0,94.42373214687956,0.2824737081925074,True,False
44,C2_PHASE_CONTRACT,ID,299,lead_brake,False,False,False,0,0,67.47012132701684,3.1792097501456738,True,False
44,C2_PHASE_CONTRACT,OOD,0,crosswalk,False,False,False,0,0,30.046117355874017,1.9232075413068135,True,False
44,C2_PHASE_CONTRACT,OOD,1,crosswalk,False,False,False,0,0,31.627851410263553,1.3894187878159916,True,False
44,C2_PHASE_CONTRACT,OOD,2,crosswalk,False,False,False,0,1,22.943892824970405,1.1883684212253205,True,False
44,C2_PHASE_CONTRACT,OOD,3,crosswalk,False,False,False,0,1,30.33360614522205,1.3769574534325373,True,False
44,C2_PHASE_CONTRACT,OOD,4,crosswalk,False,False,False,0,1,25.30078254068282,1.1573405861854553,True,False
44,C2_PHASE_CONTRACT,OOD,5,crosswalk,False,False,False,0,1,24.976546331791486,1.4542587314333235,True,False
44,C2_PHASE_CONTRACT,OOD,6,crosswalk,False,False,False,0,1,20.549543776086274,1.3208275356075978,True,False
44,C2_PHASE_CONTRACT,OOD,7,crosswalk,False,False,False,0,1,22.13464125320808,1.3272618306310553,True,False
44,C2_PHASE_CONTRACT,OOD,8,crosswalk,False,False,False,0,1,30.255077240496124,1.0934575133853488,True,False
44,C2_PHASE_CONTRACT,OOD,9,crosswalk,False,False,False,0,1,29.770524297416735,1.389204812677283,True,False
44,C2_PHASE_CONTRACT,OOD,10,crosswalk,False,False,False,0,1,26.26685918184812,1.1610888742974825,True,False
44,C2_PHASE_CONTRACT,OOD,11,crosswalk,False,False,False,0,1,24.248971936428767,1.4675628848192168,True,False
44,C2_PHASE_CONTRACT,OOD,12,crosswalk,False,False,False,0,1,27.37771160572018,1.4764500122803907,True,False
44,C2_PHASE_CONTRACT,OOD,13,crosswalk,False,False,False,0,1,23.36581593325913,1.2344086558922478,True,False
44,C2_PHASE_CONTRACT,OOD,14,crosswalk,False,False,False,0,1,31.340489049522112,1.325668664205642,True,False
44,C2_PHASE_CONTRACT,OOD,15,crosswalk,False,False,False,0,1,22.410492071947132,1.2826964956648805,True,False
44,C2_PHASE_CONTRACT,OOD,16,crosswalk,False,False,False,0,1,22.643579279021743,1.1366700463824801,True,False
44,C2_PHASE_CONTRACT,OOD,17,crosswalk,False,False,False,0,1,21.058681098242126,1.2355732308192686,True,False
44,C2_PHASE_CONTRACT,OOD,18,crosswalk,False,False,False,0,1,22.18268311754285,1.5690520003035262,True,False
44,C2_PHASE_CONTRACT,OOD,19,crosswalk,False,False,False,0,1,21.924346992161773,1.355763106119065,True,False
44,C2_PHASE_CONTRACT,OOD,20,crosswalk,False,False,False,0,1,29.72571099685857,1.315802742134441,True,False
44,C2_PHASE_CONTRACT,OOD,21,crosswalk,False,False,False,0,1,22.24515170032707,1.1938149060892023,True,False
44,C2_PHASE_CONTRACT,OOD,22,crosswalk,False,False,False,0,1,21.04686485682997,1.2964848726987837,True,False
44,C2_PHASE_CONTRACT,OOD,23,crosswalk,False,False,False,0,1,29.09720972073781,1.3959867732469424,True,False
44,C2_PHASE_CONTRACT,OOD,24,crosswalk,False,False,False,0,0,22.271139949270967,1.4046130586592924,True,False
44,C2_PHASE_CONTRACT,OOD,25,crosswalk,False,False,False,0,1,22.359411950665592,1.0122078110774357,True,False
44,C2_PHASE_CONTRACT,OOD,26,crosswalk,False,False,False,0,1,22.855058677257418,1.1959442496299744,True,False
44,C2_PHASE_CONTRACT,OOD,27,crosswalk,False,False,False,0,1,29.381028599308834,1.5129987571550452,True,False
44,C2_PHASE_CONTRACT,OOD,28,crosswalk,False,False,False,0,1,31.002345384408095,1.705008898025904,True,False
44,C2_PHASE_CONTRACT,OOD,29,crosswalk,False,False,False,0,1,29.077626043883612,1.1440180553946384,True,False
44,C2_PHASE_CONTRACT,OOD,30,crosswalk,False,False,False,0,0,29.1610234674434,1.4714316470282418,True,False
44,C2_PHASE_CONTRACT,OOD,31,crosswalk,False,False,False,0,1,23.11217097577103,1.2940237590152284,True,False
44,C2_PHASE_CONTRACT,OOD,32,crosswalk,False,False,False,0,1,27.71300451239167,1.4146127519400222,True,False
44,C2_PHASE_CONTRACT,OOD,33,crosswalk,False,False,False,0,1,26.703937482993,1.7084855277363846,True,False
44,C2_PHASE_CONTRACT,OOD,34,crosswalk,False,False,False,0,1,24.608429036470326,1.2126304792321245,True,False
44,C2_PHASE_CONTRACT,OOD,35,crosswalk,False,False,False,0,1,22.331092683498632,1.3905715249305546,True,False
44,C2_PHASE_CONTRACT,OOD,36,crosswalk,False,False,False,0,1,21.22139587210414,1.2994368672370908,True,False
44,C2_PHASE_CONTRACT,OOD,37,crosswalk,False,False,False,0,1,22.626132179183728,1.3629462378911483,True,False
44,C2_PHASE_CONTRACT,OOD,38,crosswalk,False,False,False,0,1,20.794172875842232,1.4380971789360046,True,False
44,C2_PHASE_CONTRACT,OOD,39,crosswalk,False,False,False,0,1,30.547685610763786,1.6156112863903953,True,False
44,C2_PHASE_CONTRACT,OOD,40,crosswalk,False,False,False,0,1,21.572279804314142,1.3575121552445168,True,False
44,C2_PHASE_CONTRACT,OOD,41,crosswalk,False,False,False,0,1,24.21916959237261,1.2416060633129544,True,False
44,C2_PHASE_CONTRACT,OOD,42,crosswalk,False,False,False,0,1,25.027908194854973,1.4403347202982657,True,False
44,C2_PHASE_CONTRACT,OOD,43,crosswalk,False,False,False,0,1,20.64260816312845,1.0265952425125318,True,False
44,C2_PHASE_CONTRACT,OOD,44,crosswalk,False,False,False,0,1,31.32644080176538,1.2946665921109786,True,False
44,C2_PHASE_CONTRACT,OOD,45,crosswalk,False,False,False,0,1,21.596581660036165,1.3068995450405365,True,False
44,C2_PHASE_CONTRACT,OOD,46,crosswalk,False,False,False,0,1,30.871167980155462,1.3352245634252373,True,False
44,C2_PHASE_CONTRACT,OOD,47,crosswalk,False,False,False,0,1,24.39251395827911,1.305233436551961,True,False
44,C2_PHASE_CONTRACT,OOD,48,crosswalk,False,False,False,0,1,27.657732236568933,1.3488054886842384,True,False
44,C2_PHASE_CONTRACT,OOD,49,crosswalk,False,False,False,0,1,26.952196663936977,1.332003666382087,True,False
44,C2_PHASE_CONTRACT,OOD,50,crosswalk,False,False,False,0,1,27.24850691329443,1.2921383252014984,True,False
44,C2_PHASE_CONTRACT,OOD,51,crosswalk,False,False,False,0,1,27.35558430394782,1.4020062983036041,True,False
44,C2_PHASE_CONTRACT,OOD,52,crosswalk,False,False,False,0,1,22.383292357508388,1.4306839421773567,True,False
44,C2_PHASE_CONTRACT,OOD,53,crosswalk,False,False,False,0,1,21.918535423994363,1.2742367950645652,True,False
44,C2_PHASE_CONTRACT,OOD,54,crosswalk,False,False,False,0,1,25.499440895749007,1.108754515647888,True,False
44,C2_PHASE_CONTRACT,OOD,55,crosswalk,False,False,False,0,1,29.94566978845969,1.463485989719629,True,False
44,C2_PHASE_CONTRACT,OOD,56,crosswalk,False,False,False,0,1,22.683712812744623,1.2429450972135676,True,False
44,C2_PHASE_CONTRACT,OOD,57,crosswalk,False,False,False,0,1,21.369427890090122,1.4034605026245117,True,False
44,C2_PHASE_CONTRACT,OOD,58,crosswalk,False,False,False,0,1,28.638998360707507,1.56831866883217,True,False
44,C2_PHASE_CONTRACT,OOD,59,crosswalk,False,False,False,0,1,23.26671507979429,1.0562135405997013,True,False
44,C2_PHASE_CONTRACT,OOD,60,crosswalk,False,False,False,0,1,27.62836648737974,1.3634884200598063,True,False
44,C2_PHASE_CONTRACT,OOD,61,crosswalk,False,False,False,0,1,23.476496949772095,1.3739158862676375,True,False
44,C2_PHASE_CONTRACT,OOD,62,crosswalk,False,False,False,0,1,28.4007000933946,1.1610812855803447,True,False
44,C2_PHASE_CONTRACT,OOD,63,crosswalk,False,False,False,0,1,21.64945709354245,1.297828337041343,True,False
44,C2_PHASE_CONTRACT,OOD,64,crosswalk,False,False,False,0,1,24.32406890764156,1.2588952273823495,True,False
44,C2_PHASE_CONTRACT,OOD,65,crosswalk,False,False,False,0,1,30.29755879922456,1.3450736999511719,True,False
44,C2_PHASE_CONTRACT,OOD,66,crosswalk,False,False,False,0,1,21.228538422792653,1.3146101534366608,True,False
44,C2_PHASE_CONTRACT,OOD,67,crosswalk,False,False,False,0,1,27.834056020989582,1.3878764410813649,True,False
44,C2_PHASE_CONTRACT,OOD,68,crosswalk,False,False,False,0,1,20.64861443387064,1.2196461991830305,True,False
44,C2_PHASE_CONTRACT,OOD,69,crosswalk,False,False,False,0,1,25.56592800541676,1.47570737310358,True,False
44,C2_PHASE_CONTRACT,OOD,70,crosswalk,False,False,False,0,1,23.060818811970414,1.375333567460378,True,False
44,C2_PHASE_CONTRACT,OOD,71,crosswalk,False,False,False,0,1,28.52359625832122,1.3204366646029733,True,False
44,C2_PHASE_CONTRACT,OOD,72,crosswalk,False,False,False,0,1,23.074954313839868,1.2296971169913686,True,False
44,C2_PHASE_CONTRACT,OOD,73,crosswalk,False,False,False,0,1,28.16934781000847,1.189237117767334,True,False
44,C2_PHASE_CONTRACT,OOD,74,crosswalk,False,False,False,0,1,24.643819562933917,1.541239554817612,True,False
44,C2_PHASE_CONTRACT,OOD,75,crosswalk,False,False,False,0,1,27.394619696929063,1.34643679484725,True,False
44,C2_PHASE_CONTRACT,OOD,76,crosswalk,False,False,False,0,1,29.027849007490353,1.2056738455244835,True,False
44,C2_PHASE_CONTRACT,OOD,77,crosswalk,False,False,False,0,1,25.9709485579777,1.3099437242462522,True,False
44,C2_PHASE_CONTRACT,OOD,78,crosswalk,False,False,False,0,1,29.34897871576931,1.0888254777951674,True,False
44,C2_PHASE_CONTRACT,OOD,79,crosswalk,False,False,False,0,0,21.299117218123882,1.4101496587196984,True,False
44,C2_PHASE_CONTRACT,OOD,80,crosswalk,False,False,False,0,1,24.565950569449818,1.3509417474269865,True,False
44,C2_PHASE_CONTRACT,OOD,81,crosswalk,False,False,False,0,1,22.863670127115903,1.4452336613948529,True,False
44,C2_PHASE_CONTRACT,OOD,82,crosswalk,False,False,False,0,1,25.0250059812393,1.264516348424165,True,False
44,C2_PHASE_CONTRACT,OOD,83,crosswalk,False,False,False,0,1,28.809762229949435,1.038988767110783,True,False
44,C2_PHASE_CONTRACT,OOD,84,crosswalk,False,False,False,0,1,27.722097800109033,1.1931075398312059,True,False
44,C2_PHASE_CONTRACT,OOD,85,crosswalk,False,False,False,0,1,21.80631257940423,1.1527662369466962,True,False
44,C2_PHASE_CONTRACT,OOD,86,crosswalk,False,False,False,0,1,31.25661533201327,1.4350341111421585,True,False
44,C2_PHASE_CONTRACT,OOD,87,crosswalk,False,False,False,0,1,22.72689267445369,1.1688877873950534,True,False
44,C2_PHASE_CONTRACT,OOD,88,crosswalk,False,False,False,0,1,30.1939759121371,1.3077986917712472,True,False
44,C2_PHASE_CONTRACT,OOD,89,crosswalk,False,False,False,0,1,28.552693068527972,1.2721780843512955,True,False
44,C2_PHASE_CONTRACT,OOD,90,crosswalk,False,False,False,0,1,30.69007165605026,1.3112393170595167,True,False
44,C2_PHASE_CONTRACT,OOD,91,crosswalk,False,False,False,0,1,23.437354792943815,1.4003146983481742,True,False
44,C2_PHASE_CONTRACT,OOD,92,crosswalk,False,False,False,0,1,24.450910738824682,1.1968133563087098,True,False
44,C2_PHASE_CONTRACT,OOD,93,crosswalk,False,False,False,0,1,20.796636922472494,1.181593903086402,True,False
44,C2_PHASE_CONTRACT,OOD,94,crosswalk,False,False,False,0,1,26.140827583626724,1.4621530797170557,True,False
44,C2_PHASE_CONTRACT,OOD,95,crosswalk,False,False,False,0,1,21.46352152162549,1.3181847792405348,True,False
44,C2_PHASE_CONTRACT,OOD,96,crosswalk,False,False,False,0,1,28.31175871456901,1.492619237234426,True,False
44,C2_PHASE_CONTRACT,OOD,97,crosswalk,False,False,False,0,1,30.486714878088065,1.350851682099429,True,False
44,C2_PHASE_CONTRACT,OOD,98,crosswalk,False,False,False,0,1,27.900428491600366,1.1946104168891907,True,False
44,C2_PHASE_CONTRACT,OOD,99,crosswalk,False,False,False,0,1,28.024415290065953,1.3647648692131042,True,False
44,C2_PHASE_CONTRACT,OOD,100,stop_intersection,False,False,False,0,1,23.65399506353544,1.3662655651569366,True,False
44,C2_PHASE_CONTRACT,OOD,101,stop_intersection,False,False,False,0,1,25.163846128054374,2.213400588149116,True,False
44,C2_PHASE_CONTRACT,OOD,102,stop_intersection,False,False,False,0,1,31.352907615783238,1.5221085902806875,True,False
44,C2_PHASE_CONTRACT,OOD,103,stop_intersection,False,False,False,0,1,27.169418835239526,2.6917530596256256,True,False
44,C2_PHASE_CONTRACT,OOD,104,stop_intersection,False,False,False,0,1,26.93586739935462,1.6812052628533405,True,False
44,C2_PHASE_CONTRACT,OOD,105,stop_intersection,False,False,False,0,1,21.269199480858152,2.6683572946569405,True,False
44,C2_PHASE_CONTRACT,OOD,106,stop_intersection,False,False,False,0,1,31.38407112816045,1.509758411227046,True,False
44,C2_PHASE_CONTRACT,OOD,107,stop_intersection,False,False,False,0,1,28.177725820772665,2.1882388673045416,True,False
44,C2_PHASE_CONTRACT,OOD,108,stop_intersection,False,False,False,0,1,25.02000512672621,2.0696888158195894,True,False
44,C2_PHASE_CONTRACT,OOD,109,stop_intersection,False,False,False,0,1,22.05387778958624,1.6392089899730038,True,False
44,C2_PHASE_CONTRACT,OOD,110,stop_intersection,False,False,False,0,1,24.6669416594607,2.1050557112082458,True,False
44,C2_PHASE_CONTRACT,OOD,111,stop_intersection,False,False,False,0,1,23.040645890259878,1.397207472906556,True,False
44,C2_PHASE_CONTRACT,OOD,112,stop_intersection,False,False,False,0,1,24.366610291461402,2.493951887540195,True,False
44,C2_PHASE_CONTRACT,OOD,113,stop_intersection,False,False,False,0,1,30.876897955993794,1.417571108957583,True,False
44,C2_PHASE_CONTRACT,OOD,114,stop_intersection,False,False,False,0,1,24.57005685222411,1.6214222938586502,True,False
44,C2_PHASE_CONTRACT,OOD,115,stop_intersection,False,False,False,0,1,25.051258007222216,1.5389417585086178,True,False
44,C2_PHASE_CONTRACT,OOD,116,stop_intersection,False,False,False,0,1,22.31905487063918,1.4368477533029955,True,False
44,C2_PHASE_CONTRACT,OOD,117,stop_intersection,False,False,False,0,1,29.28623194147894,1.952016978729062,True,False
44,C2_PHASE_CONTRACT,OOD,118,stop_intersection,False,False,False,0,1,28.686981488560075,1.5760037866798606,True,False
44,C2_PHASE_CONTRACT,OOD,119,stop_intersection,False,False,False,0,0,23.781919187277897,1.627557910978794,True,False
44,C2_PHASE_CONTRACT,OOD,120,stop_intersection,False,False,False,0,1,31.125851242918067,1.6426369184400975,True,False
44,C2_PHASE_CONTRACT,OOD,121,stop_intersection,False,False,False,0,1,21.305786058557338,2.2209994355216622,True,False
44,C2_PHASE_CONTRACT,OOD,122,stop_intersection,False,False,False,0,1,24.790711807515578,1.5742690970258013,True,False
44,C2_PHASE_CONTRACT,OOD,123,stop_intersection,False,False,False,0,1,31.66992307977655,1.5075645865872502,True,False
44,C2_PHASE_CONTRACT,OOD,124,stop_intersection,False,False,False,0,1,28.890600792326737,1.5645970014292139,True,False
44,C2_PHASE_CONTRACT,OOD,125,stop_intersection,False,False,False,0,1,24.11133713104516,1.2862975464926825,True,False
44,C2_PHASE_CONTRACT,OOD,126,stop_intersection,False,False,False,0,1,30.995422099808135,2.4321721518493216,True,False
44,C2_PHASE_CONTRACT,OOD,127,stop_intersection,False,False,False,0,1,28.758448161328033,1.9056262444380834,True,False
44,C2_PHASE_CONTRACT,OOD,128,stop_intersection,False,False,False,0,1,29.949214456546663,1.459854229500419,True,False
44,C2_PHASE_CONTRACT,OOD,129,stop_intersection,False,False,False,0,0,26.46349857346462,1.5776268432014866,True,False
44,C2_PHASE_CONTRACT,OOD,130,stop_intersection,False,False,False,0,1,22.120880154742043,1.2612895217052724,True,False
44,C2_PHASE_CONTRACT,OOD,131,stop_intersection,False,False,False,0,1,24.742829723742588,2.524192990400852,True,False
44,C2_PHASE_CONTRACT,OOD,132,stop_intersection,False,False,False,0,1,21.307715334162516,2.809361863608767,True,False
44,C2_PHASE_CONTRACT,OOD,133,stop_intersection,False,False,False,0,1,24.761053012423574,1.4903417336089269,True,False
44,C2_PHASE_CONTRACT,OOD,134,stop_intersection,False,False,False,0,1,26.44827710141079,1.566657253817932,True,False
44,C2_PHASE_CONTRACT,OOD,135,stop_intersection,False,False,False,0,1,21.899885246485994,1.3937358130724766,True,False
44,C2_PHASE_CONTRACT,OOD,136,stop_intersection,False,False,False,0,1,25.84401491783961,1.7571886850369944,True,False
44,C2_PHASE_CONTRACT,OOD,137,stop_intersection,False,False,False,0,1,31.463375011986205,1.2601941114380246,True,False
44,C2_PHASE_CONTRACT,OOD,138,stop_intersection,False,False,False,0,1,31.068315366152476,1.7066421657800672,True,False
44,C2_PHASE_CONTRACT,OOD,139,stop_intersection,False,False,False,0,1,27.896978896829776,1.604402013696157,True,False
44,C2_PHASE_CONTRACT,OOD,140,stop_intersection,False,False,False,0,1,25.340969484234982,1.3467877535592943,True,False
44,C2_PHASE_CONTRACT,OOD,141,stop_intersection,False,False,False,0,1,29.53464540819786,1.3793445248589957,True,False
44,C2_PHASE_CONTRACT,OOD,142,stop_intersection,False,False,False,0,1,23.322488988941956,1.5026862791606357,True,False
44,C2_PHASE_CONTRACT,OOD,143,stop_intersection,False,False,False,0,1,28.020728745356962,2.2701643152934747,True,False
44,C2_PHASE_CONTRACT,OOD,144,stop_intersection,False,False,False,0,1,30.916739933334405,1.4989878428287995,True,False
44,C2_PHASE_CONTRACT,OOD,145,stop_intersection,False,False,False,0,0,27.466224086259786,1.5593328804541855,True,False
44,C2_PHASE_CONTRACT,OOD,146,stop_intersection,False,False,False,0,1,27.4713853398656,1.9664474757941992,True,False
44,C2_PHASE_CONTRACT,OOD,147,stop_intersection,False,False,False,0,1,21.26856669216535,1.50155264355645,True,False
44,C2_PHASE_CONTRACT,OOD,148,stop_intersection,False,False,False,0,1,20.898542917213014,1.0633124836853571,True,False
44,C2_PHASE_CONTRACT,OOD,149,stop_intersection,False,False,False,0,0,29.743570223925236,1.3428643422249036,True,False
44,C2_PHASE_CONTRACT,OOD,150,stop_intersection,False,False,False,0,1,22.942246838542978,1.9067968768270118,True,False
44,C2_PHASE_CONTRACT,OOD,151,stop_intersection,False,False,False,0,1,23.52002674806593,1.5936054786863296,True,False
44,C2_PHASE_CONTRACT,OOD,152,stop_intersection,False,False,False,0,1,30.966215053328124,1.6477294870325037,True,False
44,C2_PHASE_CONTRACT,OOD,153,stop_intersection,False,False,False,0,1,30.629381469138682,1.3880831293943452,True,False
44,C2_PHASE_CONTRACT,OOD,154,stop_intersection,False,False,False,0,0,21.110926816682145,1.6482021236741864,True,False
44,C2_PHASE_CONTRACT,OOD,155,stop_intersection,False,False,False,0,1,24.845696286555345,1.6604916089110904,True,False
44,C2_PHASE_CONTRACT,OOD,156,stop_intersection,False,False,False,0,1,21.86732251469723,1.2197942361235619,True,False
44,C2_PHASE_CONTRACT,OOD,157,stop_intersection,False,False,False,0,1,23.2805258095929,2.398993686625832,True,False
44,C2_PHASE_CONTRACT,OOD,158,stop_intersection,False,False,False,0,1,30.623264679295126,1.606889525645001,True,False
44,C2_PHASE_CONTRACT,OOD,159,stop_intersection,False,False,False,0,1,29.294647203831857,1.2869118951087772,True,False
44,C2_PHASE_CONTRACT,OOD,160,stop_intersection,False,False,False,0,0,25.379972584857533,1.37859780613969,True,False
44,C2_PHASE_CONTRACT,OOD,161,stop_intersection,False,False,False,0,1,24.029000484594146,1.2395313511724055,True,False
44,C2_PHASE_CONTRACT,OOD,162,stop_intersection,False,False,False,0,1,27.605316800892986,1.4896342236288758,True,False
44,C2_PHASE_CONTRACT,OOD,163,stop_intersection,False,False,False,0,1,26.27471864304502,1.4807998090982437,True,False
44,C2_PHASE_CONTRACT,OOD,164,stop_intersection,False,False,False,0,1,24.483456802774008,1.2793617331704428,True,False
44,C2_PHASE_CONTRACT,OOD,165,stop_intersection,False,False,False,0,1,28.521697414811833,1.5193238862874832,True,False
44,C2_PHASE_CONTRACT,OOD,166,stop_intersection,False,False,False,0,1,26.953989270945954,1.8534752468650155,True,False
44,C2_PHASE_CONTRACT,OOD,167,stop_intersection,False,False,False,0,1,30.62590593391495,1.393507114895012,True,False
44,C2_PHASE_CONTRACT,OOD,168,stop_intersection,False,False,False,0,1,31.371865260604984,1.496253487738696,True,False
44,C2_PHASE_CONTRACT,OOD,169,stop_intersection,False,False,False,0,1,28.492032921474568,1.6962008522107048,True,False
44,C2_PHASE_CONTRACT,OOD,170,stop_intersection,False,False,False,0,1,21.030130566097185,1.416348950125468,True,False
44,C2_PHASE_CONTRACT,OOD,171,stop_intersection,False,False,False,0,1,21.682739757080835,1.627614373039152,True,False
44,C2_PHASE_CONTRACT,OOD,172,stop_intersection,False,False,False,0,1,22.585337332515028,1.5553147594134011,True,False
44,C2_PHASE_CONTRACT,OOD,173,stop_intersection,False,False,False,0,1,28.81618362613753,1.406205090815606,True,False
44,C2_PHASE_CONTRACT,OOD,174,stop_intersection,False,False,False,0,1,22.332944535188787,1.5834160480234356,True,False
44,C2_PHASE_CONTRACT,OOD,175,stop_intersection,False,False,False,0,1,28.397193858308697,1.6142919162909188,True,False
44,C2_PHASE_CONTRACT,OOD,176,stop_intersection,False,False,False,0,1,21.83172338585168,1.4998968592599817,True,False
44,C2_PHASE_CONTRACT,OOD,177,stop_intersection,False,False,False,0,1,30.75012933452959,1.9067121403557912,True,False
44,C2_PHASE_CONTRACT,OOD,178,stop_intersection,False,False,False,0,1,29.05578784826017,1.5571115832579763,True,False
44,C2_PHASE_CONTRACT,OOD,179,stop_intersection,False,False,False,0,1,28.30554574393816,1.6671595835815305,True,False
44,C2_PHASE_CONTRACT,OOD,180,stop_intersection,False,False,False,0,1,21.754010041964257,1.3275793587256752,True,False
44,C2_PHASE_CONTRACT,OOD,181,stop_intersection,False,False,False,0,1,31.350324704082325,1.464279585517943,True,False
44,C2_PHASE_CONTRACT,OOD,182,stop_intersection,False,False,False,0,1,23.2326933908312,1.4950484037399292,True,False
44,C2_PHASE_CONTRACT,OOD,183,stop_intersection,False,False,False,0,1,22.3337167234126,1.48157409931484,True,False
44,C2_PHASE_CONTRACT,OOD,184,stop_intersection,False,False,False,0,1,30.427140997127502,2.2497557068980014,True,False
44,C2_PHASE_CONTRACT,OOD,185,stop_intersection,False,False,False,0,1,26.336906207143844,1.197862016118091,True,False
44,C2_PHASE_CONTRACT,OOD,186,stop_intersection,False,False,False,0,1,30.41352365972538,2.4542295255444264,True,False
44,C2_PHASE_CONTRACT,OOD,187,stop_intersection,False,False,False,0,1,27.768618053662262,1.8231023377493807,True,False
44,C2_PHASE_CONTRACT,OOD,188,stop_intersection,False,False,False,0,1,31.220400383849512,1.2616602121255334,True,False
44,C2_PHASE_CONTRACT,OOD,189,stop_intersection,False,False,False,0,1,29.94982351951077,1.5996103351180617,True,False
44,C2_PHASE_CONTRACT,OOD,190,stop_intersection,False,False,False,0,1,24.849867018456777,1.6782974794899164,True,False
44,C2_PHASE_CONTRACT,OOD,191,stop_intersection,False,False,False,0,1,26.52812428086142,1.9969210707479053,True,False
44,C2_PHASE_CONTRACT,OOD,192,stop_intersection,False,False,False,0,1,30.31310653928201,1.5415878793181375,True,False
44,C2_PHASE_CONTRACT,OOD,193,stop_intersection,False,False,False,0,1,24.259705817144706,1.2260147862964206,True,False
44,C2_PHASE_CONTRACT,OOD,194,stop_intersection,False,False,False,0,1,26.91620889917209,1.3989514203438924,True,False
44,C2_PHASE_CONTRACT,OOD,195,stop_intersection,False,False,False,0,1,26.46921236722527,2.746920942715028,True,False
44,C2_PHASE_CONTRACT,OOD,196,stop_intersection,False,False,False,0,1,23.07401184508988,1.3242961253438674,True,False
44,C2_PHASE_CONTRACT,OOD,197,stop_intersection,False,False,False,0,0,29.400195972622477,1.4936198048838756,True,False
44,C2_PHASE_CONTRACT,OOD,198,stop_intersection,False,False,False,0,1,29.10768723759003,1.6945994839720104,True,False
44,C2_PHASE_CONTRACT,OOD,199,stop_intersection,False,False,False,0,1,28.23421372930523,1.4312852058145735,True,False
44,C2_PHASE_CONTRACT,OOD,200,lead_brake,False,False,False,0,0,33.752485114037974,11.710234548586108,True,False
44,C2_PHASE_CONTRACT,OOD,201,lead_brake,False,False,False,0,0,30.622766484761915,8.354853793357808,True,False
44,C2_PHASE_CONTRACT,OOD,202,lead_brake,False,False,False,0,0,25.75160390095128,8.963920993730424,True,False
44,C2_PHASE_CONTRACT,OOD,203,lead_brake,False,False,False,0,0,30.592425176740335,10.562958371980736,True,False
44,C2_PHASE_CONTRACT,OOD,204,lead_brake,False,False,False,0,0,29.506592646685906,7.385086602220932,True,False
44,C2_PHASE_CONTRACT,OOD,205,lead_brake,False,False,False,0,0,28.28793296117379,5.9694668501615515,True,False
44,C2_PHASE_CONTRACT,OOD,206,lead_brake,False,False,False,0,0,30.02677481083747,8.33092850074172,True,False
44,C2_PHASE_CONTRACT,OOD,207,lead_brake,False,False,False,0,0,32.68878246461902,11.822683978825808,True,False
44,C2_PHASE_CONTRACT,OOD,208,lead_brake,False,False,False,0,0,38.01533460104318,7.293833239624897,True,False
44,C2_PHASE_CONTRACT,OOD,209,lead_brake,False,False,False,0,0,30.51110389759061,9.881740202506382,True,False
44,C2_PHASE_CONTRACT,OOD,210,lead_brake,False,False,False,0,0,29.585253819497044,9.997335573037466,True,False
44,C2_PHASE_CONTRACT,OOD,211,lead_brake,False,False,False,0,0,36.36286454705523,9.66175812218959,True,False
44,C2_PHASE_CONTRACT,OOD,212,lead_brake,False,False,False,0,0,27.373878548345086,7.614624677225947,True,False
44,C2_PHASE_CONTRACT,OOD,213,lead_brake,False,False,False,0,0,30.70273121278358,4.492118230710426,True,False
44,C2_PHASE_CONTRACT,OOD,214,lead_brake,False,False,False,0,0,34.87001754779093,10.298716752479473,True,False
44,C2_PHASE_CONTRACT,OOD,215,lead_brake,False,False,False,0,0,26.590436333161175,7.487132574742039,True,False
44,C2_PHASE_CONTRACT,OOD,216,lead_brake,False,False,False,0,0,40.1346189544759,5.973807876308759,True,False
44,C2_PHASE_CONTRACT,OOD,217,lead_brake,False,False,False,0,0,34.61433201193808,10.889187296231588,True,False
44,C2_PHASE_CONTRACT,OOD,218,lead_brake,False,False,False,0,0,26.47770507203902,6.804624120394389,True,False
44,C2_PHASE_CONTRACT,OOD,219,lead_brake,False,False,False,0,0,34.301890481423406,4.420023338248332,True,False
44,C2_PHASE_CONTRACT,OOD,220,lead_brake,False,False,False,0,0,35.13167600613121,6.179604458933075,True,False
44,C2_PHASE_CONTRACT,OOD,221,lead_brake,False,False,False,0,0,23.94589620105921,11.58331698179245,True,False
44,C2_PHASE_CONTRACT,OOD,222,lead_brake,False,False,False,0,0,39.674494809075185,9.161239776139457,True,False
44,C2_PHASE_CONTRACT,OOD,223,lead_brake,False,False,False,0,0,26.178875757508948,8.502532082765052,True,False
44,C2_PHASE_CONTRACT,OOD,224,lead_brake,False,False,False,0,0,31.158039482029487,11.286459556470314,True,False
44,C2_PHASE_CONTRACT,OOD,225,lead_brake,False,False,False,0,0,31.822770734702665,5.839453567440311,True,False
44,C2_PHASE_CONTRACT,OOD,226,lead_brake,False,False,False,0,0,27.05375892430545,11.564670627315838,True,False
44,C2_PHASE_CONTRACT,OOD,227,lead_brake,False,False,False,0,0,38.60535182859672,5.921070807923872,True,False
44,C2_PHASE_CONTRACT,OOD,228,lead_brake,False,False,False,0,0,39.65882015337136,10.7886252629105,True,False
44,C2_PHASE_CONTRACT,OOD,229,lead_brake,False,False,False,0,0,43.161147819161386,10.258735325187445,True,False
44,C2_PHASE_CONTRACT,OOD,230,lead_brake,False,False,False,0,0,34.008103902531786,3.5739232997099557,True,False
44,C2_PHASE_CONTRACT,OOD,231,lead_brake,False,False,False,0,0,35.205045050176984,3.9392036447922387,True,False
44,C2_PHASE_CONTRACT,OOD,232,lead_brake,False,False,False,0,0,32.719466437055004,11.057206839788703,True,False
44,C2_PHASE_CONTRACT,OOD,233,lead_brake,False,False,False,0,0,29.906334910552957,9.680261187876264,True,False
44,C2_PHASE_CONTRACT,OOD,234,lead_brake,False,False,False,0,0,29.040624076753847,11.339015940825142,True,False
44,C2_PHASE_CONTRACT,OOD,235,lead_brake,False,False,False,0,0,32.24145553374313,11.78522687125951,True,False
44,C2_PHASE_CONTRACT,OOD,236,lead_brake,False,False,False,0,0,42.59676247686143,5.563826662488281,True,False
44,C2_PHASE_CONTRACT,OOD,237,lead_brake,False,False,False,0,0,40.45162689543122,5.264753848003845,True,False
44,C2_PHASE_CONTRACT,OOD,238,lead_brake,False,False,False,0,0,26.120506578870103,7.474398933971922,True,False
44,C2_PHASE_CONTRACT,OOD,239,lead_brake,False,False,False,0,0,34.35660081470807,11.214825695691008,True,False
44,C2_PHASE_CONTRACT,OOD,240,lead_brake,False,False,False,0,0,36.77618158131834,7.699900222942233,True,False
44,C2_PHASE_CONTRACT,OOD,241,lead_brake,False,False,False,0,0,25.668748504174943,3.7810489187637963,True,False
44,C2_PHASE_CONTRACT,OOD,242,lead_brake,False,False,False,0,0,26.856969028039654,7.337896953026453,True,False
44,C2_PHASE_CONTRACT,OOD,243,lead_brake,False,False,False,0,0,30.995862250543016,6.429050977031389,True,False
44,C2_PHASE_CONTRACT,OOD,244,lead_brake,False,False,False,0,0,41.75372597400099,4.3573685971399145,True,False
44,C2_PHASE_CONTRACT,OOD,245,lead_brake,False,False,False,0,0,43.57438330557199,9.090507882026333,True,False
44,C2_PHASE_CONTRACT,OOD,246,lead_brake,False,False,False,0,0,26.725178506514435,9.64803539061298,True,False
44,C2_PHASE_CONTRACT,OOD,247,lead_brake,False,False,False,0,0,31.375653012159187,10.577260110216834,True,False
44,C2_PHASE_CONTRACT,OOD,248,lead_brake,False,False,False,0,0,27.508878569000153,6.513999443501233,True,False
44,C2_PHASE_CONTRACT,OOD,249,lead_brake,False,False,False,0,0,23.896057520794244,6.979546744997302,True,False
44,C2_PHASE_CONTRACT,OOD,250,lead_brake,False,False,False,0,0,33.628480766010675,9.682525884670515,True,False
44,C2_PHASE_CONTRACT,OOD,251,lead_brake,False,False,False,0,0,30.90631359220661,11.219571412851412,True,False
44,C2_PHASE_CONTRACT,OOD,252,lead_brake,False,False,False,0,0,40.24005051906655,9.675287780972818,True,False
44,C2_PHASE_CONTRACT,OOD,253,lead_brake,False,False,False,0,0,28.786576764583558,2.062747379144033,True,False
44,C2_PHASE_CONTRACT,OOD,254,lead_brake,False,False,False,0,0,28.14042485940632,6.3162489940101905,True,False
44,C2_PHASE_CONTRACT,OOD,255,lead_brake,False,False,False,0,0,34.462462923986166,10.60066709263871,True,False
44,C2_PHASE_CONTRACT,OOD,256,lead_brake,False,False,False,0,0,24.92615007616583,6.339230664462471,True,False
44,C2_PHASE_CONTRACT,OOD,257,lead_brake,False,False,False,0,0,30.89107255348202,10.619686206026623,True,False
44,C2_PHASE_CONTRACT,OOD,258,lead_brake,False,False,False,0,0,23.5142865207707,9.31790557433851,True,False
44,C2_PHASE_CONTRACT,OOD,259,lead_brake,False,False,False,0,0,43.24479590691631,9.461400231346488,True,False
44,C2_PHASE_CONTRACT,OOD,260,lead_brake,False,False,False,0,0,34.725885199626255,9.511303457121054,True,False
44,C2_PHASE_CONTRACT,OOD,261,lead_brake,False,False,False,0,0,28.715132933529272,11.186390123019615,True,False
44,C2_PHASE_CONTRACT,OOD,262,lead_brake,False,False,False,0,0,38.43006422492081,10.119871128971377,True,False
44,C2_PHASE_CONTRACT,OOD,263,lead_brake,False,False,False,0,0,30.62793078549629,6.4018748092154665,True,False
44,C2_PHASE_CONTRACT,OOD,264,lead_brake,False,False,False,0,0,44.732924065366376,2.6782032065093517,True,False
44,C2_PHASE_CONTRACT,OOD,265,lead_brake,False,False,False,0,0,40.24280336798259,10.728051835826285,True,False
44,C2_PHASE_CONTRACT,OOD,266,lead_brake,False,False,False,0,0,32.37055632632203,10.763126085201899,True,False
44,C2_PHASE_CONTRACT,OOD,267,lead_brake,False,False,False,0,0,29.54413642608494,7.219375717453659,True,False
44,C2_PHASE_CONTRACT,OOD,268,lead_brake,False,False,False,0,0,29.176634902705445,7.885404627770185,True,False
44,C2_PHASE_CONTRACT,OOD,269,lead_brake,False,False,False,0,0,31.54363975020012,10.558317840409776,True,False
44,C2_PHASE_CONTRACT,OOD,270,lead_brake,False,False,False,0,0,25.50050368103052,10.175488866865633,True,False
44,C2_PHASE_CONTRACT,OOD,271,lead_brake,False,False,False,0,0,36.29803617355628,6.857852067487935,True,False
44,C2_PHASE_CONTRACT,OOD,272,lead_brake,False,False,False,0,0,34.277866993911395,10.174217702355234,True,False
44,C2_PHASE_CONTRACT,OOD,273,lead_brake,False,False,False,0,0,34.83806782515328,11.261957343667746,True,False
44,C2_PHASE_CONTRACT,OOD,274,lead_brake,False,False,False,0,0,37.255772364489026,7.168468684113273,True,False
44,C2_PHASE_CONTRACT,OOD,275,lead_brake,False,False,False,0,0,33.07267459746498,8.336507380008698,True,False
44,C2_PHASE_CONTRACT,OOD,276,lead_brake,False,False,False,0,0,28.56594534776819,5.395461440163974,True,False
44,C2_PHASE_CONTRACT,OOD,277,lead_brake,False,False,False,0,0,29.604740998484175,9.134354133469364,True,False
44,C2_PHASE_CONTRACT,OOD,278,lead_brake,False,False,False,0,0,30.136351148973606,7.460296778008342,True,False
44,C2_PHASE_CONTRACT,OOD,279,lead_brake,False,False,False,0,0,38.788440552987176,11.372760353609918,True,False
44,C2_PHASE_CONTRACT,OOD,280,lead_brake,False,False,False,0,0,30.53728084336635,11.890813681607446,True,False
44,C2_PHASE_CONTRACT,OOD,281,lead_brake,False,False,False,0,0,31.426731608957063,7.669814693431059,True,False
44,C2_PHASE_CONTRACT,OOD,282,lead_brake,False,False,False,0,0,32.22869466852943,5.555649731929103,True,False
44,C2_PHASE_CONTRACT,OOD,283,lead_brake,False,False,False,0,0,36.583632282614715,11.178214409078159,True,False
44,C2_PHASE_CONTRACT,OOD,284,lead_brake,False,False,False,0,0,25.83388457736229,10.423690342421953,True,False
44,C2_PHASE_CONTRACT,OOD,285,lead_brake,False,False,False,0,0,35.33380926826654,9.696775925035277,True,False
44,C2_PHASE_CONTRACT,OOD,286,lead_brake,False,False,False,0,0,29.045786033015087,11.701029902013639,True,False
44,C2_PHASE_CONTRACT,OOD,287,lead_brake,False,False,False,0,0,32.57978882487835,3.5479635844628015,True,False
44,C2_PHASE_CONTRACT,OOD,288,lead_brake,False,False,False,0,0,26.623012666277525,5.029650144279003,True,False
44,C2_PHASE_CONTRACT,OOD,289,lead_brake,False,False,False,0,0,39.819644629534345,8.66179489530623,True,False
44,C2_PHASE_CONTRACT,OOD,290,lead_brake,False,False,False,0,0,33.71903183856519,4.742954393227895,True,False
44,C2_PHASE_CONTRACT,OOD,291,lead_brake,False,False,False,0,0,21.58505921656265,7.0094655322221415,True,False
44,C2_PHASE_CONTRACT,OOD,292,lead_brake,False,False,False,0,0,36.147138023590955,3.5299747412403426,True,False
44,C2_PHASE_CONTRACT,OOD,293,lead_brake,False,False,False,0,0,25.409059500045437,11.650348782539368,True,False
44,C2_PHASE_CONTRACT,OOD,294,lead_brake,False,False,False,0,0,26.681502806154004,8.910238966345787,True,False
44,C2_PHASE_CONTRACT,OOD,295,lead_brake,False,False,False,0,0,28.237184206396357,10.518422587464253,True,False
44,C2_PHASE_CONTRACT,OOD,296,lead_brake,False,False,False,0,0,35.60629215560127,10.556509540105857,True,False
44,C2_PHASE_CONTRACT,OOD,297,lead_brake,False,False,False,0,0,39.00515952479155,3.215221876899401,True,False
44,C2_PHASE_CONTRACT,OOD,298,lead_brake,False,False,False,0,0,21.179731853904602,10.836766925252352,True,False
44,C2_PHASE_CONTRACT,OOD,299,lead_brake,False,False,False,0,0,25.66016494591945,6.33918287542959,True,False
44,D_PHASE_SHIELD,ID,0,crosswalk,False,False,False,0,0,29.472025384861915,2.113100777972828,True,False
44,D_PHASE_SHIELD,ID,1,crosswalk,False,False,False,0,0,38.161517796258885,0.9012590907514095,True,False
44,D_PHASE_SHIELD,ID,2,crosswalk,False,False,False,0,0,28.098600405243022,2.4502009467074743,True,False
44,D_PHASE_SHIELD,ID,3,crosswalk,False,False,False,0,0,32.44593671339494,2.231991851613635,True,False
44,D_PHASE_SHIELD,ID,4,crosswalk,False,False,False,0,0,33.69327122416799,2.2245995023033833,True,False
44,D_PHASE_SHIELD,ID,5,crosswalk,False,False,False,0,0,28.5912641480218,1.9495389254196829,True,False
44,D_PHASE_SHIELD,ID,6,crosswalk,False,False,False,0,0,35.151349697431854,0.45241212302988226,True,False
44,D_PHASE_SHIELD,ID,7,crosswalk,False,False,False,0,0,37.414185587370554,2.0454714571436248,True,False
44,D_PHASE_SHIELD,ID,8,crosswalk,False,False,False,0,0,27.490712086408013,1.8948208767434822,True,False
44,D_PHASE_SHIELD,ID,9,crosswalk,False,False,False,0,0,34.0308899349297,1.9100386640903624,True,False
44,D_PHASE_SHIELD,ID,10,crosswalk,False,False,False,0,0,36.25436200034802,1.9899966826905373,True,False
44,D_PHASE_SHIELD,ID,11,crosswalk,False,False,False,0,0,33.78937523484498,2.024014157553514,True,False
44,D_PHASE_SHIELD,ID,12,crosswalk,False,False,False,0,0,28.060463035530752,1.2245814904178443,True,False
44,D_PHASE_SHIELD,ID,13,crosswalk,False,False,False,0,0,31.63484138653302,1.5620465366088825,True,False
44,D_PHASE_SHIELD,ID,14,crosswalk,False,False,False,0,0,29.7263471158587,2.136335549029437,True,False
44,D_PHASE_SHIELD,ID,15,crosswalk,False,False,False,0,0,34.69340440765186,0.4127900950286699,True,False
44,D_PHASE_SHIELD,ID,16,crosswalk,False,False,False,0,0,28.28380669441902,2.278119245249974,True,False
44,D_PHASE_SHIELD,ID,17,crosswalk,False,False,False,0,0,26.8269012566384,2.112994903609866,True,False
44,D_PHASE_SHIELD,ID,18,crosswalk,False,False,False,0,0,35.65241844595109,1.7604231665080243,True,False
44,D_PHASE_SHIELD,ID,19,crosswalk,False,False,False,0,0,38.06731201547389,0.413412923614184,True,False
44,D_PHASE_SHIELD,ID,20,crosswalk,False,False,False,0,0,31.270161783554077,1.950500520567099,True,False
44,D_PHASE_SHIELD,ID,21,crosswalk,False,False,False,0,0,31.715951559122523,1.5472843735055488,True,False
44,D_PHASE_SHIELD,ID,22,crosswalk,False,False,False,0,0,27.958795552447263,1.7565978008011975,True,False
44,D_PHASE_SHIELD,ID,23,crosswalk,False,False,False,0,0,34.90019635611813,0.43538588353178714,True,False
44,D_PHASE_SHIELD,ID,24,crosswalk,False,False,False,0,0,27.743654168845495,1.7083222977817059,True,False
44,D_PHASE_SHIELD,ID,25,crosswalk,False,False,False,0,0,29.04923498936646,1.8091841396831332,True,False
44,D_PHASE_SHIELD,ID,26,crosswalk,False,False,False,0,0,27.14629972190152,2.3915933621557137,True,False
44,D_PHASE_SHIELD,ID,27,crosswalk,False,False,False,0,0,31.732645941711567,1.929647202293078,True,False
44,D_PHASE_SHIELD,ID,28,crosswalk,False,False,False,0,0,35.397541102187525,1.2043510072610595,True,False
44,D_PHASE_SHIELD,ID,29,crosswalk,False,False,False,0,0,28.90942858675551,2.304113909602165,True,False
44,D_PHASE_SHIELD,ID,30,crosswalk,False,False,False,0,0,32.19604445589998,0.5236277661540292,True,False
44,D_PHASE_SHIELD,ID,31,crosswalk,False,False,False,0,0,28.449817383478514,1.9252396148184072,True,False
44,D_PHASE_SHIELD,ID,32,crosswalk,False,False,False,0,0,38.71290544090101,1.7960265558212996,True,False
44,D_PHASE_SHIELD,ID,33,crosswalk,False,False,False,0,0,31.71130644693189,0.4301785535755612,True,False
44,D_PHASE_SHIELD,ID,34,crosswalk,False,False,False,0,0,35.7496297181234,0.6559265684336424,True,False
44,D_PHASE_SHIELD,ID,35,crosswalk,False,False,False,0,0,29.151034508483434,1.9442677368288455,True,False
44,D_PHASE_SHIELD,ID,36,crosswalk,False,False,False,0,0,38.11711090694815,0.3944157987833023,True,False
44,D_PHASE_SHIELD,ID,37,crosswalk,False,False,False,0,0,31.46457031809958,2.1842479434880344,True,False
44,D_PHASE_SHIELD,ID,38,crosswalk,False,False,False,0,0,34.562725702513156,2.0766478156050048,True,False
44,D_PHASE_SHIELD,ID,39,crosswalk,False,False,False,0,0,28.589599275236495,1.68918745405972,True,False
44,D_PHASE_SHIELD,ID,40,crosswalk,False,False,False,0,0,31.75565190363619,0.39357930083166465,True,False
44,D_PHASE_SHIELD,ID,41,crosswalk,False,False,False,0,0,35.25377854613492,1.6369166496125134,True,False
44,D_PHASE_SHIELD,ID,42,crosswalk,False,False,False,0,0,37.73916806137514,0.40334895563622314,True,False
44,D_PHASE_SHIELD,ID,43,crosswalk,False,False,False,0,0,30.97147866505363,1.8963519732157388,True,False
44,D_PHASE_SHIELD,ID,44,crosswalk,False,False,False,0,0,31.303338853112024,1.6520803270950204,True,False
44,D_PHASE_SHIELD,ID,45,crosswalk,False,False,False,0,0,35.720736712443134,0.6913508878399928,True,False
44,D_PHASE_SHIELD,ID,46,crosswalk,False,False,False,0,0,30.73109456678823,2.172952971675179,True,False
44,D_PHASE_SHIELD,ID,47,crosswalk,False,False,False,0,0,27.99755824343793,0.37385410629212856,True,False
44,D_PHASE_SHIELD,ID,48,crosswalk,False,False,False,0,0,34.12927908857933,0.3618995472788811,True,False
44,D_PHASE_SHIELD,ID,49,crosswalk,False,False,False,0,0,37.851596710990954,0.4234473472056181,True,False
44,D_PHASE_SHIELD,ID,50,crosswalk,False,False,False,0,0,30.023106133911995,2.1369321141391993,True,False
44,D_PHASE_SHIELD,ID,51,crosswalk,False,False,False,0,0,29.680332709064494,0.37233658755819,True,False
44,D_PHASE_SHIELD,ID,52,crosswalk,False,False,False,0,0,36.57791069598154,0.4143992314736048,True,False
44,D_PHASE_SHIELD,ID,53,crosswalk,False,False,False,0,0,37.91874301911754,0.7835537344217299,True,False
44,D_PHASE_SHIELD,ID,54,crosswalk,False,False,False,0,0,37.21063091356639,0.38111849129199976,True,False
44,D_PHASE_SHIELD,ID,55,crosswalk,False,False,False,0,0,34.14598466462506,1.9200361299921165,True,False
44,D_PHASE_SHIELD,ID,56,crosswalk,False,False,False,0,0,30.678122365637606,2.153078094124794,True,False
44,D_PHASE_SHIELD,ID,57,crosswalk,False,False,False,0,0,33.16559518605272,2.226953249086033,True,False
44,D_PHASE_SHIELD,ID,58,crosswalk,False,False,False,0,0,35.656280649106236,0.8348159783560296,True,False
44,D_PHASE_SHIELD,ID,59,crosswalk,False,False,False,0,0,34.77617197117447,0.38340768155952293,True,False
44,D_PHASE_SHIELD,ID,60,crosswalk,False,False,False,0,0,36.421565057184964,2.0008406105140844,True,False
44,D_PHASE_SHIELD,ID,61,crosswalk,False,False,False,0,0,37.189313430891296,0.38502630889415734,True,False
44,D_PHASE_SHIELD,ID,62,crosswalk,False,False,False,0,0,32.27569151476334,2.198881005698984,True,False
44,D_PHASE_SHIELD,ID,63,crosswalk,False,False,False,0,0,31.897735203639314,0.7660557719923201,True,False
44,D_PHASE_SHIELD,ID,64,crosswalk,False,False,False,0,0,29.054889034270783,2.053491275757551,True,False
44,D_PHASE_SHIELD,ID,65,crosswalk,False,False,False,0,0,37.16733514423895,1.898034654247264,True,False
44,D_PHASE_SHIELD,ID,66,crosswalk,False,False,False,0,0,33.33082564116147,0.9659935569479352,True,False
44,D_PHASE_SHIELD,ID,67,crosswalk,False,False,False,0,0,28.0648616843475,0.42470492030444895,True,False
44,D_PHASE_SHIELD,ID,68,crosswalk,False,False,False,0,0,31.75448072430614,0.3835748237642375,True,False
44,D_PHASE_SHIELD,ID,69,crosswalk,False,False,False,0,0,30.843637686254077,1.9118178511659303,True,False
44,D_PHASE_SHIELD,ID,70,crosswalk,False,False,False,0,0,39.100011910802145,0.44250243032972014,True,False
44,D_PHASE_SHIELD,ID,71,crosswalk,False,False,False,0,0,35.07085191673535,0.37952277809381485,True,False
44,D_PHASE_SHIELD,ID,72,crosswalk,False,False,False,0,0,36.10549147531845,0.3772068272034327,True,False
44,D_PHASE_SHIELD,ID,73,crosswalk,False,False,False,0,0,32.919427073793734,1.834794206714088,True,False
44,D_PHASE_SHIELD,ID,74,crosswalk,False,False,False,0,0,36.28787351089849,0.39072187927862007,True,False
44,D_PHASE_SHIELD,ID,75,crosswalk,False,False,False,0,0,34.69138556933649,1.7960487949577244,True,False
44,D_PHASE_SHIELD,ID,76,crosswalk,False,False,False,0,0,35.93718053779216,0.3871388888607422,True,False
44,D_PHASE_SHIELD,ID,77,crosswalk,False,False,False,0,0,35.551110313210664,1.9622085463594308,True,False
44,D_PHASE_SHIELD,ID,78,crosswalk,False,False,False,0,0,33.76679834182869,1.9046472571790218,True,False
44,D_PHASE_SHIELD,ID,79,crosswalk,False,False,False,0,0,34.71970548386393,1.9641445285600163,True,False
44,D_PHASE_SHIELD,ID,80,crosswalk,False,False,False,0,0,30.696389368666562,0.4005724475497291,True,False
44,D_PHASE_SHIELD,ID,81,crosswalk,False,False,False,0,0,32.741401836106434,2.240496508099816,True,False
44,D_PHASE_SHIELD,ID,82,crosswalk,False,False,False,0,0,36.0747373712995,2.019964133699735,True,False
44,D_PHASE_SHIELD,ID,83,crosswalk,False,False,False,0,0,37.34122767235157,0.3567730234219478,True,False
44,D_PHASE_SHIELD,ID,84,crosswalk,False,False,False,0,0,32.390696527894505,1.5616583710779313,True,False
44,D_PHASE_SHIELD,ID,85,crosswalk,False,False,False,0,0,33.846247271452924,0.4238814962181178,True,False
44,D_PHASE_SHIELD,ID,86,crosswalk,False,False,False,0,0,28.43069835797533,1.769168210029602,True,False
44,D_PHASE_SHIELD,ID,87,crosswalk,False,False,False,0,0,35.34550372463781,0.9720348034586225,True,False
44,D_PHASE_SHIELD,ID,88,crosswalk,False,False,False,0,0,30.95601822201393,2.0359329166619675,True,False
44,D_PHASE_SHIELD,ID,89,crosswalk,False,False,False,0,0,33.33738691447977,0.37319710559171176,True,False
44,D_PHASE_SHIELD,ID,90,crosswalk,False,False,False,0,0,28.213188838225832,0.38104369957000017,True,False
44,D_PHASE_SHIELD,ID,91,crosswalk,False,False,False,0,0,28.293157797183667,2.055122689767317,True,False
44,D_PHASE_SHIELD,ID,92,crosswalk,False,False,False,0,0,37.56026789943684,0.5749499255960637,True,False
44,D_PHASE_SHIELD,ID,93,crosswalk,False,False,False,0,0,31.102422124073147,1.917056528230508,True,False
44,D_PHASE_SHIELD,ID,94,crosswalk,False,False,False,0,0,31.61936948647604,2.0148999758419537,True,False
44,D_PHASE_SHIELD,ID,95,crosswalk,False,False,False,0,0,30.69581632703077,0.36269143054431136,True,False
44,D_PHASE_SHIELD,ID,96,crosswalk,False,False,False,0,0,27.755521560353962,2.291007027029991,True,False
44,D_PHASE_SHIELD,ID,97,crosswalk,False,False,False,0,0,36.94248713469083,0.47700648009777064,True,False
44,D_PHASE_SHIELD,ID,98,crosswalk,False,False,False,0,0,31.38096852493829,2.3364412765949965,True,False
44,D_PHASE_SHIELD,ID,99,crosswalk,False,False,False,0,0,31.3090917535121,0.6933480836451053,True,False
44,D_PHASE_SHIELD,ID,100,stop_intersection,False,False,False,4,1,26.449756086118683,1.8640472037451608,True,False
44,D_PHASE_SHIELD,ID,101,stop_intersection,False,False,False,4,1,31.531732477503553,1.6605762839317322,True,False
44,D_PHASE_SHIELD,ID,102,stop_intersection,False,False,False,4,1,26.47515456060834,1.9261215244020735,True,False
44,D_PHASE_SHIELD,ID,103,stop_intersection,False,False,False,4,1,29.135526012511605,1.7988588358904862,True,False
44,D_PHASE_SHIELD,ID,104,stop_intersection,False,False,False,5,1,27.332225476739364,1.7174647042625828,True,False
44,D_PHASE_SHIELD,ID,105,stop_intersection,False,False,False,4,1,31.446025212225223,1.6429617255926132,True,False
44,D_PHASE_SHIELD,ID,106,stop_intersection,False,False,False,5,1,32.47977041128643,1.6119210603760508,True,False
44,D_PHASE_SHIELD,ID,107,stop_intersection,False,False,False,4,1,30.25351222319415,1.8271805305738704,True,False
44,D_PHASE_SHIELD,ID,108,stop_intersection,False,False,False,4,1,32.16077746747045,1.7989879219155562,True,False
44,D_PHASE_SHIELD,ID,109,stop_intersection,False,False,False,4,1,33.556314489933605,1.645618415460354,True,False
44,D_PHASE_SHIELD,ID,110,stop_intersection,False,False,False,4,1,29.13383022863582,1.8197341061927177,True,False
44,D_PHASE_SHIELD,ID,111,stop_intersection,False,False,False,5,1,35.804233261196806,1.6075174581436884,True,False
44,D_PHASE_SHIELD,ID,112,stop_intersection,False,False,False,5,1,35.86697488277727,1.6094705888203211,True,False
44,D_PHASE_SHIELD,ID,113,stop_intersection,False,False,False,5,1,35.62086556669637,1.6088994627907163,True,False
44,D_PHASE_SHIELD,ID,114,stop_intersection,False,False,False,4,1,35.530504328702804,1.6029669841130574,True,False
44,D_PHASE_SHIELD,ID,115,stop_intersection,False,False,False,4,1,37.03067379340733,1.6912752244530653,True,False
44,D_PHASE_SHIELD,ID,116,stop_intersection,False,False,False,5,1,31.163284957218558,1.789888880754772,True,False
44,D_PHASE_SHIELD,ID,117,stop_intersection,False,False,False,4,1,27.809542765509562,1.7807799416619376,True,False
44,D_PHASE_SHIELD,ID,118,stop_intersection,False,False,False,5,1,31.7161799603414,1.714027790646804,True,False
44,D_PHASE_SHIELD,ID,119,stop_intersection,False,False,False,5,1,34.83029178411555,1.6463693031450595,True,False
44,D_PHASE_SHIELD,ID,120,stop_intersection,False,False,False,5,1,37.10905835332794,1.7062777716939042,True,False
44,D_PHASE_SHIELD,ID,121,stop_intersection,False,False,False,4,1,36.135733638694155,1.6574267793477064,True,False
44,D_PHASE_SHIELD,ID,122,stop_intersection,False,False,False,4,1,32.774214492189316,1.6151909275752743,True,False
44,D_PHASE_SHIELD,ID,123,stop_intersection,False,False,False,5,1,26.734607394422124,1.8511306908395555,True,False
44,D_PHASE_SHIELD,ID,124,stop_intersection,False,False,False,4,1,33.9699902561862,1.627575057308848,True,False
44,D_PHASE_SHIELD,ID,125,stop_intersection,False,False,False,4,1,35.357722517757054,1.7313187420368195,True,False
44,D_PHASE_SHIELD,ID,126,stop_intersection,False,False,False,4,1,38.41281382575155,1.5986301871233206,True,False
44,D_PHASE_SHIELD,ID,127,stop_intersection,False,False,False,5,1,27.322653834939622,1.8124747938579981,True,False
44,D_PHASE_SHIELD,ID,128,stop_intersection,False,False,False,4,1,33.385877461388084,1.7110781791882637,True,False
44,D_PHASE_SHIELD,ID,129,stop_intersection,False,False,False,4,1,34.904869667689056,1.7158155739307404,True,False
44,D_PHASE_SHIELD,ID,130,stop_intersection,False,False,False,4,1,26.83378562696576,1.7590074571403294,True,False
44,D_PHASE_SHIELD,ID,131,stop_intersection,False,False,False,5,1,28.007288255829188,1.8947682281335194,True,False
44,D_PHASE_SHIELD,ID,132,stop_intersection,False,False,False,4,1,32.63433977564967,1.726804956411704,True,False
44,D_PHASE_SHIELD,ID,133,stop_intersection,False,False,False,4,1,30.62301677178501,1.6897643794361341,True,False
44,D_PHASE_SHIELD,ID,134,stop_intersection,False,False,False,5,1,38.16239621777304,1.5953201748603998,True,False
44,D_PHASE_SHIELD,ID,135,stop_intersection,False,False,False,4,1,31.68606252024781,1.8043569200917293,True,False
44,D_PHASE_SHIELD,ID,136,stop_intersection,False,False,False,4,1,35.909265759282135,1.623700119200207,True,False
44,D_PHASE_SHIELD,ID,137,stop_intersection,False,False,False,4,1,31.324420037247712,1.7104531098634768,True,False
44,D_PHASE_SHIELD,ID,138,stop_intersection,False,False,False,5,1,32.83361903944473,1.6214552303639853,True,False
44,D_PHASE_SHIELD,ID,139,stop_intersection,False,False,False,5,1,30.741753134277303,1.688959002494812,True,False
44,D_PHASE_SHIELD,ID,140,stop_intersection,False,False,False,5,1,37.94546135210075,1.4911212921142576,True,False
44,D_PHASE_SHIELD,ID,141,stop_intersection,False,False,False,5,1,37.17490928836372,1.6920808175715003,True,False
44,D_PHASE_SHIELD,ID,142,stop_intersection,False,False,False,4,1,35.225398865241594,1.5895683566729226,True,False
44,D_PHASE_SHIELD,ID,143,stop_intersection,False,False,False,4,1,26.61682605008329,1.9277185201644897,True,False
44,D_PHASE_SHIELD,ID,144,stop_intersection,False,False,False,4,1,29.2253244319455,1.7235805423636186,True,False
44,D_PHASE_SHIELD,ID,145,stop_intersection,False,False,False,4,1,36.006057752149175,1.7407783567905426,True,False
44,D_PHASE_SHIELD,ID,146,stop_intersection,False,False,False,4,1,36.20907331713224,1.5719198210294856,True,False
44,D_PHASE_SHIELD,ID,147,stop_intersection,False,False,False,4,1,31.573984888441018,1.7391283848346808,True,False
44,D_PHASE_SHIELD,ID,148,stop_intersection,False,False,False,4,1,33.26804488813836,1.6846766024827957,True,False
44,D_PHASE_SHIELD,ID,149,stop_intersection,False,False,False,4,1,35.86346784930922,1.7322048544883728,True,False
44,D_PHASE_SHIELD,ID,150,stop_intersection,False,False,False,4,1,34.14066709925123,1.6854966133832932,True,False
44,D_PHASE_SHIELD,ID,151,stop_intersection,False,False,False,4,1,27.35924296675811,1.9402582389967782,True,False
44,D_PHASE_SHIELD,ID,152,stop_intersection,False,False,False,4,1,27.99515337337635,1.7964791285025106,True,False
44,D_PHASE_SHIELD,ID,153,stop_intersection,False,False,False,4,1,34.03651595548035,1.7785449517078888,True,False
44,D_PHASE_SHIELD,ID,154,stop_intersection,False,False,False,5,1,34.5545304278943,1.5932209434963407,True,False
44,D_PHASE_SHIELD,ID,155,stop_intersection,False,False,False,4,1,29.614505952931175,1.8076983013668575,True,False
44,D_PHASE_SHIELD,ID,156,stop_intersection,False,False,False,5,1,33.39018669653425,1.5862915771348134,True,False
44,D_PHASE_SHIELD,ID,157,stop_intersection,False,False,False,4,1,35.78026847402135,1.6121614688918702,True,False
44,D_PHASE_SHIELD,ID,158,stop_intersection,False,False,False,4,1,35.244724117374844,1.6999129205942154,True,False
44,D_PHASE_SHIELD,ID,159,stop_intersection,False,False,False,4,1,31.156865862501547,1.7987797919072603,True,False
44,D_PHASE_SHIELD,ID,160,stop_intersection,False,False,False,4,1,38.16229906051899,1.7041080899354888,True,False
44,D_PHASE_SHIELD,ID,161,stop_intersection,False,False,False,4,1,30.40998155629863,1.8001901620143168,True,False
44,D_PHASE_SHIELD,ID,162,stop_intersection,False,False,False,5,1,36.89909220816402,1.6823722095024296,True,False
44,D_PHASE_SHIELD,ID,163,stop_intersection,False,False,False,5,1,32.30497415677731,1.7398732136457395,True,False
44,D_PHASE_SHIELD,ID,164,stop_intersection,False,False,False,4,1,27.68492535930909,1.8124747938579981,True,False
44,D_PHASE_SHIELD,ID,165,stop_intersection,False,False,False,4,1,32.869990273205914,1.766495971303237,True,False
44,D_PHASE_SHIELD,ID,166,stop_intersection,False,False,False,5,1,38.3090353327142,1.6378636445317947,True,False
44,D_PHASE_SHIELD,ID,167,stop_intersection,False,False,False,4,1,28.375918522524017,1.8053531324541245,True,False
44,D_PHASE_SHIELD,ID,168,stop_intersection,False,False,False,4,1,35.138492707541076,1.6468447592200302,True,False
44,D_PHASE_SHIELD,ID,169,stop_intersection,False,False,False,5,1,35.058652108490726,1.7417566776275633,True,False
44,D_PHASE_SHIELD,ID,170,stop_intersection,False,False,False,4,1,29.94944600138847,1.7671181183112294,True,False
44,D_PHASE_SHIELD,ID,171,stop_intersection,False,False,False,4,1,29.431808375643364,1.8001076910230847,True,False
44,D_PHASE_SHIELD,ID,172,stop_intersection,False,False,False,4,1,28.339203376732783,1.8794274584010795,True,False
44,D_PHASE_SHIELD,ID,173,stop_intersection,False,False,False,4,1,28.235582943736333,1.7853530033214673,True,False
44,D_PHASE_SHIELD,ID,174,stop_intersection,False,False,False,4,1,34.33027996128581,1.576420764128367,True,False
44,D_PHASE_SHIELD,ID,175,stop_intersection,False,False,False,4,1,27.39203672950664,1.7739486855429571,True,False
44,D_PHASE_SHIELD,ID,176,stop_intersection,False,False,False,5,1,36.3414387284565,1.617367806888762,True,False
44,D_PHASE_SHIELD,ID,177,stop_intersection,False,False,False,4,1,30.445796165589016,1.8639997694943402,True,False
44,D_PHASE_SHIELD,ID,178,stop_intersection,False,False,False,4,1,28.754184945525807,1.7277355413687856,True,False
44,D_PHASE_SHIELD,ID,179,stop_intersection,False,False,False,4,1,30.017069894672254,1.6896611146437814,True,False
44,D_PHASE_SHIELD,ID,180,stop_intersection,False,False,False,4,1,31.611947640774744,1.780394535315664,True,False
44,D_PHASE_SHIELD,ID,181,stop_intersection,False,False,False,4,1,35.208931343896666,1.7184149324893951,True,False
44,D_PHASE_SHIELD,ID,182,stop_intersection,False,False,False,4,1,30.66304112497555,1.7257156183845117,True,False
44,D_PHASE_SHIELD,ID,183,stop_intersection,False,False,False,5,1,35.302487116114484,1.6029658629780723,True,False
44,D_PHASE_SHIELD,ID,184,stop_intersection,False,False,False,5,1,33.684606004082625,1.6512120351558779,True,False
44,D_PHASE_SHIELD,ID,185,stop_intersection,False,False,False,4,1,36.66773876172087,1.6785039552828158,True,False
44,D_PHASE_SHIELD,ID,186,stop_intersection,False,False,False,5,1,35.09068539630012,1.5465165986571199,True,False
44,D_PHASE_SHIELD,ID,187,stop_intersection,False,False,False,5,1,37.18405035598067,1.7134632860741963,True,False
44,D_PHASE_SHIELD,ID,188,stop_intersection,False,False,False,5,1,29.661048051081735,1.7190197267030416,True,False
44,D_PHASE_SHIELD,ID,189,stop_intersection,False,False,False,5,1,35.27766186362437,1.6153901389666965,True,False
44,D_PHASE_SHIELD,ID,190,stop_intersection,False,False,False,4,1,35.852354457005625,1.6242731327102296,True,False
44,D_PHASE_SHIELD,ID,191,stop_intersection,False,False,False,5,1,31.69361548210533,1.7464643105482442,True,False
44,D_PHASE_SHIELD,ID,192,stop_intersection,False,False,False,5,1,31.352521479792628,1.8092181651215804,True,False
44,D_PHASE_SHIELD,ID,193,stop_intersection,False,False,False,4,1,29.18837696986921,1.823845876229776,True,False
44,D_PHASE_SHIELD,ID,194,stop_intersection,False,False,False,4,1,30.14728919832979,1.8456136697047465,True,False
44,D_PHASE_SHIELD,ID,195,stop_intersection,False,False,False,4,1,35.26509858234526,1.598031861441476,True,False
44,D_PHASE_SHIELD,ID,196,stop_intersection,False,False,False,4,1,28.400049213309597,1.7932159675134196,True,False
44,D_PHASE_SHIELD,ID,197,stop_intersection,False,False,False,4,1,27.948805392102713,1.7911220724518233,True,False
44,D_PHASE_SHIELD,ID,198,stop_intersection,False,False,False,4,1,28.22314622505639,1.7164042717532106,True,False
44,D_PHASE_SHIELD,ID,199,stop_intersection,False,False,False,5,1,37.52018232830569,1.647434007553827,True,False
44,D_PHASE_SHIELD,ID,200,lead_brake,False,False,False,0,0,76.33551831068192,7.392703869069615,True,False
44,D_PHASE_SHIELD,ID,201,lead_brake,False,False,False,0,0,84.73523051645492,6.742469919224579,True,False
44,D_PHASE_SHIELD,ID,202,lead_brake,False,False,False,0,0,64.10128646844848,7.462338242990275,True,False
44,D_PHASE_SHIELD,ID,203,lead_brake,False,False,False,0,0,62.06569783658724,8.086923657606045,True,False
44,D_PHASE_SHIELD,ID,204,lead_brake,False,False,False,0,0,86.6757936633378,0.8381831819812455,True,False
44,D_PHASE_SHIELD,ID,205,lead_brake,False,False,False,0,0,62.74888278148421,5.803379158178965,True,False
44,D_PHASE_SHIELD,ID,206,lead_brake,False,False,False,0,0,76.48454754805921,2.6667533311992884,True,False
44,D_PHASE_SHIELD,ID,207,lead_brake,False,False,False,0,0,73.50541165999897,1.8505799106011789,True,False
44,D_PHASE_SHIELD,ID,208,lead_brake,False,False,False,0,0,78.5678436408929,4.83119257291158,True,False
44,D_PHASE_SHIELD,ID,209,lead_brake,False,False,False,0,0,59.774948542664944,10.735576843842864,True,False
44,D_PHASE_SHIELD,ID,210,lead_brake,False,False,False,0,0,62.25290199487723,5.021355832616488,True,False
44,D_PHASE_SHIELD,ID,211,lead_brake,False,False,False,0,0,77.46939560231615,0.525253423800071,True,False
44,D_PHASE_SHIELD,ID,212,lead_brake,False,False,False,0,0,78.41550793390623,9.4540023903052,True,False
44,D_PHASE_SHIELD,ID,213,lead_brake,False,False,False,0,0,54.36187640993169,10.712591946125029,True,False
44,D_PHASE_SHIELD,ID,214,lead_brake,False,False,False,0,0,92.27881024092905,0.32974911232789356,True,False
44,D_PHASE_SHIELD,ID,215,lead_brake,False,False,False,0,0,66.39485372599795,10.966482547422249,True,False
44,D_PHASE_SHIELD,ID,216,lead_brake,False,False,False,0,0,60.12946647670477,4.414345769832531,True,False
44,D_PHASE_SHIELD,ID,217,lead_brake,False,False,False,0,0,60.43155763837682,10.347573461631933,True,False
44,D_PHASE_SHIELD,ID,218,lead_brake,False,False,False,0,0,62.19666326699952,9.369357258081436,True,False
44,D_PHASE_SHIELD,ID,219,lead_brake,False,False,False,0,0,76.54138437896846,2.6153573965032892,True,False
44,D_PHASE_SHIELD,ID,220,lead_brake,False,False,False,0,0,54.83138478283919,10.948647150459388,True,False
44,D_PHASE_SHIELD,ID,221,lead_brake,False,False,False,0,0,52.846831878989306,12.51380167963604,True,False
44,D_PHASE_SHIELD,ID,222,lead_brake,False,False,False,0,0,83.41419828576646,2.0415808558464046,True,False
44,D_PHASE_SHIELD,ID,223,lead_brake,False,False,False,0,0,67.0191205611273,8.031066472952565,True,False
44,D_PHASE_SHIELD,ID,224,lead_brake,False,False,False,0,0,71.18697048617321,0.9690862298011779,True,False
44,D_PHASE_SHIELD,ID,225,lead_brake,False,False,False,0,0,96.69595255743714,0.9062829827889799,True,False
44,D_PHASE_SHIELD,ID,226,lead_brake,False,False,False,0,0,65.32251575953262,11.196165387829144,True,False
44,D_PHASE_SHIELD,ID,227,lead_brake,False,False,False,0,0,98.45050276184126,0.08126553023854892,True,False
44,D_PHASE_SHIELD,ID,228,lead_brake,False,False,False,0,0,74.62568588460789,3.794809501618147,True,False
44,D_PHASE_SHIELD,ID,229,lead_brake,False,False,False,0,0,68.98869750033836,10.712928714851536,True,False
44,D_PHASE_SHIELD,ID,230,lead_brake,False,False,False,0,0,84.34356283999986,0.7145851254463195,True,False
44,D_PHASE_SHIELD,ID,231,lead_brake,False,False,False,0,0,94.46532569371045,0.46109547341863316,True,False
44,D_PHASE_SHIELD,ID,232,lead_brake,False,False,False,0,0,78.65089555002896,5.625153273964921,True,False
44,D_PHASE_SHIELD,ID,233,lead_brake,False,False,False,0,0,60.788996762984425,7.050333553925157,True,False
44,D_PHASE_SHIELD,ID,234,lead_brake,False,False,False,0,0,64.92071072031621,11.201868385076523,True,False
44,D_PHASE_SHIELD,ID,235,lead_brake,False,False,False,0,0,95.51792225967785,0.7914831240971882,True,False
44,D_PHASE_SHIELD,ID,236,lead_brake,False,False,False,0,0,76.11479539281238,6.711135441437364,True,False
44,D_PHASE_SHIELD,ID,237,lead_brake,False,False,False,0,0,55.99543150051132,11.49672647565603,True,False
44,D_PHASE_SHIELD,ID,238,lead_brake,False,False,False,0,0,73.25145864012961,10.399176327511666,True,False
44,D_PHASE_SHIELD,ID,239,lead_brake,False,False,False,0,0,75.48124588848108,4.7222137320786715,True,False
44,D_PHASE_SHIELD,ID,240,lead_brake,False,False,False,0,0,74.1462352461482,9.897364847362041,True,False
44,D_PHASE_SHIELD,ID,241,lead_brake,False,False,False,0,0,55.20244513256372,10.33601522212848,True,False
44,D_PHASE_SHIELD,ID,242,lead_brake,False,False,False,0,0,92.52890843986322,1.1977362806598344,True,False
44,D_PHASE_SHIELD,ID,243,lead_brake,False,False,False,0,0,94.73381566381765,0.29734681422511733,True,False
44,D_PHASE_SHIELD,ID,244,lead_brake,False,False,False,0,0,60.871762943857796,11.379983297238747,True,False
44,D_PHASE_SHIELD,ID,245,lead_brake,False,False,False,0,0,68.31103555740006,8.538923598825932,True,False
44,D_PHASE_SHIELD,ID,246,lead_brake,False,False,False,0,0,69.77820905603559,6.481981440757711,True,False
44,D_PHASE_SHIELD,ID,247,lead_brake,False,False,False,0,0,67.82416509085748,8.196636632084845,True,False
44,D_PHASE_SHIELD,ID,248,lead_brake,False,False,False,0,0,57.060347602381306,1.653447534268101,True,False
44,D_PHASE_SHIELD,ID,249,lead_brake,False,False,False,0,0,60.71225050446386,11.75910170873006,True,False
44,D_PHASE_SHIELD,ID,250,lead_brake,False,False,False,0,0,62.80889782150865,7.575909404084086,True,False
44,D_PHASE_SHIELD,ID,251,lead_brake,False,False,False,0,0,63.69697247980117,10.056327914198238,True,False
44,D_PHASE_SHIELD,ID,252,lead_brake,False,False,False,0,0,82.53171210119204,5.580104359736045,True,False
44,D_PHASE_SHIELD,ID,253,lead_brake,False,False,False,0,0,90.75109259284798,0.4968431989351908,True,False
44,D_PHASE_SHIELD,ID,254,lead_brake,False,False,False,0,0,57.687604712403406,9.650998574992022,True,False
44,D_PHASE_SHIELD,ID,255,lead_brake,False,False,False,0,0,69.5766700354916,10.746418784682948,True,False
44,D_PHASE_SHIELD,ID,256,lead_brake,False,False,False,0,0,61.226482744897204,9.699911311268806,True,False
44,D_PHASE_SHIELD,ID,257,lead_brake,False,False,False,0,0,96.09291939023916,1.35345554848512,True,False
44,D_PHASE_SHIELD,ID,258,lead_brake,False,False,False,0,0,71.93452777972901,5.403688430786133,True,False
44,D_PHASE_SHIELD,ID,259,lead_brake,False,False,False,0,0,99.13122487694025,0.03229540648559729,True,False
44,D_PHASE_SHIELD,ID,260,lead_brake,False,False,False,0,0,57.306327514278806,11.554149076342583,True,False
44,D_PHASE_SHIELD,ID,261,lead_brake,False,False,False,0,0,68.92865054892921,9.795523017644882,True,False
44,D_PHASE_SHIELD,ID,262,lead_brake,False,False,False,0,0,54.44662120255567,1.7714863133927186,True,False
44,D_PHASE_SHIELD,ID,263,lead_brake,False,False,False,0,0,60.6392593785319,11.316027097404001,True,False
44,D_PHASE_SHIELD,ID,264,lead_brake,False,False,False,0,0,93.83949931941157,0.7235884517431259,True,False
44,D_PHASE_SHIELD,ID,265,lead_brake,False,False,False,0,0,87.08245162867519,2.2244299724698067,True,False
44,D_PHASE_SHIELD,ID,266,lead_brake,False,False,False,0,0,66.66735719329692,4.236801591391364,True,False
44,D_PHASE_SHIELD,ID,267,lead_brake,False,False,False,0,0,79.98567837077064,4.581843423346678,True,False
44,D_PHASE_SHIELD,ID,268,lead_brake,False,False,False,0,0,60.925128166474835,10.96427824596564,True,False
44,D_PHASE_SHIELD,ID,269,lead_brake,False,False,False,0,0,70.41532327648429,3.2489551678299904,True,False
44,D_PHASE_SHIELD,ID,270,lead_brake,False,False,False,0,0,78.98455127438407,0.8768827120463053,True,False
44,D_PHASE_SHIELD,ID,271,lead_brake,False,False,False,0,0,69.40744825302505,11.358088279763857,True,False
44,D_PHASE_SHIELD,ID,272,lead_brake,False,False,False,0,0,87.56988256208425,3.058763604611158,True,False
44,D_PHASE_SHIELD,ID,273,lead_brake,False,False,False,0,0,61.402278675828825,12.10728680466612,True,False
44,D_PHASE_SHIELD,ID,274,lead_brake,False,False,False,0,0,95.8880307266236,0.2771025498708089,True,False
44,D_PHASE_SHIELD,ID,275,lead_brake,False,False,False,0,0,85.81672644540666,2.0010604051252203,True,False
44,D_PHASE_SHIELD,ID,276,lead_brake,False,False,False,0,0,59.711151565257275,4.272452412794034,True,False
44,D_PHASE_SHIELD,ID,277,lead_brake,False,False,False,0,0,76.68775711557532,9.522668326894442,True,False
44,D_PHASE_SHIELD,ID,278,lead_brake,False,False,False,0,0,81.43713887584454,3.202631562948227,True,False
44,D_PHASE_SHIELD,ID,279,lead_brake,False,False,False,0,0,91.48969606957199,2.74668991441528,True,False
44,D_PHASE_SHIELD,ID,280,lead_brake,False,False,False,0,0,81.9625440721746,2.118416121850411,True,False
44,D_PHASE_SHIELD,ID,281,lead_brake,False,False,False,0,0,82.61114316664361,0.7250474840402602,True,False
44,D_PHASE_SHIELD,ID,282,lead_brake,False,False,False,0,0,87.94239743390166,2.911862334236502,True,False
44,D_PHASE_SHIELD,ID,283,lead_brake,False,False,False,0,0,56.52177892658498,9.786650843918322,True,False
44,D_PHASE_SHIELD,ID,284,lead_brake,False,False,False,0,0,85.83764192134146,6.955223066111405,True,False
44,D_PHASE_SHIELD,ID,285,lead_brake,False,False,False,0,0,71.22615414183754,10.565193097417552,True,False
44,D_PHASE_SHIELD,ID,286,lead_brake,False,False,False,0,0,92.73257425277806,1.6676159389317036,True,False
44,D_PHASE_SHIELD,ID,287,lead_brake,False,False,False,0,0,76.2275235544229,9.119998342047134,True,False
44,D_PHASE_SHIELD,ID,288,lead_brake,False,False,False,0,0,68.04459335240973,11.44884245097637,True,False
44,D_PHASE_SHIELD,ID,289,lead_brake,False,False,False,0,0,61.25220878650374,11.067136493821938,True,False
44,D_PHASE_SHIELD,ID,290,lead_brake,False,False,False,0,0,96.38665195234618,0.12686438610156375,True,False
44,D_PHASE_SHIELD,ID,291,lead_brake,False,False,False,0,0,76.93359860476068,1.0557387002433338,True,False
44,D_PHASE_SHIELD,ID,292,lead_brake,False,False,False,0,0,73.89590330287758,0.994828646381696,True,False
44,D_PHASE_SHIELD,ID,293,lead_brake,False,False,False,0,0,80.77238676872662,5.3671528383468585,True,False
44,D_PHASE_SHIELD,ID,294,lead_brake,False,False,False,0,0,60.46052772794455,5.412594484786193,True,False
44,D_PHASE_SHIELD,ID,295,lead_brake,False,False,False,0,0,82.52024733915955,3.3623002987975874,True,False
44,D_PHASE_SHIELD,ID,296,lead_brake,False,False,False,0,0,61.20884260932166,5.017803899322947,True,False
44,D_PHASE_SHIELD,ID,297,lead_brake,False,False,False,0,0,74.69758732835764,0.9215669333934784,True,False
44,D_PHASE_SHIELD,ID,298,lead_brake,False,False,False,0,0,94.42373214687956,0.2824737081925074,True,False
44,D_PHASE_SHIELD,ID,299,lead_brake,False,False,False,0,0,67.47012132701684,3.1792097501456738,True,False
44,D_PHASE_SHIELD,OOD,0,crosswalk,False,False,False,2,1,30.09832458127664,2.2982493123492675,True,False
44,D_PHASE_SHIELD,OOD,1,crosswalk,False,False,False,0,0,31.627851410263553,1.3894187878159916,True,False
44,D_PHASE_SHIELD,OOD,2,crosswalk,False,False,False,3,1,22.926334701520922,1.4346842496168046,True,False
44,D_PHASE_SHIELD,OOD,3,crosswalk,False,False,False,0,1,30.33360614522205,1.3769574534325373,True,False
44,D_PHASE_SHIELD,OOD,4,crosswalk,False,False,False,0,1,25.30078254068282,1.1573405861854553,True,False
44,D_PHASE_SHIELD,OOD,5,crosswalk,False,False,False,0,1,24.976546331791486,1.4542587314333235,True,False
44,D_PHASE_SHIELD,OOD,6,crosswalk,False,False,False,0,1,20.549543776086274,1.3208275356075978,True,False
44,D_PHASE_SHIELD,OOD,7,crosswalk,False,False,False,0,1,22.13464125320808,1.3272618306310553,True,False
44,D_PHASE_SHIELD,OOD,8,crosswalk,False,False,False,0,1,30.255077240496124,1.0934575133853488,True,False
44,D_PHASE_SHIELD,OOD,9,crosswalk,False,False,False,0,1,29.770524297416735,1.389204812677283,True,False
44,D_PHASE_SHIELD,OOD,10,crosswalk,False,False,False,0,1,26.26685918184812,1.1610888742974825,True,False
44,D_PHASE_SHIELD,OOD,11,crosswalk,False,False,False,1,1,24.234646597577605,1.7550733292975076,True,False
44,D_PHASE_SHIELD,OOD,12,crosswalk,False,False,False,3,1,27.31841094665905,1.6618642868139804,True,False
44,D_PHASE_SHIELD,OOD,13,crosswalk,False,False,False,0,1,23.36581593325913,1.2344086558922478,True,False
44,D_PHASE_SHIELD,OOD,14,crosswalk,False,False,False,0,1,31.340489049522112,1.325668664205642,True,False
44,D_PHASE_SHIELD,OOD,15,crosswalk,False,False,False,0,1,22.410492071947132,1.2826964956648805,True,False
44,D_PHASE_SHIELD,OOD,16,crosswalk,False,False,False,0,1,22.643579279021743,1.1366700463824801,True,False
44,D_PHASE_SHIELD,OOD,17,crosswalk,False,False,False,3,1,21.049594326712906,1.4111156287518414,True,False
44,D_PHASE_SHIELD,OOD,18,crosswalk,False,False,False,3,1,22.147648464659405,1.7526990438366796,True,False
44,D_PHASE_SHIELD,OOD,19,crosswalk,False,False,False,0,1,21.924346992161773,1.355763106119065,True,False
44,D_PHASE_SHIELD,OOD,20,crosswalk,False,False,False,3,1,29.69416070007153,1.4915934205055237,True,False
44,D_PHASE_SHIELD,OOD,21,crosswalk,False,False,False,0,1,22.24515170032707,1.1938149060892023,True,False
44,D_PHASE_SHIELD,OOD,22,crosswalk,False,False,False,0,1,21.04686485682997,1.2964848726987837,True,False
44,D_PHASE_SHIELD,OOD,23,crosswalk,False,False,False,2,1,29.073184095771225,1.7618722093197727,True,False
44,D_PHASE_SHIELD,OOD,24,crosswalk,False,False,False,0,0,22.271139949270967,1.4046130586592924,True,False
44,D_PHASE_SHIELD,OOD,25,crosswalk,False,False,False,2,1,22.346311642051425,1.2802418281634647,True,False
44,D_PHASE_SHIELD,OOD,26,crosswalk,False,False,False,2,1,22.84493935388325,1.3675009124520894,True,False
44,D_PHASE_SHIELD,OOD,27,crosswalk,False,False,False,1,1,29.381217926668036,1.494708786840024,True,False
44,D_PHASE_SHIELD,OOD,28,crosswalk,False,False,False,2,1,30.924209953812497,2.214036058156918,True,False
44,D_PHASE_SHIELD,OOD,29,crosswalk,False,False,False,0,1,29.077626043883612,1.1440180553946384,True,False
44,D_PHASE_SHIELD,OOD,30,crosswalk,False,False,False,0,0,29.1610234674434,1.4714316470282418,True,False
44,D_PHASE_SHIELD,OOD,31,crosswalk,False,False,False,0,1,23.11217097577103,1.2940237590152284,True,False
44,D_PHASE_SHIELD,OOD,32,crosswalk,False,False,False,2,1,27.69660256364154,1.8122118733067445,True,False
44,D_PHASE_SHIELD,OOD,33,crosswalk,False,False,False,2,1,26.671540724198216,1.9585551682526505,True,False
44,D_PHASE_SHIELD,OOD,34,crosswalk,False,False,False,3,1,24.595357699227407,1.409582068954689,True,False
44,D_PHASE_SHIELD,OOD,35,crosswalk,False,False,False,0,1,22.331092683498632,1.3905715249305546,True,False
44,D_PHASE_SHIELD,OOD,36,crosswalk,False,False,False,0,1,21.22139587210414,1.2994368672370908,True,False
44,D_PHASE_SHIELD,OOD,37,crosswalk,False,False,False,0,1,22.626132179183728,1.3629462378911483,True,False
44,D_PHASE_SHIELD,OOD,38,crosswalk,False,False,False,3,1,20.778192814671392,1.617972301443418,True,False
44,D_PHASE_SHIELD,OOD,39,crosswalk,False,False,False,2,1,30.483390914358143,1.95141799866207,True,False
44,D_PHASE_SHIELD,OOD,40,crosswalk,False,False,False,0,1,21.572279804314142,1.3575121552445168,True,False
44,D_PHASE_SHIELD,OOD,41,crosswalk,False,False,False,3,1,24.20665130845662,1.4091674504456697,True,False
44,D_PHASE_SHIELD,OOD,42,crosswalk,False,False,False,0,1,25.027908194854973,1.4403347202982657,True,False
44,D_PHASE_SHIELD,OOD,43,crosswalk,False,False,False,2,1,20.615070001112,1.3913089011469455,True,False
44,D_PHASE_SHIELD,OOD,44,crosswalk,False,False,False,3,1,31.306721586663436,1.3978160150507661,True,False
44,D_PHASE_SHIELD,OOD,45,crosswalk,False,False,False,0,1,21.596581660036165,1.3068995450405365,True,False
44,D_PHASE_SHIELD,OOD,46,crosswalk,False,False,False,3,1,30.82936838169095,1.4737088093251893,True,False
44,D_PHASE_SHIELD,OOD,47,crosswalk,False,False,False,0,1,24.39251395827911,1.305233436551961,True,False
44,D_PHASE_SHIELD,OOD,48,crosswalk,False,False,False,2,1,27.566771140575746,1.633176072540446,True,False
44,D_PHASE_SHIELD,OOD,49,crosswalk,False,False,False,0,1,26.952196663936977,1.332003666382087,True,False
44,D_PHASE_SHIELD,OOD,50,crosswalk,False,False,False,0,1,27.24850691329443,1.2921383252014984,True,False
44,D_PHASE_SHIELD,OOD,51,crosswalk,False,False,False,0,1,27.35558430394782,1.4020062983036041,True,False
44,D_PHASE_SHIELD,OOD,52,crosswalk,False,False,False,0,1,22.383292357508388,1.4306839421773567,True,False
44,D_PHASE_SHIELD,OOD,53,crosswalk,False,False,False,2,1,21.877849855772936,1.5113440929232416,True,False
44,D_PHASE_SHIELD,OOD,54,crosswalk,False,False,False,0,1,25.499440895749007,1.108754515647888,True,False
44,D_PHASE_SHIELD,OOD,55,crosswalk,False,False,False,0,1,29.94566978845969,1.463485989719629,True,False
44,D_PHASE_SHIELD,OOD,56,crosswalk,False,False,False,0,1,22.683712812744623,1.2429450972135676,True,False
44,D_PHASE_SHIELD,OOD,57,crosswalk,False,False,False,0,1,21.369427890090122,1.4034605026245117,True,False
44,D_PHASE_SHIELD,OOD,58,crosswalk,False,False,False,2,1,28.631529615595092,1.571606010832685,True,False
44,D_PHASE_SHIELD,OOD,59,crosswalk,False,False,False,0,1,23.26671507979429,1.0562135405997013,True,False
44,D_PHASE_SHIELD,OOD,60,crosswalk,False,False,False,2,1,27.53384222843856,1.7112797294792375,True,False
44,D_PHASE_SHIELD,OOD,61,crosswalk,False,False,False,2,1,23.44226707031335,1.661360472185999,True,False
44,D_PHASE_SHIELD,OOD,62,crosswalk,False,False,False,2,1,28.38180954574156,1.4095697476380113,True,False
44,D_PHASE_SHIELD,OOD,63,crosswalk,False,False,False,2,1,21.630006950801246,1.5813714522656386,True,False
44,D_PHASE_SHIELD,OOD,64,crosswalk,False,False,False,0,1,24.32406890764156,1.2588952273823495,True,False
44,D_PHASE_SHIELD,OOD,65,crosswalk,False,False,False,3,1,30.270986297728964,1.4467411041259763,True,False
44,D_PHASE_SHIELD,OOD,66,crosswalk,False,False,False,0,1,21.228538422792653,1.3146101534366608,True,False
44,D_PHASE_SHIELD,OOD,67,crosswalk,False,False,False,0,1,27.834056020989582,1.3878764410813649,True,False
44,D_PHASE_SHIELD,OOD,68,crosswalk,False,False,False,3,1,20.6387119475662,1.4453170787204395,True,False
44,D_PHASE_SHIELD,OOD,69,crosswalk,False,False,False,3,1,25.491768696784547,1.7326576430518348,True,False
44,D_PHASE_SHIELD,OOD,70,crosswalk,False,False,False,0,1,23.060818811970414,1.375333567460378,True,False
44,D_PHASE_SHIELD,OOD,71,crosswalk,False,False,False,0,1,28.52359625832122,1.3204366646029733,True,False
44,D_PHASE_SHIELD,OOD,72,crosswalk,False,False,False,2,1,23.046550013483873,1.534358684609576,True,False
44,D_PHASE_SHIELD,OOD,73,crosswalk,False,False,False,2,1,28.143566917671983,1.4181089507208928,True,False
44,D_PHASE_SHIELD,OOD,74,crosswalk,False,False,False,3,1,24.59410177665909,1.7067501190546397,True,False
44,D_PHASE_SHIELD,OOD,75,crosswalk,False,False,False,0,1,27.394619696929063,1.34643679484725,True,False
44,D_PHASE_SHIELD,OOD,76,crosswalk,False,False,False,0,1,29.027849007490353,1.2056738455244835,True,False
44,D_PHASE_SHIELD,OOD,77,crosswalk,False,False,False,3,1,25.945934325739564,1.5182814602814023,True,False
44,D_PHASE_SHIELD,OOD,78,crosswalk,False,False,False,0,1,29.34897871576931,1.0888254777951674,True,False
44,D_PHASE_SHIELD,OOD,79,crosswalk,False,False,False,0,0,21.299117218123882,1.4101496587196984,True,False
44,D_PHASE_SHIELD,OOD,80,crosswalk,False,False,False,0,1,24.565950569449818,1.3509417474269865,True,False
44,D_PHASE_SHIELD,OOD,81,crosswalk,False,False,False,0,1,22.863670127115903,1.4452336613948529,True,False
44,D_PHASE_SHIELD,OOD,82,crosswalk,False,False,False,1,1,25.019885013480476,1.568804255430249,True,False
44,D_PHASE_SHIELD,OOD,83,crosswalk,False,False,False,0,1,28.809762229949435,1.038988767110783,True,False
44,D_PHASE_SHIELD,OOD,84,crosswalk,False,False,False,2,1,27.691176977190622,1.51651401390401,True,False
44,D_PHASE_SHIELD,OOD,85,crosswalk,False,False,False,2,1,21.78944753074466,1.3572399765253067,True,False
44,D_PHASE_SHIELD,OOD,86,crosswalk,False,False,False,0,1,31.25661533201327,1.4350341111421585,True,False
44,D_PHASE_SHIELD,OOD,87,crosswalk,False,False,False,2,1,22.71349166070636,1.365264752176073,True,False
44,D_PHASE_SHIELD,OOD,88,crosswalk,False,False,False,3,1,30.168234168095655,1.5135083008896222,True,False
44,D_PHASE_SHIELD,OOD,89,crosswalk,False,False,False,0,1,28.552693068527972,1.2721780843512955,True,False
44,D_PHASE_SHIELD,OOD,90,crosswalk,False,False,False,2,1,30.59086348909336,1.6353433097402252,True,False
44,D_PHASE_SHIELD,OOD,91,crosswalk,False,False,False,2,1,23.390983150233097,1.6419826262706032,True,False
44,D_PHASE_SHIELD,OOD,92,crosswalk,False,False,False,0,1,24.450910738824682,1.1968133563087098,True,False
44,D_PHASE_SHIELD,OOD,93,crosswalk,False,False,False,0,1,20.796636922472494,1.181593903086402,True,False
44,D_PHASE_SHIELD,OOD,94,crosswalk,False,False,False,1,1,26.132924191636864,1.8244758788226307,True,False
44,D_PHASE_SHIELD,OOD,95,crosswalk,False,False,False,2,1,21.433820421037645,1.6666666666666665,True,False
44,D_PHASE_SHIELD,OOD,96,crosswalk,False,False,False,2,1,28.277187964360294,1.9161893933318381,True,False
44,D_PHASE_SHIELD,OOD,97,crosswalk,False,False,False,0,1,30.486714878088065,1.350851682099429,True,False
44,D_PHASE_SHIELD,OOD,98,crosswalk,False,False,False,0,1,27.900428491600366,1.1946104168891907,True,False
44,D_PHASE_SHIELD,OOD,99,crosswalk,False,False,False,0,1,28.024415290065953,1.3647648692131042,True,False
44,D_PHASE_SHIELD,OOD,100,stop_intersection,False,False,False,2,1,23.107947300808767,1.7583790024673496,True,False
44,D_PHASE_SHIELD,OOD,101,stop_intersection,False,False,False,2,1,25.07369493745805,2.2462079331042273,True,False
44,D_PHASE_SHIELD,OOD,102,stop_intersection,False,False,False,5,1,30.82752545525378,1.7604264375325795,True,False
44,D_PHASE_SHIELD,OOD,103,stop_intersection,False,False,False,2,1,27.043058964030855,2.7644809863784094,True,False
44,D_PHASE_SHIELD,OOD,104,stop_intersection,False,False,False,2,1,26.887243651211733,1.7800895430599197,True,False
44,D_PHASE_SHIELD,OOD,105,stop_intersection,False,False,False,2,1,21.08549865336141,2.804424559982779,True,False
44,D_PHASE_SHIELD,OOD,106,stop_intersection,False,False,False,5,1,30.956017913540553,1.7638581507914775,True,False
44,D_PHASE_SHIELD,OOD,107,stop_intersection,False,False,False,2,1,28.05598854205789,2.206565719436515,True,False
44,D_PHASE_SHIELD,OOD,108,stop_intersection,False,False,False,0,1,25.02000512672621,2.0696888158195894,True,False
44,D_PHASE_SHIELD,OOD,109,stop_intersection,False,False,False,1,1,21.931471073475436,1.6839458912543883,True,False
44,D_PHASE_SHIELD,OOD,110,stop_intersection,False,False,False,0,1,24.6669416594607,2.1050557112082458,True,False
44,D_PHASE_SHIELD,OOD,111,stop_intersection,False,False,False,1,1,23.354178491813016,1.7765829317610373,True,False
44,D_PHASE_SHIELD,OOD,112,stop_intersection,False,False,False,2,1,24.19471148646896,2.5284622635530383,True,False
44,D_PHASE_SHIELD,OOD,113,stop_intersection,False,False,False,5,1,30.64209409727817,1.4858832625164227,True,False
44,D_PHASE_SHIELD,OOD,114,stop_intersection,False,False,False,2,1,24.152962130239246,1.7929342478258996,True,False
44,D_PHASE_SHIELD,OOD,115,stop_intersection,False,False,False,4,1,24.82068724446873,1.7375359019717653,True,False
44,D_PHASE_SHIELD,OOD,116,stop_intersection,False,False,False,2,1,21.754296696831393,1.7340882157170494,True,False
44,D_PHASE_SHIELD,OOD,117,stop_intersection,False,False,False,0,1,29.28623194147894,1.952016978729062,True,False
44,D_PHASE_SHIELD,OOD,118,stop_intersection,False,False,False,4,1,28.415786694804268,1.7636867471643396,True,False
44,D_PHASE_SHIELD,OOD,119,stop_intersection,False,False,False,1,1,24.46830053948324,1.7343109899477376,True,False
44,D_PHASE_SHIELD,OOD,120,stop_intersection,False,False,False,3,1,30.980404245076862,1.6854121651106735,True,False
44,D_PHASE_SHIELD,OOD,121,stop_intersection,False,False,False,2,1,21.28884721013636,1.7836509618908165,True,False
44,D_PHASE_SHIELD,OOD,122,stop_intersection,False,False,False,4,1,24.601255077455527,1.5558054163082826,True,False
44,D_PHASE_SHIELD,OOD,123,stop_intersection,False,False,False,4,1,31.406760959795648,1.6319468468427658,True,False
44,D_PHASE_SHIELD,OOD,124,stop_intersection,False,False,False,3,1,28.7658335357837,1.9478436486665591,True,False
44,D_PHASE_SHIELD,OOD,125,stop_intersection,False,False,False,4,1,23.816654558341888,1.4338543399340575,True,False
44,D_PHASE_SHIELD,OOD,126,stop_intersection,False,False,False,3,1,30.888883595719218,2.657886496002691,True,False
44,D_PHASE_SHIELD,OOD,127,stop_intersection,False,False,False,2,1,28.65919943450335,2.0661008288085023,True,False
44,D_PHASE_SHIELD,OOD,128,stop_intersection,False,False,False,5,1,29.57662112673229,1.708693331793735,True,False
44,D_PHASE_SHIELD,OOD,129,stop_intersection,False,False,False,0,0,26.46349857346462,1.5776268432014866,True,False
44,D_PHASE_SHIELD,OOD,130,stop_intersection,False,False,False,5,1,21.876685606314574,1.5032902383353821,True,False
44,D_PHASE_SHIELD,OOD,131,stop_intersection,False,False,False,1,1,24.643072336849556,2.52404680618873,True,False
44,D_PHASE_SHIELD,OOD,132,stop_intersection,False,False,False,2,1,21.298475377773645,2.847413426492272,True,False
44,D_PHASE_SHIELD,OOD,133,stop_intersection,False,False,False,2,1,25.00209289595147,1.6400523651391268,True,False
44,D_PHASE_SHIELD,OOD,134,stop_intersection,False,False,False,4,1,26.20942474654403,1.7636866827268856,True,False
44,D_PHASE_SHIELD,OOD,135,stop_intersection,False,False,False,4,1,21.691982327770305,1.5570844272071986,True,False
44,D_PHASE_SHIELD,OOD,136,stop_intersection,False,False,False,4,1,25.639628952063276,1.7642095938392048,True,False
44,D_PHASE_SHIELD,OOD,137,stop_intersection,False,False,False,2,1,31.02424667291968,1.3773524789583116,True,False
44,D_PHASE_SHIELD,OOD,138,stop_intersection,False,False,False,3,1,30.84742402495217,2.1040908678984027,True,False
44,D_PHASE_SHIELD,OOD,139,stop_intersection,False,False,False,4,1,27.671926792515567,1.673613496315785,True,False
44,D_PHASE_SHIELD,OOD,140,stop_intersection,False,False,False,5,1,25.058214443444886,1.5555090936166898,True,False
44,D_PHASE_SHIELD,OOD,141,stop_intersection,False,False,False,4,1,29.290244266248862,1.518970104150994,True,False
44,D_PHASE_SHIELD,OOD,142,stop_intersection,False,False,False,0,1,23.322488988941956,1.5026862791606357,True,False
44,D_PHASE_SHIELD,OOD,143,stop_intersection,False,False,False,3,1,27.923935321446024,2.197563133346356,True,False
44,D_PHASE_SHIELD,OOD,144,stop_intersection,False,False,False,5,1,30.33530589706581,1.673612090257498,True,False
44,D_PHASE_SHIELD,OOD,145,stop_intersection,False,False,False,2,1,27.437183254112792,2.0773699789230404,True,False
44,D_PHASE_SHIELD,OOD,146,stop_intersection,False,False,False,3,1,27.309335157447542,2.3794150218904555,True,False
44,D_PHASE_SHIELD,OOD,147,stop_intersection,False,False,False,4,1,21.052656989222328,1.763689324662492,True,False
44,D_PHASE_SHIELD,OOD,148,stop_intersection,False,False,False,5,1,20.664168437904163,1.3096319845330622,True,False
44,D_PHASE_SHIELD,OOD,149,stop_intersection,False,False,False,0,0,29.743570223925236,1.3428643422249036,True,False
44,D_PHASE_SHIELD,OOD,150,stop_intersection,False,False,False,2,1,22.941359675644,1.8840373573635798,True,False
44,D_PHASE_SHIELD,OOD,151,stop_intersection,False,False,False,4,1,23.325056826965227,1.6246436123262369,True,False
44,D_PHASE_SHIELD,OOD,152,stop_intersection,False,False,False,4,1,30.72574487906769,1.8141364720132616,True,False
44,D_PHASE_SHIELD,OOD,153,stop_intersection,False,False,False,5,1,30.216476232617893,1.5801282108920374,True,False
44,D_PHASE_SHIELD,OOD,154,stop_intersection,False,False,False,2,1,21.39599956821538,2.0364545905276343,True,False
44,D_PHASE_SHIELD,OOD,155,stop_intersection,False,False,False,4,1,24.33239906295743,1.8195154571698768,True,False
44,D_PHASE_SHIELD,OOD,156,stop_intersection,False,False,False,2,1,22.156605664036956,1.4195980859117778,True,False
44,D_PHASE_SHIELD,OOD,157,stop_intersection,False,False,False,2,1,23.037740355312696,2.463579842134526,True,False
44,D_PHASE_SHIELD,OOD,158,stop_intersection,False,False,False,3,1,30.566640088503362,1.7312312098147793,True,False
44,D_PHASE_SHIELD,OOD,159,stop_intersection,False,False,False,5,1,29.010035523089492,1.519192425144273,True,False
44,D_PHASE_SHIELD,OOD,160,stop_intersection,False,False,False,1,1,25.554386813463093,1.7672225364395193,True,False
44,D_PHASE_SHIELD,OOD,161,stop_intersection,False,False,False,5,1,23.74229873736771,1.4002172818974308,True,False
44,D_PHASE_SHIELD,OOD,162,stop_intersection,False,False,False,4,1,27.395721705518433,1.5041578630375307,True,False
44,D_PHASE_SHIELD,OOD,163,stop_intersection,False,False,False,4,1,26.04377852575788,1.6319498121738434,True,False
44,D_PHASE_SHIELD,OOD,164,stop_intersection,False,False,False,5,1,24.19723510044286,1.4588317490478815,True,False
44,D_PHASE_SHIELD,OOD,165,stop_intersection,False,False,False,2,1,28.48259710400813,1.5294583236629313,True,False
44,D_PHASE_SHIELD,OOD,166,stop_intersection,False,False,False,2,1,26.899041973760447,1.7420177031786015,True,False
44,D_PHASE_SHIELD,OOD,167,stop_intersection,False,False,False,4,1,30.404383937186452,1.410584946905357,True,False
44,D_PHASE_SHIELD,OOD,168,stop_intersection,False,False,False,4,1,31.15264196570095,1.4788717906922102,True,False
44,D_PHASE_SHIELD,OOD,169,stop_intersection,False,False,False,4,1,28.28068403042487,1.6753542721271513,True,False
44,D_PHASE_SHIELD,OOD,170,stop_intersection,False,False,False,4,1,20.817479439503835,1.6741333472040982,True,False
44,D_PHASE_SHIELD,OOD,171,stop_intersection,False,False,False,4,1,21.505163714107354,1.618178464908589,True,False
44,D_PHASE_SHIELD,OOD,172,stop_intersection,False,False,False,2,1,22.120496656027917,1.9136241547699666,True,False
44,D_PHASE_SHIELD,OOD,173,stop_intersection,False,False,False,4,1,28.59898765816985,1.421288154695345,True,False
44,D_PHASE_SHIELD,OOD,174,stop_intersection,False,False,False,0,1,22.332944535188787,1.5834160480234356,True,False
44,D_PHASE_SHIELD,OOD,175,stop_intersection,False,False,False,5,1,27.857892007897508,1.8004753624813423,True,False
44,D_PHASE_SHIELD,OOD,176,stop_intersection,False,False,False,2,1,22.091380252282917,1.7641211341206842,True,False
44,D_PHASE_SHIELD,OOD,177,stop_intersection,False,False,False,1,1,30.716103769421927,1.9066657764571053,True,False
44,D_PHASE_SHIELD,OOD,178,stop_intersection,False,False,False,5,1,28.50503951233908,1.7055811066376536,True,False
44,D_PHASE_SHIELD,OOD,179,stop_intersection,False,False,False,3,1,28.248330191980678,1.7774336845006633,True,False
44,D_PHASE_SHIELD,OOD,180,stop_intersection,False,False,False,4,1,21.545617073421493,1.480151412831176,True,False
44,D_PHASE_SHIELD,OOD,181,stop_intersection,False,False,False,4,1,31.09762486809084,1.6204016506671906,True,False
44,D_PHASE_SHIELD,OOD,182,stop_intersection,False,False,False,4,1,22.908856318328233,1.6323302686214447,True,False
44,D_PHASE_SHIELD,OOD,183,stop_intersection,False,False,False,4,1,22.075842061005766,1.7182011822924803,True,False
44,D_PHASE_SHIELD,OOD,184,stop_intersection,False,False,False,1,1,30.09479996758283,2.249318139497624,True,False
44,D_PHASE_SHIELD,OOD,185,stop_intersection,False,False,False,5,1,26.058063520038615,1.3926945855112176,True,False
44,D_PHASE_SHIELD,OOD,186,stop_intersection,False,False,False,2,1,30.215451603657893,2.720858904899973,True,False
44,D_PHASE_SHIELD,OOD,187,stop_intersection,False,False,False,3,1,27.456210101816193,2.0604852563456486,True,False
44,D_PHASE_SHIELD,OOD,188,stop_intersection,False,False,False,0,1,31.220400383849512,1.2616602121255334,True,False
44,D_PHASE_SHIELD,OOD,189,stop_intersection,False,False,False,4,1,29.706472111008683,1.8029159638616772,True,False
44,D_PHASE_SHIELD,OOD,190,stop_intersection,False,False,False,3,1,24.720666022466695,2.1567979946471096,True,False
44,D_PHASE_SHIELD,OOD,191,stop_intersection,False,False,False,2,1,26.515995202428503,2.01715294326897,True,False
44,D_PHASE_SHIELD,OOD,192,stop_intersection,False,False,False,4,1,30.092856876608334,1.5192847568974936,True,False
44,D_PHASE_SHIELD,OOD,193,stop_intersection,False,False,False,5,1,23.983483488199788,1.4042058128449648,True,False
44,D_PHASE_SHIELD,OOD,194,stop_intersection,False,False,False,4,1,26.692700883097864,1.5007521823741667,True,False
44,D_PHASE_SHIELD,OOD,195,stop_intersection,False,False,False,1,1,26.38907973806358,2.055405080318451,True,False
44,D_PHASE_SHIELD,OOD,196,stop_intersection,False,False,False,4,1,22.769271580852266,1.448411972572406,True,False
44,D_PHASE_SHIELD,OOD,197,stop_intersection,False,False,False,1,1,29.4194559320228,1.8669707326233267,True,False
44,D_PHASE_SHIELD,OOD,198,stop_intersection,False,False,False,3,1,28.984671980799988,1.8314472445003367,True,False
44,D_PHASE_SHIELD,OOD,199,stop_intersection,False,False,False,3,1,28.179865745386145,1.434211312206807,True,False
44,D_PHASE_SHIELD,OOD,200,lead_brake,False,False,False,0,0,33.752485114037974,11.710234548586108,True,False
44,D_PHASE_SHIELD,OOD,201,lead_brake,False,False,False,0,0,30.622766484761915,8.354853793357808,True,False
44,D_PHASE_SHIELD,OOD,202,lead_brake,False,False,False,0,0,25.75160390095128,8.963920993730424,True,False
44,D_PHASE_SHIELD,OOD,203,lead_brake,False,False,False,0,0,30.592425176740335,10.562958371980736,True,False
44,D_PHASE_SHIELD,OOD,204,lead_brake,False,False,False,0,0,29.506592646685906,7.385086602220932,True,False
44,D_PHASE_SHIELD,OOD,205,lead_brake,False,False,False,0,0,28.28793296117379,5.9694668501615515,True,False
44,D_PHASE_SHIELD,OOD,206,lead_brake,False,False,False,0,0,30.02677481083747,8.33092850074172,True,False
44,D_PHASE_SHIELD,OOD,207,lead_brake,False,False,False,0,0,32.68878246461902,11.822683978825808,True,False
44,D_PHASE_SHIELD,OOD,208,lead_brake,False,False,False,0,0,38.01533460104318,7.293833239624897,True,False
44,D_PHASE_SHIELD,OOD,209,lead_brake,False,False,False,0,0,30.51110389759061,9.881740202506382,True,False
44,D_PHASE_SHIELD,OOD,210,lead_brake,False,False,False,0,0,29.585253819497044,9.997335573037466,True,False
44,D_PHASE_SHIELD,OOD,211,lead_brake,False,False,False,0,0,36.36286454705523,9.66175812218959,True,False
44,D_PHASE_SHIELD,OOD,212,lead_brake,False,False,False,0,0,27.373878548345086,7.614624677225947,True,False
44,D_PHASE_SHIELD,OOD,213,lead_brake,False,False,False,0,0,30.70273121278358,4.492118230710426,True,False
44,D_PHASE_SHIELD,OOD,214,lead_brake,False,False,False,0,0,34.87001754779093,10.298716752479473,True,False
44,D_PHASE_SHIELD,OOD,215,lead_brake,False,False,False,0,0,26.590436333161175,7.487132574742039,True,False
44,D_PHASE_SHIELD,OOD,216,lead_brake,False,False,False,0,0,40.1346189544759,5.973807876308759,True,False
44,D_PHASE_SHIELD,OOD,217,lead_brake,False,False,False,0,0,34.61433201193808,10.889187296231588,True,False
44,D_PHASE_SHIELD,OOD,218,lead_brake,False,False,False,0,0,26.47770507203902,6.804624120394389,True,False
44,D_PHASE_SHIELD,OOD,219,lead_brake,False,False,False,0,0,34.301890481423406,4.420023338248332,True,False
44,D_PHASE_SHIELD,OOD,220,lead_brake,False,False,False,0,0,35.13167600613121,6.179604458933075,True,False
44,D_PHASE_SHIELD,OOD,221,lead_brake,False,False,False,0,0,23.94589620105921,11.58331698179245,True,False
44,D_PHASE_SHIELD,OOD,222,lead_brake,False,False,False,0,0,39.674494809075185,9.161239776139457,True,False
44,D_PHASE_SHIELD,OOD,223,lead_brake,False,False,False,0,0,26.178875757508948,8.502532082765052,True,False
44,D_PHASE_SHIELD,OOD,224,lead_brake,False,False,False,0,0,31.158039482029487,11.286459556470314,True,False
44,D_PHASE_SHIELD,OOD,225,lead_brake,False,False,False,0,0,31.822770734702665,5.839453567440311,True,False
44,D_PHASE_SHIELD,OOD,226,lead_brake,False,False,False,0,0,27.05375892430545,11.564670627315838,True,False
44,D_PHASE_SHIELD,OOD,227,lead_brake,False,False,False,0,0,38.60535182859672,5.921070807923872,True,False
44,D_PHASE_SHIELD,OOD,228,lead_brake,False,False,False,0,0,39.65882015337136,10.7886252629105,True,False
44,D_PHASE_SHIELD,OOD,229,lead_brake,False,False,False,0,0,43.161147819161386,10.258735325187445,True,False
44,D_PHASE_SHIELD,OOD,230,lead_brake,False,False,False,0,0,34.008103902531786,3.5739232997099557,True,False
44,D_PHASE_SHIELD,OOD,231,lead_brake,False,False,False,0,0,35.205045050176984,3.9392036447922387,True,False
44,D_PHASE_SHIELD,OOD,232,lead_brake,False,False,False,0,0,32.719466437055004,11.057206839788703,True,False
44,D_PHASE_SHIELD,OOD,233,lead_brake,False,False,False,0,0,29.906334910552957,9.680261187876264,True,False
44,D_PHASE_SHIELD,OOD,234,lead_brake,False,False,False,0,0,29.040624076753847,11.339015940825142,True,False
44,D_PHASE_SHIELD,OOD,235,lead_brake,False,False,False,0,0,32.24145553374313,11.78522687125951,True,False
44,D_PHASE_SHIELD,OOD,236,lead_brake,False,False,False,0,0,42.59676247686143,5.563826662488281,True,False
44,D_PHASE_SHIELD,OOD,237,lead_brake,False,False,False,0,0,40.45162689543122,5.264753848003845,True,False
44,D_PHASE_SHIELD,OOD,238,lead_brake,False,False,False,0,0,26.120506578870103,7.474398933971922,True,False
44,D_PHASE_SHIELD,OOD,239,lead_brake,False,False,False,0,0,34.35660081470807,11.214825695691008,True,False
44,D_PHASE_SHIELD,OOD,240,lead_brake,False,False,False,0,0,36.77618158131834,7.699900222942233,True,False
44,D_PHASE_SHIELD,OOD,241,lead_brake,False,False,False,0,0,25.668748504174943,3.7810489187637963,True,False
44,D_PHASE_SHIELD,OOD,242,lead_brake,False,False,False,0,0,26.856969028039654,7.337896953026453,True,False
44,D_PHASE_SHIELD,OOD,243,lead_brake,False,False,False,0,0,30.995862250543016,6.429050977031389,True,False
44,D_PHASE_SHIELD,OOD,244,lead_brake,False,False,False,0,0,41.75372597400099,4.3573685971399145,True,False
44,D_PHASE_SHIELD,OOD,245,lead_brake,False,False,False,0,0,43.57438330557199,9.090507882026333,True,False
44,D_PHASE_SHIELD,OOD,246,lead_brake,False,False,False,0,0,26.725178506514435,9.64803539061298,True,False
44,D_PHASE_SHIELD,OOD,247,lead_brake,False,False,False,0,0,31.375653012159187,10.577260110216834,True,False
44,D_PHASE_SHIELD,OOD,248,lead_brake,False,False,False,0,0,27.508878569000153,6.513999443501233,True,False
44,D_PHASE_SHIELD,OOD,249,lead_brake,False,False,False,0,0,23.896057520794244,6.979546744997302,True,False
44,D_PHASE_SHIELD,OOD,250,lead_brake,False,False,False,0,0,33.628480766010675,9.682525884670515,True,False
44,D_PHASE_SHIELD,OOD,251,lead_brake,False,False,False,0,0,30.90631359220661,11.219571412851412,True,False
44,D_PHASE_SHIELD,OOD,252,lead_brake,False,False,False,0,0,40.24005051906655,9.675287780972818,True,False
44,D_PHASE_SHIELD,OOD,253,lead_brake,False,False,False,0,0,28.786576764583558,2.062747379144033,True,False
44,D_PHASE_SHIELD,OOD,254,lead_brake,False,False,False,0,0,28.14042485940632,6.3162489940101905,True,False
44,D_PHASE_SHIELD,OOD,255,lead_brake,False,False,False,0,0,34.462462923986166,10.60066709263871,True,False
44,D_PHASE_SHIELD,OOD,256,lead_brake,False,False,False,0,0,24.92615007616583,6.339230664462471,True,False
44,D_PHASE_SHIELD,OOD,257,lead_brake,False,False,False,0,0,30.89107255348202,10.619686206026623,True,False
44,D_PHASE_SHIELD,OOD,258,lead_brake,False,False,False,0,0,23.5142865207707,9.31790557433851,True,False
44,D_PHASE_SHIELD,OOD,259,lead_brake,False,False,False,0,0,43.24479590691631,9.461400231346488,True,False
44,D_PHASE_SHIELD,OOD,260,lead_brake,False,False,False,0,0,34.725885199626255,9.511303457121054,True,False
44,D_PHASE_SHIELD,OOD,261,lead_brake,False,False,False,0,0,28.715132933529272,11.186390123019615,True,False
44,D_PHASE_SHIELD,OOD,262,lead_brake,False,False,False,0,0,38.43006422492081,10.119871128971377,True,False
44,D_PHASE_SHIELD,OOD,263,lead_brake,False,False,False,0,0,30.62793078549629,6.4018748092154665,True,False
44,D_PHASE_SHIELD,OOD,264,lead_brake,False,False,False,0,0,44.732924065366376,2.6782032065093517,True,False
44,D_PHASE_SHIELD,OOD,265,lead_brake,False,False,False,0,0,40.24280336798259,10.728051835826285,True,False
44,D_PHASE_SHIELD,OOD,266,lead_brake,False,False,False,0,0,32.37055632632203,10.763126085201899,True,False
44,D_PHASE_SHIELD,OOD,267,lead_brake,False,False,False,0,0,29.54413642608494,7.219375717453659,True,False
44,D_PHASE_SHIELD,OOD,268,lead_brake,False,False,False,0,0,29.176634902705445,7.885404627770185,True,False
44,D_PHASE_SHIELD,OOD,269,lead_brake,False,False,False,0,0,31.54363975020012,10.558317840409776,True,False
44,D_PHASE_SHIELD,OOD,270,lead_brake,False,False,False,0,0,25.50050368103052,10.175488866865633,True,False
44,D_PHASE_SHIELD,OOD,271,lead_brake,False,False,False,0,0,36.29803617355628,6.857852067487935,True,False
44,D_PHASE_SHIELD,OOD,272,lead_brake,False,False,False,0,0,34.277866993911395,10.174217702355234,True,False
44,D_PHASE_SHIELD,OOD,273,lead_brake,False,False,False,0,0,34.83806782515328,11.261957343667746,True,False
44,D_PHASE_SHIELD,OOD,274,lead_brake,False,False,False,0,0,37.255772364489026,7.168468684113273,True,False
44,D_PHASE_SHIELD,OOD,275,lead_brake,False,False,False,0,0,33.07267459746498,8.336507380008698,True,False
44,D_PHASE_SHIELD,OOD,276,lead_brake,False,False,False,0,0,28.56594534776819,5.395461440163974,True,False
44,D_PHASE_SHIELD,OOD,277,lead_brake,False,False,False,0,0,29.604740998484175,9.134354133469364,True,False
44,D_PHASE_SHIELD,OOD,278,lead_brake,False,False,False,0,0,30.136351148973606,7.460296778008342,True,False
44,D_PHASE_SHIELD,OOD,279,lead_brake,False,False,False,0,0,38.788440552987176,11.372760353609918,True,False
44,D_PHASE_SHIELD,OOD,280,lead_brake,False,False,False,0,0,30.53728084336635,11.890813681607446,True,False
44,D_PHASE_SHIELD,OOD,281,lead_brake,False,False,False,0,0,31.426731608957063,7.669814693431059,True,False
44,D_PHASE_SHIELD,OOD,282,lead_brake,False,False,False,0,0,32.22869466852943,5.555649731929103,True,False
44,D_PHASE_SHIELD,OOD,283,lead_brake,False,False,False,0,0,36.583632282614715,11.178214409078159,True,False
44,D_PHASE_SHIELD,OOD,284,lead_brake,False,False,False,0,0,25.83388457736229,10.423690342421953,True,False
44,D_PHASE_SHIELD,OOD,285,lead_brake,False,False,False,0,0,35.33380926826654,9.696775925035277,True,False
44,D_PHASE_SHIELD,OOD,286,lead_brake,False,False,False,0,0,29.045786033015087,11.701029902013639,True,False
44,D_PHASE_SHIELD,OOD,287,lead_brake,False,False,False,0,0,32.57978882487835,3.5479635844628015,True,False
44,D_PHASE_SHIELD,OOD,288,lead_brake,False,False,False,0,0,26.623012666277525,5.029650144279003,True,False
44,D_PHASE_SHIELD,OOD,289,lead_brake,False,False,False,0,0,39.819644629534345,8.66179489530623,True,False
44,D_PHASE_SHIELD,OOD,290,lead_brake,False,False,False,0,0,33.71903183856519,4.742954393227895,True,False
44,D_PHASE_SHIELD,OOD,291,lead_brake,False,False,False,0,0,21.58505921656265,7.0094655322221415,True,False
44,D_PHASE_SHIELD,OOD,292,lead_brake,False,False,False,0,0,36.147138023590955,3.5299747412403426,True,False
44,D_PHASE_SHIELD,OOD,293,lead_brake,False,False,False,0,0,25.409059500045437,11.650348782539368,True,False
44,D_PHASE_SHIELD,OOD,294,lead_brake,False,False,False,0,0,26.681502806154004,8.910238966345787,True,False
44,D_PHASE_SHIELD,OOD,295,lead_brake,False,False,False,0,0,28.237184206396357,10.518422587464253,True,False
44,D_PHASE_SHIELD,OOD,296,lead_brake,False,False,False,0,0,35.60629215560127,10.556509540105857,True,False
44,D_PHASE_SHIELD,OOD,297,lead_brake,False,False,False,0,0,39.00515952479155,3.215221876899401,True,False
44,D_PHASE_SHIELD,OOD,298,lead_brake,False,False,False,0,0,21.179731853904602,10.836766925252352,True,False
44,D_PHASE_SHIELD,OOD,299,lead_brake,False,False,False,0,0,25.66016494591945,6.33918287542959,True,False
